/*
SQLyog Ultimate v11.42 (64 bit)
MySQL - 5.5.20-log : Database - sshe_test
*********************************************************************
*/

/*!40101 SET NAMES utf8 */;

/*!40101 SET SQL_MODE=''*/;

/*!40014 SET @OLD_UNIQUE_CHECKS=@@UNIQUE_CHECKS, UNIQUE_CHECKS=0 */;
/*!40014 SET @OLD_FOREIGN_KEY_CHECKS=@@FOREIGN_KEY_CHECKS, FOREIGN_KEY_CHECKS=0 */;
/*!40101 SET @OLD_SQL_MODE=@@SQL_MODE, SQL_MODE='NO_AUTO_VALUE_ON_ZERO' */;
/*!40111 SET @OLD_SQL_NOTES=@@SQL_NOTES, SQL_NOTES=0 */;
CREATE DATABASE /*!32312 IF NOT EXISTS*/`sshe_test` /*!40100 DEFAULT CHARACTER SET utf8 */;

USE `sshe_test`;

/*Table structure for table `cust_dept` */

DROP TABLE IF EXISTS `cust_dept`;

CREATE TABLE `cust_dept` (
  `DEPT_ID` int(10) NOT NULL COMMENT '部门编号',
  `ICONCLS` varchar(200) DEFAULT NULL COMMENT 'ICONCLS',
  `CREATE_TIME` datetime DEFAULT NULL,
  `DEPT_ADDR` varchar(200) DEFAULT NULL COMMENT '部门地址',
  `DEPT_CODE` varchar(200) DEFAULT NULL COMMENT '部门编码',
  `DEPT_MASTER` varchar(50) DEFAULT NULL COMMENT '部门主管姓名',
  `DEPT_NAME` varchar(30) NOT NULL COMMENT '部门名称',
  `EMPLOYE_NUM` int(10) DEFAULT '0' COMMENT '现有员工数',
  `FIRE_TIME` datetime DEFAULT NULL,
  `OP_USER_ID` varchar(36) DEFAULT NULL COMMENT '创建人',
  `SEQ` int(11) DEFAULT NULL COMMENT '排序号',
  `P_DEPT_ID` int(10) DEFAULT NULL COMMENT '上级编号',
  `CUSTOMER_ID` int(10) NOT NULL COMMENT '客户编号',
  PRIMARY KEY (`DEPT_ID`),
  KEY `FK_kyasoy6ekvlfvjq67t7k494h` (`P_DEPT_ID`),
  KEY `FK_5mw6ifwth0vtajgpqpskw3bp8` (`CUSTOMER_ID`),
  CONSTRAINT `FK_5mw6ifwth0vtajgpqpskw3bp8` FOREIGN KEY (`CUSTOMER_ID`) REFERENCES `customer_info` (`CUSTOMER_ID`),
  CONSTRAINT `FK_kyasoy6ekvlfvjq67t7k494h` FOREIGN KEY (`P_DEPT_ID`) REFERENCES `cust_dept` (`DEPT_ID`)
) ENGINE=InnoDB DEFAULT CHARSET=utf8;

/*Data for the table `cust_dept` */

insert  into `cust_dept`(`DEPT_ID`,`ICONCLS`,`CREATE_TIME`,`DEPT_ADDR`,`DEPT_CODE`,`DEPT_MASTER`,`DEPT_NAME`,`EMPLOYE_NUM`,`FIRE_TIME`,`OP_USER_ID`,`SEQ`,`P_DEPT_ID`,`CUSTOMER_ID`) values (2,NULL,'2014-01-28 12:19:01','dddddd',NULL,NULL,'医务室',0,'2014-01-28 12:19:01',NULL,100,NULL,2),(3,'ext-icon-asterisk_orange','2014-01-10 10:21:27','dddddddddddddddd','dddddddddd',NULL,'GM医务室',0,'2014-01-10 10:21:27',NULL,100,NULL,3),(4,NULL,'2014-01-17 16:35:38',NULL,NULL,NULL,'一年级',0,'2014-01-17 16:35:38','0',100,3,4),(5,NULL,'2014-01-17 16:37:52',NULL,NULL,NULL,'y1b',0,'2014-01-17 16:37:52','0',100,NULL,5),(33,NULL,'2014-01-22 05:16:24',NULL,NULL,NULL,'SA',0,'2014-01-22 05:16:24',NULL,0,NULL,2),(34,NULL,'2014-01-22 05:16:24',NULL,NULL,NULL,'财务部 Finance',0,'2014-01-22 05:16:24',NULL,0,NULL,2),(35,NULL,'2014-01-22 05:16:24',NULL,NULL,NULL,'行政部 Admin',0,'2014-01-22 05:16:24',NULL,0,NULL,2),(36,NULL,'2014-01-22 05:16:24',NULL,NULL,NULL,'BA',0,'2014-01-22 05:16:24',NULL,0,NULL,2),(37,NULL,'2014-01-22 05:16:24',NULL,NULL,NULL,'销售部 Sales',0,'2014-01-22 05:16:24',NULL,0,NULL,2),(38,NULL,'2014-01-22 05:16:24',NULL,NULL,NULL,'市场部 Marketing',0,'2014-01-22 05:16:24',NULL,0,NULL,2),(39,NULL,'2014-01-22 05:16:24',NULL,NULL,NULL,'客户服务部 Customer Service',0,'2014-01-22 05:16:24',NULL,0,NULL,2),(40,NULL,'2014-01-22 05:16:24',NULL,NULL,NULL,'持续改进部 Continuous Improvement',0,'2014-01-22 05:16:24',NULL,0,NULL,2),(41,NULL,'2014-01-22 05:16:24',NULL,NULL,NULL,'TW&CPD',0,'2014-01-22 05:16:24',NULL,0,NULL,2),(42,NULL,'2014-01-22 05:16:24',NULL,NULL,NULL,'KGW',0,'2014-01-22 05:16:24',NULL,0,NULL,2),(43,NULL,'2014-01-22 05:16:24',NULL,NULL,NULL,'SAP',0,'2014-01-22 05:16:24',NULL,0,NULL,2),(44,NULL,'2014-02-04 21:20:30','不知道','不知道',NULL,'CPD',0,'2014-02-04 21:20:30',NULL,0,NULL,2),(45,NULL,'2014-01-22 05:16:24',NULL,NULL,NULL,'TW',0,'2014-01-22 05:16:24',NULL,0,NULL,2),(46,NULL,'2014-01-22 05:16:24',NULL,NULL,NULL,'BA 质量部 Quality',0,'2014-01-22 05:16:24',NULL,0,NULL,2),(47,NULL,'2014-01-22 05:16:24',NULL,NULL,NULL,'CPD 质量部 Quality',0,'2014-01-22 05:16:24',NULL,0,NULL,2),(48,NULL,'2014-01-22 05:16:24',NULL,NULL,NULL,'TW 质量部 Quality',0,'2014-01-22 05:16:24',NULL,0,NULL,2),(49,NULL,'2014-01-22 05:16:24',NULL,NULL,NULL,'TW Process',0,'2014-01-22 05:16:24',NULL,0,NULL,2),(50,NULL,'2014-01-22 05:16:24',NULL,NULL,NULL,'采购部 Purchasing',0,'2014-01-22 05:16:24',NULL,0,NULL,2),(51,NULL,'2014-01-22 05:16:24',NULL,NULL,NULL,'人力资源部 HR',0,'2014-01-22 05:16:24',NULL,0,NULL,2),(52,NULL,'2014-01-22 05:16:24',NULL,NULL,NULL,'安全部 EHS',0,'2014-01-22 05:16:24',NULL,0,NULL,2),(53,NULL,'2014-01-22 05:16:24',NULL,NULL,NULL,'管理层 CGG',0,'2014-01-22 05:16:24',NULL,0,NULL,2),(54,NULL,'2014-01-22 05:16:24',NULL,NULL,NULL,'系统部 IT',0,'2014-01-22 05:16:24',NULL,0,NULL,2),(55,NULL,'2014-01-22 05:16:24',NULL,NULL,NULL,'WCM',0,'2014-01-22 05:16:24',NULL,0,NULL,2),(56,NULL,'2014-01-22 05:16:24',NULL,NULL,NULL,'CA',0,'2014-01-22 05:16:24',NULL,0,NULL,2),(57,NULL,'2014-01-24 11:30:17','一年级','一年级',NULL,'一年级',0,'2014-01-24 11:30:17','0',100,NULL,4),(58,NULL,'2014-01-28 12:18:55',NULL,'101班',NULL,'101班',0,'2014-01-28 12:18:55',NULL,100,4,4),(59,NULL,'2014-01-24 11:30:58',NULL,'102班',NULL,'102班',0,'2014-01-24 11:30:58','0',100,4,4),(60,NULL,'2014-01-28 15:01:45',NULL,NULL,NULL,'一年级',0,'2014-01-28 15:01:45','0',100,NULL,6),(61,NULL,'2014-02-08 03:42:50','d',NULL,NULL,'GE 开发部',0,'2014-02-08 03:42:50',NULL,100,NULL,3),(62,NULL,'2014-02-15 11:00:34',NULL,'223333',NULL,'ddddd',0,'2014-02-15 11:00:34','e9cea2d9-3aca-45a7-93c4-267ebd606a68',100,2,2);

/*Table structure for table `cust_user` */

DROP TABLE IF EXISTS `cust_user`;

CREATE TABLE `cust_user` (
  `USER_ID` int(10) NOT NULL COMMENT '员工编号',
  `ADDRESS` varchar(80) DEFAULT NULL COMMENT '员工简历地址',
  `BIRTHDATE` datetime DEFAULT NULL COMMENT '出生日期',
  `CERTIFICATE` varchar(40) DEFAULT NULL COMMENT '证件号码',
  `CERTIFICATE_TYPE` int(11) DEFAULT NULL COMMENT '证件类型',
  `COST_CENTER` decimal(10,2) DEFAULT NULL COMMENT '成本中心',
  `CREATE_TIME` datetime DEFAULT NULL COMMENT '创建时间',
  `EMAIL` varchar(20) DEFAULT NULL COMMENT 'Email',
  `EMPLOYE_TIME` datetime DEFAULT NULL COMMENT '入职时间',
  `ENTRY_DATE` datetime DEFAULT NULL COMMENT '入司日期',
  `EXT1` varchar(40) DEFAULT NULL COMMENT 'EXT1',
  `EXT2` varchar(40) DEFAULT NULL COMMENT 'EXT2',
  `EXT3` varchar(40) DEFAULT NULL COMMENT 'EXT3',
  `EXT4` varchar(40) DEFAULT NULL COMMENT 'EXT4',
  `FIRST_NAME` varchar(30) DEFAULT NULL COMMENT 'First Name',
  `GROUP_DATE` datetime DEFAULT NULL COMMENT '入集团日期',
  `HOBBIES` varchar(80) DEFAULT NULL COMMENT '兴趣爱好',
  `ICON` varchar(40) DEFAULT NULL COMMENT 'ICON',
  `IS_EMP_HURT` tinyint(4) DEFAULT NULL COMMENT '是否接触职业危害因素',
  `JHR_CONTACT` varchar(40) DEFAULT NULL COMMENT '监护人联系方式',
  `JR_CONTACT` varchar(40) DEFAULT NULL COMMENT '家人联系方式',
  `JZ_CONTACT1` varchar(40) DEFAULT NULL COMMENT '家长联系方式1',
  `JZ_CONTACT2` varchar(40) DEFAULT NULL COMMENT '家长联系方式2',
  `LABOR` varchar(40) DEFAULT NULL COMMENT '劳动关系',
  `LAST_NAME` varchar(30) DEFAULT NULL COMMENT 'Last Name',
  `MARRIAGE` tinyint(4) DEFAULT NULL COMMENT '婚姻状况',
  `NATIONALITY` varchar(40) DEFAULT NULL COMMENT '国籍',
  `ON_JOB` tinyint(4) DEFAULT NULL COMMENT '在职情况',
  `OP_USER_ID` varchar(36) DEFAULT '0' COMMENT '创建人',
  `OUTDUTY_TIME` datetime DEFAULT NULL COMMENT '离职时间',
  `PHONE` varchar(20) DEFAULT NULL COMMENT '手机号码',
  `POSITION_EN` varchar(240) DEFAULT NULL COMMENT '岗位英文',
  `POSITION_TYPE` tinyint(4) DEFAULT NULL COMMENT '岗位类别',
  `POSITION_ZH` varchar(240) DEFAULT NULL COMMENT '岗位中文',
  `SEX` tinyint(4) DEFAULT NULL COMMENT '性别',
  `SPECIALTY` varchar(80) DEFAULT NULL COMMENT 'Last Name',
  `STATUS` tinyint(4) DEFAULT NULL COMMENT '状态',
  `UPDATE_TIME` datetime DEFAULT NULL COMMENT '修改时间',
  `USER_CODE` varchar(20) NOT NULL COMMENT '员工代码',
  `USER_NAME` varchar(30) DEFAULT NULL COMMENT '员工姓名',
  `WORK_YEARS` int(10) DEFAULT NULL COMMENT '工作年限',
  `DEPT_ID` int(10) DEFAULT NULL COMMENT '部门编号',
  `CUSTOMER_ID` int(10) DEFAULT NULL COMMENT '客户编号',
  PRIMARY KEY (`USER_ID`),
  KEY `FK_g4yyaw3o7mj0h2cv8h5f937m3` (`DEPT_ID`),
  KEY `FK_geqn89jspam3ii2h8y57bltjn` (`CUSTOMER_ID`),
  CONSTRAINT `FK_g4yyaw3o7mj0h2cv8h5f937m3` FOREIGN KEY (`DEPT_ID`) REFERENCES `cust_dept` (`DEPT_ID`),
  CONSTRAINT `FK_geqn89jspam3ii2h8y57bltjn` FOREIGN KEY (`CUSTOMER_ID`) REFERENCES `customer_info` (`CUSTOMER_ID`)
) ENGINE=InnoDB DEFAULT CHARSET=utf8;

/*Data for the table `cust_user` */

insert  into `cust_user`(`USER_ID`,`ADDRESS`,`BIRTHDATE`,`CERTIFICATE`,`CERTIFICATE_TYPE`,`COST_CENTER`,`CREATE_TIME`,`EMAIL`,`EMPLOYE_TIME`,`ENTRY_DATE`,`EXT1`,`EXT2`,`EXT3`,`EXT4`,`FIRST_NAME`,`GROUP_DATE`,`HOBBIES`,`ICON`,`IS_EMP_HURT`,`JHR_CONTACT`,`JR_CONTACT`,`JZ_CONTACT1`,`JZ_CONTACT2`,`LABOR`,`LAST_NAME`,`MARRIAGE`,`NATIONALITY`,`ON_JOB`,`OP_USER_ID`,`OUTDUTY_TIME`,`PHONE`,`POSITION_EN`,`POSITION_TYPE`,`POSITION_ZH`,`SEX`,`SPECIALTY`,`STATUS`,`UPDATE_TIME`,`USER_CODE`,`USER_NAME`,`WORK_YEARS`,`DEPT_ID`,`CUSTOMER_ID`) values (2,NULL,NULL,'444422225555777714',10100101,'344.00','2014-01-02 13:41:49',NULL,'2014-01-02 13:41:07',NULL,'asdf',NULL,NULL,NULL,'zhang',NULL,NULL,NULL,0,'艾弗森','暗示法','暗示法',NULL,'二人','san',1,'撒旦法',0,NULL,NULL,'13022224444','doctor',1,'医生',1,NULL,1,'2014-01-02 13:41:49','33333','张三',0,2,2),(4,NULL,NULL,'333333',0,'333.00','2014-01-07 12:24:04',NULL,NULL,NULL,NULL,NULL,NULL,NULL,'lsi',NULL,NULL,NULL,0,'33','333333','33',NULL,'33333',NULL,1,'333',0,'0',NULL,NULL,'sdddddd',1,'ssss',1,NULL,1,'2014-01-07 12:24:04','eeeeeee','李四',0,2,2),(6,NULL,NULL,'3333',0,'33.00','2014-01-17 16:31:34',NULL,NULL,NULL,NULL,NULL,NULL,NULL,'uuuuu',NULL,NULL,NULL,0,'333','3333','33333',NULL,'3333','uuuuu',1,'33',0,'0',NULL,NULL,'dddddd',1,'dddddd',1,NULL,1,'2014-01-17 16:31:34','dddddddd','uuuuu',0,3,3),(8,NULL,NULL,'dgf',0,'563637.00','2014-01-17 16:40:55',NULL,NULL,NULL,NULL,NULL,NULL,NULL,'wu',NULL,NULL,NULL,0,'259594','55487496','58941561',NULL,'fdg','vivan',1,'zhongg',0,'0',NULL,NULL,'dg',1,'y1b',0,NULL,1,'2014-01-17 16:40:55','245213','vivian',0,5,5),(768,NULL,'1970-10-27 00:00:00','C4JHKYGCP',10100101,'20234117.00','2014-01-22 05:16:24',NULL,'2004-05-01 00:00:00',NULL,NULL,NULL,NULL,NULL,NULL,NULL,NULL,NULL,0,'1','1','1',NULL,'111',NULL,0,'1',1,NULL,NULL,NULL,'General Manager, SA China',1,'正式Permanent',1,NULL,0,'2014-01-22 05:16:24','H9838514','戴航',0,33,2),(769,NULL,'1980-01-25 00:00:00','310112198001255241',10100101,'20231101.00','2014-01-22 05:16:24',NULL,'2001-05-14 00:00:00',NULL,NULL,NULL,NULL,NULL,NULL,NULL,NULL,NULL,0,NULL,NULL,NULL,NULL,NULL,NULL,0,NULL,1,'0',NULL,NULL,'Cost Controller, BA Shanghai',0,'正式Permanent',2,NULL,0,'2014-01-22 05:16:24','Y6576951','张一',0,34,2),(770,NULL,'1975-11-29 00:00:00','310109197511290829',10100101,'20231102.00','2014-01-22 05:16:24',NULL,'2004-02-12 00:00:00',NULL,NULL,NULL,NULL,NULL,NULL,NULL,NULL,NULL,0,NULL,NULL,NULL,NULL,NULL,NULL,0,NULL,1,'0',NULL,NULL,'Finance Analyst, China',0,'正式Permanent',2,NULL,0,'2014-01-22 05:16:24','Y6834166','乔音',0,34,2),(771,NULL,'1976-07-29 00:00:00','362401197607291523',10100101,'20231101.00','2014-01-22 05:16:24',NULL,'2004-08-30 00:00:00',NULL,NULL,NULL,NULL,NULL,NULL,NULL,NULL,NULL,0,NULL,NULL,NULL,NULL,NULL,NULL,0,NULL,1,'0',NULL,NULL,'Finance Manager, BA Handan/BC, BA&SA China',0,'正式Permanent',2,NULL,0,'2014-01-22 05:16:24','L3544023','肖琳',0,34,2),(772,NULL,'1964-01-24 00:00:00','310106196401241272',10100101,'20210007.00','2014-01-22 05:16:24',NULL,'1992-07-01 00:00:00',NULL,NULL,NULL,NULL,NULL,NULL,NULL,NULL,NULL,0,NULL,NULL,NULL,NULL,NULL,NULL,0,NULL,1,'0',NULL,NULL,'Driver',0,'正式Permanent',1,NULL,0,'2014-01-22 05:16:24','Q3325803','金琪',0,35,2),(773,NULL,'1968-04-26 00:00:00','310227196804261048',10100101,'20233105.00','2014-01-22 05:16:24',NULL,'2002-11-11 00:00:00',NULL,NULL,NULL,NULL,NULL,NULL,NULL,NULL,NULL,0,NULL,NULL,NULL,NULL,NULL,NULL,0,NULL,1,'0',NULL,NULL,'Disable',0,'正式Permanent',2,NULL,0,'2014-01-22 05:16:24','M0918100','徐梅',0,35,2),(774,NULL,'1980-10-19 00:00:00','320482198010190117',10100101,'20221412.00','2014-01-22 05:16:24',NULL,'2004-11-25 00:00:00',NULL,NULL,NULL,NULL,NULL,NULL,NULL,NULL,NULL,0,NULL,NULL,NULL,NULL,NULL,NULL,0,NULL,1,'0',NULL,NULL,'Product Manager, SA China',0,'正式Permanent',1,NULL,0,'2014-01-22 05:16:24','Y4941749','乔赟',0,33,2),(775,NULL,'1968-04-12 00:00:00','31010519680412121X',10100101,'20221310.00','2014-01-22 05:16:24',NULL,'1993-10-18 00:00:00',NULL,NULL,NULL,NULL,NULL,NULL,NULL,NULL,NULL,0,NULL,NULL,NULL,NULL,NULL,NULL,0,NULL,1,'0',NULL,NULL,'Product Manager, BA China',0,'正式Permanent',1,NULL,0,'2014-01-22 05:16:24','J2959444','何俊',0,36,2),(776,NULL,'1974-08-16 00:00:00','412721197408164616',10100101,'20221310.00','2014-01-22 05:16:24',NULL,'2003-01-16 00:00:00',NULL,NULL,NULL,NULL,NULL,NULL,NULL,NULL,NULL,0,NULL,NULL,NULL,NULL,NULL,NULL,0,NULL,1,'0',NULL,NULL,'Product Manager, BA China',0,'正式Permanent',1,NULL,0,'2014-01-22 05:16:24','C5834562','王长征',0,36,2),(777,NULL,'1978-03-04 00:00:00','140103197803040661',10100101,'20221401.00','2014-01-22 05:16:24',NULL,'2002-03-01 00:00:00',NULL,NULL,NULL,NULL,NULL,NULL,NULL,NULL,NULL,0,NULL,NULL,NULL,NULL,NULL,NULL,0,NULL,1,'0',NULL,NULL,'Sales Assistant',0,'正式Permanent',2,NULL,0,'2014-01-22 05:16:24','X7099845','许敬',0,37,2),(778,NULL,'1967-08-24 00:00:00','370602196708242918',10100101,'20221401.00','2014-01-22 05:16:24',NULL,'2004-03-08 00:00:00',NULL,NULL,NULL,NULL,NULL,NULL,NULL,NULL,NULL,0,NULL,NULL,NULL,NULL,NULL,NULL,0,NULL,1,'0',NULL,NULL,'Regional Sales Manager, Industrial Market, N CHN',0,'正式Permanent',1,NULL,0,'2014-01-22 05:16:24','B0366750','宋斌',0,37,2),(779,NULL,'1973-10-29 00:00:00','420106197310291629',10100101,'20221402.00','2014-01-22 05:16:24',NULL,'2003-05-26 00:00:00',NULL,NULL,NULL,NULL,NULL,NULL,NULL,NULL,NULL,0,'22','22','222',NULL,'222222',NULL,0,'22',1,NULL,NULL,NULL,'Regional Sales MGR, Industial Market, Central CHN',0,'正式Permanent',2,NULL,0,'2014-01-22 05:16:24','H9183073','宁汉彬',0,37,2),(780,NULL,'1976-01-20 00:00:00','360402197601204577',10100101,'20221417.00','2014-01-22 05:16:24',NULL,'2001-06-18 00:00:00',NULL,NULL,NULL,NULL,NULL,NULL,NULL,NULL,NULL,0,NULL,NULL,NULL,NULL,NULL,NULL,0,NULL,1,'0',NULL,NULL,'Senior Sales Engineer, Industrial Market, Dongguan',0,'正式Permanent',1,NULL,0,'2014-01-22 05:16:24','J7291717','李杰',0,37,2),(781,NULL,'1976-03-14 00:00:00','612401197603141298',10100101,'20221410.00','2014-01-22 05:16:24',NULL,'2004-11-15 00:00:00',NULL,NULL,NULL,NULL,NULL,NULL,NULL,NULL,NULL,0,NULL,NULL,NULL,NULL,NULL,NULL,0,NULL,1,'0',NULL,NULL,'Senior Market Manager, Automotive After Market, China',0,'正式Permanent',1,NULL,0,'2014-01-22 05:16:24','S5458516','姚舜龙',0,37,2),(782,NULL,'1968-07-05 00:00:00','37011119680705441X',10100101,'20221422.00','2014-01-22 05:16:24',NULL,'2000-01-01 00:00:00',NULL,NULL,NULL,NULL,NULL,NULL,NULL,NULL,NULL,0,NULL,NULL,NULL,NULL,NULL,NULL,0,NULL,1,'0',NULL,NULL,'Key Account Manager of Baosteel',0,'正式Permanent',1,NULL,0,'2014-01-22 05:16:24','J4810377','朱兢迎',0,37,2),(783,NULL,'1972-08-31 00:00:00','211421197208314646',10100101,'20221422.00','2014-01-22 05:16:24',NULL,'2002-04-02 00:00:00',NULL,NULL,NULL,NULL,NULL,NULL,NULL,NULL,NULL,0,NULL,NULL,NULL,NULL,NULL,NULL,0,NULL,1,'0',NULL,NULL,'Sales Supervisor, Industrial Market, Shanghai&Zhejiang',0,'正式Permanent',2,NULL,0,'2014-01-22 05:16:24','H3547181','王宏秋',0,37,2),(784,NULL,'1974-09-15 00:00:00','230106197409152017',10100101,'20221422.00','2014-01-22 05:16:24',NULL,'1997-12-15 00:00:00',NULL,NULL,NULL,NULL,NULL,NULL,NULL,NULL,NULL,0,NULL,NULL,NULL,NULL,NULL,NULL,0,NULL,1,'0',NULL,NULL,'Regional Sales Manager, Industrial Market, East China',0,'正式Permanent',1,NULL,0,'2014-01-22 05:16:24','K2971908','李凯',0,37,2),(785,NULL,'1964-05-24 00:00:00','330102196405240910',10100101,'20221422.00','2014-01-22 05:16:24',NULL,'1998-03-16 00:00:00',NULL,NULL,NULL,NULL,NULL,NULL,NULL,NULL,NULL,0,NULL,NULL,NULL,NULL,NULL,NULL,0,NULL,1,'0',NULL,NULL,'SalesEngineer, Industrial Market, Hangzhou',0,'正式Permanent',1,NULL,0,'2014-01-22 05:16:24','G4732452','郑国华',0,37,2),(786,NULL,'1978-08-08 00:00:00','320204197808080019',10100101,'20221426.00','2014-01-22 05:16:24',NULL,'2004-02-02 00:00:00',NULL,NULL,NULL,NULL,NULL,NULL,NULL,NULL,NULL,0,NULL,NULL,NULL,NULL,NULL,NULL,0,NULL,1,'0',NULL,NULL,'Market Manager, Glass Market, China',0,'正式Permanent',1,NULL,0,'2014-01-22 05:16:24','M5149197','陈敏政',0,37,2),(787,NULL,'1971-02-27 00:00:00','610431197102270610',10100101,'20221408.00','2014-01-22 05:16:24',NULL,'2004-12-07 00:00:00',NULL,NULL,NULL,NULL,NULL,NULL,NULL,NULL,NULL,0,NULL,NULL,NULL,NULL,NULL,NULL,0,NULL,1,'0',NULL,NULL,'Regional Sales Manager, Industrial Market, NW CHN',0,'正式Permanent',1,NULL,0,'2014-01-22 05:16:24','M5452749','杨木',0,37,2),(788,NULL,'1979-06-18 00:00:00','332623197906184799',10100101,'20221101.00','2014-01-22 05:16:24',NULL,'1999-12-06 00:00:00',NULL,NULL,NULL,NULL,NULL,NULL,NULL,NULL,NULL,0,NULL,NULL,NULL,NULL,NULL,NULL,0,NULL,1,'0',NULL,NULL,'Senior Marketing Communication Specialist, China',0,'正式Permanent',1,NULL,0,'2014-01-22 05:16:24','G4527346','蔡国军',0,38,2),(789,NULL,'1972-11-16 00:00:00','310112197211160510',10100101,'20221424.00','2014-01-22 05:16:24',NULL,'1996-04-08 00:00:00',NULL,NULL,NULL,NULL,NULL,NULL,NULL,NULL,NULL,0,NULL,NULL,NULL,NULL,NULL,NULL,0,NULL,1,'0',NULL,NULL,'Sales Manager, Cutting Tools Market, China',0,'正式Permanent',1,NULL,0,'2014-01-22 05:16:24','L1859670','卢磊峻',0,37,2),(790,NULL,'1968-07-05 00:00:00','310112196807050529',10100101,'20221201.00','2014-01-22 05:16:24',NULL,'1997-11-17 00:00:00',NULL,NULL,NULL,NULL,NULL,NULL,NULL,NULL,NULL,0,NULL,NULL,NULL,NULL,NULL,NULL,0,NULL,1,'0',NULL,NULL,'Customer Service Supervisor',0,'正式Permanent',2,NULL,0,'2014-01-22 05:16:24','Z9412199','吴忠君',0,39,2),(791,NULL,'1973-05-01 00:00:00','310106197305011228',10100101,'20221201.00','2014-01-22 05:16:24',NULL,'2000-02-25 00:00:00',NULL,NULL,NULL,NULL,NULL,NULL,NULL,NULL,NULL,0,NULL,NULL,NULL,NULL,NULL,NULL,0,NULL,1,'0','2013-06-09 00:00:00',NULL,'Customer Service Supervisor',0,'正式Permanent',2,NULL,0,'2014-01-22 05:16:24','W9781886','张文轶',0,39,2),(792,NULL,'1975-03-02 00:00:00','310103197503022017',10100101,'20221201.00','2014-01-22 05:16:24',NULL,'2000-09-11 00:00:00',NULL,NULL,NULL,NULL,NULL,NULL,NULL,NULL,NULL,0,NULL,NULL,NULL,NULL,NULL,NULL,0,NULL,1,'0','2013-08-16 00:00:00',NULL,'Customer Service Supervisor',0,'正式Permanent',1,NULL,0,'2014-01-22 05:16:24','C7057492','陆春骅',0,39,2),(793,NULL,'1957-06-14 00:00:00','310106195706143230',10100101,'20210171.00','2014-01-22 05:16:24',NULL,'1993-10-01 00:00:00',NULL,NULL,NULL,NULL,NULL,NULL,NULL,NULL,NULL,0,NULL,NULL,NULL,NULL,NULL,NULL,0,NULL,1,'0',NULL,NULL,'Equipment Engineer, BA Shanghai',0,'正式Permanent',1,NULL,0,'2014-01-22 05:16:24','J4351941','朱鉴华',0,36,2),(794,NULL,'1962-11-26 00:00:00','310112196211260031',10100101,'20210171.00','2014-01-22 05:16:24',NULL,'1993-01-01 00:00:00',NULL,NULL,NULL,NULL,NULL,NULL,NULL,NULL,NULL,0,NULL,NULL,NULL,NULL,NULL,NULL,0,NULL,1,'0',NULL,NULL,'Maintenance Supervisor, BA Shanghai',0,'正式Permanent',1,NULL,0,'2014-01-22 05:16:24','J7457702','马加林',0,36,2),(795,NULL,'1954-07-27 00:00:00','310101195407272073',10100101,'20210001.00','2014-01-22 05:16:24',NULL,'1994-05-01 00:00:00',NULL,NULL,NULL,NULL,NULL,NULL,NULL,NULL,NULL,0,NULL,NULL,NULL,NULL,NULL,NULL,0,NULL,1,'0',NULL,NULL,'Senior Equipment Engineer, China',0,'正式Permanent',1,NULL,0,'2014-01-22 05:16:24','D1530640','王鼎华',0,40,2),(796,NULL,'1954-11-27 00:00:00','411223195411277510',10100101,'20210012.00','2014-01-22 05:16:24',NULL,'1994-06-01 00:00:00',NULL,NULL,NULL,NULL,NULL,NULL,NULL,NULL,NULL,0,NULL,NULL,NULL,NULL,NULL,NULL,0,NULL,1,'0',NULL,NULL,'Maintenance Engineer, TW&CPD Shanghai',0,'正式Permanent',1,NULL,0,'2014-01-22 05:16:24','J8252430','马杰',0,41,2),(797,NULL,'1965-10-05 00:00:00','310112196510051512',10100101,'20210001.00','2014-01-22 05:16:24',NULL,'1996-02-02 00:00:00',NULL,NULL,NULL,NULL,NULL,NULL,NULL,NULL,NULL,0,NULL,NULL,NULL,NULL,NULL,NULL,0,NULL,1,'0',NULL,NULL,'Equipment & Maintenance Manager, BA Shanghai',0,'正式Permanent',1,NULL,0,'2014-01-22 05:16:24','Y5292453','陈益',0,40,2),(798,NULL,'1956-08-03 00:00:00','310106195608031219',10100101,'20210001.00','2014-01-22 05:16:24',NULL,'1996-11-20 00:00:00',NULL,NULL,NULL,NULL,NULL,NULL,NULL,NULL,NULL,0,NULL,NULL,NULL,NULL,NULL,NULL,0,NULL,1,'0',NULL,NULL,'Senior Equipment Engineer, China',0,'正式Permanent',1,NULL,0,'2014-01-22 05:16:24','X2870420','张新建',0,40,2),(799,NULL,'1965-02-19 00:00:00','310227196502190416',10100101,'20210012.00','2014-01-22 05:16:24',NULL,'2000-03-22 00:00:00',NULL,NULL,NULL,NULL,NULL,NULL,NULL,NULL,NULL,0,NULL,NULL,NULL,NULL,NULL,NULL,0,NULL,1,'0',NULL,NULL,'Maintenance Supervisor, TW&CPD Shanghai',0,'正式Permanent',1,NULL,0,'2014-01-22 05:16:24','J8436793','范纪平',0,41,2),(800,NULL,'1957-08-31 00:00:00','310109195708310433',10100101,'20210171.00','2014-01-22 05:16:24',NULL,'1993-04-01 00:00:00',NULL,NULL,NULL,NULL,NULL,NULL,NULL,NULL,NULL,0,NULL,NULL,NULL,NULL,NULL,NULL,0,NULL,1,'0',NULL,NULL,'Operator',0,'正式Permanent',1,NULL,0,'2014-01-22 05:16:24','G8534671','强冠民',0,36,2),(801,NULL,'1964-08-29 00:00:00','310227196408291413',10100101,'20210171.00','2014-01-22 05:16:24',NULL,'1994-06-01 00:00:00',NULL,NULL,NULL,NULL,NULL,NULL,NULL,NULL,NULL,0,NULL,NULL,NULL,NULL,NULL,NULL,0,NULL,1,'0',NULL,NULL,'Operator',0,'正式Permanent',1,NULL,0,'2014-01-22 05:16:24','L2477653','沈林华',0,36,2),(802,NULL,'1967-07-15 00:00:00','310227196707154216',10100101,'20210171.00','2014-01-22 05:16:24',NULL,'1993-10-01 00:00:00',NULL,NULL,NULL,NULL,NULL,NULL,NULL,NULL,NULL,0,NULL,NULL,NULL,NULL,NULL,NULL,0,NULL,1,'0',NULL,NULL,'Operator',0,'正式Permanent',1,NULL,0,'2014-01-22 05:16:24','Z1520491','许志宏',0,36,2),(803,NULL,'1956-02-18 00:00:00','310226195602180716',10100101,'20210125.00','2014-01-22 05:16:24',NULL,'1999-07-01 00:00:00',NULL,NULL,NULL,NULL,NULL,NULL,NULL,NULL,NULL,0,NULL,NULL,NULL,NULL,NULL,NULL,0,NULL,1,'0',NULL,NULL,'Operator',0,'正式Permanent',1,NULL,0,'2014-01-22 05:16:24','H8350367','计惠庆',0,36,2),(804,NULL,'1957-12-19 00:00:00','310112195712190014',10100101,'20210171.00','2014-01-22 05:16:24',NULL,'1995-01-01 00:00:00',NULL,NULL,NULL,NULL,NULL,NULL,NULL,NULL,NULL,0,NULL,NULL,NULL,NULL,NULL,NULL,0,NULL,1,'0',NULL,NULL,'Operator',0,'正式Permanent',1,NULL,0,'2014-01-22 05:16:24','B7695948','李波',0,36,2),(805,NULL,'1955-04-02 00:00:00','310112195504020010',10100101,'20210171.00','2014-01-22 05:16:24',NULL,'1995-08-01 00:00:00',NULL,NULL,NULL,NULL,NULL,NULL,NULL,NULL,NULL,0,NULL,NULL,NULL,NULL,NULL,NULL,0,NULL,1,'0',NULL,NULL,'Operator',0,'正式Permanent',1,NULL,0,'2014-01-22 05:16:24','J4990349','胡建军',0,36,2),(806,NULL,'1971-07-19 00:00:00','310104197107191616',10100101,'20210171.00','2014-01-22 05:16:24',NULL,'2001-03-19 00:00:00',NULL,NULL,NULL,NULL,NULL,NULL,NULL,NULL,NULL,0,NULL,NULL,NULL,NULL,NULL,NULL,0,NULL,1,'0',NULL,NULL,'Operator',0,'正式Permanent',1,NULL,0,'2014-01-22 05:16:24','S0912069','乔少飞',0,36,2),(807,NULL,'1974-02-11 00:00:00','310221197402114412',10100101,'20210171.00','2014-01-22 05:16:24',NULL,'2002-12-02 00:00:00',NULL,NULL,NULL,NULL,NULL,NULL,NULL,NULL,NULL,0,NULL,NULL,NULL,NULL,NULL,NULL,0,NULL,1,'0',NULL,NULL,'Operator',0,'正式Permanent',1,NULL,0,'2014-01-22 05:16:24','X0181316','凌晓春',0,36,2),(808,NULL,'1972-09-23 00:00:00','652827197209233437',10100101,'20210171.00','2014-01-22 05:16:24',NULL,'2003-01-06 00:00:00',NULL,NULL,NULL,NULL,NULL,NULL,NULL,NULL,NULL,0,NULL,NULL,NULL,NULL,NULL,NULL,0,NULL,1,'0',NULL,NULL,'Operator',0,'正式Permanent',1,NULL,0,'2014-01-22 05:16:24','X9782234','李旭文',0,36,2),(809,NULL,'1961-08-09 00:00:00','310112196108090556',10100101,'20210012.00','2014-01-22 05:16:24',NULL,'2004-08-18 00:00:00',NULL,NULL,NULL,NULL,NULL,NULL,NULL,NULL,NULL,0,NULL,NULL,NULL,NULL,NULL,NULL,0,NULL,1,'0',NULL,NULL,'Operator',0,'正式Permanent',1,NULL,0,'2014-01-22 05:16:24','D1936811','杨德君',0,41,2),(810,NULL,'1955-01-29 00:00:00','310226195501290713',10100101,'20210171.00','2014-01-22 05:16:24',NULL,'1993-10-01 00:00:00',NULL,NULL,NULL,NULL,NULL,NULL,NULL,NULL,NULL,0,NULL,NULL,NULL,NULL,NULL,NULL,0,NULL,1,'0',NULL,NULL,'Operator',0,'正式Permanent',1,NULL,0,'2014-01-22 05:16:24','X1361324','张秀明',0,36,2),(811,NULL,'1955-09-23 00:00:00','310112195509230017',10100101,'20210012.00','2014-01-22 05:16:24',NULL,'1997-09-10 00:00:00',NULL,NULL,NULL,NULL,NULL,NULL,NULL,NULL,NULL,0,NULL,NULL,NULL,NULL,NULL,NULL,0,NULL,1,'0',NULL,NULL,'Operator',0,'正式Permanent',1,NULL,0,'2014-01-22 05:16:24','B8009613','沈伯明',0,41,2),(812,NULL,'1956-11-14 00:00:00','310112195611140093',10100101,'20210012.00','2014-01-22 05:16:24',NULL,'2000-06-21 00:00:00',NULL,NULL,NULL,NULL,NULL,NULL,NULL,NULL,NULL,0,NULL,NULL,NULL,NULL,NULL,NULL,0,NULL,1,'0',NULL,NULL,'Operator',0,'正式Permanent',1,NULL,0,'2014-01-22 05:16:24','S4856929','杨顺良',0,41,2),(813,NULL,'1962-06-25 00:00:00','310112196206250031',10100101,'20210012.00','2014-01-22 05:16:24',NULL,'2001-06-04 00:00:00',NULL,NULL,NULL,NULL,NULL,NULL,NULL,NULL,NULL,0,NULL,NULL,NULL,NULL,NULL,NULL,0,NULL,1,'0',NULL,NULL,'Operator',0,'正式Permanent',1,NULL,0,'2014-01-22 05:16:24','L0477326','王雷',0,41,2),(814,NULL,'1973-11-30 00:00:00','310112197311300517',10100101,'20210012.00','2014-01-22 05:16:24',NULL,'2002-11-25 00:00:00',NULL,NULL,NULL,NULL,NULL,NULL,NULL,NULL,NULL,0,NULL,NULL,NULL,NULL,NULL,NULL,0,NULL,1,'0',NULL,NULL,'Facility & Project Engineer, TW&CP Shanghai',0,'正式Permanent',1,NULL,0,'2014-01-22 05:16:24','G2994301','贾国瑜',0,41,2),(815,NULL,'1957-02-15 00:00:00','310103195702152413',10100101,'20234104.00','2014-01-22 05:16:24',NULL,'1991-10-01 00:00:00',NULL,NULL,NULL,NULL,NULL,NULL,NULL,NULL,NULL,0,NULL,NULL,NULL,NULL,NULL,NULL,0,NULL,1,'0',NULL,NULL,'Transportation Supervisor, Shanghai',0,'正式Permanent',1,NULL,0,'2014-01-22 05:16:24','W3955101','潘伟德',0,35,2),(816,NULL,'1957-08-22 00:00:00','310112195708220073',10100101,'20234104.00','2014-01-22 05:16:24',NULL,'1993-10-01 00:00:00',NULL,NULL,NULL,NULL,NULL,NULL,NULL,NULL,NULL,0,NULL,NULL,NULL,NULL,NULL,NULL,0,NULL,1,'0',NULL,NULL,'Driver',0,'正式Permanent',1,NULL,0,'2014-01-22 05:16:24','L6683051','王立鸣',0,35,2),(817,NULL,'1973-10-19 00:00:00','310112197310191515',10100101,'20233105.00','2014-01-22 05:16:24',NULL,'2002-10-14 00:00:00',NULL,NULL,NULL,NULL,NULL,NULL,NULL,NULL,NULL,0,NULL,NULL,NULL,NULL,NULL,NULL,0,NULL,1,'0',NULL,NULL,'Driver',0,'正式Permanent',1,NULL,0,'2014-01-22 05:16:24','J7939974','周剑萍',0,35,2),(818,NULL,'1971-03-02 00:00:00','310221197103020010',10100101,'20234114.00','2014-01-22 05:16:24',NULL,'2003-02-21 00:00:00',NULL,NULL,NULL,NULL,NULL,NULL,NULL,NULL,NULL,0,NULL,NULL,NULL,NULL,NULL,NULL,0,NULL,1,'0',NULL,NULL,'Driver&Product inspector',0,'正式Permanent',1,NULL,0,'2014-01-22 05:16:24','X3668160','周晓彬',0,42,2),(819,NULL,'1966-11-25 00:00:00','310226196611250733',10100101,'20210116.00','2014-01-22 05:16:24',NULL,'1995-07-01 00:00:00',NULL,NULL,NULL,NULL,NULL,NULL,NULL,NULL,NULL,0,NULL,NULL,NULL,NULL,NULL,NULL,0,NULL,1,'0',NULL,NULL,'Operator',0,'正式Permanent',1,NULL,0,'2014-01-22 05:16:24','A0566912','胡爱强',0,36,2),(820,NULL,'1967-01-21 00:00:00','310222196701210027',10100101,'20234110.00','2014-01-22 05:16:24',NULL,'1994-01-01 00:00:00',NULL,NULL,NULL,NULL,NULL,NULL,NULL,NULL,NULL,0,NULL,NULL,NULL,NULL,NULL,NULL,0,NULL,1,'0',NULL,NULL,'PTF/FTD Process Expert, Asia Pacific',0,'正式Permanent',2,NULL,0,'2014-01-22 05:16:24','H1845538','黄红',0,43,2),(821,NULL,'1969-11-22 00:00:00','43010519691122131X',10100101,'20210172.00','2014-01-22 05:16:24',NULL,'1997-06-03 00:00:00',NULL,NULL,NULL,NULL,NULL,NULL,NULL,NULL,NULL,0,NULL,NULL,NULL,NULL,NULL,NULL,0,NULL,1,'0',NULL,NULL,'Process Supervisor, BA Shanghai',0,'正式Permanent',1,NULL,0,'2014-01-22 05:16:24','Y9753448','申云军',0,36,2),(822,NULL,'1969-04-08 00:00:00','31010419690408283X',10100101,'20210404.00','2014-01-22 05:16:24',NULL,'1999-12-02 00:00:00',NULL,NULL,NULL,NULL,NULL,NULL,NULL,NULL,NULL,0,NULL,NULL,NULL,NULL,NULL,NULL,0,NULL,1,'0',NULL,NULL,'Operation Manager, CPD Shanghai',0,'正式Permanent',1,NULL,0,'2014-01-22 05:16:24','L5602201','骆涛',0,44,2),(823,NULL,'1975-04-02 00:00:00','142224197504020010',10100101,'20210531.00','2014-01-22 05:16:24',NULL,'2001-10-08 00:00:00',NULL,NULL,NULL,NULL,NULL,NULL,NULL,NULL,NULL,0,NULL,NULL,NULL,NULL,NULL,NULL,0,NULL,1,'0',NULL,NULL,'Process Manager, TW Shanghai',0,'正式Permanent',1,NULL,0,'2014-01-22 05:16:24','J1324528','李建勋',0,45,2),(824,NULL,'1980-01-03 00:00:00','31022719800103203X',10100101,'20210172.00','2014-01-22 05:16:24',NULL,'2004-03-18 00:00:00',NULL,NULL,NULL,NULL,NULL,NULL,NULL,NULL,NULL,0,NULL,NULL,NULL,NULL,NULL,NULL,0,NULL,1,'0','2013-08-07 00:00:00',NULL,'Senior Process Engineer, BA Shanghai',0,'正式Permanent',1,NULL,0,'2014-01-22 05:16:24','X9336175','吴晓冬',0,36,2),(825,NULL,'1979-05-06 00:00:00','310225197905064619',10100101,'20210531.00','2014-01-22 05:16:24',NULL,'2004-04-01 00:00:00',NULL,NULL,NULL,NULL,NULL,NULL,NULL,NULL,NULL,0,NULL,NULL,NULL,NULL,NULL,NULL,0,NULL,1,'0',NULL,NULL,'Senior Process Engineer, TW Shanghai',0,'正式Permanent',1,NULL,0,'2014-01-22 05:16:24','S4639276','黄胜蓝',0,45,2),(826,NULL,'1954-07-19 00:00:00','310101195407190035',10100101,'20210172.00','2014-01-22 05:16:24',NULL,'1992-11-01 00:00:00',NULL,NULL,NULL,NULL,NULL,NULL,NULL,NULL,NULL,0,NULL,NULL,NULL,NULL,NULL,NULL,0,NULL,1,'0',NULL,NULL,'Production Technicial Manager, BA Shanghai',0,'正式Permanent',1,NULL,0,'2014-01-22 05:16:24','D2686622','戴东良',0,36,2),(827,NULL,'1969-03-02 00:00:00','310227196903024419',10100101,'20210170.00','2014-01-22 05:16:24',NULL,'1993-08-01 00:00:00',NULL,NULL,NULL,NULL,NULL,NULL,NULL,NULL,NULL,0,NULL,NULL,NULL,NULL,NULL,NULL,0,NULL,1,'0',NULL,NULL,'Senior Production Supervisor, BA Shanghai',0,'正式Permanent',1,NULL,0,'2014-01-22 05:16:24','Q0050253','孙群',0,36,2),(828,NULL,'1963-08-16 00:00:00','310226196308161818',10100101,'20210116.00','2014-01-22 05:16:24',NULL,'1993-06-01 00:00:00',NULL,NULL,NULL,NULL,NULL,NULL,NULL,NULL,NULL,0,NULL,NULL,NULL,NULL,NULL,NULL,0,NULL,1,'0',NULL,NULL,'Operator',0,'正式Permanent',1,NULL,0,'2014-01-22 05:16:24','W3258599','褚文彪',0,36,2),(829,NULL,'1971-03-28 00:00:00','310112197103281518',10100101,'20210170.00','2014-01-22 05:16:24',NULL,'1995-02-01 00:00:00',NULL,NULL,NULL,NULL,NULL,NULL,NULL,NULL,NULL,0,NULL,NULL,NULL,NULL,NULL,NULL,0,NULL,1,'0',NULL,NULL,'Production Supervisor, BA Shanghai',0,'正式Permanent',1,NULL,0,'2014-01-22 05:16:24','R8928276','何荣',0,36,2),(830,NULL,'1969-05-09 00:00:00','310227196905094410',10100101,'20210112.00','2014-01-22 05:16:24',NULL,'1995-01-01 00:00:00',NULL,NULL,NULL,NULL,NULL,NULL,NULL,NULL,NULL,0,NULL,NULL,NULL,NULL,NULL,NULL,0,NULL,1,'0',NULL,NULL,'Operator',0,'正式Permanent',1,NULL,0,'2014-01-22 05:16:24','X5404714','袁校均',0,36,2),(831,NULL,'1971-02-28 00:00:00','310227197102284434',10100101,'20210112.00','2014-01-22 05:16:24',NULL,'1993-08-01 00:00:00',NULL,NULL,NULL,NULL,NULL,NULL,NULL,NULL,NULL,0,NULL,NULL,NULL,NULL,NULL,NULL,0,NULL,1,'0',NULL,NULL,'Operator',0,'正式Permanent',1,NULL,0,'2014-01-22 05:16:24','W8566250','张卫权',0,36,2),(832,NULL,'1971-10-10 00:00:00','310226197110100715',10100101,'20210111.00','2014-01-22 05:16:24',NULL,'2000-08-22 00:00:00',NULL,NULL,NULL,NULL,NULL,NULL,NULL,NULL,NULL,0,NULL,NULL,NULL,NULL,NULL,NULL,0,NULL,1,'0',NULL,NULL,'Operator',0,'正式Permanent',1,NULL,0,'2014-01-22 05:16:24','Q6084161','王群辉',0,36,2),(833,NULL,'1963-08-26 00:00:00','310227196308261233',10100101,'20210111.00','2014-01-22 05:16:24',NULL,'1995-10-01 00:00:00',NULL,NULL,NULL,NULL,NULL,NULL,NULL,NULL,NULL,0,NULL,NULL,NULL,NULL,NULL,NULL,0,NULL,1,'0',NULL,NULL,'Operator',0,'正式Permanent',1,NULL,0,'2014-01-22 05:16:24','J2149803','顾金囡',0,36,2),(834,NULL,'1967-07-17 00:00:00','310226196707170711',10100101,'20210112.00','2014-01-22 05:16:24',NULL,'1993-05-01 00:00:00',NULL,NULL,NULL,NULL,NULL,NULL,NULL,NULL,NULL,0,NULL,NULL,NULL,NULL,NULL,NULL,0,NULL,1,'0',NULL,NULL,'Operator',0,'正式Permanent',1,NULL,0,'2014-01-22 05:16:24','S7529155','姜守均',0,36,2),(835,NULL,'1972-07-13 00:00:00','310226197207131817',10100101,'20210112.00','2014-01-22 05:16:24',NULL,'1994-11-01 00:00:00',NULL,NULL,NULL,NULL,NULL,NULL,NULL,NULL,NULL,0,NULL,NULL,NULL,NULL,NULL,NULL,0,NULL,1,'0',NULL,NULL,'Operator',0,'正式Permanent',1,NULL,0,'2014-01-22 05:16:24','C7040469','谢雄鹤',0,36,2),(836,NULL,'1965-02-14 00:00:00','310226196502141319',10100101,'20210112.00','2014-01-22 05:16:24',NULL,'1994-12-01 00:00:00',NULL,NULL,NULL,NULL,NULL,NULL,NULL,NULL,NULL,0,NULL,NULL,NULL,NULL,NULL,NULL,0,NULL,1,'0',NULL,NULL,'Operator',0,'正式Permanent',1,NULL,0,'2014-01-22 05:16:24','J4874495','张纪光',0,36,2),(837,NULL,'1971-02-23 00:00:00','310227197102234410',10100101,'20210112.00','2014-01-22 05:16:24',NULL,'1995-01-01 00:00:00',NULL,NULL,NULL,NULL,NULL,NULL,NULL,NULL,NULL,0,NULL,NULL,NULL,NULL,NULL,NULL,0,NULL,1,'0',NULL,NULL,'Operator',0,'正式Permanent',1,NULL,0,'2014-01-22 05:16:24','L1100667','闵连军',0,36,2),(838,NULL,'1970-10-07 00:00:00','310228197010073214',10100101,'20210112.00','2014-01-22 05:16:24',NULL,'1995-08-01 00:00:00',NULL,NULL,NULL,NULL,NULL,NULL,NULL,NULL,NULL,0,NULL,NULL,NULL,NULL,NULL,NULL,0,NULL,1,'0',NULL,NULL,'Operator',0,'正式Permanent',1,NULL,0,'2014-01-22 05:16:24','Z9106519','肖哲',0,36,2),(839,NULL,'1974-07-12 00:00:00','310226197407120717',10100101,'20210112.00','2014-01-22 05:16:24',NULL,'2001-03-19 00:00:00',NULL,NULL,NULL,NULL,NULL,NULL,NULL,NULL,NULL,0,NULL,NULL,NULL,NULL,NULL,NULL,0,NULL,1,'0',NULL,NULL,'Operator',0,'正式Permanent',1,NULL,0,'2014-01-22 05:16:24','Z2138776','顾忠华',0,36,2),(840,NULL,'1966-10-02 00:00:00','310226196610020717',10100101,'20210115.00','2014-01-22 05:16:24',NULL,'2001-04-23 00:00:00',NULL,NULL,NULL,NULL,NULL,NULL,NULL,NULL,NULL,0,NULL,NULL,NULL,NULL,NULL,NULL,0,NULL,1,'0',NULL,NULL,'Operator',0,'正式Permanent',1,NULL,0,'2014-01-22 05:16:24','Y9011090','金月新',0,36,2),(841,NULL,'1978-11-09 00:00:00','310226197811090556',10100101,'20210112.00','2014-01-22 05:16:24',NULL,'2001-07-10 00:00:00',NULL,NULL,NULL,NULL,NULL,NULL,NULL,NULL,NULL,0,NULL,NULL,NULL,NULL,NULL,NULL,0,NULL,1,'0',NULL,NULL,'Operator',0,'正式Permanent',1,NULL,0,'2014-01-22 05:16:24','W6919001','张伟国',0,36,2),(842,NULL,'1971-08-25 00:00:00','310228197108253213',10100101,'20210112.00','2014-01-22 05:16:24',NULL,'2004-02-24 00:00:00',NULL,NULL,NULL,NULL,NULL,NULL,NULL,NULL,NULL,0,NULL,NULL,NULL,NULL,NULL,NULL,0,NULL,1,'0',NULL,NULL,'Operator',0,'正式Permanent',1,NULL,0,'2014-01-22 05:16:24','Z4862196','陈忠',0,36,2),(843,NULL,'1969-12-12 00:00:00','310228196912122615',10100101,'20210112.00','2014-01-22 05:16:24',NULL,'2004-08-03 00:00:00',NULL,NULL,NULL,NULL,NULL,NULL,NULL,NULL,NULL,0,NULL,NULL,NULL,NULL,NULL,NULL,0,NULL,1,'0','2013-07-03 00:00:00',NULL,'Operator',0,'正式Permanent',1,NULL,0,'2014-01-22 05:16:24','W7480715','周卫东',0,36,2),(844,NULL,'1962-02-11 00:00:00','310112196202110517',10100101,'20210609.00','2014-01-22 05:16:24',NULL,'1995-05-01 00:00:00',NULL,NULL,NULL,NULL,NULL,NULL,NULL,NULL,NULL,0,NULL,NULL,NULL,NULL,NULL,NULL,0,NULL,1,'0',NULL,NULL,'Operator',0,'正式Permanent',1,NULL,0,'2014-01-22 05:16:24','H1406887','虞惠新',0,33,2),(845,NULL,'1967-07-31 00:00:00','310112196707311517',10100101,'20210125.00','2014-01-22 05:16:24',NULL,'1995-06-01 00:00:00',NULL,NULL,NULL,NULL,NULL,NULL,NULL,NULL,NULL,0,NULL,NULL,NULL,NULL,NULL,NULL,0,NULL,1,'0',NULL,NULL,'Operator',0,'正式Permanent',1,NULL,0,'2014-01-22 05:16:24','S0060829','庄士华',0,36,2),(846,NULL,'1979-01-30 00:00:00','310112197901306011',10100101,'20210115.00','2014-01-22 05:16:24',NULL,'2000-04-25 00:00:00',NULL,NULL,NULL,NULL,NULL,NULL,NULL,NULL,NULL,0,NULL,NULL,NULL,NULL,NULL,NULL,0,NULL,1,'0',NULL,NULL,'Operator',0,'正式Permanent',1,NULL,0,'2014-01-22 05:16:24','D7284916','邵冬伟',0,36,2),(847,NULL,'1973-03-07 00:00:00','310226197303070516',10100101,'20210113.00','2014-01-22 05:16:24',NULL,'2000-11-27 00:00:00',NULL,NULL,NULL,NULL,NULL,NULL,NULL,NULL,NULL,0,NULL,NULL,NULL,NULL,NULL,NULL,0,NULL,1,'0',NULL,NULL,'Operator',0,'正式Permanent',1,NULL,0,'2014-01-22 05:16:24','F8869699','李锋',0,36,2),(848,NULL,'1967-12-24 00:00:00','310227196712241453',10100101,'20210112.00','2014-01-22 05:16:24',NULL,'1994-11-01 00:00:00',NULL,NULL,NULL,NULL,NULL,NULL,NULL,NULL,NULL,0,NULL,NULL,NULL,NULL,NULL,NULL,0,NULL,1,'0',NULL,NULL,'Operator',0,'正式Permanent',1,NULL,0,'2014-01-22 05:16:24','J6330792','孙建国',0,36,2),(849,NULL,'1966-07-19 00:00:00','310226196607190715',10100101,'20210113.00','2014-01-22 05:16:24',NULL,'1995-08-01 00:00:00',NULL,NULL,NULL,NULL,NULL,NULL,NULL,NULL,NULL,0,NULL,NULL,NULL,NULL,NULL,NULL,0,NULL,1,'0',NULL,NULL,'Operator',0,'正式Permanent',1,NULL,0,'2014-01-22 05:16:24','Y5996488','李育辉',0,36,2),(850,NULL,'1965-06-25 00:00:00','310227196506251212',10100101,'20210116.00','2014-01-22 05:16:24',NULL,'1995-01-01 00:00:00',NULL,NULL,NULL,NULL,NULL,NULL,NULL,NULL,NULL,0,NULL,NULL,NULL,NULL,NULL,NULL,0,NULL,1,'0',NULL,NULL,'Operator',0,'正式Permanent',1,NULL,0,'2014-01-22 05:16:24','X6590271','高旭峰',0,36,2),(851,NULL,'1968-05-12 00:00:00','310226196805121817',10100101,'20210113.00','2014-01-22 05:16:24',NULL,'1995-01-01 00:00:00',NULL,NULL,NULL,NULL,NULL,NULL,NULL,NULL,NULL,0,NULL,NULL,NULL,NULL,NULL,NULL,0,NULL,1,'0',NULL,NULL,'Operator',0,'正式Permanent',1,NULL,0,'2014-01-22 05:16:24','G5260133','顾国强',0,36,2),(852,NULL,'1972-07-26 00:00:00','310226197207260715',10100101,'20210113.00','2014-01-22 05:16:24',NULL,'1995-07-01 00:00:00',NULL,NULL,NULL,NULL,NULL,NULL,NULL,NULL,NULL,0,NULL,NULL,NULL,NULL,NULL,NULL,0,NULL,1,'0',NULL,NULL,'Operator',0,'正式Permanent',1,NULL,0,'2014-01-22 05:16:24','C4249836','宋成杰',0,36,2),(853,NULL,'1961-02-26 00:00:00','310221196102264836',10100101,'20210113.00','2014-01-22 05:16:24',NULL,'1995-01-01 00:00:00',NULL,NULL,NULL,NULL,NULL,NULL,NULL,NULL,NULL,0,NULL,NULL,NULL,NULL,NULL,NULL,0,NULL,1,'0',NULL,NULL,'Operator',0,'正式Permanent',1,NULL,0,'2014-01-22 05:16:24','J2520700','朱建忠',0,36,2),(854,NULL,'1967-05-12 00:00:00','31022619670512181X',10100101,'20210113.00','2014-01-22 05:16:24',NULL,'1994-03-01 00:00:00',NULL,NULL,NULL,NULL,NULL,NULL,NULL,NULL,NULL,0,NULL,NULL,NULL,NULL,NULL,NULL,0,NULL,1,'0',NULL,NULL,'Operator',0,'正式Permanent',1,NULL,0,'2014-01-22 05:16:24','C0544187','陆成刚',0,36,2),(855,NULL,'1969-03-30 00:00:00','310226196903300712',10100101,'20210123.00','2014-01-22 05:16:24',NULL,'1994-10-01 00:00:00',NULL,NULL,NULL,NULL,NULL,NULL,NULL,NULL,NULL,0,NULL,NULL,NULL,NULL,NULL,NULL,0,NULL,1,'0',NULL,NULL,'Operator',0,'正式Permanent',1,NULL,0,'2014-01-22 05:16:24','W4372839','吴文权',0,36,2),(856,NULL,'1969-05-02 00:00:00','310226196905021311',10100101,'20210113.00','2014-01-22 05:16:24',NULL,'1995-01-01 00:00:00',NULL,NULL,NULL,NULL,NULL,NULL,NULL,NULL,NULL,0,NULL,NULL,NULL,NULL,NULL,NULL,0,NULL,1,'0',NULL,NULL,'Operator',0,'正式Permanent',1,NULL,0,'2014-01-22 05:16:24','W7862455','施文其',0,36,2),(857,NULL,'1968-04-21 00:00:00','310226196804210711',10100101,'20210122.00','2014-01-22 05:16:24',NULL,'1995-01-01 00:00:00',NULL,NULL,NULL,NULL,NULL,NULL,NULL,NULL,NULL,0,NULL,NULL,NULL,NULL,NULL,NULL,0,NULL,1,'0',NULL,NULL,'Operator',0,'正式Permanent',1,NULL,0,'2014-01-22 05:16:24','Y4547690','诸英浩',0,36,2),(858,NULL,'1965-03-24 00:00:00','310227196503244412',10100101,'20210171.00','2014-01-22 05:16:24',NULL,'1995-01-01 00:00:00',NULL,NULL,NULL,NULL,NULL,NULL,NULL,NULL,NULL,0,NULL,NULL,NULL,NULL,NULL,NULL,0,NULL,1,'0',NULL,NULL,'Operator',0,'正式Permanent',1,NULL,0,'2014-01-22 05:16:24','Q5819246','顾勤',0,36,2),(859,NULL,'1968-12-20 00:00:00','310227196812204414',10100101,'20210132.00','2014-01-22 05:16:24',NULL,'1994-12-01 00:00:00',NULL,NULL,NULL,NULL,NULL,NULL,NULL,NULL,NULL,0,NULL,NULL,NULL,NULL,NULL,NULL,0,NULL,1,'0',NULL,NULL,'Operator',0,'正式Permanent',1,NULL,0,'2014-01-22 05:16:24','L2989584','吴连忠',0,36,2),(860,NULL,'1971-04-21 00:00:00','310225197104211818',10100101,'20210113.00','2014-01-22 05:16:24',NULL,'1995-05-01 00:00:00',NULL,NULL,NULL,NULL,NULL,NULL,NULL,NULL,NULL,0,NULL,NULL,NULL,NULL,NULL,NULL,0,NULL,1,'0',NULL,NULL,'Operator',0,'正式Permanent',1,NULL,0,'2014-01-22 05:16:24','X3800957','朱旭军',0,36,2),(861,NULL,'1968-03-26 00:00:00','310228196803262811',10100101,'20210123.00','2014-01-22 05:16:24',NULL,'1995-06-01 00:00:00',NULL,NULL,NULL,NULL,NULL,NULL,NULL,NULL,NULL,0,NULL,NULL,NULL,NULL,NULL,NULL,0,NULL,1,'0',NULL,NULL,'Operator',0,'正式Permanent',1,NULL,0,'2014-01-22 05:16:24','L0319879','盛林弟',0,36,2),(862,NULL,'1967-12-13 00:00:00','310226196712131813',10100101,'20210113.00','2014-01-22 05:16:24',NULL,'1995-07-01 00:00:00',NULL,NULL,NULL,NULL,NULL,NULL,NULL,NULL,NULL,0,NULL,NULL,NULL,NULL,NULL,NULL,0,NULL,1,'0',NULL,NULL,'Operator',0,'正式Permanent',1,NULL,0,'2014-01-22 05:16:24','J4768514','谢建龙',0,36,2),(863,NULL,'1962-12-14 00:00:00','310228196212143239',10100101,'20210125.00','2014-01-22 05:16:24',NULL,'1995-07-01 00:00:00',NULL,NULL,NULL,NULL,NULL,NULL,NULL,NULL,NULL,0,NULL,NULL,NULL,NULL,NULL,NULL,0,NULL,1,'0',NULL,NULL,'Operator',0,'正式Permanent',1,NULL,0,'2014-01-22 05:16:24','J6386788','褚俊生',0,36,2),(864,NULL,'1969-09-25 00:00:00','31022619690925071X',10100101,'20210132.00','2014-01-22 05:16:24',NULL,'1995-08-01 00:00:00',NULL,NULL,NULL,NULL,NULL,NULL,NULL,NULL,NULL,0,NULL,NULL,NULL,NULL,NULL,NULL,0,NULL,1,'0',NULL,NULL,'Operator',0,'正式Permanent',1,NULL,0,'2014-01-22 05:16:24','R6213527','卢仁龙',0,36,2),(865,NULL,'1967-09-06 00:00:00','310226196709062036',10100101,'20210165.00','2014-01-22 05:16:24',NULL,'2000-03-29 00:00:00',NULL,NULL,NULL,NULL,NULL,NULL,NULL,NULL,NULL,0,NULL,NULL,NULL,NULL,NULL,NULL,0,NULL,1,'0',NULL,NULL,'Operator',0,'正式Permanent',1,NULL,0,'2014-01-22 05:16:24','H9148171','胡海鹰',0,36,2),(866,NULL,'1961-12-28 00:00:00','310226196112281316',10100101,'20210125.00','2014-01-22 05:16:24',NULL,'2000-06-01 00:00:00',NULL,NULL,NULL,NULL,NULL,NULL,NULL,NULL,NULL,0,NULL,NULL,NULL,NULL,NULL,NULL,0,NULL,1,'0',NULL,NULL,'Operator',0,'正式Permanent',1,NULL,0,'2014-01-22 05:16:24','J7787660','尹金林',0,36,2),(867,NULL,'1971-01-06 00:00:00','310227197101064413',10100101,'20210147.00','2014-01-22 05:16:24',NULL,'2001-02-22 00:00:00',NULL,NULL,NULL,NULL,NULL,NULL,NULL,NULL,NULL,0,NULL,NULL,NULL,NULL,NULL,NULL,0,NULL,1,'0',NULL,NULL,'Operator',0,'正式Permanent',1,NULL,0,'2014-01-22 05:16:24','L8696051','陈连军',0,36,2),(868,NULL,'1971-03-27 00:00:00','310226197103270716',10100101,'20210113.00','2014-01-22 05:16:24',NULL,'2001-05-11 00:00:00',NULL,NULL,NULL,NULL,NULL,NULL,NULL,NULL,NULL,0,NULL,NULL,NULL,NULL,NULL,NULL,0,NULL,1,'0',NULL,NULL,'Operator',0,'正式Permanent',1,NULL,0,'2014-01-22 05:16:24','Z7481332','王志荣',0,36,2),(869,NULL,'1972-03-13 00:00:00','310226197203130710',10100101,'20210115.00','2014-01-22 05:16:24',NULL,'2003-06-26 00:00:00',NULL,NULL,NULL,NULL,NULL,NULL,NULL,NULL,NULL,0,NULL,NULL,NULL,NULL,NULL,NULL,0,NULL,1,'0',NULL,NULL,'Operator',0,'正式Permanent',1,NULL,0,'2014-01-22 05:16:24','Z9572306','金忠葵',0,36,2),(870,NULL,'1969-07-30 00:00:00','310227196907304418',10100101,'20210122.00','2014-01-22 05:16:24',NULL,'2004-06-02 00:00:00',NULL,NULL,NULL,NULL,NULL,NULL,NULL,NULL,NULL,0,NULL,NULL,NULL,NULL,NULL,NULL,0,NULL,1,'0',NULL,NULL,'Operator',0,'正式Permanent',1,NULL,0,'2014-01-22 05:16:24','J5811826','谢军辉',0,36,2),(871,NULL,'1972-02-09 00:00:00','310228197202092815',10100101,'20210144.00','2014-01-22 05:16:24',NULL,'2004-09-14 00:00:00',NULL,NULL,NULL,NULL,NULL,NULL,NULL,NULL,NULL,0,NULL,NULL,NULL,NULL,NULL,NULL,0,NULL,1,'0','2013-11-30 00:00:00',NULL,'Operator',0,'正式Permanent',1,NULL,0,'2014-01-22 05:16:24','Z4368823','蔡忠云',0,36,2),(872,NULL,'1966-07-06 00:00:00','310112196607061514',10100101,'20210170.00','2014-01-22 05:16:24',NULL,'1993-07-01 00:00:00',NULL,NULL,NULL,NULL,NULL,NULL,NULL,NULL,NULL,0,NULL,NULL,NULL,NULL,NULL,NULL,0,NULL,1,'0',NULL,NULL,'Production Supervisor, BA Shanghai',0,'正式Permanent',1,NULL,0,'2014-01-22 05:16:24','M5554794','邵明权',0,36,2),(873,NULL,'1973-01-24 00:00:00','310104197301244013',10100101,'20210125.00','2014-01-22 05:16:24',NULL,'1993-09-01 00:00:00',NULL,NULL,NULL,NULL,NULL,NULL,NULL,NULL,NULL,0,NULL,NULL,NULL,NULL,NULL,NULL,0,NULL,1,'0',NULL,NULL,'Operator',0,'正式Permanent',1,NULL,0,'2014-01-22 05:16:24','S0292415','俞士强',0,36,2),(874,NULL,'1973-01-02 00:00:00','310228197301020016',10100101,'20210125.00','2014-01-22 05:16:24',NULL,'1994-12-01 00:00:00',NULL,NULL,NULL,NULL,NULL,NULL,NULL,NULL,NULL,0,NULL,NULL,NULL,NULL,NULL,NULL,0,NULL,1,'0',NULL,NULL,'Operator',0,'正式Permanent',1,NULL,0,'2014-01-22 05:16:24','Y3423087','庄赟',0,36,2),(875,NULL,'1965-05-10 00:00:00','31011219650510005X',10100101,'20210125.00','2014-01-22 05:16:24',NULL,'1995-01-01 00:00:00',NULL,NULL,NULL,NULL,NULL,NULL,NULL,NULL,NULL,0,NULL,NULL,NULL,NULL,NULL,NULL,0,NULL,1,'0',NULL,NULL,'Operator',0,'正式Permanent',1,NULL,0,'2014-01-22 05:16:24','Z4083189','陆志勇',0,36,2),(876,NULL,'1970-09-18 00:00:00','310112197009181510',10100101,'20210115.00','2014-01-22 05:16:24',NULL,'1996-08-20 00:00:00',NULL,NULL,NULL,NULL,NULL,NULL,NULL,NULL,NULL,0,NULL,NULL,NULL,NULL,NULL,NULL,0,NULL,1,'0',NULL,NULL,'Operator',0,'正式Permanent',1,NULL,0,'2014-01-22 05:16:24','G7841310','陈国其',0,36,2),(877,NULL,'1968-06-16 00:00:00','31011219680616361X',10100101,'20210125.00','2014-01-22 05:16:24',NULL,'1995-01-01 00:00:00',NULL,NULL,NULL,NULL,NULL,NULL,NULL,NULL,NULL,0,NULL,NULL,NULL,NULL,NULL,NULL,0,NULL,1,'0',NULL,NULL,'Operator',0,'正式Permanent',1,NULL,0,'2014-01-22 05:16:24','Z9005246','蔡忠平',0,36,2),(878,NULL,'1954-04-07 00:00:00','310226195404070719',10100101,'20210125.00','2014-01-22 05:16:24',NULL,'1993-06-01 00:00:00',NULL,NULL,NULL,NULL,NULL,NULL,NULL,NULL,NULL,0,NULL,NULL,NULL,NULL,NULL,NULL,0,NULL,1,'0',NULL,NULL,'Operator',0,'正式Permanent',1,NULL,0,'2014-01-22 05:16:24','R4495607','相仁欢',0,36,2),(879,NULL,'1963-04-07 00:00:00','310227196304074414',10100101,'20210125.00','2014-01-22 05:16:24',NULL,'1993-08-01 00:00:00',NULL,NULL,NULL,NULL,NULL,NULL,NULL,NULL,NULL,0,NULL,NULL,NULL,NULL,NULL,NULL,0,NULL,1,'0',NULL,NULL,'Operator',0,'正式Permanent',1,NULL,0,'2014-01-22 05:16:24','D2248238','蒋德平',0,36,2),(880,NULL,'1959-10-21 00:00:00','310227195910214419',10100101,'20210125.00','2014-01-22 05:16:24',NULL,'1993-08-01 00:00:00',NULL,NULL,NULL,NULL,NULL,NULL,NULL,NULL,NULL,0,NULL,NULL,NULL,NULL,NULL,NULL,0,NULL,1,'0',NULL,NULL,'Operator',0,'正式Permanent',1,NULL,0,'2014-01-22 05:16:24','S4426789','阮仕辉',0,36,2),(881,NULL,'1961-09-01 00:00:00','310221196109015613',10100101,'20210125.00','2014-01-22 05:16:24',NULL,'1994-12-01 00:00:00',NULL,NULL,NULL,NULL,NULL,NULL,NULL,NULL,NULL,0,NULL,NULL,NULL,NULL,NULL,NULL,0,NULL,1,'0',NULL,NULL,'Operator',0,'正式Permanent',1,NULL,0,'2014-01-22 05:16:24','R6455229','陈荣华',0,36,2),(882,NULL,'1964-10-15 00:00:00','310227196410154418',10100101,'20210125.00','2014-01-22 05:16:24',NULL,'1995-01-01 00:00:00',NULL,NULL,NULL,NULL,NULL,NULL,NULL,NULL,NULL,0,NULL,NULL,NULL,NULL,NULL,NULL,0,NULL,1,'0',NULL,NULL,'Operator',0,'正式Permanent',1,NULL,0,'2014-01-22 05:16:24','W3076045','陈文昌',0,36,2),(883,NULL,'1964-07-01 00:00:00','310227196407014414',10100101,'20210125.00','2014-01-22 05:16:24',NULL,'1995-01-01 00:00:00',NULL,NULL,NULL,NULL,NULL,NULL,NULL,NULL,NULL,0,NULL,NULL,NULL,NULL,NULL,NULL,0,NULL,1,'0',NULL,NULL,'Operator',0,'正式Permanent',1,NULL,0,'2014-01-22 05:16:24','D5333585','陈德良',0,36,2),(884,NULL,'1970-02-10 00:00:00','310227197002104432',10100101,'20210115.00','2014-01-22 05:16:24',NULL,'1995-07-01 00:00:00',NULL,NULL,NULL,NULL,NULL,NULL,NULL,NULL,NULL,0,NULL,NULL,NULL,NULL,NULL,NULL,0,NULL,1,'0',NULL,NULL,'Operator',0,'正式Permanent',1,NULL,0,'2014-01-22 05:16:24','Z5763657','罗忠良',0,36,2),(885,NULL,'1965-06-02 00:00:00','310226196506020717',10100101,'20210125.00','2014-01-22 05:16:24',NULL,'1997-11-02 00:00:00',NULL,NULL,NULL,NULL,NULL,NULL,NULL,NULL,NULL,0,NULL,NULL,NULL,NULL,NULL,NULL,0,NULL,1,'0',NULL,NULL,'Operator',0,'正式Permanent',1,NULL,0,'2014-01-22 05:16:24','D6430704','顾迪龙',0,36,2),(886,NULL,'1959-11-05 00:00:00','31022619591105131X',10100101,'20210125.00','2014-01-22 05:16:24',NULL,'1998-02-20 00:00:00',NULL,NULL,NULL,NULL,NULL,NULL,NULL,NULL,NULL,0,NULL,NULL,NULL,NULL,NULL,NULL,0,NULL,1,'0',NULL,NULL,'Operator',0,'正式Permanent',1,NULL,0,'2014-01-22 05:16:24','X9734631','唐兴龙',0,36,2),(887,NULL,'1966-11-09 00:00:00','310226196611091330',10100101,'20210125.00','2014-01-22 05:16:24',NULL,'2000-06-01 00:00:00',NULL,NULL,NULL,NULL,NULL,NULL,NULL,NULL,NULL,0,NULL,NULL,NULL,NULL,NULL,NULL,0,NULL,1,'0',NULL,NULL,'Operator',0,'正式Permanent',1,NULL,0,'2014-01-22 05:16:24','C1643150','褚彩平',0,36,2),(888,NULL,'1970-03-25 00:00:00','310227197003254416',10100101,'20210171.00','2014-01-22 05:16:24',NULL,'2001-04-23 00:00:00',NULL,NULL,NULL,NULL,NULL,NULL,NULL,NULL,NULL,0,NULL,NULL,NULL,NULL,NULL,NULL,0,NULL,1,'0',NULL,NULL,'Operator',0,'正式Permanent',1,NULL,0,'2014-01-22 05:16:24','J4118100','陈军明',0,36,2),(889,NULL,'1976-07-09 00:00:00','310228197607093234',10100101,'20210125.00','2014-01-22 05:16:24',NULL,'2001-05-26 00:00:00',NULL,NULL,NULL,NULL,NULL,NULL,NULL,NULL,NULL,0,NULL,NULL,NULL,NULL,NULL,NULL,0,NULL,1,'0',NULL,NULL,'Operator',0,'正式Permanent',1,NULL,0,'2014-01-22 05:16:24','J9934916','姚建平',0,36,2),(890,NULL,'1973-10-31 00:00:00','310228197310311632',10100101,'20210125.00','2014-01-22 05:16:24',NULL,'2004-05-10 00:00:00',NULL,NULL,NULL,NULL,NULL,NULL,NULL,NULL,NULL,0,NULL,NULL,NULL,NULL,NULL,NULL,0,NULL,1,'0',NULL,NULL,'Operator',0,'正式Permanent',1,NULL,0,'2014-01-22 05:16:24','Z0373757','徐照雷',0,36,2),(891,NULL,'1970-02-18 00:00:00','310226197002181319',10100101,'20210125.00','2014-01-22 05:16:24',NULL,'2004-05-24 00:00:00',NULL,NULL,NULL,NULL,NULL,NULL,NULL,NULL,NULL,0,NULL,NULL,NULL,NULL,NULL,NULL,0,NULL,1,'0',NULL,NULL,'Operator',0,'正式Permanent',1,NULL,0,'2014-01-22 05:16:24','G9353136','陆国华',0,36,2),(892,NULL,'1969-06-30 00:00:00','310226196906301139',10100101,'20210125.00','2014-01-22 05:16:24',NULL,'2004-05-24 00:00:00',NULL,NULL,NULL,NULL,NULL,NULL,NULL,NULL,NULL,0,NULL,NULL,NULL,NULL,NULL,NULL,0,NULL,1,'0',NULL,NULL,'Operator',0,'正式Permanent',1,NULL,0,'2014-01-22 05:16:24','R2084654','姜仁三',0,36,2),(893,NULL,'1964-08-08 00:00:00','310226196408080716',10100101,'20210125.00','2014-01-22 05:16:24',NULL,'2004-07-20 00:00:00',NULL,NULL,NULL,NULL,NULL,NULL,NULL,NULL,NULL,0,NULL,NULL,NULL,NULL,NULL,NULL,0,NULL,1,'0',NULL,NULL,'Operator',0,'正式Permanent',1,NULL,0,'2014-01-22 05:16:24','G3598187','相国华',0,36,2),(894,NULL,'1963-12-09 00:00:00','310112196312090043',10100101,'20210116.00','2014-01-22 05:16:24',NULL,'1994-01-01 00:00:00',NULL,NULL,NULL,NULL,NULL,NULL,NULL,NULL,NULL,0,NULL,NULL,NULL,NULL,NULL,NULL,0,NULL,1,'0',NULL,NULL,'Operator',0,'正式Permanent',2,NULL,0,'2014-01-22 05:16:24','B3896942','范贝佳',0,36,2),(895,NULL,'1962-08-10 00:00:00','310112196208100010',10100101,'20234114.00','2014-01-22 05:16:24',NULL,'1994-12-01 00:00:00',NULL,NULL,NULL,NULL,NULL,NULL,NULL,NULL,NULL,0,NULL,NULL,NULL,NULL,NULL,NULL,0,NULL,1,'0',NULL,NULL,'Operator',0,'正式Permanent',1,NULL,0,'2014-01-22 05:16:24','L7707149','王良',0,42,2),(896,NULL,'1973-11-21 00:00:00','310112197311210554',10100101,'20210168.00','2014-01-22 05:16:24',NULL,'1995-01-01 00:00:00',NULL,NULL,NULL,NULL,NULL,NULL,NULL,NULL,NULL,0,NULL,NULL,NULL,NULL,NULL,NULL,0,NULL,1,'0',NULL,NULL,'Planner, BA Shanghai',0,'正式Permanent',1,NULL,0,'2014-01-22 05:16:24','H7191246','赵华涛',0,36,2),(897,NULL,'1969-09-15 00:00:00','310228196909150818',10100101,'20210127.00','2014-01-22 05:16:24',NULL,'1996-04-15 00:00:00',NULL,NULL,NULL,NULL,NULL,NULL,NULL,NULL,NULL,0,NULL,NULL,NULL,NULL,NULL,NULL,0,NULL,1,'0',NULL,NULL,'Operator',0,'正式Permanent',1,NULL,0,'2014-01-22 05:16:24','L3606166','刘磊',0,46,2),(898,NULL,'1979-10-11 00:00:00','310112197910115612',10100101,'20210681.00','2014-01-22 05:16:24',NULL,'1999-10-20 00:00:00',NULL,NULL,NULL,NULL,NULL,NULL,NULL,NULL,NULL,0,NULL,NULL,NULL,NULL,NULL,NULL,0,NULL,1,'0',NULL,NULL,'Production Supervisor, SA Shanghai',0,'正式Permanent',1,NULL,0,'2014-01-22 05:16:24','J3778744','徐俊',0,33,2),(899,NULL,'1969-11-04 00:00:00','310226196911040711',10100101,'20210126.00','2014-01-22 05:16:24',NULL,'1995-03-01 00:00:00',NULL,NULL,NULL,NULL,NULL,NULL,NULL,NULL,NULL,0,NULL,NULL,NULL,NULL,NULL,NULL,0,NULL,1,'0',NULL,NULL,'Operator',0,'正式Permanent',1,NULL,0,'2014-01-22 05:16:24','T6925093','吴天平',0,36,2),(900,NULL,'1969-04-06 00:00:00','31022719690406421X',10100101,'20210126.00','2014-01-22 05:16:24',NULL,'1995-03-01 00:00:00',NULL,NULL,NULL,NULL,NULL,NULL,NULL,NULL,NULL,0,NULL,NULL,NULL,NULL,NULL,NULL,0,NULL,1,'0',NULL,NULL,'Operator',0,'正式Permanent',1,NULL,0,'2014-01-22 05:16:24','X1972032','陈新',0,36,2),(901,NULL,'1971-07-07 00:00:00','310227197107074436',10100101,'20210115.00','2014-01-22 05:16:24',NULL,'1994-12-01 00:00:00',NULL,NULL,NULL,NULL,NULL,NULL,NULL,NULL,NULL,0,NULL,NULL,NULL,NULL,NULL,NULL,0,NULL,1,'0',NULL,NULL,'Operator',0,'正式Permanent',1,NULL,0,'2014-01-22 05:16:24','W5422890','孙伟',0,36,2),(902,NULL,'1969-02-10 00:00:00','310226196902100532',10100101,'20210115.00','2014-01-22 05:16:24',NULL,'1995-02-01 00:00:00',NULL,NULL,NULL,NULL,NULL,NULL,NULL,NULL,NULL,0,NULL,NULL,NULL,NULL,NULL,NULL,0,NULL,1,'0',NULL,NULL,'Operator',0,'正式Permanent',1,NULL,0,'2014-01-22 05:16:24','J2256443','潘军欢',0,36,2),(903,NULL,'1976-12-12 00:00:00','310226197612120732',10100101,'20210115.00','2014-01-22 05:16:24',NULL,'2000-05-08 00:00:00',NULL,NULL,NULL,NULL,NULL,NULL,NULL,NULL,NULL,0,NULL,NULL,NULL,NULL,NULL,NULL,0,NULL,1,'0',NULL,NULL,'Operator',0,'正式Permanent',1,NULL,0,'2014-01-22 05:16:24','X2787828','金新军',0,36,2),(904,NULL,'1966-03-13 00:00:00','310226196603130715',10100101,'20210125.00','2014-01-22 05:16:24',NULL,'1995-02-01 00:00:00',NULL,NULL,NULL,NULL,NULL,NULL,NULL,NULL,NULL,0,NULL,NULL,NULL,NULL,NULL,NULL,0,NULL,1,'0',NULL,NULL,'Operator',0,'正式Permanent',1,NULL,0,'2014-01-22 05:16:24','G4103775','张国龙',0,36,2),(905,NULL,'1959-07-21 00:00:00','310226195907211317',10100101,'20210125.00','2014-01-22 05:16:24',NULL,'1997-06-20 00:00:00',NULL,NULL,NULL,NULL,NULL,NULL,NULL,NULL,NULL,0,NULL,NULL,NULL,NULL,NULL,NULL,0,NULL,1,'0',NULL,NULL,'Operator',0,'正式Permanent',1,NULL,0,'2014-01-22 05:16:24','Y5118047','康言良',0,36,2),(906,NULL,'1968-02-23 00:00:00','310227196802231224',10100101,'20233105.00','2014-01-22 05:16:24',NULL,'1993-12-01 00:00:00',NULL,NULL,NULL,NULL,NULL,NULL,NULL,NULL,NULL,0,NULL,NULL,NULL,NULL,NULL,NULL,0,NULL,1,'0',NULL,NULL,'Disable',0,'正式Permanent',2,NULL,0,'2014-01-22 05:16:24','X9346257','林香清',0,35,2),(907,NULL,'1963-08-23 00:00:00','310227196308234411',10100101,'20210115.00','2014-01-22 05:16:24',NULL,'1993-06-01 00:00:00',NULL,NULL,NULL,NULL,NULL,NULL,NULL,NULL,NULL,0,NULL,NULL,NULL,NULL,NULL,NULL,0,NULL,1,'0',NULL,NULL,'Operator',0,'正式Permanent',1,NULL,0,'2014-01-22 05:16:24','Q2104596','顾邱华',0,36,2),(908,NULL,'1977-03-29 00:00:00','310226197703290729',10100101,'20210115.00','2014-01-22 05:16:24',NULL,'1994-03-01 00:00:00',NULL,NULL,NULL,NULL,NULL,NULL,NULL,NULL,NULL,0,NULL,NULL,NULL,NULL,NULL,NULL,0,NULL,1,'0',NULL,NULL,'Operator',0,'正式Permanent',2,NULL,0,'2014-01-22 05:16:24','C4364354','张春燕',0,36,2),(909,NULL,'1966-02-22 00:00:00','310227196602224417',10100101,'20210115.00','2014-01-22 05:16:24',NULL,'1994-04-01 00:00:00',NULL,NULL,NULL,NULL,NULL,NULL,NULL,NULL,NULL,0,NULL,NULL,NULL,NULL,NULL,NULL,0,NULL,1,'0',NULL,NULL,'Operator',0,'正式Permanent',1,NULL,0,'2014-01-22 05:16:24','C7855493','夏春龙',0,36,2),(910,NULL,'1971-11-23 00:00:00','310226197111230730',10100101,'20210127.00','2014-01-22 05:16:24',NULL,'1994-07-01 00:00:00',NULL,NULL,NULL,NULL,NULL,NULL,NULL,NULL,NULL,0,NULL,NULL,NULL,NULL,NULL,NULL,0,NULL,1,'0',NULL,NULL,'Operator',0,'正式Permanent',1,NULL,0,'2014-01-22 05:16:24','G7298595','张国辉',0,46,2),(911,NULL,'1971-09-05 00:00:00','310226197109050730',10100101,'20210116.00','2014-01-22 05:16:24',NULL,'1995-02-01 00:00:00',NULL,NULL,NULL,NULL,NULL,NULL,NULL,NULL,NULL,0,NULL,NULL,NULL,NULL,NULL,NULL,0,NULL,1,'0',NULL,NULL,'Operator',0,'正式Permanent',1,NULL,0,'2014-01-22 05:16:24','J6891198','高军委',0,36,2),(912,NULL,'1965-07-07 00:00:00','310228196507073231',10100101,'20210115.00','2014-01-22 05:16:24',NULL,'1995-02-01 00:00:00',NULL,NULL,NULL,NULL,NULL,NULL,NULL,NULL,NULL,0,NULL,NULL,NULL,NULL,NULL,NULL,0,NULL,1,'0',NULL,NULL,'Operator',0,'正式Permanent',1,NULL,0,'2014-01-22 05:16:24','X3225550','沈校良',0,36,2),(913,NULL,'1970-12-22 00:00:00','310226197012221812',10100101,'20210126.00','2014-01-22 05:16:24',NULL,'1995-03-01 00:00:00',NULL,NULL,NULL,NULL,NULL,NULL,NULL,NULL,NULL,0,NULL,NULL,NULL,NULL,NULL,NULL,0,NULL,1,'0',NULL,NULL,'Operator',0,'正式Permanent',1,NULL,0,'2014-01-22 05:16:24','Y3530617','戚永全',0,36,2),(914,NULL,'1964-12-25 00:00:00','31022819641225323X',10100101,'20210126.00','2014-01-22 05:16:24',NULL,'1995-03-01 00:00:00',NULL,NULL,NULL,NULL,NULL,NULL,NULL,NULL,NULL,0,NULL,NULL,NULL,NULL,NULL,NULL,0,NULL,1,'0',NULL,NULL,'Operator',0,'正式Permanent',1,NULL,0,'2014-01-22 05:16:24','Y3345588','蔡育平',0,36,2),(915,NULL,'1969-01-10 00:00:00','310226196901101832',10100101,'20210116.00','2014-01-22 05:16:24',NULL,'1995-03-01 00:00:00',NULL,NULL,NULL,NULL,NULL,NULL,NULL,NULL,NULL,0,NULL,NULL,NULL,NULL,NULL,NULL,0,NULL,1,'0',NULL,NULL,'Operator',0,'正式Permanent',1,NULL,0,'2014-01-22 05:16:24','X9133277','曹新忠',0,36,2),(916,NULL,'1969-01-22 00:00:00','310227196901224214',10100101,'20210166.00','2014-01-22 05:16:24',NULL,'1995-08-01 00:00:00',NULL,NULL,NULL,NULL,NULL,NULL,NULL,NULL,NULL,0,NULL,NULL,NULL,NULL,NULL,NULL,0,NULL,1,'0',NULL,NULL,'Ouality Technician, BA Shanghai',0,'正式Permanent',1,NULL,0,'2014-01-22 05:16:24','W7107964','高无明',0,46,2),(917,NULL,'1969-01-01 00:00:00','310228196901013210',10100101,'20210115.00','2014-01-22 05:16:24',NULL,'1995-12-05 00:00:00',NULL,NULL,NULL,NULL,NULL,NULL,NULL,NULL,NULL,0,NULL,NULL,NULL,NULL,NULL,NULL,0,NULL,1,'0',NULL,NULL,'Operator',0,'正式Permanent',1,NULL,0,'2014-01-22 05:16:24','Y6147635','刘燕春',0,36,2),(918,NULL,'1972-11-11 00:00:00','310226197211111819',10100101,'20210115.00','2014-01-22 05:16:24',NULL,'1996-01-01 00:00:00',NULL,NULL,NULL,NULL,NULL,NULL,NULL,NULL,NULL,0,NULL,NULL,NULL,NULL,NULL,NULL,0,NULL,1,'0',NULL,NULL,'Operator',0,'正式Permanent',1,NULL,0,'2014-01-22 05:16:24','J7650761','罗建国',0,36,2),(919,NULL,'1969-07-13 00:00:00','31022719690713421X',10100101,'20210115.00','2014-01-22 05:16:24',NULL,'1996-01-01 00:00:00',NULL,NULL,NULL,NULL,NULL,NULL,NULL,NULL,NULL,0,NULL,NULL,NULL,NULL,NULL,NULL,0,NULL,1,'0',NULL,NULL,'Operator',0,'正式Permanent',1,NULL,0,'2014-01-22 05:16:24','W3419173','金文喜',0,36,2),(920,NULL,'1965-06-24 00:00:00','310226196506240736',10100101,'20210511.00','2014-01-22 05:16:24',NULL,'1998-02-06 00:00:00',NULL,NULL,NULL,NULL,NULL,NULL,NULL,NULL,NULL,0,NULL,NULL,NULL,NULL,NULL,NULL,0,NULL,1,'0',NULL,NULL,'Operator',0,'正式Permanent',1,NULL,0,'2014-01-22 05:16:24','R4165998','邬瑞龙',0,45,2),(921,NULL,'1961-02-01 00:00:00','310227196102014413',10100101,'20210116.00','2014-01-22 05:16:24',NULL,'1997-04-20 00:00:00',NULL,NULL,NULL,NULL,NULL,NULL,NULL,NULL,NULL,0,NULL,NULL,NULL,NULL,NULL,NULL,0,NULL,1,'0',NULL,NULL,'Operator',0,'正式Permanent',1,NULL,0,'2014-01-22 05:16:24','G2059380','姚桂海',0,36,2),(922,NULL,'1957-02-02 00:00:00','310227195702021217',10100101,'20210116.00','2014-01-22 05:16:24',NULL,'1997-10-15 00:00:00',NULL,NULL,NULL,NULL,NULL,NULL,NULL,NULL,NULL,0,NULL,NULL,NULL,NULL,NULL,NULL,0,NULL,1,'0',NULL,NULL,'Operator',0,'正式Permanent',1,NULL,0,'2014-01-22 05:16:24','S6833982','王书祥',0,36,2),(923,NULL,'1962-11-29 00:00:00','310226196211290736',10100101,'20210115.00','2014-01-22 05:16:24',NULL,'1997-06-16 00:00:00',NULL,NULL,NULL,NULL,NULL,NULL,NULL,NULL,NULL,0,NULL,NULL,NULL,NULL,NULL,NULL,0,NULL,1,'0',NULL,NULL,'Operator',0,'正式Permanent',1,NULL,0,'2014-01-22 05:16:24','T7772806','杨天林',0,36,2),(924,NULL,'1976-03-14 00:00:00','310227197603144421',10100101,'20210115.00','2014-01-22 05:16:24',NULL,'2000-07-04 00:00:00',NULL,NULL,NULL,NULL,NULL,NULL,NULL,NULL,NULL,0,NULL,NULL,NULL,NULL,NULL,NULL,0,NULL,1,'0',NULL,NULL,'Operator',0,'正式Permanent',2,NULL,0,'2014-01-22 05:16:24','C6212369','胡春梅',0,36,2),(925,NULL,'1976-03-09 00:00:00','310226197603090711',10100101,'20210127.00','2014-01-22 05:16:24',NULL,'2000-05-08 00:00:00',NULL,NULL,NULL,NULL,NULL,NULL,NULL,NULL,NULL,0,NULL,NULL,NULL,NULL,NULL,NULL,0,NULL,1,'0',NULL,NULL,'Operator',0,'正式Permanent',1,NULL,0,'2014-01-22 05:16:24','C1835450','王朝锋',0,46,2),(926,NULL,'1963-11-27 00:00:00','310228196311271017',10100101,'20210126.00','2014-01-22 05:16:24',NULL,'2000-07-06 00:00:00',NULL,NULL,NULL,NULL,NULL,NULL,NULL,NULL,NULL,0,NULL,NULL,NULL,NULL,NULL,NULL,0,NULL,1,'0',NULL,NULL,'Operator',0,'正式Permanent',1,NULL,0,'2014-01-22 05:16:24','L9439962','华林',0,36,2),(927,NULL,'1978-04-07 00:00:00','310228197804073216',10100101,'20210115.00','2014-01-22 05:16:24',NULL,'2001-03-19 00:00:00',NULL,NULL,NULL,NULL,NULL,NULL,NULL,NULL,NULL,0,NULL,NULL,NULL,NULL,NULL,NULL,0,NULL,1,'0',NULL,NULL,'Operator',0,'正式Permanent',1,NULL,0,'2014-01-22 05:16:24','Q0223704','顾秋峰',0,36,2),(928,NULL,'1970-12-08 00:00:00','31022619701208183X',10100101,'20210115.00','2014-01-22 05:16:24',NULL,'1995-02-01 00:00:00',NULL,NULL,NULL,NULL,NULL,NULL,NULL,NULL,NULL,0,NULL,NULL,NULL,NULL,NULL,NULL,0,NULL,1,'0',NULL,NULL,'Operator',0,'正式Permanent',1,NULL,0,'2014-01-22 05:16:24','P7561094','夏平华',0,36,2),(929,NULL,'1972-03-31 00:00:00','310227197203314428',10100101,'20210115.00','2014-01-22 05:16:24',NULL,'2003-07-02 00:00:00',NULL,NULL,NULL,NULL,NULL,NULL,NULL,NULL,NULL,0,NULL,NULL,NULL,NULL,NULL,NULL,0,NULL,1,'0',NULL,NULL,'Operator',0,'正式Permanent',2,NULL,0,'2014-01-22 05:16:24','H2024783','浦红伟',0,36,2),(930,NULL,'1965-12-05 00:00:00','310228196512051010',10100101,'20210111.00','2014-01-22 05:16:24',NULL,'2004-06-08 00:00:00',NULL,NULL,NULL,NULL,NULL,NULL,NULL,NULL,NULL,0,NULL,NULL,NULL,NULL,NULL,NULL,0,NULL,1,'0',NULL,NULL,'Operator',0,'正式Permanent',1,NULL,0,'2014-01-22 05:16:24','J6539412','孙金心',0,36,2),(931,NULL,'1983-07-27 00:00:00','310230198307274953',10100101,'20210126.00','2014-01-22 05:16:24',NULL,'2004-10-18 00:00:00',NULL,NULL,NULL,NULL,NULL,NULL,NULL,NULL,NULL,0,NULL,NULL,NULL,NULL,NULL,NULL,0,NULL,1,'0',NULL,NULL,'Operator',0,'正式Permanent',1,NULL,0,'2014-01-22 05:16:24','L6167041','胡亮',0,36,2),(932,NULL,'1963-11-11 00:00:00','310112196311110524',10100101,'20210415.00','2014-01-22 05:16:24',NULL,'1993-10-01 00:00:00',NULL,NULL,NULL,NULL,NULL,NULL,NULL,NULL,NULL,0,NULL,NULL,NULL,NULL,NULL,NULL,0,NULL,1,'0','2013-11-30 00:00:00',NULL,'Operator',0,'正式Permanent',2,NULL,0,'2014-01-22 05:16:24','Q9270758','钱曲珍',0,44,2),(933,NULL,'1972-01-23 00:00:00','310112197201231522',10100101,'20210417.00','2014-01-22 05:16:24',NULL,'1998-09-09 00:00:00',NULL,NULL,NULL,NULL,NULL,NULL,NULL,NULL,NULL,0,NULL,NULL,NULL,NULL,NULL,NULL,0,NULL,1,'0',NULL,NULL,'Operator',0,'正式Permanent',2,NULL,0,'2014-01-22 05:16:24','C9997517','张翠花',0,44,2),(934,NULL,'1965-02-02 00:00:00','31011219650202002X',10100101,'20210423.00','2014-01-22 05:16:24',NULL,'2000-04-26 00:00:00',NULL,NULL,NULL,NULL,NULL,NULL,NULL,NULL,NULL,0,NULL,NULL,NULL,NULL,NULL,NULL,0,NULL,1,'0',NULL,NULL,'Operator',0,'正式Permanent',2,NULL,0,'2014-01-22 05:16:24','Y3876758','吴亚仙',0,44,2),(935,NULL,'1977-03-03 00:00:00','310104197703033614',10100101,'20210014.00','2014-01-22 05:16:24',NULL,'2001-09-10 00:00:00',NULL,NULL,NULL,NULL,NULL,NULL,NULL,NULL,NULL,0,NULL,NULL,NULL,NULL,NULL,NULL,0,NULL,1,'0',NULL,NULL,'Operator',0,'正式Permanent',1,NULL,0,'2014-01-22 05:16:24','F5813064','陈锋',0,41,2),(936,NULL,'1977-04-01 00:00:00','310103197704010450',10100101,'20210420.00','2014-01-22 05:16:24',NULL,'2001-10-23 00:00:00',NULL,NULL,NULL,NULL,NULL,NULL,NULL,NULL,NULL,0,NULL,NULL,NULL,NULL,NULL,NULL,0,NULL,1,'0',NULL,NULL,'Operator',0,'正式Permanent',1,NULL,0,'2014-01-22 05:16:24','J1259155','赵晋',0,44,2),(937,NULL,'1982-05-23 00:00:00','310104198205234098',10100101,'20210414.00','2014-01-22 05:16:24',NULL,'2001-11-01 00:00:00',NULL,NULL,NULL,NULL,NULL,NULL,NULL,NULL,NULL,0,NULL,NULL,NULL,NULL,NULL,NULL,0,NULL,1,'0',NULL,NULL,'Operator',0,'正式Permanent',1,NULL,0,'2014-01-22 05:16:24','H7708388','陆慧',0,44,2),(938,NULL,'1969-07-29 00:00:00','310226196907290718',10100101,'20210420.00','2014-01-22 05:16:24',NULL,'1995-02-01 00:00:00',NULL,NULL,NULL,NULL,NULL,NULL,NULL,NULL,NULL,0,NULL,NULL,NULL,NULL,NULL,NULL,0,NULL,1,'0',NULL,NULL,'Operator',0,'正式Permanent',1,NULL,0,'2014-01-22 05:16:24','G5718162','相国建',0,44,2),(939,NULL,'1971-10-05 00:00:00','310227197110054217',10100101,'20210414.00','2014-01-22 05:16:24',NULL,'1995-01-01 00:00:00',NULL,NULL,NULL,NULL,NULL,NULL,NULL,NULL,NULL,0,NULL,NULL,NULL,NULL,NULL,NULL,0,NULL,1,'0',NULL,NULL,'Operator',0,'正式Permanent',1,NULL,0,'2014-01-22 05:16:24','H7999284','杨红海',0,44,2),(940,NULL,'1963-12-30 00:00:00','31022719631230446X',10100101,'20210424.00','2014-01-22 05:16:24',NULL,'1993-09-01 00:00:00',NULL,NULL,NULL,NULL,NULL,NULL,NULL,NULL,NULL,0,NULL,NULL,NULL,NULL,NULL,NULL,0,NULL,1,'0',NULL,NULL,'Operator',0,'正式Permanent',2,NULL,0,'2014-01-22 05:16:24','X9520032','费惜华',0,44,2),(941,NULL,'1971-01-15 00:00:00','31022819710115321X',10100101,'20210419.00','2014-01-22 05:16:24',NULL,'1999-04-06 00:00:00',NULL,NULL,NULL,NULL,NULL,NULL,NULL,NULL,NULL,0,NULL,NULL,NULL,NULL,NULL,NULL,0,NULL,1,'0',NULL,NULL,'Operator',0,'正式Permanent',1,NULL,0,'2014-01-22 05:16:24','M8630264','江铭虎',0,44,2),(942,NULL,'1974-06-02 00:00:00','310221197406027236',10100101,'20210416.00','2014-01-22 05:16:24',NULL,'1999-04-05 00:00:00',NULL,NULL,NULL,NULL,NULL,NULL,NULL,NULL,NULL,0,NULL,NULL,NULL,NULL,NULL,NULL,0,NULL,1,'0',NULL,NULL,'Operator',0,'正式Permanent',1,NULL,0,'2014-01-22 05:16:24','W2943547','徐伟',0,44,2),(943,NULL,'1975-12-15 00:00:00','310226197512150723',10100101,'20210424.00','2014-01-22 05:16:24',NULL,'2000-04-25 00:00:00',NULL,NULL,NULL,NULL,NULL,NULL,NULL,NULL,NULL,0,NULL,NULL,NULL,NULL,NULL,NULL,0,NULL,1,'0',NULL,NULL,'Operator',0,'正式Permanent',2,NULL,0,'2014-01-22 05:16:24','Q3625847','张权',0,44,2),(944,NULL,'1981-04-06 00:00:00','310226198104062016',10100101,'20210417.00','2014-01-22 05:16:24',NULL,'2000-04-25 00:00:00',NULL,NULL,NULL,NULL,NULL,NULL,NULL,NULL,NULL,0,NULL,NULL,NULL,NULL,NULL,NULL,0,NULL,1,'0',NULL,NULL,'Operator',0,'正式Permanent',1,NULL,0,'2014-01-22 05:16:24','B1591489','韩斌',0,44,2),(945,NULL,'1981-11-24 00:00:00','310226198111241311',10100101,'20210435.00','2014-01-22 05:16:24',NULL,'2001-06-04 00:00:00',NULL,NULL,NULL,NULL,NULL,NULL,NULL,NULL,NULL,0,NULL,NULL,NULL,NULL,NULL,NULL,0,NULL,1,'0',NULL,NULL,'Production Supervisor, CPD Shanghai',0,'正式Permanent',1,NULL,0,'2014-01-22 05:16:24','Z7581129','黄志强',0,44,2),(946,NULL,'1968-03-15 00:00:00','310226196803150710',10100101,'20210424.00','2014-01-22 05:16:24',NULL,'2001-06-13 00:00:00',NULL,NULL,NULL,NULL,NULL,NULL,NULL,NULL,NULL,0,NULL,NULL,NULL,NULL,NULL,NULL,0,NULL,1,'0',NULL,NULL,'Operator',0,'正式Permanent',1,NULL,0,'2014-01-22 05:16:24','J8127286','金纪新',0,44,2),(947,NULL,'1967-04-03 00:00:00','310226196704030537',10100101,'20210420.00','2014-01-22 05:16:24',NULL,'2001-08-31 00:00:00',NULL,NULL,NULL,NULL,NULL,NULL,NULL,NULL,NULL,0,NULL,NULL,NULL,NULL,NULL,NULL,0,NULL,1,'0',NULL,NULL,'Operator',0,'正式Permanent',1,NULL,0,'2014-01-22 05:16:24','D0877387','张德清',0,44,2),(948,NULL,'1978-12-08 00:00:00','310228197812081013',10100101,'20210431.00','2014-01-22 05:16:24',NULL,'2002-09-03 00:00:00',NULL,NULL,NULL,NULL,NULL,NULL,NULL,NULL,NULL,0,NULL,NULL,NULL,NULL,NULL,NULL,0,NULL,1,'0',NULL,NULL,'Quality Technician, CPD Shanghai',0,'正式Permanent',1,NULL,0,'2014-01-22 05:16:24','F6317110','周峰',0,47,2),(949,NULL,'1980-04-08 00:00:00','310226198004080735',10100101,'20210417.00','2014-01-22 05:16:24',NULL,'2002-09-03 00:00:00',NULL,NULL,NULL,NULL,NULL,NULL,NULL,NULL,NULL,0,NULL,NULL,NULL,NULL,NULL,NULL,0,NULL,1,'0',NULL,NULL,'Operator',0,'正式Permanent',1,NULL,0,'2014-01-22 05:16:24','A5312301','张爱国',0,44,2),(950,NULL,'1974-12-18 00:00:00','310221197412185628',10100101,'20210417.00','2014-01-22 05:16:24',NULL,'2003-04-14 00:00:00',NULL,NULL,NULL,NULL,NULL,NULL,NULL,NULL,NULL,0,NULL,NULL,NULL,NULL,NULL,NULL,0,NULL,1,'0',NULL,NULL,'Operator',0,'正式Permanent',2,NULL,0,'2014-01-22 05:16:24','D2378655','唐冬莉',0,44,2),(951,NULL,'1968-10-19 00:00:00','31022819681019102X',10100101,'20210417.00','2014-01-22 05:16:24',NULL,'2003-04-14 00:00:00',NULL,NULL,NULL,NULL,NULL,NULL,NULL,NULL,NULL,0,NULL,NULL,NULL,NULL,NULL,NULL,0,NULL,1,'0',NULL,NULL,'Operator',0,'正式Permanent',2,NULL,0,'2014-01-22 05:16:24','J6024038','杨建文',0,44,2),(952,NULL,'1970-11-05 00:00:00','310226197011051348',10100101,'20210424.00','2014-01-22 05:16:24',NULL,'2003-05-12 00:00:00',NULL,NULL,NULL,NULL,NULL,NULL,NULL,NULL,NULL,0,NULL,NULL,NULL,NULL,NULL,NULL,0,NULL,1,'0',NULL,NULL,'Operator',0,'正式Permanent',2,NULL,0,'2014-01-22 05:16:24','J8133266','吴建英',0,44,2),(953,NULL,'1978-05-28 00:00:00','310226197805280716',10100101,'20210417.00','2014-01-22 05:16:24',NULL,'2003-05-26 00:00:00',NULL,NULL,NULL,NULL,NULL,NULL,NULL,NULL,NULL,0,NULL,NULL,NULL,NULL,NULL,NULL,0,NULL,1,'0',NULL,NULL,'Operator',0,'正式Permanent',1,NULL,0,'2014-01-22 05:16:24','F4657987','唐锋',0,44,2),(954,NULL,'1982-05-03 00:00:00','310227198205034213',10100101,'20210417.00','2014-01-22 05:16:24',NULL,'2003-07-02 00:00:00',NULL,NULL,NULL,NULL,NULL,NULL,NULL,NULL,NULL,0,NULL,NULL,NULL,NULL,NULL,NULL,0,NULL,1,'0',NULL,NULL,'Operator',0,'正式Permanent',1,NULL,0,'2014-01-22 05:16:24','H5078628','沈惠国',0,44,2),(955,NULL,'1965-10-29 00:00:00','310229196510293223',10100101,'20210422.00','2014-01-22 05:16:24',NULL,'2003-08-01 00:00:00',NULL,NULL,NULL,NULL,NULL,NULL,NULL,NULL,NULL,0,NULL,NULL,NULL,NULL,NULL,NULL,0,NULL,1,'0',NULL,NULL,'Operator',0,'正式Permanent',2,NULL,0,'2014-01-22 05:16:24','L7202235','谭林珍',0,44,2),(956,NULL,'1972-07-12 00:00:00','31022819720712322X',10100101,'20210422.00','2014-01-22 05:16:24',NULL,'2003-08-06 00:00:00',NULL,NULL,NULL,NULL,NULL,NULL,NULL,NULL,NULL,0,NULL,NULL,NULL,NULL,NULL,NULL,0,NULL,1,'0',NULL,NULL,'Operator',0,'正式Permanent',2,NULL,0,'2014-01-22 05:16:24','W0654959','周文娟',0,44,2),(957,NULL,'1979-06-04 00:00:00','310226197906040711',10100101,'20210415.00','2014-01-22 05:16:24',NULL,'2003-11-25 00:00:00',NULL,NULL,NULL,NULL,NULL,NULL,NULL,NULL,NULL,0,NULL,NULL,NULL,NULL,NULL,NULL,0,NULL,1,'0',NULL,NULL,'Operator',0,'正式Permanent',1,NULL,0,'2014-01-22 05:16:24','C6571279','胡春夏',0,44,2),(958,NULL,'1969-12-02 00:00:00','310221196912025642',10100101,'20210415.00','2014-01-22 05:16:24',NULL,'2003-11-25 00:00:00',NULL,NULL,NULL,NULL,NULL,NULL,NULL,NULL,NULL,0,NULL,NULL,NULL,NULL,NULL,NULL,0,NULL,1,'0',NULL,NULL,'Operator',0,'正式Permanent',2,NULL,0,'2014-01-22 05:16:24','X8605590','蒋小妹',0,44,2),(959,NULL,'1971-07-10 00:00:00','310226197107100722',10100101,'20210412.00','2014-01-22 05:16:24',NULL,'2003-12-15 00:00:00',NULL,NULL,NULL,NULL,NULL,NULL,NULL,NULL,NULL,0,NULL,NULL,NULL,NULL,NULL,NULL,0,NULL,1,'0',NULL,NULL,'Operator',0,'正式Permanent',2,NULL,0,'2014-01-22 05:16:24','H2061542','宋红英',0,44,2),(960,NULL,'1977-11-25 00:00:00','310228197711251829',10100101,'20210424.00','2014-01-22 05:16:24',NULL,'2004-02-06 00:00:00',NULL,NULL,NULL,NULL,NULL,NULL,NULL,NULL,NULL,0,NULL,NULL,NULL,NULL,NULL,NULL,0,NULL,1,'0',NULL,NULL,'Operator',0,'正式Permanent',2,NULL,0,'2014-01-22 05:16:24','Y6098636','周英',0,44,2),(961,NULL,'1970-03-05 00:00:00','31022719700305422X',10100101,'20210423.00','2014-01-22 05:16:24',NULL,'2004-04-09 00:00:00',NULL,NULL,NULL,NULL,NULL,NULL,NULL,NULL,NULL,0,NULL,NULL,NULL,NULL,NULL,NULL,0,NULL,1,'0',NULL,NULL,'Operator',0,'正式Permanent',2,NULL,0,'2014-01-22 05:16:24','X1538158','徐仙梅',0,44,2),(962,NULL,'1971-02-02 00:00:00','310228197102023214',10100101,'20210419.00','2014-01-22 05:16:24',NULL,'2004-05-27 00:00:00',NULL,NULL,NULL,NULL,NULL,NULL,NULL,NULL,NULL,0,NULL,NULL,NULL,NULL,NULL,NULL,0,NULL,1,'0',NULL,NULL,'Operator',0,'正式Permanent',1,NULL,0,'2014-01-22 05:16:24','H1165842','高红辉',0,44,2),(963,NULL,'1982-04-29 00:00:00','310112198204293619',10100101,'20210431.00','2014-01-22 05:16:24',NULL,'2004-06-08 00:00:00',NULL,NULL,NULL,NULL,NULL,NULL,NULL,NULL,NULL,0,NULL,NULL,NULL,NULL,NULL,NULL,0,NULL,1,'0',NULL,NULL,'Operator',0,'正式Permanent',1,NULL,0,'2014-01-22 05:16:24','B7141997','王彬',0,47,2),(964,NULL,'1978-01-21 00:00:00','310226197801210745',10100101,'20210415.00','2014-01-22 05:16:24',NULL,'2004-12-06 00:00:00',NULL,NULL,NULL,NULL,NULL,NULL,NULL,NULL,NULL,0,NULL,NULL,NULL,NULL,NULL,NULL,0,NULL,1,'0',NULL,NULL,'Operator',0,'正式Permanent',2,NULL,0,'2014-01-22 05:16:24','H3057088','高华',0,44,2),(965,NULL,'1969-09-20 00:00:00','310227196909204218',10100101,'20210435.00','2014-01-22 05:16:24',NULL,'1995-02-01 00:00:00',NULL,NULL,NULL,NULL,NULL,NULL,NULL,NULL,NULL,0,NULL,NULL,NULL,NULL,NULL,NULL,0,NULL,1,'0',NULL,NULL,'Production Supervisor, CPD Shanghai',0,'正式Permanent',1,NULL,0,'2014-01-22 05:16:24','Z7939307','陆忠新',0,44,2),(966,NULL,'1969-03-26 00:00:00','310112196903260091',10100101,'20210529.00','2014-01-22 05:16:24',NULL,'1995-01-01 00:00:00',NULL,NULL,NULL,NULL,NULL,NULL,NULL,NULL,NULL,0,NULL,NULL,NULL,NULL,NULL,NULL,0,NULL,1,'0',NULL,NULL,'Production Supervisor, TW Shanghai',0,'正式Permanent',1,NULL,0,'2014-01-22 05:16:24','M7017095','顾敏',0,45,2),(967,NULL,'1977-01-03 00:00:00','310226197701030544',10100101,'20210512.00','2014-01-22 05:16:24',NULL,'1995-03-01 00:00:00',NULL,NULL,NULL,NULL,NULL,NULL,NULL,NULL,NULL,0,NULL,NULL,NULL,NULL,NULL,NULL,0,NULL,1,'0',NULL,NULL,'Operator',0,'正式Permanent',2,NULL,0,'2014-01-22 05:16:24','X2593621','李晓燕',0,45,2),(968,NULL,'1980-11-03 00:00:00','310227198011030230',10100101,'20210431.00','2014-01-22 05:16:24',NULL,'1999-10-06 00:00:00',NULL,NULL,NULL,NULL,NULL,NULL,NULL,NULL,NULL,0,NULL,NULL,NULL,NULL,NULL,NULL,0,NULL,1,'0',NULL,NULL,'Operator',0,'正式Permanent',1,NULL,0,'2014-01-22 05:16:24','C9993596','王春伟',0,47,2),(969,NULL,'1973-01-27 00:00:00','310228197301270015',10100101,'20210519.00','2014-01-22 05:16:24',NULL,'1999-10-06 00:00:00',NULL,NULL,NULL,NULL,NULL,NULL,NULL,NULL,NULL,0,NULL,NULL,NULL,NULL,NULL,NULL,0,NULL,1,'0',NULL,NULL,'Operator',0,'正式Permanent',1,NULL,0,'2014-01-22 05:16:24','Y8402024','刘勇',0,45,2),(970,NULL,'1978-10-05 00:00:00','310112197810053311',10100101,'20210512.00','2014-01-22 05:16:24',NULL,'1999-10-06 00:00:00',NULL,NULL,NULL,NULL,NULL,NULL,NULL,NULL,NULL,0,NULL,NULL,NULL,NULL,NULL,NULL,0,NULL,1,'0',NULL,NULL,'Operator',0,'正式Permanent',1,NULL,0,'2014-01-22 05:16:24','C5541260','秦春荣',0,45,2),(971,NULL,'1978-07-04 00:00:00','310227197807044238',10100101,'20210512.00','2014-01-22 05:16:24',NULL,'2000-04-11 00:00:00',NULL,NULL,NULL,NULL,NULL,NULL,NULL,NULL,NULL,0,NULL,NULL,NULL,NULL,NULL,NULL,0,NULL,1,'0',NULL,NULL,'Operator',0,'正式Permanent',1,NULL,0,'2014-01-22 05:16:24','G3427846','顾桂锋',0,45,2),(972,NULL,'1982-10-23 00:00:00','310112198210235255',10100101,'20210519.00','2014-01-22 05:16:24',NULL,'2000-09-05 00:00:00',NULL,NULL,NULL,NULL,NULL,NULL,NULL,NULL,NULL,0,NULL,NULL,NULL,NULL,NULL,NULL,0,NULL,1,'0',NULL,NULL,'Operator',0,'正式Permanent',1,NULL,0,'2014-01-22 05:16:24','L6001526','周磊',0,45,2),(973,NULL,'1981-11-07 00:00:00','310112198111075233',10100101,'20221310.00','2014-01-22 05:16:24',NULL,'2001-05-23 00:00:00',NULL,NULL,NULL,NULL,NULL,NULL,NULL,NULL,NULL,0,NULL,NULL,NULL,NULL,NULL,NULL,0,NULL,1,'0',NULL,NULL,'Senior Product Engineer, BA China',0,'正式Permanent',1,NULL,0,'2014-01-22 05:16:24','L6347202','蒋黎君',0,36,2),(974,NULL,'1977-04-12 00:00:00','310228197704123415',10100101,'20210525.00','2014-01-22 05:16:24',NULL,'1999-10-06 00:00:00',NULL,NULL,NULL,NULL,NULL,NULL,NULL,NULL,NULL,0,NULL,NULL,NULL,NULL,NULL,NULL,0,NULL,1,'0',NULL,NULL,'Operator',0,'正式Permanent',1,NULL,0,'2014-01-22 05:16:24','C1814482','夏春锋',0,48,2),(975,NULL,'1979-03-18 00:00:00','310227197903184417',10100101,'20210525.00','2014-01-22 05:16:24',NULL,'2001-06-25 00:00:00',NULL,NULL,NULL,NULL,NULL,NULL,NULL,NULL,NULL,0,NULL,NULL,NULL,NULL,NULL,NULL,0,NULL,1,'0',NULL,NULL,'Quality Technician, TW Shanghai',0,'正式Permanent',1,NULL,0,'2014-01-22 05:16:24','J8118424','罗吉峰',0,48,2),(976,NULL,'1963-11-05 00:00:00','310112196311050568',10100101,'20210519.00','2014-01-22 05:16:24',NULL,'2001-12-07 00:00:00',NULL,NULL,NULL,NULL,NULL,NULL,NULL,NULL,NULL,0,NULL,NULL,NULL,NULL,NULL,NULL,0,NULL,1,'0','2013-11-30 00:00:00',NULL,'Operator',0,'正式Permanent',2,NULL,0,'2014-01-22 05:16:24','Y7805603','顾亚雄',0,45,2),(977,NULL,'1978-04-27 00:00:00','310228197804271618',10100101,'20210519.00','2014-01-22 05:16:24',NULL,'2003-12-15 00:00:00',NULL,NULL,NULL,NULL,NULL,NULL,NULL,NULL,NULL,0,NULL,NULL,NULL,NULL,NULL,NULL,0,NULL,1,'0',NULL,NULL,'Operator',0,'正式Permanent',1,NULL,0,'2014-01-22 05:16:24','J9889071','李建军',0,45,2),(978,NULL,'1979-09-24 00:00:00','620503197909240916',10100101,'20210014.00','2014-01-22 05:16:24',NULL,'2004-02-06 00:00:00',NULL,NULL,NULL,NULL,NULL,NULL,NULL,NULL,NULL,0,NULL,NULL,NULL,NULL,NULL,NULL,0,NULL,1,'0',NULL,NULL,'Operator',0,'正式Permanent',1,NULL,0,'2014-01-22 05:16:24','A0660211','宋安东',0,41,2),(979,NULL,'1980-05-29 00:00:00','310227198005290431',10100101,'20210514.00','2014-01-22 05:16:24',NULL,'2004-02-24 00:00:00',NULL,NULL,NULL,NULL,NULL,NULL,NULL,NULL,NULL,0,NULL,NULL,NULL,NULL,NULL,NULL,0,NULL,1,'0',NULL,NULL,'Operator',0,'正式Permanent',1,NULL,0,'2014-01-22 05:16:24','T1349461','王涛',0,45,2),(980,NULL,'1984-08-28 00:00:00','310226198408280514',10100101,'20210512.00','2014-01-22 05:16:24',NULL,'2004-03-30 00:00:00',NULL,NULL,NULL,NULL,NULL,NULL,NULL,NULL,NULL,0,NULL,NULL,NULL,NULL,NULL,NULL,0,NULL,1,'0',NULL,NULL,'Operator',0,'正式Permanent',1,NULL,0,'2014-01-22 05:16:24','L7407543','李林',0,45,2),(981,NULL,'1969-12-18 00:00:00','342522196912181813',10100101,'20210518.00','2014-01-22 05:16:24',NULL,'2004-04-20 00:00:00',NULL,NULL,NULL,NULL,NULL,NULL,NULL,NULL,NULL,0,NULL,NULL,NULL,NULL,NULL,NULL,0,NULL,1,'0','2013-05-24 00:00:00',NULL,'Operator',0,'正式Permanent',1,NULL,0,'2014-01-22 05:16:24','J8610087','何建国',0,45,2),(982,NULL,'1969-11-02 00:00:00','31010419691102403X',10100101,'20210512.00','2014-01-22 05:16:24',NULL,'2004-05-10 00:00:00',NULL,NULL,NULL,NULL,NULL,NULL,NULL,NULL,NULL,0,NULL,NULL,NULL,NULL,NULL,NULL,0,NULL,1,'0',NULL,NULL,'Operator',0,'正式Permanent',1,NULL,0,'2014-01-22 05:16:24','Y3820143','陆裕亮',0,45,2),(983,NULL,'1964-10-27 00:00:00','310226196410271810',10100101,'20210512.00','2014-01-22 05:16:24',NULL,'1995-01-01 00:00:00',NULL,NULL,NULL,NULL,NULL,NULL,NULL,NULL,NULL,0,NULL,NULL,NULL,NULL,NULL,NULL,0,NULL,1,'0',NULL,NULL,'Operator',0,'正式Permanent',1,NULL,0,'2014-01-22 05:16:24','J2529629','周菊龙',0,45,2),(984,NULL,'1972-11-24 00:00:00','310226197211241314',10100101,'20210516.00','2014-01-22 05:16:24',NULL,'1995-01-01 00:00:00',NULL,NULL,NULL,NULL,NULL,NULL,NULL,NULL,NULL,0,NULL,NULL,NULL,NULL,NULL,NULL,0,NULL,1,'0',NULL,NULL,'Operator',0,'正式Permanent',1,NULL,0,'2014-01-22 05:16:24','J1012945','郁建国',0,49,2),(985,NULL,'1968-07-29 00:00:00','31022619680729181X',10100101,'20210511.00','2014-01-22 05:16:24',NULL,'1995-02-01 00:00:00',NULL,NULL,NULL,NULL,NULL,NULL,NULL,NULL,NULL,0,NULL,NULL,NULL,NULL,NULL,NULL,0,NULL,1,'0',NULL,NULL,'Operator',0,'正式Permanent',1,NULL,0,'2014-01-22 05:16:24','G1000907','夏根华',0,45,2),(986,NULL,'1974-06-22 00:00:00','310226197406220716',10100101,'20210512.00','2014-01-22 05:16:24',NULL,'1995-03-01 00:00:00',NULL,NULL,NULL,NULL,NULL,NULL,NULL,NULL,NULL,0,NULL,NULL,NULL,NULL,NULL,NULL,0,NULL,1,'0',NULL,NULL,'Operator',0,'正式Permanent',1,NULL,0,'2014-01-22 05:16:24','J7681097','金均辉',0,45,2),(987,NULL,'1970-12-31 00:00:00','310228197012313218',10100101,'20210511.00','2014-01-22 05:16:24',NULL,'1999-10-14 00:00:00',NULL,NULL,NULL,NULL,NULL,NULL,NULL,NULL,NULL,0,NULL,NULL,NULL,NULL,NULL,NULL,0,NULL,1,'0',NULL,NULL,'Operator',0,'正式Permanent',1,NULL,0,'2014-01-22 05:16:24','W0425396','唐文欣',0,45,2),(988,NULL,'1977-12-14 00:00:00','310226197712140714',10100101,'20210512.00','2014-01-22 05:16:24',NULL,'1999-10-06 00:00:00',NULL,NULL,NULL,NULL,NULL,NULL,NULL,NULL,NULL,0,NULL,NULL,NULL,NULL,NULL,NULL,0,NULL,1,'0',NULL,NULL,'Operator',0,'正式Permanent',1,NULL,0,'2014-01-22 05:16:24','W1519444','陈伟奇',0,45,2),(989,NULL,'1977-06-20 00:00:00','310226197706200717',10100101,'20210512.00','2014-01-22 05:16:24',NULL,'2000-04-01 00:00:00',NULL,NULL,NULL,NULL,NULL,NULL,NULL,NULL,NULL,0,NULL,NULL,NULL,NULL,NULL,NULL,0,NULL,1,'0',NULL,NULL,'Operator',0,'正式Permanent',1,NULL,0,'2014-01-22 05:16:24','W8758312','顾卫锋',0,45,2),(990,NULL,'1980-05-28 00:00:00','310227198005284410',10100101,'20210514.00','2014-01-22 05:16:24',NULL,'2000-05-16 00:00:00',NULL,NULL,NULL,NULL,NULL,NULL,NULL,NULL,NULL,0,NULL,NULL,NULL,NULL,NULL,NULL,0,NULL,1,'0',NULL,NULL,'Operator',0,'正式Permanent',1,NULL,0,'2014-01-22 05:16:24','D7200796','陈冬平',0,45,2),(991,NULL,'1970-05-08 00:00:00','310226197005081815',10100101,'20210512.00','2014-01-22 05:16:24',NULL,'2000-06-26 00:00:00',NULL,NULL,NULL,NULL,NULL,NULL,NULL,NULL,NULL,0,NULL,NULL,NULL,NULL,NULL,NULL,0,NULL,1,'0',NULL,NULL,'Operator',0,'正式Permanent',1,NULL,0,'2014-01-22 05:16:24','B7281329','黄保国',0,45,2),(992,NULL,'1970-04-02 00:00:00','310226197004020711',10100101,'20210517.00','2014-01-22 05:16:24',NULL,'2000-06-15 00:00:00',NULL,NULL,NULL,NULL,NULL,NULL,NULL,NULL,NULL,0,NULL,NULL,NULL,NULL,NULL,NULL,0,NULL,1,'0',NULL,NULL,'Operator',0,'正式Permanent',1,NULL,0,'2014-01-22 05:16:24','Z0491983','高正委',0,45,2),(993,NULL,'1980-12-13 00:00:00','310227198012134410',10100101,'20210512.00','2014-01-22 05:16:24',NULL,'2000-06-19 00:00:00',NULL,NULL,NULL,NULL,NULL,NULL,NULL,NULL,NULL,0,NULL,NULL,NULL,NULL,NULL,NULL,0,NULL,1,'0',NULL,NULL,'Operator',0,'正式Permanent',1,NULL,0,'2014-01-22 05:16:24','H5151227','胡辉峰',0,45,2),(994,NULL,'1969-07-16 00:00:00','310226196907160737',10100101,'20210525.00','2014-01-22 05:16:24',NULL,'2001-04-12 00:00:00',NULL,NULL,NULL,NULL,NULL,NULL,NULL,NULL,NULL,0,NULL,NULL,NULL,NULL,NULL,NULL,0,NULL,1,'0',NULL,NULL,'Operator',0,'正式Permanent',1,NULL,0,'2014-01-22 05:16:24','Z4368498','王忠平',0,48,2),(995,NULL,'1970-10-10 00:00:00','310226197010101374',10100101,'20210512.00','2014-01-22 05:16:24',NULL,'2001-04-12 00:00:00',NULL,NULL,NULL,NULL,NULL,NULL,NULL,NULL,NULL,0,NULL,NULL,NULL,NULL,NULL,NULL,0,NULL,1,'0',NULL,NULL,'Operator',0,'正式Permanent',1,NULL,0,'2014-01-22 05:16:24','Z8293058','王哲军',0,45,2),(996,NULL,'1974-03-12 00:00:00','31022719740312141X',10100101,'20210513.00','2014-01-22 05:16:24',NULL,'2001-06-29 00:00:00',NULL,NULL,NULL,NULL,NULL,NULL,NULL,NULL,NULL,0,NULL,NULL,NULL,NULL,NULL,NULL,0,NULL,1,'0',NULL,NULL,'Operator',0,'正式Permanent',1,NULL,0,'2014-01-22 05:16:24','J4712025','蒋金卫',0,45,2),(997,NULL,'1978-01-03 00:00:00','310226197801030736',10100101,'20210529.00','2014-01-22 05:16:24',NULL,'2001-07-16 00:00:00',NULL,NULL,NULL,NULL,NULL,NULL,NULL,NULL,NULL,0,NULL,NULL,NULL,NULL,NULL,NULL,0,NULL,1,'0',NULL,NULL,'Production Supervisor, TW Shanghai',0,'正式Permanent',1,NULL,0,'2014-01-22 05:16:24','W1365120','黄卫',0,45,2),(998,NULL,'1969-05-04 00:00:00','310226196905040512',10100101,'20210512.00','2014-01-22 05:16:24',NULL,'2001-08-31 00:00:00',NULL,NULL,NULL,NULL,NULL,NULL,NULL,NULL,NULL,0,NULL,NULL,NULL,NULL,NULL,NULL,0,NULL,1,'0',NULL,NULL,'Operator',0,'正式Permanent',1,NULL,0,'2014-01-22 05:16:24','Y8772294','王玉忠',0,45,2),(999,NULL,'1966-10-20 00:00:00','310228196610201035',10100101,'20210512.00','2014-01-22 05:16:24',NULL,'2001-08-31 00:00:00',NULL,NULL,NULL,NULL,NULL,NULL,NULL,NULL,NULL,0,NULL,NULL,NULL,NULL,NULL,NULL,0,NULL,1,'0',NULL,NULL,'Operator',0,'正式Permanent',1,NULL,0,'2014-01-22 05:16:24','M2348682','葛马强',0,45,2),(1000,NULL,'1976-12-16 00:00:00','310228197612161035',10100101,'20210512.00','2014-01-22 05:16:24',NULL,'2001-08-31 00:00:00',NULL,NULL,NULL,NULL,NULL,NULL,NULL,NULL,NULL,0,NULL,NULL,NULL,NULL,NULL,NULL,0,NULL,1,'0',NULL,NULL,'Operator',0,'正式Permanent',1,NULL,0,'2014-01-22 05:16:24','J3259123','盛吉军',0,45,2),(1001,NULL,'1966-03-15 00:00:00','310227196603154414',10100101,'20210512.00','2014-01-22 05:16:24',NULL,'2001-10-25 00:00:00',NULL,NULL,NULL,NULL,NULL,NULL,NULL,NULL,NULL,0,NULL,NULL,NULL,NULL,NULL,NULL,0,NULL,1,'0',NULL,NULL,'Operator',0,'正式Permanent',1,NULL,0,'2014-01-22 05:16:24','G0746189','陈国民',0,45,2),(1002,NULL,'1969-01-01 00:00:00','310226196901010711',10100101,'20210512.00','2014-01-22 05:16:24',NULL,'2001-04-02 00:00:00',NULL,NULL,NULL,NULL,NULL,NULL,NULL,NULL,NULL,0,NULL,NULL,NULL,NULL,NULL,NULL,0,NULL,1,'0',NULL,NULL,'Operator',0,'正式Permanent',1,NULL,0,'2014-01-22 05:16:24','Y9387257','高玉胜',0,45,2),(1003,NULL,'1971-01-26 00:00:00','31022119710126568X',10100101,'20210512.00','2014-01-22 05:16:24',NULL,'2002-09-03 00:00:00',NULL,NULL,NULL,NULL,NULL,NULL,NULL,NULL,NULL,0,NULL,NULL,NULL,NULL,NULL,NULL,0,NULL,1,'0',NULL,NULL,'Operator',0,'正式Permanent',2,NULL,0,'2014-01-22 05:16:24','C7426160','周春梅',0,45,2),(1004,NULL,'1958-10-10 00:00:00','31022619581010411X',10100101,'20210512.00','2014-01-22 05:16:24',NULL,'2002-09-23 00:00:00',NULL,NULL,NULL,NULL,NULL,NULL,NULL,NULL,NULL,0,NULL,NULL,NULL,NULL,NULL,NULL,0,NULL,1,'0',NULL,NULL,'Operator',0,'正式Permanent',1,NULL,0,'2014-01-22 05:16:24','C8980399','邵长官',0,45,2),(1005,NULL,'1969-07-04 00:00:00','310226196907040727',10100101,'20210512.00','2014-01-22 05:16:24',NULL,'2002-09-23 00:00:00',NULL,NULL,NULL,NULL,NULL,NULL,NULL,NULL,NULL,0,NULL,NULL,NULL,NULL,NULL,NULL,0,NULL,1,'0',NULL,NULL,'Operator',0,'正式Permanent',2,NULL,0,'2014-01-22 05:16:24','X9381056','蒋西华',0,45,2),(1006,NULL,'1968-06-17 00:00:00','310227196806174263',10100101,'20210512.00','2014-01-22 05:16:24',NULL,'2002-10-14 00:00:00',NULL,NULL,NULL,NULL,NULL,NULL,NULL,NULL,NULL,0,NULL,NULL,NULL,NULL,NULL,NULL,0,NULL,1,'0',NULL,NULL,'Operator',0,'正式Permanent',2,NULL,0,'2014-01-22 05:16:24','G4437979','张桂花',0,45,2),(1007,NULL,'1968-11-12 00:00:00','310226196811120749',10100101,'20210517.00','2014-01-22 05:16:24',NULL,'2002-10-14 00:00:00',NULL,NULL,NULL,NULL,NULL,NULL,NULL,NULL,NULL,0,NULL,NULL,NULL,NULL,NULL,NULL,0,NULL,1,'0',NULL,NULL,'Operator',0,'正式Permanent',2,NULL,0,'2014-01-22 05:16:24','Y4885964','王亚琴',0,45,2),(1008,NULL,'1973-11-08 00:00:00','31022619731108132X',10100101,'20210519.00','2014-01-22 05:16:24',NULL,'2002-10-14 00:00:00',NULL,NULL,NULL,NULL,NULL,NULL,NULL,NULL,NULL,0,NULL,NULL,NULL,NULL,NULL,NULL,0,NULL,1,'0',NULL,NULL,'Operator',0,'正式Permanent',2,NULL,0,'2014-01-22 05:16:24','W7320051','冯卫珍',0,45,2),(1009,NULL,'1967-07-19 00:00:00','310226196707190720',10100101,'20210512.00','2014-01-22 05:16:24',NULL,'2002-10-14 00:00:00',NULL,NULL,NULL,NULL,NULL,NULL,NULL,NULL,NULL,0,NULL,NULL,NULL,NULL,NULL,NULL,0,NULL,1,'0',NULL,NULL,'Operator',0,'正式Permanent',2,NULL,0,'2014-01-22 05:16:24','Z5185165','王则贤',0,45,2),(1010,NULL,'1969-12-14 00:00:00','310221196912145687',10100101,'20210517.00','2014-01-22 05:16:24',NULL,'2002-10-14 00:00:00',NULL,NULL,NULL,NULL,NULL,NULL,NULL,NULL,NULL,0,NULL,NULL,NULL,NULL,NULL,NULL,0,NULL,1,'0',NULL,NULL,'Operator',0,'正式Permanent',2,NULL,0,'2014-01-22 05:16:24','W7890047','刘伟兰',0,45,2),(1011,NULL,'1975-12-15 00:00:00','310227197512151626',10100101,'20210517.00','2014-01-22 05:16:24',NULL,'2002-10-14 00:00:00',NULL,NULL,NULL,NULL,NULL,NULL,NULL,NULL,NULL,0,NULL,NULL,NULL,NULL,NULL,NULL,0,NULL,1,'0',NULL,NULL,'Operator',0,'正式Permanent',2,NULL,0,'2014-01-22 05:16:24','X0737610','王雪凤',0,45,2),(1012,NULL,'1970-07-15 00:00:00','310226197007150722',10100101,'20210512.00','2014-01-22 05:16:24',NULL,'2002-10-14 00:00:00',NULL,NULL,NULL,NULL,NULL,NULL,NULL,NULL,NULL,0,NULL,NULL,NULL,NULL,NULL,NULL,0,NULL,1,'0',NULL,NULL,'Operator',0,'正式Permanent',2,NULL,0,'2014-01-22 05:16:24','P7704617','韩培英',0,45,2),(1013,NULL,'1973-03-01 00:00:00','310227197303011221',10100101,'20210512.00','2014-01-22 05:16:24',NULL,'2002-10-14 00:00:00',NULL,NULL,NULL,NULL,NULL,NULL,NULL,NULL,NULL,0,NULL,NULL,NULL,NULL,NULL,NULL,0,NULL,1,'0',NULL,NULL,'Operator',0,'正式Permanent',2,NULL,0,'2014-01-22 05:16:24','S3157382','高水英',0,45,2),(1014,NULL,'1969-02-03 00:00:00','310226196902030722',10100101,'20210517.00','2014-01-22 05:16:24',NULL,'2002-10-14 00:00:00',NULL,NULL,NULL,NULL,NULL,NULL,NULL,NULL,NULL,0,NULL,NULL,NULL,NULL,NULL,NULL,0,NULL,1,'0',NULL,NULL,'Operator',0,'正式Permanent',2,NULL,0,'2014-01-22 05:16:24','J4553520','王菊芳',0,45,2),(1015,NULL,'1974-12-02 00:00:00','310112197412021517',10100101,'20210511.00','2014-01-22 05:16:24',NULL,'2002-11-01 00:00:00',NULL,NULL,NULL,NULL,NULL,NULL,NULL,NULL,NULL,0,NULL,NULL,NULL,NULL,NULL,NULL,0,NULL,1,'0',NULL,NULL,'Operator',0,'正式Permanent',1,NULL,0,'2014-01-22 05:16:24','P9693069','钱培福',0,45,2),(1016,NULL,'1972-07-26 00:00:00','310227197207264413',10100101,'20210525.00','2014-01-22 05:16:24',NULL,'2002-11-01 00:00:00',NULL,NULL,NULL,NULL,NULL,NULL,NULL,NULL,NULL,0,NULL,NULL,NULL,NULL,NULL,NULL,0,NULL,1,'0',NULL,NULL,'Operator',0,'正式Permanent',1,NULL,0,'2014-01-22 05:16:24','B8961783','张斌',0,48,2),(1017,NULL,'1970-01-15 00:00:00','310227197001154411',10100101,'20210519.00','2014-01-22 05:16:24',NULL,'2002-11-06 00:00:00',NULL,NULL,NULL,NULL,NULL,NULL,NULL,NULL,NULL,0,NULL,NULL,NULL,NULL,NULL,NULL,0,NULL,1,'0',NULL,NULL,'Operator',0,'正式Permanent',1,NULL,0,'2014-01-22 05:16:24','N5556444','张能',0,45,2),(1018,NULL,'1968-02-13 00:00:00','310227196802134416',10100101,'20210518.00','2014-01-22 05:16:24',NULL,'2002-11-06 00:00:00',NULL,NULL,NULL,NULL,NULL,NULL,NULL,NULL,NULL,0,NULL,NULL,NULL,NULL,NULL,NULL,0,NULL,1,'0',NULL,NULL,'Operator',0,'正式Permanent',1,NULL,0,'2014-01-22 05:16:24','J1116429','蒋纪荣',0,45,2),(1019,NULL,'1968-03-13 00:00:00','310228196803131010',10100101,'20210512.00','2014-01-22 05:16:24',NULL,'2002-11-06 00:00:00',NULL,NULL,NULL,NULL,NULL,NULL,NULL,NULL,NULL,0,NULL,NULL,NULL,NULL,NULL,NULL,0,NULL,1,'0',NULL,NULL,'Operator',0,'正式Permanent',1,NULL,0,'2014-01-22 05:16:24','Y5463921','夏园忠',0,45,2),(1020,NULL,'1970-05-27 00:00:00','310227197005274410',10100101,'20210512.00','2014-01-22 05:16:24',NULL,'2002-11-11 00:00:00',NULL,NULL,NULL,NULL,NULL,NULL,NULL,NULL,NULL,0,NULL,NULL,NULL,NULL,NULL,NULL,0,NULL,1,'0',NULL,NULL,'Operator',0,'正式Permanent',1,NULL,0,'2014-01-22 05:16:24','J9631152','陈金欢',0,45,2),(1021,NULL,'1975-12-11 00:00:00','310226197512111310',10100101,'20210518.00','2014-01-22 05:16:24',NULL,'2002-11-11 00:00:00',NULL,NULL,NULL,NULL,NULL,NULL,NULL,NULL,NULL,0,NULL,NULL,NULL,NULL,NULL,NULL,0,NULL,1,'0',NULL,NULL,'Operator',0,'正式Permanent',1,NULL,0,'2014-01-22 05:16:24','H5445720','芦慧兴',0,45,2),(1022,NULL,'1971-09-18 00:00:00','310226197109180711',10100101,'20210512.00','2014-01-22 05:16:24',NULL,'2002-11-11 00:00:00',NULL,NULL,NULL,NULL,NULL,NULL,NULL,NULL,NULL,0,NULL,NULL,NULL,NULL,NULL,NULL,0,NULL,1,'0',NULL,NULL,'Operator',0,'正式Permanent',1,NULL,0,'2014-01-22 05:16:24','H0068959','王欢均',0,45,2),(1023,NULL,'1969-02-15 00:00:00','310226196902150716',10100101,'20210519.00','2014-01-22 05:16:24',NULL,'2002-11-26 00:00:00',NULL,NULL,NULL,NULL,NULL,NULL,NULL,NULL,NULL,0,NULL,NULL,NULL,NULL,NULL,NULL,0,NULL,1,'0',NULL,NULL,'Operator',0,'正式Permanent',1,NULL,0,'2014-01-22 05:16:24','H3927271','姚海忠',0,45,2),(1024,NULL,'1976-01-14 00:00:00','310226197601141810',10100101,'20210516.00','2014-01-22 05:16:24',NULL,'2002-12-11 00:00:00',NULL,NULL,NULL,NULL,NULL,NULL,NULL,NULL,NULL,0,NULL,NULL,NULL,NULL,NULL,NULL,0,NULL,1,'0',NULL,NULL,'Operator',0,'正式Permanent',1,NULL,0,'2014-01-22 05:16:24','W0855458','徐伟国',0,49,2),(1025,NULL,'1977-04-24 00:00:00','310226197704241312',10100101,'20210518.00','2014-01-22 05:16:24',NULL,'2002-12-11 00:00:00',NULL,NULL,NULL,NULL,NULL,NULL,NULL,NULL,NULL,0,NULL,NULL,NULL,NULL,NULL,NULL,0,NULL,1,'0',NULL,NULL,'Operator',0,'正式Permanent',1,NULL,0,'2014-01-22 05:16:24','F3157831','戴锋',0,45,2),(1026,NULL,'1969-07-23 00:00:00','310226196907230715',10100101,'20210517.00','2014-01-22 05:16:24',NULL,'2002-12-11 00:00:00',NULL,NULL,NULL,NULL,NULL,NULL,NULL,NULL,NULL,0,NULL,NULL,NULL,NULL,NULL,NULL,0,NULL,1,'0',NULL,NULL,'Operator',0,'正式Permanent',1,NULL,0,'2014-01-22 05:16:24','N1185180','丁南强',0,45,2),(1027,NULL,'1972-10-05 00:00:00','310228197210053218',10100101,'20210512.00','2014-01-22 05:16:24',NULL,'2003-03-10 00:00:00',NULL,NULL,NULL,NULL,NULL,NULL,NULL,NULL,NULL,0,NULL,NULL,NULL,NULL,NULL,NULL,0,NULL,1,'0',NULL,NULL,'Operator',0,'正式Permanent',1,NULL,0,'2014-01-22 05:16:24','W9888321','顾文军',0,45,2),(1028,NULL,'1976-11-19 00:00:00','310228197611193430',10100101,'20210512.00','2014-01-22 05:16:24',NULL,'2003-03-10 00:00:00',NULL,NULL,NULL,NULL,NULL,NULL,NULL,NULL,NULL,0,NULL,NULL,NULL,NULL,NULL,NULL,0,NULL,1,'0',NULL,NULL,'Operator',0,'正式Permanent',1,NULL,0,'2014-01-22 05:16:24','L2854095','张雷',0,45,2),(1029,NULL,'1979-06-02 00:00:00','310228197906020836',10100101,'20210519.00','2014-01-22 05:16:24',NULL,'2003-03-10 00:00:00',NULL,NULL,NULL,NULL,NULL,NULL,NULL,NULL,NULL,0,NULL,NULL,NULL,NULL,NULL,NULL,0,NULL,1,'0',NULL,NULL,'Operator',0,'正式Permanent',1,NULL,0,'2014-01-22 05:16:24','Q1768962','包权',0,45,2),(1030,NULL,'1969-10-21 00:00:00','310226196910210715',10100101,'20210512.00','2014-01-22 05:16:24',NULL,'2003-04-14 00:00:00',NULL,NULL,NULL,NULL,NULL,NULL,NULL,NULL,NULL,0,NULL,NULL,NULL,NULL,NULL,NULL,0,NULL,1,'0',NULL,NULL,'Operator',0,'正式Permanent',1,NULL,0,'2014-01-22 05:16:24','S3081651','宋士章',0,45,2),(1031,NULL,'1970-08-09 00:00:00','310228197008091026',10100101,'20210512.00','2014-01-22 05:16:24',NULL,'2003-04-14 00:00:00',NULL,NULL,NULL,NULL,NULL,NULL,NULL,NULL,NULL,0,NULL,NULL,NULL,NULL,NULL,NULL,0,NULL,1,'0',NULL,NULL,'Operator',0,'正式Permanent',2,NULL,0,'2014-01-22 05:16:24','H3445179','徐红平',0,45,2),(1032,NULL,'1971-02-08 00:00:00','310228197102083428',10100101,'20210512.00','2014-01-22 05:16:24',NULL,'2003-04-14 00:00:00',NULL,NULL,NULL,NULL,NULL,NULL,NULL,NULL,NULL,0,NULL,NULL,NULL,NULL,NULL,NULL,0,NULL,1,'0',NULL,NULL,'Operator',0,'正式Permanent',2,NULL,0,'2014-01-22 05:16:24','M5131866','黄梅凤',0,45,2),(1033,NULL,'1970-10-30 00:00:00','310227197010304231',10100101,'20210512.00','2014-01-22 05:16:24',NULL,'2003-06-02 00:00:00',NULL,NULL,NULL,NULL,NULL,NULL,NULL,NULL,NULL,0,NULL,NULL,NULL,NULL,NULL,NULL,0,NULL,1,'0',NULL,NULL,'Operator',0,'正式Permanent',1,NULL,0,'2014-01-22 05:16:24','J2113417','罗建军',0,45,2),(1034,NULL,'1982-03-12 00:00:00','310226198203121333',10100101,'20210512.00','2014-01-22 05:16:24',NULL,'2004-02-03 00:00:00',NULL,NULL,NULL,NULL,NULL,NULL,NULL,NULL,NULL,0,NULL,NULL,NULL,NULL,NULL,NULL,0,NULL,1,'0',NULL,NULL,'Operator',0,'正式Permanent',1,NULL,0,'2014-01-22 05:16:24','X4783201','王雄伟',0,45,2),(1035,NULL,'1975-08-18 00:00:00','310228197508183226',10100101,'20210512.00','2014-01-22 05:16:24',NULL,'2004-02-03 00:00:00',NULL,NULL,NULL,NULL,NULL,NULL,NULL,NULL,NULL,0,NULL,NULL,NULL,NULL,NULL,NULL,0,NULL,1,'0',NULL,NULL,'Operator',0,'正式Permanent',2,NULL,0,'2014-01-22 05:16:24','Y4470228','潘咏梅',0,45,2),(1036,NULL,'1970-10-26 00:00:00','310228197010263245',10100101,'20210512.00','2014-01-22 05:16:24',NULL,'2004-02-06 00:00:00',NULL,NULL,NULL,NULL,NULL,NULL,NULL,NULL,NULL,0,NULL,NULL,NULL,NULL,NULL,NULL,0,NULL,1,'0',NULL,NULL,'Operator',0,'正式Permanent',2,NULL,0,'2014-01-22 05:16:24','C3391629','陈春芳',0,45,2),(1037,NULL,'1981-11-01 00:00:00','310226198111011313',10100101,'20210512.00','2014-01-22 05:16:24',NULL,'2004-02-17 00:00:00',NULL,NULL,NULL,NULL,NULL,NULL,NULL,NULL,NULL,0,NULL,NULL,NULL,NULL,NULL,NULL,0,NULL,1,'0',NULL,NULL,'Operator',0,'正式Permanent',1,NULL,0,'2014-01-22 05:16:24','S3872806','黄升叶',0,45,2),(1038,NULL,'1975-05-18 00:00:00','310230197505185172',10100101,'20210519.00','2014-01-22 05:16:24',NULL,'2004-02-24 00:00:00',NULL,NULL,NULL,NULL,NULL,NULL,NULL,NULL,NULL,0,NULL,NULL,NULL,NULL,NULL,NULL,0,NULL,1,'0',NULL,NULL,'Operator',0,'正式Permanent',1,NULL,0,'2014-01-22 05:16:24','S3421039','施圣范',0,45,2),(1039,NULL,'1983-03-19 00:00:00','310228198303192852',10100101,'20210512.00','2014-01-22 05:16:24',NULL,'2004-04-09 00:00:00',NULL,NULL,NULL,NULL,NULL,NULL,NULL,NULL,NULL,0,NULL,NULL,NULL,NULL,NULL,NULL,0,NULL,1,'0',NULL,NULL,'Operator',0,'正式Permanent',1,NULL,0,'2014-01-22 05:16:24','F0607465','叶锋',0,45,2),(1040,NULL,'1969-12-22 00:00:00','310221196912225636',10100101,'20210512.00','2014-01-22 05:16:24',NULL,'2004-05-19 00:00:00',NULL,NULL,NULL,NULL,NULL,NULL,NULL,NULL,NULL,0,NULL,NULL,NULL,NULL,NULL,NULL,0,NULL,1,'0',NULL,NULL,'Operator',0,'正式Permanent',1,NULL,0,'2014-01-22 05:16:24','A0346369','陆爱军',0,45,2),(1041,NULL,'1970-01-31 00:00:00','310227197001314411',10100101,'20210514.00','2014-01-22 05:16:24',NULL,'2004-06-02 00:00:00',NULL,NULL,NULL,NULL,NULL,NULL,NULL,NULL,NULL,0,NULL,NULL,NULL,NULL,NULL,NULL,0,NULL,1,'0',NULL,NULL,'Operator',0,'正式Permanent',1,NULL,0,'2014-01-22 05:16:24','P1971167','金培华',0,45,2),(1042,NULL,'1968-11-08 00:00:00','310221196811085638',10100101,'20210014.00','2014-01-22 05:16:24',NULL,'2004-06-08 00:00:00',NULL,NULL,NULL,NULL,NULL,NULL,NULL,NULL,NULL,0,NULL,NULL,NULL,NULL,NULL,NULL,0,NULL,1,'0',NULL,NULL,'Warehouse Foreman, TW&CPD Shanghai',0,'正式Permanent',1,NULL,0,'2014-01-22 05:16:24','Z4690248','俞忠伟',0,41,2),(1043,NULL,'1972-04-17 00:00:00','310226197204171311',10100101,'20210525.00','2014-01-22 05:16:24',NULL,'2004-06-08 00:00:00',NULL,NULL,NULL,NULL,NULL,NULL,NULL,NULL,NULL,0,NULL,NULL,NULL,NULL,NULL,NULL,0,NULL,1,'0',NULL,NULL,'Operator',0,'正式Permanent',1,NULL,0,'2014-01-22 05:16:24','G7233635','陆国兴',0,45,2),(1044,NULL,'1979-08-12 00:00:00','310226197908120731',10100101,'20210525.00','2014-01-22 05:16:24',NULL,'2004-06-28 00:00:00',NULL,NULL,NULL,NULL,NULL,NULL,NULL,NULL,NULL,0,NULL,NULL,NULL,NULL,NULL,NULL,0,NULL,1,'0',NULL,NULL,'Operator',0,'正式Permanent',1,NULL,0,'2014-01-22 05:16:24','W6772651','谢伟强',0,45,2),(1045,NULL,'1973-02-13 00:00:00','310228197302133215',10100101,'20210512.00','2014-01-22 05:16:24',NULL,'2004-07-02 00:00:00',NULL,NULL,NULL,NULL,NULL,NULL,NULL,NULL,NULL,0,NULL,NULL,NULL,NULL,NULL,NULL,0,NULL,1,'0',NULL,NULL,'Operator',0,'正式Permanent',1,NULL,0,'2014-01-22 05:16:24','W6093668','朱文武',0,45,2),(1046,NULL,'1974-07-23 00:00:00','310226197407233711',10100101,'20210519.00','2014-01-22 05:16:24',NULL,'2004-07-20 00:00:00',NULL,NULL,NULL,NULL,NULL,NULL,NULL,NULL,NULL,0,NULL,NULL,NULL,NULL,NULL,NULL,0,NULL,1,'0',NULL,NULL,'Operator',0,'正式Permanent',1,NULL,0,'2014-01-22 05:16:24','J9710406','褚继光',0,45,2),(1047,NULL,'1969-02-16 00:00:00','310227196902164014',10100101,'20210511.00','2014-01-22 05:16:24',NULL,'2004-07-20 00:00:00',NULL,NULL,NULL,NULL,NULL,NULL,NULL,NULL,NULL,0,NULL,NULL,NULL,NULL,NULL,NULL,0,NULL,1,'0',NULL,NULL,'Operator',0,'正式Permanent',1,NULL,0,'2014-01-22 05:16:24','C6773444','庄春强',0,45,2),(1048,NULL,'1979-08-02 00:00:00','310226197908024117',10100101,'20210529.00','2014-01-22 05:16:24',NULL,'1999-10-06 00:00:00',NULL,NULL,NULL,NULL,NULL,NULL,NULL,NULL,NULL,0,NULL,NULL,NULL,NULL,NULL,NULL,0,NULL,1,'0','2013-08-15 00:00:00',NULL,'Acting Production Manager, TW Shanghai',0,'正式Permanent',1,NULL,0,'2014-01-22 05:16:24','J4474531','蒋建军',0,45,2),(1049,NULL,'1970-04-29 00:00:00','310108197004294810',10100101,'20210529.00','2014-01-22 05:16:24',NULL,'2002-08-14 00:00:00',NULL,NULL,NULL,NULL,NULL,NULL,NULL,NULL,NULL,0,NULL,NULL,NULL,NULL,NULL,NULL,0,NULL,1,'0',NULL,NULL,'Production Supervisor, TW Shanghai',0,'正式Permanent',1,NULL,0,'2014-01-22 05:16:24','L8079029','马力',0,45,2),(1050,NULL,'1978-08-01 00:00:00','310228197808011012',10100101,'20210529.00','2014-01-22 05:16:24',NULL,'2000-04-11 00:00:00',NULL,NULL,NULL,NULL,NULL,NULL,NULL,NULL,NULL,0,NULL,NULL,NULL,NULL,NULL,NULL,0,NULL,1,'0',NULL,NULL,'Production Supervisor,TW Shanghai',0,'正式Permanent',1,NULL,0,'2014-01-22 05:16:24','E3757348','吴恩辉',0,45,2),(1051,NULL,'1971-03-26 00:00:00','310221197103266424',10100101,'20210519.00','2014-01-22 05:16:24',NULL,'2001-02-05 00:00:00',NULL,NULL,NULL,NULL,NULL,NULL,NULL,NULL,NULL,0,NULL,NULL,NULL,NULL,NULL,NULL,0,NULL,1,'0',NULL,NULL,'Operator',0,'正式Permanent',2,NULL,0,'2014-01-22 05:16:24','L9415253','俞利琼',0,45,2),(1052,NULL,'1977-10-31 00:00:00','310226197710310521',10100101,'20210512.00','2014-01-22 05:16:24',NULL,'2000-05-16 00:00:00',NULL,NULL,NULL,NULL,NULL,NULL,NULL,NULL,NULL,0,NULL,NULL,NULL,NULL,NULL,NULL,0,NULL,1,'0',NULL,NULL,'Operator',0,'正式Permanent',2,NULL,0,'2014-01-22 05:16:24','C8348035','唐春美',0,45,2),(1053,NULL,'1977-11-18 00:00:00','450222197711180349',10100101,'20210512.00','2014-01-22 05:16:24',NULL,'2004-11-22 00:00:00',NULL,NULL,NULL,NULL,NULL,NULL,NULL,NULL,NULL,0,NULL,NULL,NULL,NULL,NULL,NULL,0,NULL,1,'0',NULL,NULL,'Operator',0,'正式Permanent',2,NULL,0,'2014-01-22 05:16:24','L4247409','陈柳红',0,45,2),(1054,NULL,'1962-08-02 00:00:00','31010719620802001X',10100101,'20235101.00','2014-01-22 05:16:24',NULL,'1995-02-17 00:00:00',NULL,NULL,NULL,NULL,NULL,NULL,NULL,NULL,NULL,0,NULL,NULL,NULL,NULL,NULL,NULL,0,NULL,1,'0',NULL,NULL,'Purchasing Engineer, China',0,'正式Permanent',1,NULL,0,'2014-01-22 05:16:24','Q0516105','蔡奇',0,50,2),(1055,NULL,'1972-01-29 00:00:00','310105197201292428',10100101,'20235101.00','2014-01-22 05:16:24',NULL,'2003-07-01 00:00:00',NULL,NULL,NULL,NULL,NULL,NULL,NULL,NULL,NULL,0,NULL,NULL,NULL,NULL,NULL,NULL,0,NULL,1,'0',NULL,NULL,'Purchasing Manager, China',0,'正式Permanent',2,NULL,0,'2014-01-22 05:16:24','Y9210600','高颖',0,50,2),(1056,NULL,'1956-05-15 00:00:00','31022719560515443X',10100101,'20210116.00','2014-01-22 05:16:24',NULL,'1994-07-01 00:00:00',NULL,NULL,NULL,NULL,NULL,NULL,NULL,NULL,NULL,0,NULL,NULL,NULL,NULL,NULL,NULL,0,NULL,1,'0',NULL,NULL,'Operator',0,'正式Permanent',1,NULL,0,'2014-01-22 05:16:24','Z9840532','罗正华',0,36,2),(1057,NULL,'1977-07-04 00:00:00','310228197707043234',10100101,'20210165.00','2014-01-22 05:16:24',NULL,'2003-08-11 00:00:00',NULL,NULL,NULL,NULL,NULL,NULL,NULL,NULL,NULL,0,NULL,NULL,NULL,NULL,NULL,NULL,0,NULL,1,'0',NULL,NULL,'Operator',0,'正式Permanent',1,NULL,0,'2014-01-22 05:16:24','H6192429','郭浩',0,36,2),(1058,NULL,'1978-04-09 00:00:00','310225197804091626',10100101,'20210014.00','2014-01-22 05:16:24',NULL,'2004-07-02 00:00:00',NULL,NULL,NULL,NULL,NULL,NULL,NULL,NULL,NULL,0,NULL,NULL,NULL,NULL,NULL,NULL,0,NULL,1,'0',NULL,NULL,'Warehouse Supervisor, TW&CPD Shanghai',0,'正式Permanent',2,NULL,0,'2014-01-22 05:16:24','L0788669','张丽霞',0,41,2),(1059,NULL,'1956-10-07 00:00:00','310227195610074434',10100101,'20210116.00','2014-01-22 05:16:24',NULL,'1994-07-01 00:00:00',NULL,NULL,NULL,NULL,NULL,NULL,NULL,NULL,NULL,0,NULL,NULL,NULL,NULL,NULL,NULL,0,NULL,1,'0',NULL,NULL,'Operator',0,'正式Permanent',1,NULL,0,'2014-01-22 05:16:24','X1957623','赵兴权',0,36,2),(1060,NULL,'1969-12-11 00:00:00','310227196912114010',10100101,'20210116.00','2014-01-22 05:16:24',NULL,'1994-10-01 00:00:00',NULL,NULL,NULL,NULL,NULL,NULL,NULL,NULL,NULL,0,NULL,NULL,NULL,NULL,NULL,NULL,0,NULL,1,'0',NULL,NULL,'Operator',0,'正式Permanent',1,NULL,0,'2014-01-22 05:16:24','Q6504107','熊取根',0,36,2),(1061,NULL,'1964-02-21 00:00:00','310227196402211216',10100101,'20210116.00','2014-01-22 05:16:24',NULL,'1995-02-01 00:00:00',NULL,NULL,NULL,NULL,NULL,NULL,NULL,NULL,NULL,0,NULL,NULL,NULL,NULL,NULL,NULL,0,NULL,1,'0',NULL,NULL,'Operator',0,'正式Permanent',1,NULL,0,'2014-01-22 05:16:24','Y3073282','顾友龙',0,36,2),(1062,NULL,'1960-03-04 00:00:00','310226196003040732',10100101,'20210116.00','2014-01-22 05:16:24',NULL,'1996-03-22 00:00:00',NULL,NULL,NULL,NULL,NULL,NULL,NULL,NULL,NULL,0,NULL,NULL,NULL,NULL,NULL,NULL,0,NULL,1,'0',NULL,NULL,'Operator',0,'正式Permanent',1,NULL,0,'2014-01-22 05:16:24','Y1391264','冯永林',0,36,2),(1063,NULL,'1977-07-30 00:00:00','310226197707300517',10100101,'20210014.00','2014-01-22 05:16:24',NULL,'2000-05-24 00:00:00',NULL,NULL,NULL,NULL,NULL,NULL,NULL,NULL,NULL,0,NULL,NULL,NULL,NULL,NULL,NULL,0,NULL,1,'0',NULL,NULL,'Operator',0,'正式Permanent',1,NULL,0,'2014-01-22 05:16:24','H8284429','金辉',0,41,2),(1064,NULL,'1963-05-13 00:00:00','310227196305134431',10100101,'20210165.00','2014-01-22 05:16:24',NULL,'2000-02-14 00:00:00',NULL,NULL,NULL,NULL,NULL,NULL,NULL,NULL,NULL,0,NULL,NULL,NULL,NULL,NULL,NULL,0,NULL,1,'0',NULL,NULL,'Operator',0,'正式Permanent',1,NULL,0,'2014-01-22 05:16:24','G5631170','蒋国林',0,36,2),(1065,NULL,'1968-06-15 00:00:00','310226196806150513',10100101,'20210165.00','2014-01-22 05:16:24',NULL,'2001-04-24 00:00:00',NULL,NULL,NULL,NULL,NULL,NULL,NULL,NULL,NULL,0,NULL,NULL,NULL,NULL,NULL,NULL,0,NULL,1,'0',NULL,NULL,'Operator',0,'正式Permanent',1,NULL,0,'2014-01-22 05:16:24','Z9653495','袁正华',0,36,2),(1066,NULL,'1976-11-14 00:00:00','310227197611144456',10100101,'20210165.00','2014-01-22 05:16:24',NULL,'2003-04-03 00:00:00',NULL,NULL,NULL,NULL,NULL,NULL,NULL,NULL,NULL,0,NULL,NULL,NULL,NULL,NULL,NULL,0,NULL,1,'0',NULL,NULL,'Operator',0,'正式Permanent',1,NULL,0,'2014-01-22 05:16:24','Q3506475','蒋群峰',0,36,2),(1067,NULL,'1973-12-16 00:00:00','310228197312163418',10100101,'20210014.00','2014-01-22 05:16:24',NULL,'2003-12-29 00:00:00',NULL,NULL,NULL,NULL,NULL,NULL,NULL,NULL,NULL,0,NULL,NULL,NULL,NULL,NULL,NULL,0,NULL,1,'0',NULL,NULL,'Operator',0,'正式Permanent',1,NULL,0,'2014-01-22 05:16:24','G8777097','孙国锋',0,41,2),(1068,NULL,'1970-12-02 00:00:00','310227197012024217',10100101,'20210165.00','2014-01-22 05:16:24',NULL,'2004-11-01 00:00:00',NULL,NULL,NULL,NULL,NULL,NULL,NULL,NULL,NULL,0,NULL,NULL,NULL,NULL,NULL,NULL,0,NULL,1,'0',NULL,NULL,'Operator',0,'正式Permanent',1,NULL,0,'2014-01-22 05:16:24','X9196024','王星连',0,36,2),(1069,NULL,'1966-10-09 00:00:00','310227196610090471',10100101,'20235101.00','2014-01-22 05:16:24',NULL,'1994-04-01 00:00:00',NULL,NULL,NULL,NULL,NULL,NULL,NULL,NULL,NULL,0,NULL,NULL,NULL,NULL,NULL,NULL,0,NULL,1,'0',NULL,NULL,'Supplier Quality Manager, China',0,'正式Permanent',1,NULL,0,'2014-01-22 05:16:24','Y5990433','童有月',0,50,2),(1070,NULL,'1963-03-17 00:00:00','310227196303170017',10100101,'20210170.00','2014-01-22 05:16:24',NULL,'1995-03-01 00:00:00',NULL,NULL,NULL,NULL,NULL,NULL,NULL,NULL,NULL,0,NULL,NULL,NULL,NULL,NULL,NULL,0,NULL,1,'0',NULL,NULL,'Production Technician, BA Shanghai',0,'正式Permanent',1,NULL,0,'2014-01-22 05:16:24','S1004500','钟顺林',0,36,2),(1071,NULL,'1953-10-06 00:00:00','310112195310060030',10100101,'20210412.00','2014-01-22 05:16:24',NULL,'1995-05-28 00:00:00',NULL,NULL,NULL,NULL,NULL,NULL,NULL,NULL,NULL,0,NULL,NULL,NULL,NULL,NULL,NULL,0,NULL,1,'0','2013-10-31 00:00:00',NULL,'Operator',0,'正式Permanent',1,NULL,0,'2014-01-22 05:16:24','W2684799','张文虎',0,44,2),(1072,NULL,'1963-01-29 00:00:00','310112196301290015',10100101,'20210516.00','2014-01-22 05:16:24',NULL,'1999-10-18 00:00:00',NULL,NULL,NULL,NULL,NULL,NULL,NULL,NULL,NULL,0,NULL,NULL,NULL,NULL,NULL,NULL,0,NULL,1,'0',NULL,NULL,'Operator',0,'正式Permanent',1,NULL,0,'2014-01-22 05:16:24','Y2882403','许云生',0,49,2),(1073,NULL,'1976-02-10 00:00:00','310101197602100014',10100101,'20210435.00','2014-01-22 05:16:24',NULL,'2000-07-01 00:00:00',NULL,NULL,NULL,NULL,NULL,NULL,NULL,NULL,NULL,0,NULL,NULL,NULL,NULL,NULL,NULL,0,NULL,1,'0',NULL,NULL,'Production Supervisor, CPD Shanghai',0,'正式Permanent',1,NULL,0,'2014-01-22 05:16:24','G2433911','王钢',0,44,2),(1074,NULL,'1968-06-18 00:00:00','310226196806180712',10100101,'20210127.00','2014-01-22 05:16:24',NULL,'1995-11-01 00:00:00',NULL,NULL,NULL,NULL,NULL,NULL,NULL,NULL,NULL,0,NULL,NULL,NULL,NULL,NULL,NULL,0,NULL,1,'0',NULL,NULL,'Operator',0,'正式Permanent',1,NULL,0,'2014-01-22 05:16:24','Y5661113','陈永连',0,46,2),(1075,NULL,'1977-10-04 00:00:00','310228197710043630',10100101,'20210115.00','2014-01-22 05:16:24',NULL,'2001-07-11 00:00:00',NULL,NULL,NULL,NULL,NULL,NULL,NULL,NULL,NULL,0,NULL,NULL,NULL,NULL,NULL,NULL,0,NULL,1,'0',NULL,NULL,'Operator',0,'正式Permanent',1,NULL,0,'2014-01-22 05:16:24','S8560010','杨松伟',0,36,2),(1076,NULL,'1979-03-16 00:00:00','310230197903165193',10100101,'20210516.00','2014-01-22 05:16:24',NULL,'2002-11-11 00:00:00',NULL,NULL,NULL,NULL,NULL,NULL,NULL,NULL,NULL,0,NULL,NULL,NULL,NULL,NULL,NULL,0,NULL,1,'0',NULL,NULL,'Operator',0,'正式Permanent',1,NULL,0,'2014-01-22 05:16:24','K6886618','姚凯',0,49,2),(1077,NULL,'1977-08-20 00:00:00','310112197708201517',10100101,'20210516.00','2014-01-22 05:16:24',NULL,'2004-05-19 00:00:00',NULL,NULL,NULL,NULL,NULL,NULL,NULL,NULL,NULL,0,NULL,NULL,NULL,NULL,NULL,NULL,0,NULL,1,'0',NULL,NULL,'Operator',0,'正式Permanent',1,NULL,0,'2014-01-22 05:16:24','J8306797','姜建忠',0,49,2),(1078,NULL,'1977-04-21 00:00:00','310226197704210516',10100101,'20210431.00','2014-01-22 05:16:24',NULL,'2004-11-01 00:00:00',NULL,NULL,NULL,NULL,NULL,NULL,NULL,NULL,NULL,0,NULL,NULL,NULL,NULL,NULL,NULL,0,NULL,1,'0',NULL,NULL,'Operator',0,'正式Permanent',1,NULL,0,'2014-01-22 05:16:24','F2831429','李丰 ',0,47,2),(1079,NULL,'1977-11-24 00:00:00','310221197711245627',10100101,'20235101.00','2014-01-22 05:16:24',NULL,'2000-11-07 00:00:00',NULL,NULL,NULL,NULL,NULL,NULL,NULL,NULL,NULL,0,NULL,NULL,NULL,NULL,NULL,NULL,0,NULL,1,'0',NULL,NULL,'Purchasing Engineer, China',0,'正式Permanent',2,NULL,0,'2014-01-22 05:16:24','Z2079120','屠卓黠',0,50,2),(1080,NULL,'1982-11-21 00:00:00','310112198211215221',10100101,'20221201.00','2014-01-22 05:16:24',NULL,'2005-01-01 00:00:00',NULL,NULL,NULL,NULL,NULL,NULL,NULL,NULL,NULL,0,NULL,NULL,NULL,NULL,NULL,NULL,0,NULL,1,'0',NULL,NULL,'Senior Customer Service Specialist',0,'正式Permanent',2,NULL,0,'2014-01-22 05:16:24','L7571597','熊玲',0,39,2),(1081,NULL,'1968-06-04 00:00:00','342601196806043613',10100101,'20210431.00','2014-01-22 05:16:24',NULL,'2005-01-18 00:00:00',NULL,NULL,NULL,NULL,NULL,NULL,NULL,NULL,NULL,0,NULL,NULL,NULL,NULL,NULL,NULL,0,NULL,1,'0',NULL,NULL,'Quality Supervisor, TW&CPD Shanghai',0,'正式Permanent',1,NULL,0,'2014-01-22 05:16:24','Y4799971','鲁业海',0,41,2),(1082,NULL,'1974-09-11 00:00:00','310227197409114413',10100101,'20210419.00','2014-01-22 05:16:24',NULL,'2005-01-18 00:00:00',NULL,NULL,NULL,NULL,NULL,NULL,NULL,NULL,NULL,0,NULL,NULL,NULL,NULL,NULL,NULL,0,NULL,1,'0','2013-05-03 00:00:00',NULL,'Operator',0,'正式Permanent',1,NULL,0,'2014-01-22 05:16:24','Y2182390','朱勇',0,44,2),(1083,NULL,'1978-05-27 00:00:00','310226197805270745',10100101,'20210422.00','2014-01-22 05:16:24',NULL,'2005-02-15 00:00:00',NULL,NULL,NULL,NULL,NULL,NULL,NULL,NULL,NULL,0,NULL,NULL,NULL,NULL,NULL,NULL,0,NULL,1,'0',NULL,NULL,'Operator',0,'正式Permanent',2,NULL,0,'2014-01-22 05:16:24','H7260540','张洪梅',0,44,2),(1084,NULL,'1973-12-27 00:00:00','310228197312271240',10100101,'20210512.00','2014-01-22 05:16:24',NULL,'2005-02-15 00:00:00',NULL,NULL,NULL,NULL,NULL,NULL,NULL,NULL,NULL,0,NULL,NULL,NULL,NULL,NULL,NULL,0,NULL,1,'0',NULL,NULL,'Operator',0,'正式Permanent',2,NULL,0,'2014-01-22 05:16:24','L3758087','施陆平',0,45,2),(1085,NULL,'1977-12-03 00:00:00','413021197712031650',10100101,'20210127.00','2014-01-22 05:16:24',NULL,'2005-02-14 00:00:00',NULL,NULL,NULL,NULL,NULL,NULL,NULL,NULL,NULL,0,NULL,NULL,NULL,NULL,NULL,NULL,0,NULL,1,'0',NULL,NULL,'Operator',0,'临时Temp',1,NULL,0,'2014-01-22 05:16:24','W7950592','王伟',0,46,2),(1086,NULL,'1974-09-18 00:00:00','321121197409184023',10100101,'20210415.00','2014-01-22 05:16:24',NULL,'2005-03-01 00:00:00',NULL,NULL,NULL,NULL,NULL,NULL,NULL,NULL,NULL,0,NULL,NULL,NULL,NULL,NULL,NULL,0,NULL,1,'0',NULL,NULL,'Operator',0,'正式Permanent',2,NULL,0,'2014-01-22 05:16:24','J1470458','孙剑霞',0,44,2),(1087,NULL,'1979-07-26 00:00:00','310112197907263956',10100101,'20210115.00','2014-01-22 05:16:24',NULL,'2005-03-04 00:00:00',NULL,NULL,NULL,NULL,NULL,NULL,NULL,NULL,NULL,0,NULL,NULL,NULL,NULL,NULL,NULL,0,NULL,1,'0',NULL,NULL,'Operator',0,'正式Permanent',1,NULL,0,'2014-01-22 05:16:24','F5867035','金锋雷',0,36,2),(1088,NULL,'1977-12-05 00:00:00','31022819771205101X',10100101,'20210127.00','2014-01-22 05:16:24',NULL,'2005-03-04 00:00:00',NULL,NULL,NULL,NULL,NULL,NULL,NULL,NULL,NULL,0,NULL,NULL,NULL,NULL,NULL,NULL,0,NULL,1,'0',NULL,NULL,'Operator',0,'正式Permanent',1,NULL,0,'2014-01-22 05:16:24','J6636829','陈纪平',0,46,2),(1089,NULL,'1968-03-12 00:00:00','310227196803124279',10100101,'20210115.00','2014-01-22 05:16:24',NULL,'2005-03-08 00:00:00',NULL,NULL,NULL,NULL,NULL,NULL,NULL,NULL,NULL,0,NULL,NULL,NULL,NULL,NULL,NULL,0,NULL,1,'0',NULL,NULL,'Operator',0,'正式Permanent',1,NULL,0,'2014-01-22 05:16:24','B4529835','徐镖',0,36,2),(1090,NULL,'1972-02-14 00:00:00','321026197202145103',10100101,'20210424.00','2014-01-22 05:16:24',NULL,'2005-03-15 00:00:00',NULL,NULL,NULL,NULL,NULL,NULL,NULL,NULL,NULL,0,NULL,NULL,NULL,NULL,NULL,NULL,0,NULL,1,'0',NULL,NULL,'Operator',0,'正式Permanent',2,NULL,0,'2014-01-22 05:16:24','X3336246','华小硕',0,44,2),(1091,NULL,'1975-11-18 00:00:00','310226197511181819',10100101,'20210415.00','2014-01-22 05:16:24',NULL,'2005-03-08 00:00:00',NULL,NULL,NULL,NULL,NULL,NULL,NULL,NULL,NULL,0,NULL,NULL,NULL,NULL,NULL,NULL,0,NULL,1,'0',NULL,NULL,'Operator',0,'正式Permanent',1,NULL,0,'2014-01-22 05:16:24','J1829983','谢建忠',0,44,2),(1092,NULL,'1973-12-25 00:00:00','310228197312251012',10100101,'20210414.00','2014-01-22 05:16:24',NULL,'2005-03-08 00:00:00',NULL,NULL,NULL,NULL,NULL,NULL,NULL,NULL,NULL,0,NULL,NULL,NULL,NULL,NULL,NULL,0,NULL,1,'0',NULL,NULL,'Operator',0,'正式Permanent',1,NULL,0,'2014-01-22 05:16:24','G4516690','卫关林',0,44,2),(1093,NULL,'1980-07-14 00:00:00','510113198007140422',10100101,'20221403.00','2014-01-22 05:16:24',NULL,'2005-03-01 00:00:00',NULL,NULL,NULL,NULL,NULL,NULL,NULL,NULL,NULL,0,NULL,NULL,NULL,NULL,NULL,NULL,0,NULL,1,'0',NULL,NULL,'Sales Engineer, Industrial Market, Chengdu',0,'正式Permanent',2,NULL,0,'2014-01-22 05:16:24','R9258318','邱荣婷',0,37,2),(1094,NULL,'1977-02-05 00:00:00','310112197702050076',10100101,'20210140.00','2014-01-22 05:16:24',NULL,'2005-03-15 00:00:00',NULL,NULL,NULL,NULL,NULL,NULL,NULL,NULL,NULL,0,NULL,NULL,NULL,NULL,NULL,NULL,0,NULL,1,'0',NULL,NULL,'Operator',0,'正式Permanent',1,NULL,0,'2014-01-22 05:16:24','D0591073','陈栋',0,36,2),(1095,NULL,'1968-10-31 00:00:00','31022819681031101X',10100101,'20210115.00','2014-01-22 05:16:24',NULL,'2005-03-15 00:00:00',NULL,NULL,NULL,NULL,NULL,NULL,NULL,NULL,NULL,0,NULL,NULL,NULL,NULL,NULL,NULL,0,NULL,1,'0',NULL,NULL,'Operator',0,'正式Permanent',1,NULL,0,'2014-01-22 05:16:24','H8874763','徐红新',0,36,2),(1096,NULL,'1980-10-20 00:00:00','310228198010200820',10100101,'20210412.00','2014-01-22 05:16:24',NULL,'2005-03-15 00:00:00',NULL,NULL,NULL,NULL,NULL,NULL,NULL,NULL,NULL,0,NULL,NULL,NULL,NULL,NULL,NULL,0,NULL,1,'0',NULL,NULL,'Operator',0,'正式Permanent',2,NULL,0,'2014-01-22 05:16:24','C8323008','蒋春花',0,44,2),(1097,NULL,'1977-01-11 00:00:00','310227197701114218',10100101,'20210415.00','2014-01-22 05:16:24',NULL,'2005-03-15 00:00:00',NULL,NULL,NULL,NULL,NULL,NULL,NULL,NULL,NULL,0,NULL,NULL,NULL,NULL,NULL,NULL,0,NULL,1,'0',NULL,NULL,'Operator',0,'正式Permanent',1,NULL,0,'2014-01-22 05:16:24','W0401115','张伟',0,44,2),(1098,NULL,'1964-07-18 00:00:00','310101196407184043',10100101,'20210424.00','2014-01-22 05:16:24',NULL,'2005-03-15 00:00:00',NULL,NULL,NULL,NULL,NULL,NULL,NULL,NULL,NULL,0,NULL,NULL,NULL,NULL,NULL,NULL,0,NULL,1,'0',NULL,NULL,'Operator',0,'正式Permanent',2,NULL,0,'2014-01-22 05:16:24','G5335967','潘根娣',0,44,2),(1099,NULL,'1974-08-03 00:00:00','310228197408033220',10100101,'20210512.00','2014-01-22 05:16:24',NULL,'2005-03-15 00:00:00',NULL,NULL,NULL,NULL,NULL,NULL,NULL,NULL,NULL,0,NULL,NULL,NULL,NULL,NULL,NULL,0,NULL,1,'0',NULL,NULL,'Operator',0,'正式Permanent',2,NULL,0,'2014-01-22 05:16:24','H7717857','戚海英',0,45,2),(1100,NULL,'1970-10-30 00:00:00','310228197010301061',10100101,'20210512.00','2014-01-22 05:16:24',NULL,'2005-03-15 00:00:00',NULL,NULL,NULL,NULL,NULL,NULL,NULL,NULL,NULL,0,NULL,NULL,NULL,NULL,NULL,NULL,0,NULL,1,'0',NULL,NULL,'Operator',0,'正式Permanent',2,NULL,0,'2014-01-22 05:16:24','M3187143','宋美萍',0,45,2),(1101,NULL,'1981-04-06 00:00:00','430321198104062535',10100101,'20210527.00','2014-01-22 05:16:24',NULL,'2005-03-22 00:00:00',NULL,NULL,NULL,NULL,NULL,NULL,NULL,NULL,NULL,0,NULL,NULL,NULL,NULL,NULL,NULL,0,NULL,1,'0',NULL,NULL,'Senior Customer Service Representative, TW&CPD Shanghai',0,'正式Permanent',1,NULL,0,'2014-01-22 05:16:24','J3352472','冯杰',0,41,2),(1102,NULL,'1982-05-04 00:00:00','310226198205040713',10100101,'20210111.00','2014-01-22 05:16:24',NULL,'2005-03-29 00:00:00',NULL,NULL,NULL,NULL,NULL,NULL,NULL,NULL,NULL,0,NULL,NULL,NULL,NULL,NULL,NULL,0,NULL,1,'0',NULL,NULL,'Operator',0,'正式Permanent',1,NULL,0,'2014-01-22 05:16:24','L6611214','计连明',0,36,2),(1103,NULL,'1977-02-13 00:00:00','310228197702131016',10100101,'20210125.00','2014-01-22 05:16:24',NULL,'2005-03-29 00:00:00',NULL,NULL,NULL,NULL,NULL,NULL,NULL,NULL,NULL,0,NULL,NULL,NULL,NULL,NULL,NULL,0,NULL,1,'0',NULL,NULL,'Operator',0,'正式Permanent',1,NULL,0,'2014-01-22 05:16:24','F3926052','张峰',0,36,2),(1104,NULL,'1969-08-13 00:00:00','310106196908130846',10100101,'20234105.00','2014-01-22 05:16:24',NULL,'2005-04-19 00:00:00',NULL,NULL,NULL,NULL,NULL,NULL,NULL,NULL,NULL,0,NULL,NULL,NULL,NULL,NULL,NULL,0,NULL,1,'0',NULL,NULL,'HR Operation Manager, China/Admin Manager,Shanghai',0,'正式Permanent',2,NULL,0,'2014-01-22 05:16:24','Q2021470','潘秋蓉',0,51,2),(1105,NULL,'1981-01-20 00:00:00','340421198101204239',10100101,'20210125.00','2014-01-22 05:16:24',NULL,'2005-04-19 00:00:00',NULL,NULL,NULL,NULL,NULL,NULL,NULL,NULL,NULL,0,NULL,NULL,NULL,NULL,NULL,NULL,0,NULL,1,'0',NULL,NULL,'Operator',0,'临时Temp',1,NULL,0,'2014-01-22 05:16:24','T3245790','刘腾飞',0,36,2),(1106,NULL,'1979-12-29 00:00:00','433026197912290919',10100101,'20210123.00','2014-01-22 05:16:24',NULL,'2005-05-10 00:00:00',NULL,NULL,NULL,NULL,NULL,NULL,NULL,NULL,NULL,0,NULL,NULL,NULL,NULL,NULL,NULL,0,NULL,1,'0',NULL,NULL,'Operator',0,'临时Temp',1,NULL,0,'2014-01-22 05:16:24','M1431613','姚茂清',0,36,2),(1107,NULL,'1977-01-31 00:00:00','320323197701315417',10100101,'20210132.00','2014-01-22 05:16:24',NULL,'2005-05-10 00:00:00',NULL,NULL,NULL,NULL,NULL,NULL,NULL,NULL,NULL,0,NULL,NULL,NULL,NULL,NULL,NULL,0,NULL,1,'0',NULL,NULL,'Operator',0,'临时Temp',1,NULL,0,'2014-01-22 05:16:24','H9974637','董红振',0,36,2),(1108,NULL,'1979-02-09 00:00:00','342529197902092816',10100101,'20210437.00','2014-01-22 05:16:24',NULL,'2005-05-10 00:00:00',NULL,NULL,NULL,NULL,NULL,NULL,NULL,NULL,NULL,0,NULL,NULL,NULL,NULL,NULL,NULL,0,NULL,1,'0',NULL,NULL,'Operator',0,'临时Temp',1,NULL,0,'2014-01-22 05:16:24','G0593653','方国三',0,44,2),(1109,NULL,'1983-12-20 00:00:00','610115198312206025',10100101,'20221201.00','2014-01-22 05:16:24',NULL,'2005-05-31 00:00:00',NULL,NULL,NULL,NULL,NULL,NULL,NULL,NULL,NULL,0,NULL,NULL,NULL,NULL,NULL,NULL,0,NULL,1,'0','2013-01-08 00:00:00',NULL,'Customer Service Representative',0,'正式Permanent',2,NULL,0,'2014-01-22 05:16:24','Q1276454','季青',0,39,2),(1110,NULL,'1980-05-25 00:00:00','310115198005258641',10100101,'20221405.00','2014-01-22 05:16:24',NULL,'2005-06-14 00:00:00',NULL,NULL,NULL,NULL,NULL,NULL,NULL,NULL,NULL,0,NULL,NULL,NULL,NULL,NULL,NULL,0,NULL,1,'0',NULL,NULL,'Senior Sales Engineer, Hardware Market, Shanghai',0,'正式Permanent',2,NULL,0,'2014-01-22 05:16:24','J7463967','凌洁',0,37,2),(1111,NULL,'1959-01-10 00:00:00','310105195901101224',10100101,'20221201.00','2014-01-22 05:16:24',NULL,'2005-06-14 00:00:00',NULL,NULL,NULL,NULL,NULL,NULL,NULL,NULL,NULL,0,NULL,NULL,NULL,NULL,NULL,NULL,0,NULL,1,'0',NULL,NULL,'Customer Service Manager, China',0,'正式Permanent',2,NULL,0,'2014-01-22 05:16:24','A0247436','张安琪',0,39,2),(1112,NULL,'1974-06-02 00:00:00','340321197406023332',10100101,'20210123.00','2014-01-22 05:16:24',NULL,'2005-06-28 00:00:00',NULL,NULL,NULL,NULL,NULL,NULL,NULL,NULL,NULL,0,NULL,NULL,NULL,NULL,NULL,NULL,0,NULL,1,'0',NULL,NULL,'Operator',0,'临时Temp',1,NULL,0,'2014-01-22 05:16:24','Y1468225','荣玉坤',0,36,2),(1113,NULL,'1977-05-06 00:00:00','513524197705062352',10100101,'20210126.00','2014-01-22 05:16:24',NULL,'2005-06-29 00:00:00',NULL,NULL,NULL,NULL,NULL,NULL,NULL,NULL,NULL,0,NULL,NULL,NULL,NULL,NULL,NULL,0,NULL,1,'0',NULL,NULL,'Operator',0,'临时Temp',1,NULL,0,'2014-01-22 05:16:24','Y2049505','罗易宪',0,36,2),(1114,NULL,'1972-12-28 00:00:00','510724197212282830',10100101,'20210125.00','2014-01-22 05:16:24',NULL,'2005-07-05 00:00:00',NULL,NULL,NULL,NULL,NULL,NULL,NULL,NULL,NULL,0,NULL,NULL,NULL,NULL,NULL,NULL,0,NULL,1,'0',NULL,NULL,'Operator',0,'临时Temp',1,NULL,0,'2014-01-22 05:16:24','Z3145208','李正东',0,36,2),(1115,NULL,'1967-10-11 00:00:00','310105196710112435',10100101,'20210630.00','2014-01-22 05:16:24',NULL,'2005-07-06 00:00:00',NULL,NULL,NULL,NULL,NULL,NULL,NULL,NULL,NULL,0,NULL,NULL,NULL,NULL,NULL,NULL,0,NULL,1,'0',NULL,NULL,'Operator',0,'正式Permanent',1,NULL,0,'2014-01-22 05:16:24','Z9023335','朱郑桦',0,33,2),(1116,NULL,'1978-06-01 00:00:00','513027197806017114',10100101,'20210115.00','2014-01-22 05:16:24',NULL,'2005-07-13 00:00:00',NULL,NULL,NULL,NULL,NULL,NULL,NULL,NULL,NULL,0,NULL,NULL,NULL,NULL,NULL,NULL,0,NULL,1,'0',NULL,NULL,'Operator',0,'临时Temp',1,NULL,0,'2014-01-22 05:16:24','W2410754','李万勇',0,36,2),(1117,NULL,'1982-02-28 00:00:00','412722198202280073',10100101,'20221422.00','2014-01-22 05:16:24',NULL,'2005-07-19 00:00:00',NULL,NULL,NULL,NULL,NULL,NULL,NULL,NULL,NULL,0,NULL,NULL,NULL,NULL,NULL,NULL,0,NULL,1,'0',NULL,NULL,'Senior Sales Engineer, Industrial Market, Shanghai',0,'正式Permanent',1,NULL,0,'2014-01-22 05:16:24','H1449562','李慧磊',0,37,2),(1118,NULL,'1981-07-25 00:00:00','130324198107250919',10100101,'20221423.00','2014-01-22 05:16:24',NULL,'2005-07-19 00:00:00',NULL,NULL,NULL,NULL,NULL,NULL,NULL,NULL,NULL,0,NULL,NULL,NULL,NULL,NULL,NULL,0,NULL,1,'0',NULL,NULL,'Sales Engineer, Industrial Market, Suzhou',0,'正式Permanent',1,NULL,0,'2014-01-22 05:16:24','Q0029135','杨庆旺',0,37,2),(1119,NULL,'1972-04-14 00:00:00','320924197204143414',10100101,'20210519.00','2014-01-22 05:16:24',NULL,'2005-07-19 00:00:00',NULL,NULL,NULL,NULL,NULL,NULL,NULL,NULL,NULL,0,NULL,NULL,NULL,NULL,NULL,NULL,0,NULL,1,'0',NULL,NULL,'Operator',0,'临时Temp',1,NULL,0,'2014-01-22 05:16:24','F2083348','陈防',0,45,2),(1120,NULL,'1974-03-03 00:00:00','320825197403033614',10100101,'20210511.00','2014-01-22 05:16:24',NULL,'2005-07-19 00:00:00',NULL,NULL,NULL,NULL,NULL,NULL,NULL,NULL,NULL,0,NULL,NULL,NULL,NULL,NULL,NULL,0,NULL,1,'0',NULL,NULL,'Operator',0,'临时Temp',1,NULL,0,'2014-01-22 05:16:24','S1176924','王绍国',0,45,2),(1121,NULL,'1968-04-29 00:00:00','310104196804290447',10100101,'20235102.00','2014-01-22 05:16:24',NULL,'2005-08-19 00:00:00',NULL,NULL,NULL,NULL,NULL,NULL,NULL,NULL,NULL,0,NULL,NULL,NULL,NULL,NULL,NULL,0,NULL,1,'0','2013-03-10 00:00:00',NULL,'Purchasing Manager,   N&SE Asia',0,'正式Permanent',2,NULL,0,'2014-01-22 05:16:24','J8227961','陈洁',0,50,2),(1122,NULL,'1979-09-01 00:00:00','320621197909015118',10100101,'20221340.00','2014-01-22 05:16:24',NULL,'2005-09-01 00:00:00',NULL,NULL,NULL,NULL,NULL,NULL,NULL,NULL,NULL,0,NULL,NULL,NULL,NULL,NULL,NULL,0,NULL,1,'0','2013-02-06 00:00:00',NULL,'Senior Package Designer, TW&CPD Shanghai',0,'正式Permanent',1,NULL,0,'2014-01-22 05:16:24','H7730013','金海祥',0,44,2),(1123,NULL,'1977-07-21 00:00:00','372928197707215818',10100101,'20210113.00','2014-01-22 05:16:24',NULL,'2005-09-14 00:00:00',NULL,NULL,NULL,NULL,NULL,NULL,NULL,NULL,NULL,0,NULL,NULL,NULL,NULL,NULL,NULL,0,NULL,1,'0',NULL,NULL,'Operator',0,'临时Temp',1,NULL,0,'2014-01-22 05:16:24','Z4529128','刘智强',0,36,2),(1124,NULL,'1979-10-12 00:00:00','510823197910127730',10100101,'20210115.00','2014-01-22 05:16:24',NULL,'2005-09-14 00:00:00',NULL,NULL,NULL,NULL,NULL,NULL,NULL,NULL,NULL,0,NULL,NULL,NULL,NULL,NULL,NULL,0,NULL,1,'0',NULL,NULL,'Operator',0,'临时Temp',1,NULL,0,'2014-01-22 05:16:24','P1316821','王培江',0,36,2),(1125,NULL,'1981-12-24 00:00:00','510781198112247407',10100101,'20210512.00','2014-01-22 05:16:24',NULL,'2005-09-27 00:00:00',NULL,NULL,NULL,NULL,NULL,NULL,NULL,NULL,NULL,0,NULL,NULL,NULL,NULL,NULL,NULL,0,NULL,1,'0',NULL,NULL,'Operator',0,'正式Permanent',2,NULL,0,'2014-01-22 05:16:24','T0671098','李廷芳',0,45,2),(1126,NULL,'1975-03-26 00:00:00','620503197503265750',10100101,'20210420.00','2014-01-22 05:16:24',NULL,'2005-10-20 00:00:00',NULL,NULL,NULL,NULL,NULL,NULL,NULL,NULL,NULL,0,NULL,NULL,NULL,NULL,NULL,NULL,0,NULL,1,'0',NULL,NULL,'Operator',0,'临时Temp',1,NULL,0,'2014-01-22 05:16:24','C5112603','高春林',0,44,2),(1127,NULL,'1981-03-04 00:00:00','320305198103040822',10100101,'20234114.00','2014-01-22 05:16:24',NULL,'2005-10-20 00:00:00',NULL,NULL,NULL,NULL,NULL,NULL,NULL,NULL,NULL,0,NULL,NULL,NULL,NULL,NULL,NULL,0,NULL,1,'0',NULL,NULL,'Assistant, KGW',0,'正式Permanent',2,NULL,0,'2014-01-22 05:16:24','H5000725','常红沛',0,42,2),(1128,NULL,'1976-04-15 00:00:00','341203197604152218',10100101,'20210519.00','2014-01-22 05:16:24',NULL,'2005-11-07 00:00:00',NULL,NULL,NULL,NULL,NULL,NULL,NULL,NULL,NULL,0,NULL,NULL,NULL,NULL,NULL,NULL,0,NULL,1,'0',NULL,NULL,'Operator',0,'临时Temp',1,NULL,0,'2014-01-22 05:16:24','K0299527','董克伟',0,45,2),(1129,NULL,'1980-01-09 00:00:00','513722198001094834',10100101,'20210511.00','2014-01-22 05:16:24',NULL,'2005-12-19 00:00:00',NULL,NULL,NULL,NULL,NULL,NULL,NULL,NULL,NULL,0,NULL,NULL,NULL,NULL,NULL,NULL,0,NULL,1,'0',NULL,NULL,'Operator',0,'临时Temp',1,NULL,0,'2014-01-22 05:16:24','F6909408','苗发强',0,45,2),(1130,NULL,'1981-05-25 00:00:00','341281198105253173',10100101,'20210511.00','2014-01-22 05:16:24',NULL,'2005-12-24 00:00:00',NULL,NULL,NULL,NULL,NULL,NULL,NULL,NULL,NULL,0,NULL,NULL,NULL,NULL,NULL,NULL,0,NULL,1,'0',NULL,NULL,'Operator',0,'临时Temp',1,NULL,0,'2014-01-22 05:16:24','D1611219','柴大峰',0,45,2),(1131,NULL,'1973-11-26 00:00:00','513026197311261071',10100101,'20210512.00','2014-01-22 05:16:24',NULL,'2006-01-11 00:00:00',NULL,NULL,NULL,NULL,NULL,NULL,NULL,NULL,NULL,0,NULL,NULL,NULL,NULL,NULL,NULL,0,NULL,1,'0',NULL,NULL,'Operator',0,'临时Temp',1,NULL,0,'2014-01-22 05:16:24','L7030261','张勇',0,45,2),(1132,NULL,'1972-01-02 00:00:00','320827197201022012',10100101,'20210511.00','2014-01-22 05:16:24',NULL,'2006-01-11 00:00:00',NULL,NULL,NULL,NULL,NULL,NULL,NULL,NULL,NULL,0,NULL,NULL,NULL,NULL,NULL,NULL,0,NULL,1,'0',NULL,NULL,'Operator',0,'临时Temp',1,NULL,0,'2014-01-22 05:16:24','C4648974','陈传亮',0,45,2),(1133,NULL,'1974-01-13 00:00:00','513026197401132572',10100101,'20210512.00','2014-01-22 05:16:24',NULL,'2006-01-17 00:00:00',NULL,NULL,NULL,NULL,NULL,NULL,NULL,NULL,NULL,0,NULL,NULL,NULL,NULL,NULL,NULL,0,NULL,1,'0',NULL,NULL,'Operator',0,'临时Temp',1,NULL,0,'2014-01-22 05:16:24','G6999383','苏国君',0,45,2),(1134,NULL,'1977-11-10 00:00:00','513027197711107117',10100101,'20210515.00','2014-01-22 05:16:24',NULL,'2006-01-17 00:00:00',NULL,NULL,NULL,NULL,NULL,NULL,NULL,NULL,NULL,0,NULL,NULL,NULL,NULL,NULL,NULL,0,NULL,1,'0',NULL,NULL,'Operator',0,'临时Temp',1,NULL,0,'2014-01-22 05:16:24','G2142479','吴刚',0,45,2),(1135,NULL,'1980-04-09 00:00:00','513722198004092703',10100101,'20210422.00','2014-01-22 05:16:24',NULL,'2006-01-17 00:00:00',NULL,NULL,NULL,NULL,NULL,NULL,NULL,NULL,NULL,0,NULL,NULL,NULL,NULL,NULL,NULL,0,NULL,1,'0',NULL,NULL,'Operator',0,'临时Temp',2,NULL,0,'2014-01-22 05:16:24','F8167270','何芳华',0,44,2),(1136,NULL,'1978-02-08 00:00:00','513027197802086913',10100101,'20210514.00','2014-01-22 05:16:24',NULL,'2006-03-01 00:00:00',NULL,NULL,NULL,NULL,NULL,NULL,NULL,NULL,NULL,0,NULL,NULL,NULL,NULL,NULL,NULL,0,NULL,1,'0',NULL,NULL,'Operator',0,'临时Temp',1,NULL,0,'2014-01-22 05:16:24','B4418189','马波',0,45,2),(1137,NULL,'1975-11-11 00:00:00','360281197511112630',10100101,'20210512.00','2014-01-22 05:16:24',NULL,'2006-03-01 00:00:00',NULL,NULL,NULL,NULL,NULL,NULL,NULL,NULL,NULL,0,NULL,NULL,NULL,NULL,NULL,NULL,0,NULL,1,'0',NULL,NULL,'Operator',0,'临时Temp',1,NULL,0,'2014-01-22 05:16:24','M7196029','林茂强',0,45,2),(1138,NULL,'1982-01-17 00:00:00','513701198201177210',10100101,'20210517.00','2014-01-22 05:16:24',NULL,'2006-03-01 00:00:00',NULL,NULL,NULL,NULL,NULL,NULL,NULL,NULL,NULL,0,NULL,NULL,NULL,NULL,NULL,NULL,0,NULL,1,'0',NULL,NULL,'Operator',0,'临时Temp',1,NULL,0,'2014-01-22 05:16:24','Y8929866','马永超',0,45,2),(1139,NULL,'1975-02-13 00:00:00','310112197502130522',10100101,'20234105.00','2014-01-22 05:16:24',NULL,'2006-03-15 00:00:00',NULL,NULL,NULL,NULL,NULL,NULL,NULL,NULL,NULL,0,NULL,NULL,NULL,NULL,NULL,NULL,0,NULL,1,'0',NULL,NULL,'Admin Specialist, Shanghai',0,'正式Permanent',2,NULL,0,'2014-01-22 05:16:24','Y5627252','施园和',0,35,2),(1140,NULL,'1978-03-13 00:00:00','310226197803130546',10100101,'20250001.00','2014-01-22 05:16:24',NULL,'2006-03-27 00:00:00',NULL,NULL,NULL,NULL,NULL,NULL,NULL,NULL,NULL,0,NULL,NULL,NULL,NULL,NULL,NULL,0,NULL,1,'0',NULL,NULL,'Logistics Specialist, China',0,'正式Permanent',2,NULL,0,'2014-01-22 05:16:24','J6489615','宋静',0,50,2),(1141,NULL,'1970-07-17 00:00:00','513026197007171071',10100101,'20210512.00','2014-01-22 05:16:24',NULL,'2006-04-01 00:00:00',NULL,NULL,NULL,NULL,NULL,NULL,NULL,NULL,NULL,0,NULL,NULL,NULL,NULL,NULL,NULL,0,NULL,1,'0',NULL,NULL,'Operator',0,'临时Temp',1,NULL,0,'2014-01-22 05:16:24','S5768810','李仕全',0,45,2),(1142,NULL,'1982-05-14 00:00:00','411302198205144829',10100101,'20210422.00','2014-01-22 05:16:24',NULL,'2006-04-20 00:00:00',NULL,NULL,NULL,NULL,NULL,NULL,NULL,NULL,NULL,0,NULL,NULL,NULL,NULL,NULL,NULL,0,NULL,1,'0',NULL,NULL,'Operator',0,'临时Temp',2,NULL,0,'2014-01-22 05:16:24','G3832476','顾广秀',0,44,2),(1143,NULL,'1974-11-15 00:00:00','342723197411152186',10100101,'20210512.00','2014-01-22 05:16:24',NULL,'2006-04-20 00:00:00',NULL,NULL,NULL,NULL,NULL,NULL,NULL,NULL,NULL,0,NULL,NULL,NULL,NULL,NULL,NULL,0,NULL,1,'0',NULL,NULL,'Operator',0,'临时Temp',2,NULL,0,'2014-01-22 05:16:24','X4833331','江雪琴',0,45,2),(1144,NULL,'1979-10-18 00:00:00','513701197910186510',10100101,'20210519.00','2014-01-22 05:16:24',NULL,'2006-04-28 00:00:00',NULL,NULL,NULL,NULL,NULL,NULL,NULL,NULL,NULL,0,NULL,NULL,NULL,NULL,NULL,NULL,0,NULL,1,'0',NULL,NULL,'Operator',0,'临时Temp',1,NULL,0,'2014-01-22 05:16:24','C7961151','龚长明',0,45,2),(1145,NULL,'1975-06-09 00:00:00','310230197506090861',10100101,'20210433.00','2014-01-22 05:16:24',NULL,'2006-05-08 00:00:00',NULL,NULL,NULL,NULL,NULL,NULL,NULL,NULL,NULL,0,NULL,NULL,NULL,NULL,NULL,NULL,0,NULL,1,'0',NULL,NULL,'Planning Supervisor, TW&CPD Shanghai',0,'正式Permanent',2,NULL,0,'2014-01-22 05:16:24','J2713899','陈珏',0,41,2),(1146,NULL,'1977-03-12 00:00:00','370321197703120935',10100101,'20221401.00','2014-01-22 05:16:24',NULL,'2006-05-22 00:00:00',NULL,NULL,NULL,NULL,NULL,NULL,NULL,NULL,NULL,0,NULL,NULL,NULL,NULL,NULL,NULL,0,NULL,1,'0',NULL,NULL,'Area Sales Manager, Industrial Market, Shanxi',0,'正式Permanent',1,NULL,0,'2014-01-22 05:16:24','F4400471','荆峰',0,37,2),(1147,NULL,'1975-12-28 00:00:00','320919197512284760',10100101,'20250001.00','2014-01-22 05:16:24',NULL,'2006-06-20 00:00:00',NULL,NULL,NULL,NULL,NULL,NULL,NULL,NULL,NULL,0,NULL,NULL,NULL,NULL,NULL,NULL,0,NULL,1,'0',NULL,NULL,'Logistics Specialist, China',0,'正式Permanent',2,NULL,0,'2014-01-22 05:16:24','X0794289','曹霞',0,50,2),(1148,NULL,'1984-01-06 00:00:00','410881198401068562',10100101,'20221401.00','2014-01-22 05:16:24',NULL,'2006-07-03 00:00:00',NULL,NULL,NULL,NULL,NULL,NULL,NULL,NULL,NULL,0,NULL,NULL,NULL,NULL,NULL,NULL,0,NULL,1,'0',NULL,NULL,'Sales Engineer, Industrial Market, Shandong ',0,'正式Permanent',2,NULL,0,'2014-01-22 05:16:24','L8750681','王丽梅',0,37,2),(1149,NULL,'1984-05-11 00:00:00','310104198405114082',10100101,'20233101.00','2014-01-22 05:16:24',NULL,'2006-07-15 00:00:00',NULL,NULL,NULL,NULL,NULL,NULL,NULL,NULL,NULL,0,NULL,NULL,NULL,NULL,NULL,NULL,0,NULL,1,'0',NULL,NULL,'HR Specialist, China',0,'正式Permanent',2,NULL,0,'2014-01-22 05:16:24','Y4691665','赵樱璐',0,51,2),(1150,NULL,'1974-09-15 00:00:00','630104197409152027',10100101,'20221201.00','2014-01-22 05:16:24',NULL,'2006-07-18 00:00:00',NULL,NULL,NULL,NULL,NULL,NULL,NULL,NULL,NULL,0,NULL,NULL,NULL,NULL,NULL,NULL,0,NULL,1,'0',NULL,NULL,'Customer Service Supervisor',0,'正式Permanent',2,NULL,0,'2014-01-22 05:16:24','J3978025','张瑾',0,39,2),(1151,NULL,'1977-10-07 00:00:00','342422197710078585',10100101,'20210512.00','2014-01-22 05:16:24',NULL,'2006-07-24 00:00:00',NULL,NULL,NULL,NULL,NULL,NULL,NULL,NULL,NULL,0,NULL,NULL,NULL,NULL,NULL,NULL,0,NULL,1,'0',NULL,NULL,'Operator',0,'临时Temp',2,NULL,0,'2014-01-22 05:16:24','Y4811553','王云莲',0,45,2),(1152,NULL,'1975-03-25 00:00:00','510106197503255917',10100101,'20221403.00','2014-01-22 05:16:24',NULL,'2006-11-09 00:00:00',NULL,NULL,NULL,NULL,NULL,NULL,NULL,NULL,NULL,0,NULL,NULL,NULL,NULL,NULL,NULL,0,NULL,1,'0',NULL,NULL,'Market Manager, Automotive After Market, China &\nRegional Sales Manager, Industrial Market, SW China',0,'正式Permanent',1,NULL,0,'2014-01-22 05:16:24','J0321138','何静',0,37,2),(1153,NULL,'1973-01-04 00:00:00','513026197301041550',10100101,'20210115.00','2014-01-22 05:16:24',NULL,'2005-12-07 00:00:00',NULL,NULL,NULL,NULL,NULL,NULL,NULL,NULL,NULL,0,NULL,NULL,NULL,NULL,NULL,NULL,0,NULL,1,'0',NULL,NULL,'Operator',0,'临时Temp',1,NULL,0,'2014-01-22 05:16:24','D8791160','黄德力',0,36,2),(1154,NULL,'1986-07-28 00:00:00','371328198607283531',10100101,'20210115.00','2014-01-22 05:16:24',NULL,'2006-12-14 00:00:00',NULL,NULL,NULL,NULL,NULL,NULL,NULL,NULL,NULL,0,NULL,NULL,NULL,NULL,NULL,NULL,0,NULL,1,'0',NULL,NULL,'Operator',0,'临时Temp',1,NULL,0,'2014-01-22 05:16:24','Z5830107','张正凯',0,36,2),(1155,NULL,'1981-10-30 00:00:00','411302198110305431',10100101,'20210115.00','2014-01-22 05:16:24',NULL,'2006-12-14 00:00:00',NULL,NULL,NULL,NULL,NULL,NULL,NULL,NULL,NULL,0,NULL,NULL,NULL,NULL,NULL,NULL,0,NULL,1,'0',NULL,NULL,'Operator',0,'临时Temp',1,NULL,0,'2014-01-22 05:16:24','M1470578','崔淼',0,36,2),(1156,NULL,'1979-03-08 00:00:00','320104197903082412',10100101,'20221423.00','2014-01-22 05:16:24',NULL,'2007-01-04 00:00:00',NULL,NULL,NULL,NULL,NULL,NULL,NULL,NULL,NULL,0,NULL,NULL,NULL,NULL,NULL,NULL,0,NULL,1,'0',NULL,NULL,'Key Account Manager of NGC, China',0,'正式Permanent',1,NULL,0,'2014-01-22 05:16:24','N5869450','何宁加',0,37,2),(1157,NULL,'1982-04-15 00:00:00','310227198204150060',10100101,'20210433.00','2014-01-22 05:16:24',NULL,'2007-01-02 00:00:00',NULL,NULL,NULL,NULL,NULL,NULL,NULL,NULL,NULL,0,NULL,NULL,NULL,NULL,NULL,NULL,0,NULL,1,'0',NULL,NULL,'Buyer, TW&CPD Shanghai',0,'正式Permanent',2,NULL,0,'2014-01-22 05:16:24','M8839191','洪明敏',0,41,2),(1158,NULL,'1977-03-17 00:00:00','52010319770317281x',10100101,'20221330.00','2014-01-22 05:16:24',NULL,'2007-01-12 00:00:00',NULL,NULL,NULL,NULL,NULL,NULL,NULL,NULL,NULL,0,NULL,NULL,NULL,NULL,NULL,NULL,0,NULL,1,'0',NULL,NULL,'Market Manager, Electronic, SA China',0,'正式Permanent',1,NULL,0,'2014-01-22 05:16:24','H6865066','张晖',0,33,2),(1159,NULL,'1981-07-17 00:00:00','432902198107178416',10100101,'20221414.00','2014-01-22 05:16:24',NULL,'2007-01-29 00:00:00',NULL,NULL,NULL,NULL,NULL,NULL,NULL,NULL,NULL,0,NULL,NULL,NULL,NULL,NULL,NULL,0,NULL,1,'0',NULL,NULL,'Product Manager, SA China',0,'正式Permanent',1,NULL,0,'2014-01-22 05:16:24','M2545211','潘名军',0,33,2),(1160,NULL,'1980-08-08 00:00:00','532930198008072113',10100101,'20210421.00','2014-01-22 05:16:24',NULL,'2007-02-06 00:00:00',NULL,NULL,NULL,NULL,NULL,NULL,NULL,NULL,NULL,0,NULL,NULL,NULL,NULL,NULL,NULL,0,NULL,1,'0',NULL,NULL,'Operator',0,'临时Temp',1,NULL,0,'2014-01-22 05:16:24','Z4106968','段植华',0,44,2),(1161,NULL,'1978-11-22 00:00:00','310112197811223327',10100101,'20210433.00','2014-01-22 05:16:24',NULL,'2007-03-12 00:00:00',NULL,NULL,NULL,NULL,NULL,NULL,NULL,NULL,NULL,0,NULL,NULL,NULL,NULL,NULL,NULL,0,NULL,1,'0',NULL,NULL,'Planner, CPD Shanghai',0,'正式Permanent',2,NULL,0,'2014-01-22 05:16:24','J6608471','黄菊香',0,44,2),(1162,NULL,'1965-02-15 00:00:00','51082319650215214X',10100101,'20210512.00','2014-01-22 05:16:24',NULL,'2007-03-16 00:00:00',NULL,NULL,NULL,NULL,NULL,NULL,NULL,NULL,NULL,0,NULL,NULL,NULL,NULL,NULL,NULL,0,NULL,1,'0','2013-10-14 00:00:00',NULL,'Operator',0,'临时Temp',2,NULL,0,'2014-01-22 05:16:24','J6113220','龚从秀',0,45,2),(1163,NULL,'1974-09-26 00:00:00','310228197409261022',10100101,'20210512.00','2014-01-22 05:16:24',NULL,'2007-03-16 00:00:00',NULL,NULL,NULL,NULL,NULL,NULL,NULL,NULL,NULL,0,NULL,NULL,NULL,NULL,NULL,NULL,0,NULL,1,'0',NULL,NULL,'Operator',0,'临时Temp',2,NULL,0,'2014-01-22 05:16:24','H6091968','孙海英',0,45,2),(1164,NULL,'1978-10-29 00:00:00','340122197810290913',10100101,'20221405.00','2014-01-22 05:16:24',NULL,'2007-04-16 00:00:00',NULL,NULL,NULL,NULL,NULL,NULL,NULL,NULL,NULL,0,NULL,NULL,NULL,NULL,NULL,NULL,0,NULL,1,'0',NULL,NULL,'Acting National Sales Manager, Hardware Market, China',0,'正式Permanent',1,NULL,0,'2014-01-22 05:16:24','M3155269','刘明',0,37,2),(1165,NULL,'1982-08-26 00:00:00','513722820826391',10100101,'20210512.00','2014-01-22 05:16:24',NULL,'2007-05-08 00:00:00',NULL,NULL,NULL,NULL,NULL,NULL,NULL,NULL,NULL,0,NULL,NULL,NULL,NULL,NULL,NULL,0,NULL,1,'0','2013-01-28 00:00:00',NULL,'Operator',0,'临时Temp',1,NULL,0,'2014-01-22 05:16:24','Z4821630','余致军',0,45,2),(1166,NULL,'1979-07-07 00:00:00','K9878548',10100101,'0.00','2014-01-22 05:16:24',NULL,'2003-01-27 00:00:00',NULL,NULL,NULL,NULL,NULL,NULL,NULL,NULL,NULL,0,NULL,NULL,NULL,NULL,NULL,NULL,0,NULL,1,'0',NULL,NULL,'Customer Service Supervisor',0,'正式Permanent',2,NULL,0,'2014-01-22 05:16:24','Y5858405','梁苑婷',0,39,2),(1167,NULL,'1968-09-23 00:00:00','PNLJ076903',10100101,'0.00','2014-01-22 05:16:24',NULL,'2005-05-17 00:00:00',NULL,NULL,NULL,NULL,NULL,NULL,NULL,NULL,NULL,0,NULL,NULL,NULL,NULL,NULL,NULL,0,NULL,1,'0',NULL,NULL,'Marketing Communication Manager，China',0,'正式Permanent',2,NULL,0,'2014-01-22 05:16:24','Y3433644','王悦',0,38,2),(1168,NULL,'1980-01-03 00:00:00','433027198001035811',10100101,'20210424.00','2014-01-22 05:16:24',NULL,'2007-06-12 00:00:00',NULL,NULL,NULL,NULL,NULL,NULL,NULL,NULL,NULL,0,NULL,NULL,NULL,NULL,NULL,NULL,0,NULL,1,'0',NULL,NULL,'Operator',0,'临时Temp',1,NULL,0,'2014-01-22 05:16:24','J4897969','蒋家军',0,44,2),(1169,NULL,'1987-08-15 00:00:00','371324198708155250',10100101,'20210415.00','2014-01-22 05:16:24',NULL,'2007-06-12 00:00:00',NULL,NULL,NULL,NULL,NULL,NULL,NULL,NULL,NULL,0,NULL,NULL,NULL,NULL,NULL,NULL,0,NULL,1,'0','2013-10-30 00:00:00',NULL,'Operator',0,'临时Temp',1,NULL,0,'2014-01-22 05:16:24','C4220454','秦传浩',0,44,2),(1170,NULL,'1979-01-18 00:00:00','513722197901184275',10100101,'20210512.00','2014-01-22 05:16:24',NULL,'2007-06-12 00:00:00',NULL,NULL,NULL,NULL,NULL,NULL,NULL,NULL,NULL,0,NULL,NULL,NULL,NULL,NULL,NULL,0,NULL,1,'0',NULL,NULL,'Operator',0,'临时Temp',1,NULL,0,'2014-01-22 05:16:24','Q6028901','张秋实',0,45,2),(1171,NULL,'1985-01-09 00:00:00','420582198501097901',10100101,'20210172.00','2014-01-22 05:16:24',NULL,'2007-06-14 00:00:00',NULL,NULL,NULL,NULL,NULL,NULL,NULL,NULL,NULL,0,NULL,NULL,NULL,NULL,NULL,NULL,0,NULL,1,'0',NULL,NULL,'Process Technician, BA Shanghai',0,'正式Permanent',2,NULL,0,'2014-01-22 05:16:24','X2712488','牛小姝',0,36,2),(1172,NULL,'1983-01-31 00:00:00','342423198301315173',10100101,'20210122.00','2014-01-22 05:16:24',NULL,'2007-06-15 00:00:00',NULL,NULL,NULL,NULL,NULL,NULL,NULL,NULL,NULL,0,NULL,NULL,NULL,NULL,NULL,NULL,0,NULL,1,'0',NULL,NULL,'Operator',0,'临时Temp',1,NULL,0,'2014-01-22 05:16:24','Y3891978','王永兵',0,36,2),(1173,NULL,'1987-07-16 00:00:00','342524198707160927',10100101,'20221201.00','2014-01-22 05:16:24',NULL,'2009-07-03 00:00:00',NULL,NULL,NULL,NULL,NULL,NULL,NULL,NULL,NULL,0,NULL,NULL,NULL,NULL,NULL,NULL,0,NULL,1,'0',NULL,NULL,'Customer Service Representative',0,'正式Permanent',2,NULL,0,'2014-01-22 05:16:24','Y2333690','熊华银',0,39,2),(1174,NULL,'1983-02-26 00:00:00','342401198302261543',10100101,'20210518.00','2014-01-22 05:16:24',NULL,'2007-06-26 00:00:00',NULL,NULL,NULL,NULL,NULL,NULL,NULL,NULL,NULL,0,NULL,NULL,NULL,NULL,NULL,NULL,0,NULL,1,'0',NULL,NULL,'Operator',0,'临时Temp',2,NULL,0,'2014-01-22 05:16:24','W6179293','王伟',0,45,2),(1175,NULL,'1982-08-02 00:00:00','513721198208025178',10100101,'20210115.00','2014-01-22 05:16:24',NULL,'2007-06-29 00:00:00',NULL,NULL,NULL,NULL,NULL,NULL,NULL,NULL,NULL,0,NULL,NULL,NULL,NULL,NULL,NULL,0,NULL,1,'0',NULL,NULL,'Operator',0,'临时Temp',1,NULL,0,'2014-01-22 05:16:24','X4761113','王小平',0,36,2),(1176,NULL,'1961-06-04 00:00:00','310226196106040532',10100101,'20210012.00','2014-01-22 05:16:24',NULL,'2007-07-02 00:00:00',NULL,NULL,NULL,NULL,NULL,NULL,NULL,NULL,NULL,0,NULL,NULL,NULL,NULL,NULL,NULL,0,NULL,1,'0',NULL,NULL,'Operator',0,'正式Permanent',1,NULL,0,'2014-01-22 05:16:24','J9162571','蒋菊明',0,41,2),(1177,NULL,'1983-05-28 00:00:00','310107198305280955',10100101,'20221340.00','2014-01-22 05:16:24',NULL,'2007-07-16 00:00:00',NULL,NULL,NULL,NULL,NULL,NULL,NULL,NULL,NULL,0,NULL,NULL,NULL,NULL,NULL,NULL,0,NULL,1,'0',NULL,NULL,'Product Engineer, CPD China',0,'正式Permanent',1,NULL,0,'2014-01-22 05:16:24','J2384448','张杰',0,44,2),(1178,NULL,'1984-03-01 00:00:00','310110198403015192',10100101,'20221310.00','2014-01-22 05:16:24',NULL,'2007-07-23 00:00:00',NULL,NULL,NULL,NULL,NULL,NULL,NULL,NULL,NULL,0,NULL,NULL,NULL,NULL,NULL,NULL,0,NULL,1,'0',NULL,NULL,'Associate Product Manager, BA China',0,'正式Permanent',1,NULL,0,'2014-01-22 05:16:24','Z1784405','王子磊',0,36,2),(1179,NULL,'1982-02-19 00:00:00','340223198202196719',10100101,'20234114.00','2014-01-22 05:16:24',NULL,'2007-07-27 00:00:00',NULL,NULL,NULL,NULL,NULL,NULL,NULL,NULL,NULL,0,NULL,NULL,NULL,NULL,NULL,NULL,0,NULL,1,'0',NULL,NULL,'Operator',0,'正式Permanent',1,NULL,0,'2014-01-22 05:16:24','S1360194','殷胜祥',0,42,2),(1180,NULL,'1984-11-25 00:00:00','310104198411256829',10100101,'20234105.00','2014-01-22 05:16:24',NULL,'2007-07-31 00:00:00',NULL,NULL,NULL,NULL,NULL,NULL,NULL,NULL,NULL,0,NULL,NULL,NULL,NULL,NULL,NULL,0,NULL,1,'0',NULL,NULL,'Admin Supervisor, Shanghai',0,'正式Permanent',2,NULL,0,'2014-01-22 05:16:24','Q6672916','王琦',0,35,2),(1181,NULL,'1977-09-06 00:00:00','411425197709067236',10100101,'20210511.00','2014-01-22 05:16:24',NULL,'2007-07-31 00:00:00',NULL,NULL,NULL,NULL,NULL,NULL,NULL,NULL,NULL,0,NULL,NULL,NULL,NULL,NULL,NULL,0,NULL,1,'0',NULL,NULL,'Operator',0,'临时Temp',1,NULL,0,'2014-01-22 05:16:24','C5872041','耿传新',0,45,2),(1182,NULL,'1980-08-17 00:00:00','513722198008171273',10100101,'20210113.00','2014-01-22 05:16:24',NULL,'2007-08-09 00:00:00',NULL,NULL,NULL,NULL,NULL,NULL,NULL,NULL,NULL,0,NULL,NULL,NULL,NULL,NULL,NULL,0,NULL,1,'0',NULL,NULL,'Operator',0,'临时Temp',1,NULL,0,'2014-01-22 05:16:24','P0280489','杜鹏',0,36,2),(1183,NULL,'1977-11-03 00:00:00','342423197711036797',10100101,'20210113.00','2014-01-22 05:16:24',NULL,'2007-08-13 00:00:00',NULL,NULL,NULL,NULL,NULL,NULL,NULL,NULL,NULL,0,NULL,NULL,NULL,NULL,NULL,NULL,0,NULL,1,'0',NULL,NULL,'Operator',0,'临时Temp',1,NULL,0,'2014-01-22 05:16:24','B0437798','刘斌',0,36,2),(1184,NULL,'1972-10-20 00:00:00','321324197210204330',10100101,'20210132.00','2014-01-22 05:16:24',NULL,'2007-08-13 00:00:00',NULL,NULL,NULL,NULL,NULL,NULL,NULL,NULL,NULL,0,NULL,NULL,NULL,NULL,NULL,NULL,0,NULL,1,'0',NULL,NULL,'Operator',0,'临时Temp',1,NULL,0,'2014-01-22 05:16:24','J2926520','张军',0,36,2),(1185,NULL,'1979-03-06 00:00:00','120113197903060829',10100101,'20210437.00','2014-01-22 05:16:24',NULL,'2007-08-20 00:00:00',NULL,NULL,NULL,NULL,NULL,NULL,NULL,NULL,NULL,0,NULL,NULL,NULL,NULL,NULL,NULL,0,NULL,1,'0','2013-08-31 00:00:00',NULL,'Process Supervisor, CPD Shanghai',0,'正式Permanent',2,NULL,0,'2014-01-22 05:16:24','H1687137','赵晖',0,44,2),(1186,NULL,'1981-05-19 00:00:00','440883198105194212',10100101,'20221417.00','2014-01-22 05:16:24',NULL,'2007-08-27 00:00:00',NULL,NULL,NULL,NULL,NULL,NULL,NULL,NULL,NULL,0,NULL,NULL,NULL,NULL,NULL,NULL,0,NULL,1,'0',NULL,NULL,'Sales Engineer, Industrial Market, Guangzhou',0,'正式Permanent',1,NULL,0,'2014-01-22 05:16:24','J9989990','杨均柏',0,37,2),(1187,NULL,'1978-10-02 00:00:00','412326197810026019',10100101,'20210115.00','2014-01-22 05:16:24',NULL,'2007-09-12 00:00:00',NULL,NULL,NULL,NULL,NULL,NULL,NULL,NULL,NULL,0,NULL,NULL,NULL,NULL,NULL,NULL,0,NULL,1,'0',NULL,NULL,'Operator',0,'临时Temp',1,NULL,0,'2014-01-22 05:16:24','J1901939','李杰',0,36,2),(1188,NULL,'1975-04-21 00:00:00','513027197504217110',10100101,'20210115.00','2014-01-22 05:16:24',NULL,'2007-09-19 00:00:00',NULL,NULL,NULL,NULL,NULL,NULL,NULL,NULL,NULL,0,NULL,NULL,NULL,NULL,NULL,NULL,0,NULL,1,'0',NULL,NULL,'Operator',0,'临时Temp',1,NULL,0,'2014-01-22 05:16:24','Y7382933','吴勇',0,36,2),(1189,NULL,'1979-06-18 00:00:00','132123197906182334',10100101,'20221401.00','2014-01-22 05:16:24',NULL,'2007-10-08 00:00:00',NULL,NULL,NULL,NULL,NULL,NULL,NULL,NULL,NULL,0,NULL,NULL,NULL,NULL,NULL,NULL,0,NULL,1,'0',NULL,NULL,'Senior Sales Engineer, Industrial Market, Tianjing',0,'正式Permanent',1,NULL,0,'2014-01-22 05:16:24','H4428861','宋好武',0,37,2),(1190,NULL,'1986-09-17 00:00:00','32132319860917395X',10100101,'20210525.00','2014-01-22 05:16:24',NULL,'2007-10-15 00:00:00',NULL,NULL,NULL,NULL,NULL,NULL,NULL,NULL,NULL,0,NULL,NULL,NULL,NULL,NULL,NULL,0,NULL,1,'0',NULL,NULL,'Operator',0,'临时Temp',1,NULL,0,'2014-01-22 05:16:24','K8223111','王凯',0,48,2),(1191,NULL,'1980-10-05 00:00:00','413024198010052354',10100101,'20210115.00','2014-01-22 05:16:24',NULL,'2007-10-30 00:00:00',NULL,NULL,NULL,NULL,NULL,NULL,NULL,NULL,NULL,0,NULL,NULL,NULL,NULL,NULL,NULL,0,NULL,1,'0',NULL,NULL,'Operator',0,'临时Temp',1,NULL,0,'2014-01-22 05:16:24','M4535064','袁明飞',0,36,2),(1192,NULL,'1985-12-19 00:00:00','310104198512197223',10100101,'20233101.00','2014-01-22 05:16:24',NULL,'2008-07-01 00:00:00',NULL,NULL,NULL,NULL,NULL,NULL,NULL,NULL,NULL,0,NULL,NULL,NULL,NULL,NULL,NULL,0,NULL,1,'0',NULL,NULL,'HR Specialist, Shanghai',0,'正式Permanent',2,NULL,0,'2014-01-22 05:16:24','Y1273860','陈童盈子',0,51,2),(1193,NULL,'1979-06-27 00:00:00','432326197906273640',10100101,'20250001.00','2014-01-22 05:16:24',NULL,'2008-01-02 00:00:00',NULL,NULL,NULL,NULL,NULL,NULL,NULL,NULL,NULL,0,NULL,NULL,NULL,NULL,NULL,NULL,0,NULL,1,'0',NULL,NULL,'Logistics Manager, China',0,'正式Permanent',2,NULL,0,'2014-01-22 05:16:24','Y1080501','何艳红',0,50,2),(1194,NULL,'1977-05-30 00:00:00','440104197705304130',10100101,'20221417.00','2014-01-22 05:16:24',NULL,'2008-01-21 00:00:00',NULL,NULL,NULL,NULL,NULL,NULL,NULL,NULL,NULL,0,NULL,NULL,NULL,NULL,NULL,NULL,0,NULL,1,'0','2013-12-22 00:00:00',NULL,'Senior Sales Engineer, Industrial Market, Guangzhou',0,'正式Permanent',1,NULL,0,'2014-01-22 05:16:24','P1569638','官鹏',0,37,2),(1195,NULL,'1985-12-19 00:00:00','31011219851219521X',10100101,'20221201.00','2014-01-22 05:16:24',NULL,'2008-07-15 00:00:00',NULL,NULL,NULL,NULL,NULL,NULL,NULL,NULL,NULL,0,NULL,NULL,NULL,NULL,NULL,NULL,0,NULL,1,'0','2013-06-14 00:00:00',NULL,'Customer Service Representative',0,'正式Permanent',1,NULL,0,'2014-01-22 05:16:24','H1729869','姜洪捷',0,39,2),(1196,NULL,'1975-02-17 00:00:00','513026197502172282',10100101,'20210512.00','2014-01-22 05:16:24',NULL,'2008-03-03 00:00:00',NULL,NULL,NULL,NULL,NULL,NULL,NULL,NULL,NULL,0,NULL,NULL,NULL,NULL,NULL,NULL,0,NULL,1,'0',NULL,NULL,'Operator',0,'临时Temp',2,NULL,0,'2014-01-22 05:16:24','X4845632','杨小玲',0,45,2),(1197,NULL,'1984-08-27 00:00:00','342423198408276856',10100101,'20210517.00','2014-01-22 05:16:24',NULL,'2008-03-03 00:00:00',NULL,NULL,NULL,NULL,NULL,NULL,NULL,NULL,NULL,0,NULL,NULL,NULL,NULL,NULL,NULL,0,NULL,1,'0',NULL,NULL,'Operator',0,'临时Temp',1,NULL,0,'2014-01-22 05:16:24','R0971480','代荣恩',0,45,2),(1198,NULL,'1982-06-19 00:00:00','342921198206195016',10100101,'20221422.00','2014-01-22 05:16:24',NULL,'2008-04-01 00:00:00',NULL,NULL,NULL,NULL,NULL,NULL,NULL,NULL,NULL,0,NULL,NULL,NULL,NULL,NULL,NULL,0,NULL,1,'0',NULL,NULL,'Sales Engineer, Industrial Market, Hangzhou',0,'正式Permanent',1,NULL,0,'2014-01-22 05:16:24','X3504803','邵先进',0,37,2),(1199,NULL,'1985-08-28 00:00:00','310230198508282917',10100101,'20210609.00','2014-01-22 05:16:24',NULL,'2009-11-06 00:00:00',NULL,NULL,NULL,NULL,NULL,NULL,NULL,NULL,NULL,0,NULL,NULL,NULL,NULL,NULL,NULL,0,NULL,1,'0',NULL,NULL,'Operator',0,'正式Permanent',1,NULL,0,'2014-01-22 05:16:24','Z9051580','陆洲',0,33,2),(1200,NULL,'1976-06-24 00:00:00','620503197606245314',10100101,'20210515.00','2014-01-22 05:16:24',NULL,'2008-04-23 00:00:00',NULL,NULL,NULL,NULL,NULL,NULL,NULL,NULL,NULL,0,NULL,NULL,NULL,NULL,NULL,NULL,0,NULL,1,'0',NULL,NULL,'Operator',0,'临时Temp',1,NULL,0,'2014-01-22 05:16:24','R9918281','熊瑞平',0,45,2),(1201,NULL,'1983-09-02 00:00:00','342422198309021413',10100101,'20210125.00','2014-01-22 05:16:24',NULL,'2008-04-23 00:00:00',NULL,NULL,NULL,NULL,NULL,NULL,NULL,NULL,NULL,0,NULL,NULL,NULL,NULL,NULL,NULL,0,NULL,1,'0',NULL,NULL,'Operator',0,'临时Temp',1,NULL,0,'2014-01-22 05:16:24','L6466540','彭磊',0,36,2),(1202,NULL,'1978-10-29 00:00:00','362401197810291043',10100101,'20210424.00','2014-01-22 05:16:24',NULL,'2008-05-06 00:00:00',NULL,NULL,NULL,NULL,NULL,NULL,NULL,NULL,NULL,0,NULL,NULL,NULL,NULL,NULL,NULL,0,NULL,1,'0',NULL,NULL,'Operator',0,'正式Permanent',2,NULL,0,'2014-01-22 05:16:24','Q3222281','肖琼',0,44,2),(1203,NULL,'1988-12-17 00:00:00','410482198812176773',10100101,'20210512.00','2014-01-22 05:16:24',NULL,'2008-05-19 00:00:00',NULL,NULL,NULL,NULL,NULL,NULL,NULL,NULL,NULL,0,NULL,NULL,NULL,NULL,NULL,NULL,0,NULL,1,'0',NULL,NULL,'Operator',0,'临时Temp',1,NULL,0,'2014-01-22 05:16:24','S3946343','高上飞',0,45,2),(1204,NULL,'1985-12-16 00:00:00','350582198512162096',10100101,'20221310.00','2014-01-22 05:16:24',NULL,'2008-06-01 00:00:00',NULL,NULL,NULL,NULL,NULL,NULL,NULL,NULL,NULL,0,NULL,NULL,NULL,NULL,NULL,NULL,0,NULL,1,'0',NULL,NULL,'Senior Product Engineer, BA China',0,'正式Permanent',1,NULL,0,'2014-01-22 05:16:24','W8940701','柯炜煌',0,36,2),(1205,NULL,'1982-02-28 00:00:00','341203198202283113',10100101,'20210145.00','2014-01-22 05:16:24',NULL,'2008-06-04 00:00:00',NULL,NULL,NULL,NULL,NULL,NULL,NULL,NULL,NULL,0,NULL,NULL,NULL,NULL,NULL,NULL,0,NULL,1,'0',NULL,NULL,'Operator',0,'临时Temp',1,NULL,0,'2014-01-22 05:16:24','X0594435','马献军',0,36,2),(1206,NULL,'1985-05-06 00:00:00','342423198505066965',10100101,'20210518.00','2014-01-22 05:16:24',NULL,'2008-06-04 00:00:00',NULL,NULL,NULL,NULL,NULL,NULL,NULL,NULL,NULL,0,NULL,NULL,NULL,NULL,NULL,NULL,0,NULL,1,'0',NULL,NULL,'Operator',0,'临时Temp',2,NULL,0,'2014-01-22 05:16:24','L1886015','王玲',0,45,2),(1207,NULL,'1986-03-18 00:00:00','511922198603183817',10100101,'20210137.00','2014-01-22 05:16:24',NULL,'2008-06-16 00:00:00',NULL,NULL,NULL,NULL,NULL,NULL,NULL,NULL,NULL,0,NULL,NULL,NULL,NULL,NULL,NULL,0,NULL,1,'0',NULL,NULL,'Operator',0,'临时Temp',1,NULL,0,'2014-01-22 05:16:24','J1453410','何家红',0,36,2),(1208,NULL,'1981-05-07 00:00:00','142726198105072715',10100101,'20210136.00','2014-01-22 05:16:24',NULL,'2008-06-16 00:00:00',NULL,NULL,NULL,NULL,NULL,NULL,NULL,NULL,NULL,0,NULL,NULL,NULL,NULL,NULL,NULL,0,NULL,1,'0',NULL,NULL,'Operator',0,'临时Temp',1,NULL,0,'2014-01-22 05:16:24','H6715684','邓浩',0,36,2),(1209,NULL,'1983-06-16 00:00:00','321023198306166510',10100101,'20210512.00','2014-01-22 05:16:24',NULL,'2008-06-20 00:00:00',NULL,NULL,NULL,NULL,NULL,NULL,NULL,NULL,NULL,0,NULL,NULL,NULL,NULL,NULL,NULL,0,NULL,1,'0',NULL,NULL,'Operator',0,'临时Temp',1,NULL,0,'2014-01-22 05:16:24','Z9170900','李治华',0,45,2),(1210,NULL,'1978-10-17 00:00:00','340504197810170013',10100101,'20221201.00','2014-01-22 05:16:24',NULL,'2008-07-01 00:00:00',NULL,NULL,NULL,NULL,NULL,NULL,NULL,NULL,NULL,0,NULL,NULL,NULL,NULL,NULL,NULL,0,NULL,1,'0',NULL,NULL,'Customer Service Specialist',0,'正式Permanent',1,NULL,0,'2014-01-22 05:16:24','B1367055','沈炳际',0,39,2),(1211,NULL,'1971-10-12 00:00:00','310103197110122850',10100101,'20210008.00','2014-01-22 05:16:24',NULL,'2008-07-04 00:00:00',NULL,NULL,NULL,NULL,NULL,NULL,NULL,NULL,NULL,0,NULL,NULL,NULL,NULL,NULL,NULL,0,NULL,1,'0',NULL,NULL,'EHS Manager,China',0,'正式Permanent',1,NULL,0,'2014-01-22 05:16:24','G2218430','朱刚',0,52,2),(1212,NULL,'1981-12-15 00:00:00','310225198112151303',10100101,'20210679.00','2014-01-22 05:16:24',NULL,'2008-07-14 00:00:00',NULL,NULL,NULL,NULL,NULL,NULL,NULL,NULL,NULL,0,NULL,NULL,NULL,NULL,NULL,NULL,0,NULL,1,'0',NULL,NULL,'Planner, SA Shanghai',0,'正式Permanent',2,NULL,0,'2014-01-22 05:16:24','B3409284','周蓓',0,33,2),(1213,NULL,'1980-12-12 00:00:00','412827198005212044',10100101,'20210422.00','2014-01-22 05:16:24',NULL,'2008-07-17 00:00:00',NULL,NULL,NULL,NULL,NULL,NULL,NULL,NULL,NULL,0,NULL,NULL,NULL,NULL,NULL,NULL,0,NULL,1,'0',NULL,NULL,'Operator',0,'临时Temp',2,NULL,0,'2014-01-22 05:16:24','Y9139281','王艳霞',0,44,2),(1214,NULL,'1983-02-03 00:00:00','410781198302032059',10100101,'20210513.00','2014-01-22 05:16:24',NULL,'2008-07-21 00:00:00',NULL,NULL,NULL,NULL,NULL,NULL,NULL,NULL,NULL,0,NULL,NULL,NULL,NULL,NULL,NULL,0,NULL,1,'0',NULL,NULL,'Operator',0,'临时Temp',1,NULL,0,'2014-01-22 05:16:24','L6483850','原利明',0,45,2),(1215,NULL,'1981-09-04 00:00:00','310228198109043634',10100101,'20221426.00','2014-01-22 05:16:24',NULL,'2008-07-21 00:00:00',NULL,NULL,NULL,NULL,NULL,NULL,NULL,NULL,NULL,0,NULL,NULL,NULL,NULL,NULL,NULL,0,NULL,1,'0',NULL,NULL,'Senior Sales Engineer, Glass Market, China',0,'正式Permanent',1,NULL,0,'2014-01-22 05:16:24','Z7101559','陆中杰',0,37,2),(1216,NULL,'1977-06-14 00:00:00','51040219770614381X',10100101,'20221403.00','2014-01-22 05:16:24',NULL,'2008-07-28 00:00:00',NULL,NULL,NULL,NULL,NULL,NULL,NULL,NULL,NULL,0,NULL,NULL,NULL,NULL,NULL,NULL,0,NULL,1,'0',NULL,NULL,'Sales Engineer, Industrial Market, Chengdu',0,'正式Permanent',1,NULL,0,'2014-01-22 05:16:24','Z0333958','曹志',0,37,2),(1217,NULL,'1977-05-10 00:00:00','230119197705100184',10100101,'20231101.00','2014-01-22 05:16:24',NULL,'2008-08-04 00:00:00',NULL,NULL,NULL,NULL,NULL,NULL,NULL,NULL,NULL,0,NULL,NULL,NULL,NULL,NULL,NULL,0,NULL,1,'0',NULL,NULL,'Business Controller, TW&CPD China',0,'正式Permanent',2,NULL,0,'2014-01-22 05:16:24','L5628534','张丽娜',0,34,2),(1218,NULL,'1959-10-09 00:00:00','310106195910091650',10100101,'20210012.00','2014-01-22 05:16:24',NULL,'2008-08-11 00:00:00',NULL,NULL,NULL,NULL,NULL,NULL,NULL,NULL,NULL,0,NULL,NULL,NULL,NULL,NULL,NULL,0,NULL,1,'0',NULL,NULL,'Operator',0,'正式Permanent',1,NULL,0,'2014-01-22 05:16:24','W4239969','丁文侠',0,41,2),(1219,NULL,'1968-10-05 00:00:00','310107196810051281',10100101,'20233103.00','2014-01-22 05:16:24',NULL,'2008-09-16 00:00:00',NULL,NULL,NULL,NULL,NULL,NULL,NULL,NULL,NULL,0,NULL,NULL,NULL,NULL,NULL,NULL,0,NULL,1,'0','2012-12-31 00:00:00',NULL,'HR&Admin Director, Abrasives China',0,'正式Permanent',2,NULL,0,'2014-01-22 05:16:24','X0983443','陈晓红',0,53,2),(1220,NULL,'1976-11-03 00:00:00','310226197611033258',10100101,'20210171.00','2014-01-22 05:16:24',NULL,'2008-09-17 00:00:00',NULL,NULL,NULL,NULL,NULL,NULL,NULL,NULL,NULL,0,NULL,NULL,NULL,NULL,NULL,NULL,0,NULL,1,'0',NULL,NULL,'Operator',0,'正式Permanent',1,NULL,0,'2014-01-22 05:16:24','H5760337','陈华',0,36,2),(1221,NULL,'1982-09-23 00:00:00','411326198209235112',10100101,'20221401.00','2014-01-22 05:16:24',NULL,'2008-10-13 00:00:00',NULL,NULL,NULL,NULL,NULL,NULL,NULL,NULL,NULL,0,NULL,NULL,NULL,NULL,NULL,NULL,0,NULL,1,'0',NULL,NULL,'Senior Sales Engineer, Industrial Market, Henan',0,'正式Permanent',1,NULL,0,'2014-01-22 05:16:24','D7322039','闫大付',0,37,2),(1222,NULL,'1978-01-22 00:00:00','510421197801220819',10100101,'20221417.00','2014-01-22 05:16:24',NULL,'2008-10-13 00:00:00',NULL,NULL,NULL,NULL,NULL,NULL,NULL,NULL,NULL,0,NULL,NULL,NULL,NULL,NULL,NULL,0,NULL,1,'0',NULL,NULL,'Senior Sales Engineer, Industrial Market, Guangzhou',0,'正式Permanent',1,NULL,0,'2014-01-22 05:16:24','Z3524281','刘忠华',0,37,2),(1223,NULL,'1984-01-19 00:00:00','08CA76872',10100101,'20221340.00','2014-01-22 05:16:24',NULL,'2010-04-01 00:00:00',NULL,NULL,NULL,NULL,NULL,NULL,NULL,NULL,NULL,0,NULL,NULL,NULL,NULL,NULL,NULL,0,NULL,1,'0',NULL,NULL,'Market Manager, CPD China',0,'正式Permanent',1,NULL,0,'2014-01-22 05:16:24','C5649989','Claude',0,44,2),(1224,NULL,'1975-09-26 00:00:00','Z2018445',10100101,'20221310.00','2014-01-22 05:16:24',NULL,'2008-10-01 00:00:00',NULL,NULL,NULL,NULL,NULL,NULL,NULL,NULL,NULL,0,NULL,NULL,NULL,NULL,NULL,NULL,0,NULL,1,'0','2013-09-30 00:00:00',NULL,'Director of Product Management , BA Asia',0,'正式Permanent',1,NULL,0,'2014-01-22 05:16:24','R6750445','Rohit',0,36,2),(1225,NULL,'1974-07-17 00:00:00','310221197407175214',10100101,'20231102.00','2014-01-22 05:16:24',NULL,'2008-12-08 00:00:00',NULL,NULL,NULL,NULL,NULL,NULL,NULL,NULL,NULL,0,NULL,NULL,NULL,NULL,NULL,NULL,0,NULL,1,'0',NULL,NULL,'Deputy Finance Director, China',0,'正式Permanent',1,NULL,0,'2014-01-22 05:16:24','G1669005','施国平',0,34,2),(1226,NULL,'1983-11-01 00:00:00','370828198311010610',10100101,'20221350.00','2014-01-22 05:16:24',NULL,'2009-04-15 00:00:00',NULL,NULL,NULL,NULL,NULL,NULL,NULL,NULL,NULL,0,NULL,NULL,NULL,NULL,NULL,NULL,0,NULL,1,'0','2013-02-28 00:00:00',NULL,'Product Supervisor, TW China',0,'正式Permanent',1,NULL,0,'2014-01-22 05:16:24','H8961888','周洪旭',0,45,2),(1227,NULL,'1987-02-25 00:00:00','320481198702251017',10100101,'20221422.00','2014-01-22 05:16:24',NULL,'2009-07-20 00:00:00',NULL,NULL,NULL,NULL,NULL,NULL,NULL,NULL,NULL,0,NULL,NULL,NULL,NULL,NULL,NULL,0,NULL,1,'0',NULL,NULL,'Sales Engineer, Industrial Market, Shanghai',0,'正式Permanent',1,NULL,0,'2014-01-22 05:16:24','L7281195','狄雷',0,37,2),(1228,NULL,'1981-12-29 00:00:00','142732198112290427',10100101,'20210168.00','2014-01-22 05:16:24',NULL,'2009-08-11 00:00:00',NULL,NULL,NULL,NULL,NULL,NULL,NULL,NULL,NULL,0,NULL,NULL,NULL,NULL,NULL,NULL,0,NULL,1,'0',NULL,NULL,'Planning Supervisor, BA Shanghai ',0,'正式Permanent',2,NULL,0,'2014-01-22 05:16:24','X6862124','王晓丽',0,36,2),(1229,NULL,'1986-06-23 00:00:00','37098219860623667x',10100101,'20210122.00','2014-01-22 05:16:24',NULL,'2009-08-26 00:00:00',NULL,NULL,NULL,NULL,NULL,NULL,NULL,NULL,NULL,0,NULL,NULL,NULL,NULL,NULL,NULL,0,NULL,1,'0','2013-11-25 00:00:00',NULL,'Operator',0,'临时Temp',1,NULL,0,'2014-01-22 05:16:24','X5274456','陈新光',0,36,2),(1230,NULL,'1979-08-16 00:00:00','362322197908163636',10100101,'20210122.00','2014-01-22 05:16:24',NULL,'2009-08-26 00:00:00',NULL,NULL,NULL,NULL,NULL,NULL,NULL,NULL,NULL,0,NULL,NULL,NULL,NULL,NULL,NULL,0,NULL,1,'0','2013-11-25 00:00:00',NULL,'Operator',0,'临时Temp',1,NULL,0,'2014-01-22 05:16:24','X9684202','张小武',0,36,2),(1231,NULL,'1979-11-11 00:00:00','310104197911114056',10100101,'20210166.00','2014-01-22 05:16:24',NULL,'2009-09-07 00:00:00',NULL,NULL,NULL,NULL,NULL,NULL,NULL,NULL,NULL,0,NULL,NULL,NULL,NULL,NULL,NULL,0,NULL,1,'0',NULL,NULL,'Quality Engineer, Shanghai',0,'正式Permanent',1,NULL,0,'2014-01-22 05:16:24','J1979941','钱杰',0,46,2),(1232,NULL,'1978-10-13 00:00:00','372829197810133512',10100101,'20210115.00','2014-01-22 05:16:24',NULL,'2009-09-23 00:00:00',NULL,NULL,NULL,NULL,NULL,NULL,NULL,NULL,NULL,0,NULL,NULL,NULL,NULL,NULL,NULL,0,NULL,1,'0','2013-12-22 00:00:00',NULL,'Operator',0,'临时Temp',1,NULL,0,'2014-01-22 05:16:24','S4361664','谢树余',0,36,2),(1233,NULL,'1986-01-10 00:00:00','412825198601105752',10100101,'20210132.00','2014-01-22 05:16:24',NULL,'2009-09-23 00:00:00',NULL,NULL,NULL,NULL,NULL,NULL,NULL,NULL,NULL,0,NULL,NULL,NULL,NULL,NULL,NULL,0,NULL,1,'0',NULL,NULL,'Operator',0,'临时Temp',1,NULL,0,'2014-01-22 05:16:24','K4817975','徐快乐',0,36,2),(1234,NULL,'1981-07-03 00:00:00','320681198107030421',10100101,'20221201.00','2014-01-22 05:16:24',NULL,'2009-09-25 00:00:00',NULL,NULL,NULL,NULL,NULL,NULL,NULL,NULL,NULL,0,NULL,NULL,NULL,NULL,NULL,NULL,0,NULL,1,'0',NULL,NULL,'Customer Service Specialist',0,'正式Permanent',2,NULL,0,'2014-01-22 05:16:24','H6158304','袁海娟',0,39,2),(1235,NULL,'1986-10-02 00:00:00','372922198610026232',10100101,'20210112.00','2014-01-22 05:16:24',NULL,'2009-10-10 00:00:00',NULL,NULL,NULL,NULL,NULL,NULL,NULL,NULL,NULL,0,NULL,NULL,NULL,NULL,NULL,NULL,0,NULL,1,'0',NULL,NULL,'Operator',0,'临时Temp',1,NULL,0,'2014-01-22 05:16:24','S1790182','张胜利',0,36,2),(1236,NULL,'1980-06-20 00:00:00','342423198006207153',10100101,'20210112.00','2014-01-22 05:16:24',NULL,'2009-10-30 00:00:00',NULL,NULL,NULL,NULL,NULL,NULL,NULL,NULL,NULL,0,NULL,NULL,NULL,NULL,NULL,NULL,0,NULL,1,'0',NULL,NULL,'Operator',0,'临时Temp',1,NULL,0,'2014-01-22 05:16:24','Z3480871','王中宝',0,36,2),(1237,NULL,'1975-01-13 00:00:00','513027197501136534',10100101,'20210123.00','2014-01-22 05:16:24',NULL,'2009-10-30 00:00:00',NULL,NULL,NULL,NULL,NULL,NULL,NULL,NULL,NULL,0,NULL,NULL,NULL,NULL,NULL,NULL,0,NULL,1,'0',NULL,NULL,'Operator',0,'临时Temp',1,NULL,0,'2014-01-22 05:16:24','J7082238','李江',0,36,2),(1238,NULL,'1980-02-05 00:00:00','513722198002053719',10100101,'20210014.00','2014-01-22 05:16:24',NULL,'2009-11-02 00:00:00',NULL,NULL,NULL,NULL,NULL,NULL,NULL,NULL,NULL,0,NULL,NULL,NULL,NULL,NULL,NULL,0,NULL,1,'0',NULL,NULL,'Operator',0,'临时Temp',1,NULL,0,'2014-01-22 05:16:24','C8193037','蔡长青',0,41,2),(1239,NULL,'1981-02-27 00:00:00','513722198102273583',10100101,'20210115.00','2014-01-22 05:16:24',NULL,'2009-11-24 00:00:00',NULL,NULL,NULL,NULL,NULL,NULL,NULL,NULL,NULL,0,NULL,NULL,NULL,NULL,NULL,NULL,0,NULL,1,'0','2013-11-23 00:00:00',NULL,'Operator',0,'临时Temp',2,NULL,0,'2014-01-22 05:16:24','X4161790','蒲小莉',0,36,2),(1240,NULL,'1980-07-18 00:00:00','510824198007184764',10100101,'20210115.00','2014-01-22 05:16:24',NULL,'2009-12-10 00:00:00',NULL,NULL,NULL,NULL,NULL,NULL,NULL,NULL,NULL,0,NULL,NULL,NULL,NULL,NULL,NULL,0,NULL,1,'0',NULL,NULL,'Operator',0,'临时Temp',2,NULL,0,'2014-01-22 05:16:24','M8293839','杨敏',0,36,2),(1241,NULL,'1980-04-11 00:00:00','342423198004116987',10100101,'20210417.00','2014-01-22 05:16:24',NULL,'2009-12-17 00:00:00',NULL,NULL,NULL,NULL,NULL,NULL,NULL,NULL,NULL,0,NULL,NULL,NULL,NULL,NULL,NULL,0,NULL,1,'0',NULL,NULL,'Operator',0,'临时Temp',2,NULL,0,'2014-01-22 05:16:24','L4193558','王琳',0,44,2),(1242,NULL,'1983-11-14 00:00:00','320322198311142846',10100101,'20210418.00','2014-01-22 05:16:24',NULL,'2009-12-17 00:00:00',NULL,NULL,NULL,NULL,NULL,NULL,NULL,NULL,NULL,0,NULL,NULL,NULL,NULL,NULL,NULL,0,NULL,1,'0',NULL,NULL,'Operator',0,'临时Temp',2,NULL,0,'2014-01-22 05:16:24','J6038740','王洁',0,44,2),(1243,NULL,'1981-03-01 00:00:00','429001198103010500',10100101,'20210433.00','2014-01-22 05:16:24',NULL,'2009-12-17 00:00:00',NULL,NULL,NULL,NULL,NULL,NULL,NULL,NULL,NULL,0,NULL,NULL,NULL,NULL,NULL,NULL,0,NULL,1,'0',NULL,NULL,'Customer Service Representative, TW&CPD',0,'正式Permanent',2,NULL,0,'2014-01-22 05:16:24','Q2071027','王琴',0,41,2),(1244,NULL,'1986-08-10 00:00:00','500224198608102176',10100101,'20210123.00','2014-01-22 05:16:24',NULL,'2009-12-22 00:00:00',NULL,NULL,NULL,NULL,NULL,NULL,NULL,NULL,NULL,0,NULL,NULL,NULL,NULL,NULL,NULL,0,NULL,1,'0',NULL,NULL,'Operator',0,'临时Temp',1,NULL,0,'2014-01-22 05:16:24','G7708766','罗光勇',0,36,2),(1245,NULL,'1973-08-18 00:00:00','342122197308188528',10100101,'20210116.00','2014-01-22 05:16:24',NULL,'2009-12-29 00:00:00',NULL,NULL,NULL,NULL,NULL,NULL,NULL,NULL,NULL,0,NULL,NULL,NULL,NULL,NULL,NULL,0,NULL,1,'0','2013-12-28 00:00:00',NULL,'Operator',0,'临时Temp',2,NULL,0,'2014-01-22 05:16:24','X8433222','牛雪梅',0,36,2),(1246,NULL,'1965-12-12 00:00:00','110107196512121213',10100101,'20234101.00','2014-01-22 05:16:24',NULL,'2010-01-01 00:00:00',NULL,NULL,NULL,NULL,NULL,NULL,NULL,NULL,NULL,0,NULL,NULL,NULL,NULL,NULL,NULL,0,NULL,1,'0',NULL,NULL,'Finance & IT Director, N&SE Asia',0,'正式Permanent',1,NULL,0,'2014-01-22 05:16:24','X6731142','张晓峰',0,34,2),(1247,NULL,'1988-08-18 00:00:00','362532198808180410',10100101,'20210604.00','2014-01-22 05:16:24',NULL,'2010-01-07 00:00:00',NULL,NULL,NULL,NULL,NULL,NULL,NULL,NULL,NULL,0,NULL,NULL,NULL,NULL,NULL,NULL,0,NULL,1,'0','2013-03-02 00:00:00',NULL,'Operator',0,'正式Permanent',1,NULL,0,'2014-01-22 05:16:24','Y8828929','王玉林',0,33,2),(1248,NULL,'1981-11-15 00:00:00','622723198111153234',10100101,'20210431.00','2014-01-22 05:16:24',NULL,'2010-01-07 00:00:00',NULL,NULL,NULL,NULL,NULL,NULL,NULL,NULL,NULL,0,NULL,NULL,NULL,NULL,NULL,NULL,0,NULL,1,'0',NULL,NULL,'Operator',0,'临时Temp',1,NULL,0,'2014-01-22 05:16:24','Y8846589','于永刚',0,47,2),(1249,NULL,'1978-11-29 00:00:00','210105197811291613',10100101,'20221401.00','2014-01-22 05:16:24',NULL,'2010-01-12 00:00:00',NULL,NULL,NULL,NULL,NULL,NULL,NULL,NULL,NULL,0,NULL,NULL,NULL,NULL,NULL,NULL,0,NULL,1,'0',NULL,NULL,'Sales Engineer, Industrial Market, Beijing',0,'正式Permanent',1,NULL,0,'2014-01-22 05:16:24','F1990028','高峰',0,37,2),(1250,NULL,'1983-07-01 00:00:00','341226198307011039',10100101,'20210415.00','2014-01-22 05:16:24',NULL,'2010-01-18 00:00:00',NULL,NULL,NULL,NULL,NULL,NULL,NULL,NULL,NULL,0,NULL,NULL,NULL,NULL,NULL,NULL,0,NULL,1,'0','2013-01-15 00:00:00',NULL,'Operator',0,'临时Temp',1,NULL,0,'2014-01-22 05:16:24','X8824604','刘学松',0,44,2),(1251,NULL,'1985-10-03 00:00:00','34112619851003621x',10100101,'20210122.00','2014-01-22 05:16:24',NULL,'2010-01-18 00:00:00',NULL,NULL,NULL,NULL,NULL,NULL,NULL,NULL,NULL,0,NULL,NULL,NULL,NULL,NULL,NULL,0,NULL,1,'0',NULL,NULL,'Operator',0,'临时Temp',1,NULL,0,'2014-01-22 05:16:24','L7820515','张连伟',0,36,2),(1252,NULL,'1987-12-08 00:00:00','513722198712083728',10100101,'20210112.00','2014-01-22 05:16:24',NULL,'2010-01-18 00:00:00',NULL,NULL,NULL,NULL,NULL,NULL,NULL,NULL,NULL,0,NULL,NULL,NULL,NULL,NULL,NULL,0,NULL,1,'0',NULL,NULL,'Operator',0,'临时Temp',2,NULL,0,'2014-01-22 05:16:24','C5255284','马超琼',0,36,2),(1253,NULL,'1977-11-17 00:00:00','352128197711172059',10100101,'20210115.00','2014-01-22 05:16:24',NULL,'2010-01-18 00:00:00',NULL,NULL,NULL,NULL,NULL,NULL,NULL,NULL,NULL,0,NULL,NULL,NULL,NULL,NULL,NULL,0,NULL,1,'0',NULL,NULL,'Operator',0,'临时Temp',1,NULL,0,'2014-01-22 05:16:24','G3681334','林光焕',0,36,2),(1254,NULL,'1978-05-10 00:00:00','37292819780510605x',10100101,'20210115.00','2014-01-22 05:16:24',NULL,'2010-01-18 00:00:00',NULL,NULL,NULL,NULL,NULL,NULL,NULL,NULL,NULL,0,NULL,NULL,NULL,NULL,NULL,NULL,0,NULL,1,'0',NULL,NULL,'Operator',0,'临时Temp',1,NULL,0,'2014-01-22 05:16:24','Y4165601','李玉江',0,36,2),(1255,NULL,'1980-02-10 00:00:00','342422198002100512',10100101,'20210125.00','2014-01-22 05:16:24',NULL,'2010-01-18 00:00:00',NULL,NULL,NULL,NULL,NULL,NULL,NULL,NULL,NULL,0,NULL,NULL,NULL,NULL,NULL,NULL,0,NULL,1,'0',NULL,NULL,'Operator',0,'临时Temp',1,NULL,0,'2014-01-22 05:16:24','Z5818006','陈中',0,36,2),(1256,NULL,'1970-12-18 00:00:00','420204197012184510',10100101,'20210171.00','2014-01-22 05:16:24',NULL,'2010-01-25 00:00:00',NULL,NULL,NULL,NULL,NULL,NULL,NULL,NULL,NULL,0,NULL,NULL,NULL,NULL,NULL,NULL,0,NULL,1,'0',NULL,NULL,'Operator',0,'正式Permanent',1,NULL,0,'2014-01-22 05:16:24','M8232178','吴明',0,36,2),(1257,NULL,'1981-10-29 00:00:00','432501198110295519',10100101,'20221405.00','2014-01-22 05:16:24',NULL,'2010-01-27 00:00:00',NULL,NULL,NULL,NULL,NULL,NULL,NULL,NULL,NULL,0,NULL,NULL,NULL,NULL,NULL,NULL,0,NULL,1,'0','2013-12-17 00:00:00',NULL,'Sales Supervisor, Hardware Market, South China',0,'正式Permanent',1,NULL,0,'2014-01-22 05:16:24','J8214222','李建运',0,37,2),(1258,NULL,'1976-03-26 00:00:00','450521197603263315',10100101,'20221417.00','2014-01-22 05:16:24',NULL,'2010-01-27 00:00:00',NULL,NULL,NULL,NULL,NULL,NULL,NULL,NULL,NULL,0,NULL,NULL,NULL,NULL,NULL,NULL,0,NULL,1,'0',NULL,NULL,'Senior Sales Engineer, Industrial Market, Guangzhou',0,'正式Permanent',1,NULL,0,'2014-01-22 05:16:24','R2371286','王瑞',0,37,2),(1259,NULL,'1975-09-03 00:00:00','362132197509035612',10100101,'20221417.00','2014-01-22 05:16:24',NULL,'2010-01-27 00:00:00',NULL,NULL,NULL,NULL,NULL,NULL,NULL,NULL,NULL,0,NULL,NULL,NULL,NULL,NULL,NULL,0,NULL,1,'0',NULL,NULL,'Sales Engineer, Industrial Market, Shenzhen',0,'正式Permanent',1,NULL,0,'2014-01-22 05:16:24','D6885598','段德煌',0,37,2),(1260,NULL,'1981-09-29 00:00:00','211203198109292518',10100101,'20221407.00','2014-01-22 05:16:24',NULL,'2010-02-03 00:00:00',NULL,NULL,NULL,NULL,NULL,NULL,NULL,NULL,NULL,0,NULL,NULL,NULL,NULL,NULL,NULL,0,NULL,1,'0',NULL,NULL,'Sales Engineer, Industrial Market, Dalian',0,'正式Permanent',1,NULL,0,'2014-01-22 05:16:24','D1533305','关东东',0,37,2),(1261,NULL,'1980-12-12 00:00:00','411425198012128718',10100101,'20210137.00','2014-01-22 05:16:24',NULL,'2010-02-04 00:00:00',NULL,NULL,NULL,NULL,NULL,NULL,NULL,NULL,NULL,0,NULL,NULL,NULL,NULL,NULL,NULL,0,NULL,1,'0',NULL,NULL,'Operator',0,'临时Temp',1,NULL,0,'2014-01-22 05:16:24','X7886693','屈新磊',0,36,2),(1262,NULL,'1982-10-20 00:00:00','34128119821020607x',10100101,'20210511.00','2014-01-22 05:16:24',NULL,'2010-02-25 00:00:00',NULL,NULL,NULL,NULL,NULL,NULL,NULL,NULL,NULL,0,NULL,NULL,NULL,NULL,NULL,NULL,0,NULL,1,'0',NULL,NULL,'Operator',0,'临时Temp',1,NULL,0,'2014-01-22 05:16:24','X5671474','裴小光',0,45,2),(1263,NULL,'1985-10-02 00:00:00','360311198510024517',10100101,'20221405.00','2014-01-22 05:16:24',NULL,'2010-03-08 00:00:00',NULL,NULL,NULL,NULL,NULL,NULL,NULL,NULL,NULL,0,NULL,NULL,NULL,NULL,NULL,NULL,0,NULL,1,'0','2013-08-31 00:00:00',NULL,'Sales Supervisor, Hardware Market, Northern China',0,'正式Permanent',1,NULL,0,'2014-01-22 05:16:24','H1707744','郑海峰',0,37,2),(1264,NULL,'1987-12-02 00:00:00','410526198712021197',10100101,'20210518.00','2014-01-22 05:16:24',NULL,'2010-03-09 00:00:00',NULL,NULL,NULL,NULL,NULL,NULL,NULL,NULL,NULL,0,NULL,NULL,NULL,NULL,NULL,NULL,0,NULL,1,'0','2013-09-12 00:00:00',NULL,'Operator',0,'临时Temp',1,NULL,0,'2014-01-22 05:16:24','Y7683727','姜彦明',0,45,2),(1265,NULL,'1984-10-03 00:00:00','362329198410038714',10100101,'20210511.00','2014-01-22 05:16:24',NULL,'2010-03-09 00:00:00',NULL,NULL,NULL,NULL,NULL,NULL,NULL,NULL,NULL,0,NULL,NULL,NULL,NULL,NULL,NULL,0,NULL,1,'0',NULL,NULL,'Operator',0,'临时Temp',1,NULL,0,'2014-01-22 05:16:24','J2232741','何吉平',0,45,2),(1266,NULL,'1984-08-13 00:00:00','340321198408133775',10100101,'20210165.00','2014-01-22 05:16:24',NULL,'2010-03-12 00:00:00',NULL,NULL,NULL,NULL,NULL,NULL,NULL,NULL,NULL,0,NULL,NULL,NULL,NULL,NULL,NULL,0,NULL,1,'0',NULL,NULL,'Operator',0,'临时Temp',1,NULL,0,'2014-01-22 05:16:24','H5926602','任海',0,36,2),(1267,NULL,'1989-10-21 00:00:00','622627198910211015',10100101,'20210417.00','2014-01-22 05:16:24',NULL,'2010-03-25 00:00:00',NULL,NULL,NULL,NULL,NULL,NULL,NULL,NULL,NULL,0,NULL,NULL,NULL,NULL,NULL,NULL,0,NULL,1,'0',NULL,NULL,'Operator',0,'临时Temp',1,NULL,0,'2014-01-22 05:16:24','S6267149','剡世界',0,44,2),(1268,NULL,'1986-11-22 00:00:00','513701198611224614',10100101,'20210412.00','2014-01-22 05:16:24',NULL,'2010-03-25 00:00:00',NULL,NULL,NULL,NULL,NULL,NULL,NULL,NULL,NULL,0,NULL,NULL,NULL,NULL,NULL,NULL,0,NULL,1,'0','2013-10-14 00:00:00',NULL,'Operator',0,'临时Temp',1,NULL,0,'2014-01-22 05:16:24','R3152271','钟荣',0,44,2),(1269,NULL,'1987-11-10 00:00:00','513701198711106519',10100101,'20210418.00','2014-01-22 05:16:24',NULL,'2010-03-25 00:00:00',NULL,NULL,NULL,NULL,NULL,NULL,NULL,NULL,NULL,0,NULL,NULL,NULL,NULL,NULL,NULL,0,NULL,1,'0','2013-05-03 00:00:00',NULL,'Operator',0,'临时Temp',1,NULL,0,'2014-01-22 05:16:24','M9634677','李蒙',0,44,2),(1270,NULL,'1982-08-24 00:00:00','413021198208241645',10100101,'20210424.00','2014-01-22 05:16:24',NULL,'2010-03-25 00:00:00',NULL,NULL,NULL,NULL,NULL,NULL,NULL,NULL,NULL,0,NULL,NULL,NULL,NULL,NULL,NULL,0,NULL,1,'0',NULL,NULL,'Operator',0,'临时Temp',2,NULL,0,'2014-01-22 05:16:24','Y8115410','张彦坤',0,44,2),(1271,NULL,'1983-01-03 00:00:00','410725198301031221',10100101,'20210115.00','2014-01-22 05:16:24',NULL,'2010-03-30 00:00:00',NULL,NULL,NULL,NULL,NULL,NULL,NULL,NULL,NULL,0,NULL,NULL,NULL,NULL,NULL,NULL,0,NULL,1,'0','2013-01-29 00:00:00',NULL,'Operator',0,'临时Temp',2,NULL,0,'2014-01-22 05:16:24','C5261030','娄春睿',0,36,2),(1272,NULL,'1973-07-13 00:00:00','512221197307135337',10100101,'20210122.00','2014-01-22 05:16:24',NULL,'2010-03-30 00:00:00',NULL,NULL,NULL,NULL,NULL,NULL,NULL,NULL,NULL,0,NULL,NULL,NULL,NULL,NULL,NULL,0,NULL,1,'0',NULL,NULL,'Operator',0,'临时Temp',1,NULL,0,'2014-01-22 05:16:24','C5048615','王春辉',0,36,2),(1273,NULL,'1981-05-07 00:00:00','340321198105075299',10100101,'20210512.00','2014-01-22 05:16:24',NULL,'2010-03-30 00:00:00',NULL,NULL,NULL,NULL,NULL,NULL,NULL,NULL,NULL,0,NULL,NULL,NULL,NULL,NULL,NULL,0,NULL,1,'0',NULL,NULL,'Operator',0,'临时Temp',1,NULL,0,'2014-01-22 05:16:24','H1250115','崔海东',0,45,2),(1274,NULL,'1986-01-19 00:00:00','320381198601197044',10100101,'20210512.00','2014-01-22 05:16:24',NULL,'2010-03-30 00:00:00',NULL,NULL,NULL,NULL,NULL,NULL,NULL,NULL,NULL,0,NULL,NULL,NULL,NULL,NULL,NULL,0,NULL,1,'0',NULL,NULL,'Operator',0,'临时Temp',2,NULL,0,'2014-01-22 05:16:24','M5730968','吴曼丽',0,45,2),(1275,NULL,'1978-02-28 00:00:00','513026197802283726',10100101,'20210518.00','2014-01-22 05:16:24',NULL,'2010-03-30 00:00:00',NULL,NULL,NULL,NULL,NULL,NULL,NULL,NULL,NULL,0,NULL,NULL,NULL,NULL,NULL,NULL,0,NULL,1,'0',NULL,NULL,'Operator',0,'临时Temp',2,NULL,0,'2014-01-22 05:16:24','Z7506293','何志容',0,45,2),(1276,NULL,'1980-01-16 00:00:00','513701198001167229',10100101,'20210512.00','2014-01-22 05:16:24',NULL,'2010-03-30 00:00:00',NULL,NULL,NULL,NULL,NULL,NULL,NULL,NULL,NULL,0,NULL,NULL,NULL,NULL,NULL,NULL,0,NULL,1,'0',NULL,NULL,'Operator',0,'临时Temp',2,NULL,0,'2014-01-22 05:16:24','C6372220','马翠琼',0,45,2),(1277,NULL,'1976-03-02 00:00:00','513026197603023825',10100101,'20210512.00','2014-01-22 05:16:24',NULL,'2010-04-16 00:00:00',NULL,NULL,NULL,NULL,NULL,NULL,NULL,NULL,NULL,0,NULL,NULL,NULL,NULL,NULL,NULL,0,NULL,1,'0',NULL,NULL,'Operator',0,'临时Temp',2,NULL,0,'2014-01-22 05:16:24','X9879536','杨小华',0,45,2),(1278,NULL,'1980-12-23 00:00:00','342123198012235533',10100101,'20210519.00','2014-01-22 05:16:24',NULL,'2010-04-16 00:00:00',NULL,NULL,NULL,NULL,NULL,NULL,NULL,NULL,NULL,0,NULL,NULL,NULL,NULL,NULL,NULL,0,NULL,1,'0',NULL,NULL,'Operator',0,'临时Temp',1,NULL,0,'2014-01-22 05:16:24','A2430879','李阿林',0,45,2),(1279,NULL,'1980-09-10 00:00:00','341226198009105221',10100101,'20210512.00','2014-01-22 05:16:24',NULL,'2010-04-16 00:00:00',NULL,NULL,NULL,NULL,NULL,NULL,NULL,NULL,NULL,0,NULL,NULL,NULL,NULL,NULL,NULL,0,NULL,1,'0',NULL,NULL,'Operator',0,'临时Temp',2,NULL,0,'2014-01-22 05:16:24','X8132936','李行娟',0,45,2),(1280,NULL,'1982-05-07 00:00:00','320324198205074512',10100101,'20210512.00','2014-01-22 05:16:24',NULL,'2010-04-16 00:00:00',NULL,NULL,NULL,NULL,NULL,NULL,NULL,NULL,NULL,0,NULL,NULL,NULL,NULL,NULL,NULL,0,NULL,1,'0',NULL,NULL,'Operator',0,'临时Temp',1,NULL,0,'2014-01-22 05:16:24','N8562554','孙宁',0,45,2),(1281,NULL,'1990-10-12 00:00:00','37290119901012371x',10100101,'20210517.00','2014-01-22 05:16:24',NULL,'2010-04-16 00:00:00',NULL,NULL,NULL,NULL,NULL,NULL,NULL,NULL,NULL,0,NULL,NULL,NULL,NULL,NULL,NULL,0,NULL,1,'0',NULL,NULL,'Operator',0,'临时Temp',1,NULL,0,'2014-01-22 05:16:24','Z9739129','邹振东',0,45,2),(1282,NULL,'1986-06-06 00:00:00','341226198606064026',10100101,'20210112.00','2014-01-22 05:16:24',NULL,'2010-04-26 00:00:00',NULL,NULL,NULL,NULL,NULL,NULL,NULL,NULL,NULL,0,NULL,NULL,NULL,NULL,NULL,NULL,0,NULL,1,'0','2013-02-28 00:00:00',NULL,'Operator',0,'临时Temp',2,NULL,0,'2014-01-22 05:16:24','Y6607968','张玉芹',0,36,2),(1283,NULL,'1976-07-22 00:00:00','612127197607226421',10100101,'20210113.00','2014-01-22 05:16:24',NULL,'2010-04-26 00:00:00',NULL,NULL,NULL,NULL,NULL,NULL,NULL,NULL,NULL,0,NULL,NULL,NULL,NULL,NULL,NULL,0,NULL,1,'0',NULL,NULL,'Operator',0,'临时Temp',2,NULL,0,'2014-01-22 05:16:24','X9043720','牧喜萍',0,36,2),(1284,NULL,'1977-01-01 00:00:00','422324197701017622',10100101,'20210113.00','2014-01-22 05:16:24',NULL,'2010-04-26 00:00:00',NULL,NULL,NULL,NULL,NULL,NULL,NULL,NULL,NULL,0,NULL,NULL,NULL,NULL,NULL,NULL,0,NULL,1,'0','2013-01-10 00:00:00',NULL,'Operator',0,'临时Temp',2,NULL,0,'2014-01-22 05:16:24','S9477495','黄素凡',0,36,2),(1285,NULL,'1982-04-08 00:00:00','310230198204080267',10100101,'20210115.00','2014-01-22 05:16:24',NULL,'2010-04-26 00:00:00',NULL,NULL,NULL,NULL,NULL,NULL,NULL,NULL,NULL,0,NULL,NULL,NULL,NULL,NULL,NULL,0,NULL,1,'0',NULL,NULL,'Operator',0,'临时Temp',2,NULL,0,'2014-01-22 05:16:24','J0737378','朱金花',0,36,2),(1286,NULL,'1988-01-01 00:00:00','342531198801011710',10100101,'20210512.00','2014-01-22 05:16:24',NULL,'2010-04-27 00:00:00',NULL,NULL,NULL,NULL,NULL,NULL,NULL,NULL,NULL,0,NULL,NULL,NULL,NULL,NULL,NULL,0,NULL,1,'0',NULL,NULL,'Operator',0,'临时Temp',1,NULL,0,'2014-01-22 05:16:24','Y5841098','冯元元',0,45,2),(1287,NULL,'1981-03-16 00:00:00','372926198103161830',10100101,'20210517.00','2014-01-22 05:16:24',NULL,'2010-04-27 00:00:00',NULL,NULL,NULL,NULL,NULL,NULL,NULL,NULL,NULL,0,NULL,NULL,NULL,NULL,NULL,NULL,0,NULL,1,'0',NULL,NULL,'Operator',0,'临时Temp',1,NULL,0,'2014-01-22 05:16:24','S0494338','姚树衬',0,45,2),(1288,NULL,'1978-09-21 00:00:00','413024197809212318',10100101,'20210111.00','2014-01-22 05:16:24',NULL,'2010-04-27 00:00:00',NULL,NULL,NULL,NULL,NULL,NULL,NULL,NULL,NULL,0,NULL,NULL,NULL,NULL,NULL,NULL,0,NULL,1,'0',NULL,NULL,'Operator',0,'临时Temp',1,NULL,0,'2014-01-22 05:16:24','G7779781','贾贵峰',0,36,2),(1289,NULL,'1991-04-13 00:00:00','371328199104133536',10100101,'20210111.00','2014-01-22 05:16:24',NULL,'2010-04-27 00:00:00',NULL,NULL,NULL,NULL,NULL,NULL,NULL,NULL,NULL,0,NULL,NULL,NULL,NULL,NULL,NULL,0,NULL,1,'0',NULL,NULL,'Operator',0,'临时Temp',1,NULL,0,'2014-01-22 05:16:24','Z7157729','张正才',0,36,2),(1290,NULL,'1983-06-30 00:00:00','510602198306306822',10100101,'20221201.00','2014-01-22 05:16:24',NULL,'2010-04-19 00:00:00',NULL,NULL,NULL,NULL,NULL,NULL,NULL,NULL,NULL,0,NULL,NULL,NULL,NULL,NULL,NULL,0,NULL,1,'0',NULL,NULL,'Customer Service Supervisor, Industry Market',0,'正式Permanent',2,NULL,0,'2014-01-22 05:16:24','X0048654','王娴',0,39,2),(1291,NULL,'1985-08-15 00:00:00','32032319850815701x',10100101,'20221423.00','2014-01-22 05:16:24',NULL,'2010-05-05 00:00:00',NULL,NULL,NULL,NULL,NULL,NULL,NULL,NULL,NULL,0,NULL,NULL,NULL,NULL,NULL,NULL,0,NULL,1,'0',NULL,NULL,'Sales Engineer, Industrial Market, Xuzhou&Anhui',0,'正式Permanent',1,NULL,0,'2014-01-22 05:16:24','W4787647','权伟',0,37,2),(1292,NULL,'1982-07-06 00:00:00','342423198207066887',10100101,'20210113.00','2014-01-22 05:16:24',NULL,'2010-05-07 00:00:00',NULL,NULL,NULL,NULL,NULL,NULL,NULL,NULL,NULL,0,NULL,NULL,NULL,NULL,NULL,NULL,0,NULL,1,'0',NULL,NULL,'Operator',0,'临时Temp',2,NULL,0,'2014-01-22 05:16:24','C7933354','牛传丽',0,36,2),(1293,NULL,'1974-01-16 00:00:00','513026197401162077',10100101,'20210519.00','2014-01-22 05:16:24',NULL,'2010-05-18 00:00:00',NULL,NULL,NULL,NULL,NULL,NULL,NULL,NULL,NULL,0,NULL,NULL,NULL,NULL,NULL,NULL,0,NULL,1,'0',NULL,NULL,'Operator',0,'临时Temp',1,NULL,0,'2014-01-22 05:16:24','X7035919','何心江',0,45,2),(1294,NULL,'1982-08-21 00:00:00','51070419820821181X',10100101,'20210512.00','2014-01-22 05:16:24',NULL,'2010-05-18 00:00:00',NULL,NULL,NULL,NULL,NULL,NULL,NULL,NULL,NULL,0,NULL,NULL,NULL,NULL,NULL,NULL,0,NULL,1,'0',NULL,NULL,'Operator',0,'临时Temp',1,NULL,0,'2014-01-22 05:16:24','M3909105','王木荣',0,45,2),(1295,NULL,'1981-07-01 00:00:00','340321198107013470',10100101,'20210519.00','2014-01-22 05:16:24',NULL,'2010-05-18 00:00:00',NULL,NULL,NULL,NULL,NULL,NULL,NULL,NULL,NULL,0,NULL,NULL,NULL,NULL,NULL,NULL,0,NULL,1,'0',NULL,NULL,'Operator',0,'临时Temp',1,NULL,0,'2014-01-22 05:16:24','L1678217','陈龙杰',0,45,2),(1296,NULL,'1983-03-10 00:00:00','342423198303106674',10100101,'20210512.00','2014-01-22 05:16:24',NULL,'2010-05-18 00:00:00',NULL,NULL,NULL,NULL,NULL,NULL,NULL,NULL,NULL,0,NULL,NULL,NULL,NULL,NULL,NULL,0,NULL,1,'0',NULL,NULL,'Operator',0,'临时Temp',1,NULL,0,'2014-01-22 05:16:24','J6876675','郭俊',0,45,2),(1297,NULL,'1971-04-24 00:00:00','342326197104244512',10100101,'20210111.00','2014-01-22 05:16:24',NULL,'2010-06-01 00:00:00',NULL,NULL,NULL,NULL,NULL,NULL,NULL,NULL,NULL,0,NULL,NULL,NULL,NULL,NULL,NULL,0,NULL,1,'0',NULL,NULL,'Operator',0,'临时Temp',1,NULL,0,'2014-01-22 05:16:24','Y0464880','纪永道',0,36,2),(1298,NULL,'1981-10-08 00:00:00','362329198110086415',10100101,'20210131.00','2014-01-22 05:16:24',NULL,'2010-06-01 00:00:00',NULL,NULL,NULL,NULL,NULL,NULL,NULL,NULL,NULL,0,NULL,NULL,NULL,NULL,NULL,NULL,0,NULL,1,'0',NULL,NULL,'Operator',0,'临时Temp',1,NULL,0,'2014-01-22 05:16:24','P8659751','洪平华',0,36,2),(1299,NULL,'1981-05-18 00:00:00','320825198105182587',10100101,'20210115.00','2014-01-22 05:16:24',NULL,'2010-06-01 00:00:00',NULL,NULL,NULL,NULL,NULL,NULL,NULL,NULL,NULL,0,NULL,NULL,NULL,NULL,NULL,NULL,0,NULL,1,'0',NULL,NULL,'Operator',0,'临时Temp',2,NULL,0,'2014-01-22 05:16:24','C3580682','范彩云',0,36,2),(1300,NULL,'1987-05-15 00:00:00','32072319870515301X',10100101,'20210131.00','2014-01-22 05:16:24',NULL,'2010-06-04 00:00:00',NULL,NULL,NULL,NULL,NULL,NULL,NULL,NULL,NULL,0,NULL,NULL,NULL,NULL,NULL,NULL,0,NULL,1,'0',NULL,NULL,'Operator',0,'临时Temp',1,NULL,0,'2014-01-22 05:16:24','X9514882','顾小亭',0,36,2),(1301,NULL,'1978-06-17 00:00:00','532930197806172122',10100101,'20210113.00','2014-01-22 05:16:24',NULL,'2010-06-17 00:00:00',NULL,NULL,NULL,NULL,NULL,NULL,NULL,NULL,NULL,0,NULL,NULL,NULL,NULL,NULL,NULL,0,NULL,1,'0',NULL,NULL,'Operator',0,'临时Temp',2,NULL,0,'2014-01-22 05:16:24','C8446054','何长训',0,36,2),(1302,NULL,'1976-04-16 00:00:00','342422197604162361',10100101,'20210115.00','2014-01-22 05:16:24',NULL,'2010-06-17 00:00:00',NULL,NULL,NULL,NULL,NULL,NULL,NULL,NULL,NULL,0,NULL,NULL,NULL,NULL,NULL,NULL,0,NULL,1,'0','2013-01-29 00:00:00',NULL,'Operator',0,'临时Temp',2,NULL,0,'2014-01-22 05:16:24','C5734155','李春艳',0,36,2),(1303,NULL,'1984-02-05 00:00:00','320681198402050011',10100101,'20210001.00','2014-01-22 05:16:24',NULL,'2010-06-21 00:00:00',NULL,NULL,NULL,NULL,NULL,NULL,NULL,NULL,NULL,0,NULL,NULL,NULL,NULL,NULL,NULL,0,NULL,1,'0',NULL,NULL,'Equipment Engineer, China',0,'正式Permanent',1,NULL,0,'2014-01-22 05:16:24','H6654788','许欢欢',0,40,2),(1304,NULL,'1982-08-10 00:00:00','513722198208103814',10100101,'20210513.00','2014-01-22 05:16:24',NULL,'2010-06-24 00:00:00',NULL,NULL,NULL,NULL,NULL,NULL,NULL,NULL,NULL,0,NULL,NULL,NULL,NULL,NULL,NULL,0,NULL,1,'0',NULL,NULL,'Operator',0,'临时Temp',1,NULL,0,'2014-01-22 05:16:24','R0213158','魏仁学',0,45,2),(1305,NULL,'1979-10-03 00:00:00','330681197910035026',10100101,'20221101.00','2014-01-22 05:16:24',NULL,'2010-06-25 00:00:00',NULL,NULL,NULL,NULL,NULL,NULL,NULL,NULL,NULL,0,NULL,NULL,NULL,NULL,NULL,NULL,0,NULL,1,'0',NULL,NULL,'Senior Marketing Specialist,Hardware Market,China',0,'正式Permanent',2,NULL,0,'2014-01-22 05:16:24','Y2253342','陈燕平',0,38,2),(1306,NULL,'1977-07-03 00:00:00','320825197707034528',10100101,'20210512.00','2014-01-22 05:16:24',NULL,'2010-07-01 00:00:00',NULL,NULL,NULL,NULL,NULL,NULL,NULL,NULL,NULL,0,NULL,NULL,NULL,NULL,NULL,NULL,0,NULL,1,'0',NULL,NULL,'Operator',0,'临时Temp',2,NULL,0,'2014-01-22 05:16:24','S9008429','唐善霞',0,45,2),(1307,NULL,'1986-03-19 00:00:00','34242319860319678X',10100101,'20210517.00','2014-01-22 05:16:24',NULL,'2010-07-01 00:00:00',NULL,NULL,NULL,NULL,NULL,NULL,NULL,NULL,NULL,0,NULL,NULL,NULL,NULL,NULL,NULL,0,NULL,1,'0',NULL,NULL,'Operator',0,'临时Temp',2,NULL,0,'2014-01-22 05:16:24','M7744599','张明侠',0,45,2),(1308,NULL,'1987-05-04 00:00:00','310112198705043642',10100101,'20233101.00','2014-01-22 05:16:24',NULL,'2010-07-01 00:00:00',NULL,NULL,NULL,NULL,NULL,NULL,NULL,NULL,NULL,0,NULL,NULL,NULL,NULL,NULL,NULL,0,NULL,1,'0',NULL,NULL,'HR Specialist, Shanghai',0,'正式Permanent',2,NULL,0,'2014-01-22 05:16:24','M0936408','高美云',0,51,2),(1309,NULL,'1985-08-03 00:00:00','362329198508030016',10100101,'20221426.00','2014-01-22 05:16:24',NULL,'2010-07-01 00:00:00',NULL,NULL,NULL,NULL,NULL,NULL,NULL,NULL,NULL,0,NULL,NULL,NULL,NULL,NULL,NULL,0,NULL,1,'0',NULL,NULL,'Sales Engineer, Glass Market, China',0,'正式Permanent',1,NULL,0,'2014-01-22 05:16:24','H3232060','郑浩',0,37,2),(1310,NULL,'1987-10-27 00:00:00','330522198710271015',10100101,'20210531.00','2014-01-22 05:16:24',NULL,'2010-07-01 00:00:00',NULL,NULL,NULL,NULL,NULL,NULL,NULL,NULL,NULL,0,NULL,NULL,NULL,NULL,NULL,NULL,0,NULL,1,'0','2013-06-30 00:00:00',NULL,'Process Engineer, TW Shanghai',0,'正式Permanent',1,NULL,0,'2014-01-22 05:16:24','G9206452','缑高翔',0,41,2),(1311,NULL,'1986-07-01 00:00:00','320811198607014016',10100101,'20210172.00','2014-01-22 05:16:24',NULL,'2010-07-01 00:00:00',NULL,NULL,NULL,NULL,NULL,NULL,NULL,NULL,NULL,0,NULL,NULL,NULL,NULL,NULL,NULL,0,NULL,1,'0',NULL,NULL,'Process Engineer, BA Shanghai',0,'正式Permanent',1,NULL,0,'2014-01-22 05:16:24','X1109598','连小杰',0,36,2),(1312,NULL,'1989-05-29 00:00:00','310103198905297034',10100101,'20210172.00','2014-01-22 05:16:24',NULL,'2010-07-01 00:00:00',NULL,NULL,NULL,NULL,NULL,NULL,NULL,NULL,NULL,0,NULL,NULL,NULL,NULL,NULL,NULL,0,NULL,1,'0',NULL,NULL,'Process Engineer,  BA Shanghai',0,'正式Permanent',1,NULL,0,'2014-01-22 05:16:24','Z0244146','张邹钧',0,36,2),(1313,NULL,'1982-07-13 00:00:00','341281198207136058',10100101,'20210125.00','2014-01-22 05:16:24',NULL,'2010-07-26 00:00:00',NULL,NULL,NULL,NULL,NULL,NULL,NULL,NULL,NULL,0,NULL,NULL,NULL,NULL,NULL,NULL,0,NULL,1,'0',NULL,NULL,'Operator',0,'临时Temp',1,NULL,0,'2014-01-22 05:16:24','Q8672847','高青林',0,36,2),(1314,NULL,'1978-10-05 00:00:00','370831197810055817',10100101,'20221405.00','2014-01-22 05:16:24',NULL,'2010-08-02 00:00:00',NULL,NULL,NULL,NULL,NULL,NULL,NULL,NULL,NULL,0,NULL,NULL,NULL,NULL,NULL,NULL,0,NULL,1,'0',NULL,NULL,'Sales Engineer, Hardware Market, Shandong',0,'正式Permanent',1,NULL,0,'2014-01-22 05:16:24','Z3339640','赵忠良',0,37,2),(1315,NULL,'1975-03-21 00:00:00','450205197503210412',10100101,'20221417.00','2014-01-22 05:16:24',NULL,'2010-08-09 00:00:00',NULL,NULL,NULL,NULL,NULL,NULL,NULL,NULL,NULL,0,NULL,NULL,NULL,NULL,NULL,NULL,0,NULL,1,'0',NULL,NULL,'Senior Sales Manager, National Account Management, China',0,'正式Permanent',1,NULL,0,'2014-01-22 05:16:24','B9865586','杨斌',0,37,2),(1316,NULL,'1978-09-12 00:00:00','320404197809120810',10100101,'20235101.00','2014-01-22 05:16:24',NULL,'2010-09-03 00:00:00',NULL,NULL,NULL,NULL,NULL,NULL,NULL,NULL,NULL,0,NULL,NULL,NULL,NULL,NULL,NULL,0,NULL,1,'0',NULL,NULL,'Senior Purchasing Engineer, China',0,'正式Permanent',1,NULL,0,'2014-01-22 05:16:24','Y9792357','孙毅',0,50,2),(1317,NULL,'1981-08-10 00:00:00','320621198108100026',10100101,'20221310.00','2014-01-22 05:16:24',NULL,'2010-09-10 00:00:00',NULL,NULL,NULL,NULL,NULL,NULL,NULL,NULL,NULL,0,NULL,NULL,NULL,NULL,NULL,NULL,0,NULL,1,'0',NULL,NULL,'Buyer, BA Shanghai',0,'正式Permanent',2,NULL,0,'2014-01-22 05:16:24','M1038104','张敏',0,36,2),(1318,NULL,'1979-07-24 00:00:00','220125197907240615',10100101,'20210111.00','2014-01-22 05:16:24',NULL,'2010-09-21 00:00:00',NULL,NULL,NULL,NULL,NULL,NULL,NULL,NULL,NULL,0,NULL,NULL,NULL,NULL,NULL,NULL,0,NULL,1,'0',NULL,NULL,'Operator',0,'临时Temp',1,NULL,0,'2014-01-22 05:16:24','X9980857','杨晓光',0,36,2),(1319,NULL,'1979-10-07 00:00:00','330921197910070024',10100101,'20221201.00','2014-01-22 05:16:24',NULL,'2010-09-27 00:00:00',NULL,NULL,NULL,NULL,NULL,NULL,NULL,NULL,NULL,0,NULL,NULL,NULL,NULL,NULL,NULL,0,NULL,1,'0',NULL,NULL,'Senior Customer Service Specialist',0,'正式Permanent',2,NULL,0,'2014-01-22 05:16:24','Y0904901','孙懿',0,39,2),(1320,NULL,'1972-02-20 00:00:00','310102197202202827',10100101,'20210014.00','2014-01-22 05:16:24',NULL,'2010-10-21 00:00:00',NULL,NULL,NULL,NULL,NULL,NULL,NULL,NULL,NULL,0,NULL,NULL,NULL,NULL,NULL,NULL,0,NULL,1,'0',NULL,NULL,'Supply Chain Manager, TW&CPD Shanghai',0,'正式Permanent',2,NULL,0,'2014-01-22 05:16:24','W0978106','厉韡晶',0,41,2),(1321,NULL,'1987-02-19 00:00:00','342423198702190877',10100101,'20210519.00','2014-01-22 05:16:24',NULL,'2010-10-28 00:00:00',NULL,NULL,NULL,NULL,NULL,NULL,NULL,NULL,NULL,0,NULL,NULL,NULL,NULL,NULL,NULL,0,NULL,1,'0','2013-02-17 00:00:00',NULL,'Operator',0,'临时Temp',1,NULL,0,'2014-01-22 05:16:24','X6768119','王学虎',0,45,2),(1322,NULL,'1978-06-06 00:00:00','341226197806061116',10100101,'20210519.00','2014-01-22 05:16:24',NULL,'2010-11-17 00:00:00',NULL,NULL,NULL,NULL,NULL,NULL,NULL,NULL,NULL,0,NULL,NULL,NULL,NULL,NULL,NULL,0,NULL,1,'0',NULL,NULL,'Operator',0,'临时Temp',1,NULL,0,'2014-01-22 05:16:24','Z8750418','杨正治',0,45,2),(1323,NULL,'1984-01-02 00:00:00','420682198401021067',10100101,'20210512.00','2014-01-22 05:16:24',NULL,'2010-12-01 00:00:00',NULL,NULL,NULL,NULL,NULL,NULL,NULL,NULL,NULL,0,NULL,NULL,NULL,NULL,NULL,NULL,0,NULL,1,'0',NULL,NULL,'Operator',0,'临时Temp',2,NULL,0,'2014-01-22 05:16:24','H2722602','刘红',0,45,2),(1324,NULL,'1981-06-20 00:00:00','320924198106206113',10100101,'20210519.00','2014-01-22 05:16:24',NULL,'2010-12-01 00:00:00',NULL,NULL,NULL,NULL,NULL,NULL,NULL,NULL,NULL,0,NULL,NULL,NULL,NULL,NULL,NULL,0,NULL,1,'0',NULL,NULL,'Operator',0,'临时Temp',1,NULL,0,'2014-01-22 05:16:24','X5873246','王晓峰',0,45,2),(1325,NULL,'1978-02-12 00:00:00','510721197802122168',10100101,'20210512.00','2014-01-22 05:16:24',NULL,'2010-12-08 00:00:00',NULL,NULL,NULL,NULL,NULL,NULL,NULL,NULL,NULL,0,NULL,NULL,NULL,NULL,NULL,NULL,0,NULL,1,'0',NULL,NULL,'Operator',0,'临时Temp',2,NULL,0,'2014-01-22 05:16:24','R1110452','贺蓉华',0,45,2),(1326,NULL,'1985-09-17 00:00:00','23020619850917052X',10100101,'20221201.00','2014-01-22 05:16:24',NULL,'2010-12-13 00:00:00',NULL,NULL,NULL,NULL,NULL,NULL,NULL,NULL,NULL,0,NULL,NULL,NULL,NULL,NULL,NULL,0,NULL,1,'0',NULL,NULL,'Customer Service Supervisor',0,'正式Permanent',2,NULL,0,'2014-01-22 05:16:24','K9204400','吴康慧',0,39,2),(1327,NULL,'1987-03-20 00:00:00','41142519870320875X',10100101,'20210517.00','2014-01-22 05:16:24',NULL,'2010-12-29 00:00:00',NULL,NULL,NULL,NULL,NULL,NULL,NULL,NULL,NULL,0,NULL,NULL,NULL,NULL,NULL,NULL,0,NULL,1,'0',NULL,NULL,'Operator',0,'临时Temp',1,NULL,0,'2014-01-22 05:16:24','Z7777276','范宗勤',0,45,2),(1328,NULL,'1973-12-18 00:00:00','622723197312182213',10100101,'20210517.00','2014-01-22 05:16:24',NULL,'2010-12-29 00:00:00',NULL,NULL,NULL,NULL,NULL,NULL,NULL,NULL,NULL,0,NULL,NULL,NULL,NULL,NULL,NULL,0,NULL,1,'0',NULL,NULL,'Operator',0,'临时Temp',1,NULL,0,'2014-01-22 05:16:24','S3577246','杨生科',0,45,2),(1329,NULL,'1977-12-02 00:00:00','413021197712021620',10100101,'20210512.00','2014-01-22 05:16:24',NULL,'2010-12-29 00:00:00',NULL,NULL,NULL,NULL,NULL,NULL,NULL,NULL,NULL,0,NULL,NULL,NULL,NULL,NULL,NULL,0,NULL,1,'0',NULL,NULL,'Operator',0,'临时Temp',2,NULL,0,'2014-01-22 05:16:24','Q8999072','王琴',0,45,2),(1330,NULL,'1977-05-08 00:00:00','340321197705084389',10100101,'20210512.00','2014-01-22 05:16:24',NULL,'2010-12-29 00:00:00',NULL,NULL,NULL,NULL,NULL,NULL,NULL,NULL,NULL,0,NULL,NULL,NULL,NULL,NULL,NULL,0,NULL,1,'0',NULL,NULL,'Operator',0,'临时Temp',2,NULL,0,'2014-01-22 05:16:24','M5493076','刘梅',0,45,2),(1331,NULL,'1987-01-13 00:00:00','620503198701136014',10100101,'20210511.00','2014-01-22 05:16:24',NULL,'2010-12-29 00:00:00',NULL,NULL,NULL,NULL,NULL,NULL,NULL,NULL,NULL,0,NULL,NULL,NULL,NULL,NULL,NULL,0,NULL,1,'0','2013-04-01 00:00:00',NULL,'Operator',0,'临时Temp',1,NULL,0,'2014-01-22 05:16:24','Q0291424','杨千',0,45,2),(1332,NULL,'1984-07-24 00:00:00','310228198407243423',10100101,'20210660.00','2014-01-22 05:16:24',NULL,'2010-12-29 00:00:00',NULL,NULL,NULL,NULL,NULL,NULL,NULL,NULL,NULL,0,NULL,NULL,NULL,NULL,NULL,NULL,0,NULL,1,'0',NULL,NULL,'Lab Technician, SA Shanghai',0,'正式Permanent',2,NULL,0,'2014-01-22 05:16:24','X4575796','钱小钺',0,33,2),(1333,NULL,'1984-05-30 00:00:00','342401198405305270',10100101,'20221412.00','2014-01-22 05:16:24',NULL,'2011-01-10 00:00:00',NULL,NULL,NULL,NULL,NULL,NULL,NULL,NULL,NULL,0,NULL,NULL,NULL,NULL,NULL,NULL,0,NULL,1,'0','2013-01-25 00:00:00',NULL,'Product Engineer, SA China',0,'正式Permanent',1,NULL,0,'2014-01-22 05:16:24','X9416711','梅先军',0,33,2),(1334,NULL,'1970-10-26 00:00:00','13302219701026351X',10100101,'20210443.00','2014-01-22 05:16:24',NULL,'2011-01-01 00:00:00',NULL,NULL,NULL,NULL,NULL,NULL,NULL,NULL,NULL,0,NULL,NULL,NULL,NULL,NULL,NULL,0,NULL,1,'0',NULL,NULL,'Senior Quality Engineer, China',0,'正式Permanent',1,NULL,0,'2014-01-22 05:16:24','H4241455','周宏普',0,44,2),(1335,NULL,'1972-07-12 00:00:00','310112197207120524',10100101,'20210170.00','2014-01-22 05:16:24',NULL,'2011-02-01 00:00:00',NULL,NULL,NULL,NULL,NULL,NULL,NULL,NULL,NULL,0,NULL,NULL,NULL,NULL,NULL,NULL,0,NULL,1,'0',NULL,NULL,'Production Manager, BA Shanghai',0,'正式Permanent',2,NULL,0,'2014-01-22 05:16:24','J6532994','王靖',0,36,2),(1336,NULL,'1972-02-11 00:00:00','350302197202110031',10100101,'20221417.00','2014-01-22 05:16:24',NULL,'2011-02-14 00:00:00',NULL,NULL,NULL,NULL,NULL,NULL,NULL,NULL,NULL,0,NULL,NULL,NULL,NULL,NULL,NULL,0,NULL,1,'0',NULL,NULL,'Sales Engineer, Industrial Market, Fujian',0,'正式Permanent',1,NULL,0,'2014-01-22 05:16:24','J0218327','胡建雄',0,37,2),(1337,NULL,'1988-10-13 00:00:00','429004198810131925',10100101,'20210531.00','2014-01-22 05:16:24',NULL,'2011-02-09 00:00:00',NULL,NULL,NULL,NULL,NULL,NULL,NULL,NULL,NULL,0,NULL,NULL,NULL,NULL,NULL,NULL,0,NULL,1,'0','2013-08-22 00:00:00',NULL,'Lab Technician, TW&CPD Shanghai',0,'正式Permanent',2,NULL,0,'2014-01-22 05:16:24','P5537085','胡盼',0,41,2),(1338,NULL,'1977-07-23 00:00:00','659001197707231839',10100101,'20210682.00','2014-01-22 05:16:24',NULL,'2011-02-09 00:00:00',NULL,NULL,NULL,NULL,NULL,NULL,NULL,NULL,NULL,0,NULL,NULL,NULL,NULL,NULL,NULL,0,NULL,1,'0',NULL,NULL,'Operator',0,'正式Permanent',1,NULL,0,'2014-01-22 05:16:24','L2268073','赵磊',0,33,2),(1339,NULL,'1974-04-17 00:00:00','440623197404173639',10100101,'20210443.00','2014-01-22 05:16:24',NULL,'2011-02-14 00:00:00',NULL,NULL,NULL,NULL,NULL,NULL,NULL,NULL,NULL,0,NULL,NULL,NULL,NULL,NULL,NULL,0,NULL,1,'0',NULL,NULL,'Supplier Quality Engineer, CPD China',0,'正式Permanent',1,NULL,0,'2014-01-22 05:16:24','Z8172652','麦志宏',0,44,2),(1340,NULL,'1975-02-05 00:00:00','412725197502057812',10100101,'20210171.00','2014-01-22 05:16:24',NULL,'2011-02-16 00:00:00',NULL,NULL,NULL,NULL,NULL,NULL,NULL,NULL,NULL,0,NULL,NULL,NULL,NULL,NULL,NULL,0,NULL,1,'0',NULL,NULL,'Operator',0,'正式Permanent',1,NULL,0,'2014-01-22 05:16:24','Z7472123','王振领',0,36,2),(1341,NULL,'1971-07-28 00:00:00','413001197107281533',10100101,'20221405.00','2014-01-22 05:16:24',NULL,'2011-02-21 00:00:00',NULL,NULL,NULL,NULL,NULL,NULL,NULL,NULL,NULL,0,NULL,NULL,NULL,NULL,NULL,NULL,0,NULL,1,'0',NULL,NULL,'Sales Supervisor, Hardware Market, SW,NW&CC',0,'正式Permanent',1,NULL,0,'2014-01-22 05:16:24','Y5329432','陈玉林',0,37,2),(1342,NULL,'1975-04-15 00:00:00','433022197504154410',10100101,'20210515.00','2014-01-22 05:16:24',NULL,'2011-02-22 00:00:00',NULL,NULL,NULL,NULL,NULL,NULL,NULL,NULL,NULL,0,NULL,NULL,NULL,NULL,NULL,NULL,0,NULL,1,'0','2013-10-31 00:00:00',NULL,'Operator',0,'临时Temp',1,NULL,0,'2014-01-22 05:16:24','Y2633560','全益',0,45,2),(1343,NULL,'1985-07-20 00:00:00','342422198507201431',10100101,'20210419.00','2014-01-22 05:16:24',NULL,'2011-02-22 00:00:00',NULL,NULL,NULL,NULL,NULL,NULL,NULL,NULL,NULL,0,NULL,NULL,NULL,NULL,NULL,NULL,0,NULL,1,'0',NULL,NULL,'Operator',0,'临时Temp',1,NULL,0,'2014-01-22 05:16:24','Z2966306','李柱',0,44,2),(1344,NULL,'1984-05-08 00:00:00','370982198405084374',10100101,'20221411.00','2014-01-22 05:16:24',NULL,'2011-02-22 00:00:00',NULL,NULL,NULL,NULL,NULL,NULL,NULL,NULL,NULL,0,NULL,NULL,NULL,NULL,NULL,NULL,0,NULL,1,'0',NULL,NULL,'Product Engineer, SA China',0,'正式Permanent',1,NULL,0,'2014-01-22 05:16:24','K9735003','宋昆',0,33,2),(1345,NULL,'1977-08-16 00:00:00','51252919770816761X',10100101,'20221410.00','2014-01-22 05:16:24',NULL,'2011-02-22 00:00:00',NULL,NULL,NULL,NULL,NULL,NULL,NULL,NULL,NULL,0,NULL,NULL,NULL,NULL,NULL,NULL,0,NULL,1,'0',NULL,NULL,'Sales Supervisor, Aotomotive After Market, Jiangsu',0,'正式Permanent',1,NULL,0,'2014-01-22 05:16:24','Y9643528','李阳华',0,37,2),(1346,NULL,'1984-04-17 00:00:00','410526198404171177',10100101,'20210415.00','2014-01-22 05:16:24',NULL,'2011-02-24 00:00:00',NULL,NULL,NULL,NULL,NULL,NULL,NULL,NULL,NULL,0,NULL,NULL,NULL,NULL,NULL,NULL,0,NULL,1,'0',NULL,NULL,'Operator',0,'临时Temp',1,NULL,0,'2014-01-22 05:16:24','H4969490','耿红凯',0,44,2),(1347,NULL,'1981-07-18 00:00:00','340311198107180823',10100101,'20210424.00','2014-01-22 05:16:24',NULL,'2011-02-24 00:00:00',NULL,NULL,NULL,NULL,NULL,NULL,NULL,NULL,NULL,0,NULL,NULL,NULL,NULL,NULL,NULL,0,NULL,1,'0',NULL,NULL,'Operator',0,'临时Temp',2,NULL,0,'2014-01-22 05:16:24','R4986714','郑荣',0,44,2),(1348,NULL,'1954-06-02 00:00:00','M6318208',10100101,'20210172.00','2014-01-22 05:16:24',NULL,'2011-02-24 00:00:00',NULL,NULL,NULL,NULL,NULL,NULL,NULL,NULL,NULL,0,NULL,NULL,NULL,NULL,NULL,NULL,0,NULL,1,'0','2013-10-31 00:00:00',NULL,'Manufacturing Engineering Manager, BA Shanghai ',0,'正式Permanent',1,NULL,0,'2014-01-22 05:16:24','R9111785','Rao JAGANNATH Madhu',0,36,2),(1349,NULL,'1973-02-02 00:00:00','320624197302021027',10100101,'20221201.00','2014-01-22 05:16:24',NULL,'2011-03-07 00:00:00',NULL,NULL,NULL,NULL,NULL,NULL,NULL,NULL,NULL,0,NULL,NULL,NULL,NULL,NULL,NULL,0,NULL,1,'0',NULL,NULL,'Customer Service Specialist',0,'正式Permanent',2,NULL,0,'2014-01-22 05:16:24','Y7288509','顾咏春',0,39,2),(1350,NULL,'1979-09-05 00:00:00','320821197909054337',10100101,'20210512.00','2014-01-22 05:16:24',NULL,'2011-03-10 00:00:00',NULL,NULL,NULL,NULL,NULL,NULL,NULL,NULL,NULL,0,NULL,NULL,NULL,NULL,NULL,NULL,0,NULL,1,'0',NULL,NULL,'Operator',0,'临时Temp',1,NULL,0,'2014-01-22 05:16:24','D1131934','杨冬成',0,45,2),(1351,NULL,'1985-08-12 00:00:00','513722198508124377',10100101,'20210512.00','2014-01-22 05:16:24',NULL,'2011-03-10 00:00:00',NULL,NULL,NULL,NULL,NULL,NULL,NULL,NULL,NULL,0,NULL,NULL,NULL,NULL,NULL,NULL,0,NULL,1,'0',NULL,NULL,'Operator',0,'临时Temp',1,NULL,0,'2014-01-22 05:16:24','B7796030','刘炳',0,45,2),(1352,NULL,'1985-03-03 00:00:00','371521198503037236',10100101,'20210424.00','2014-01-22 05:16:24',NULL,'2011-03-10 00:00:00',NULL,NULL,NULL,NULL,NULL,NULL,NULL,NULL,NULL,0,NULL,NULL,NULL,NULL,NULL,NULL,0,NULL,1,'0',NULL,NULL,'Operator',0,'临时Temp',1,NULL,0,'2014-01-22 05:16:24','X5434219','仝兴虎',0,44,2),(1353,NULL,'1985-10-16 00:00:00','513721198510162296',10100101,'20210515.00','2014-01-22 05:16:24',NULL,'2011-03-16 00:00:00',NULL,NULL,NULL,NULL,NULL,NULL,NULL,NULL,NULL,0,NULL,NULL,NULL,NULL,NULL,NULL,0,NULL,1,'0','2013-02-17 00:00:00',NULL,'Operator',0,'临时Temp',1,NULL,0,'2014-01-22 05:16:24','B1706917','张碧功',0,45,2),(1354,NULL,'1987-07-05 00:00:00','372926198707051851',10100101,'20210515.00','2014-01-22 05:16:24',NULL,'2011-03-16 00:00:00',NULL,NULL,NULL,NULL,NULL,NULL,NULL,NULL,NULL,0,NULL,NULL,NULL,NULL,NULL,NULL,0,NULL,1,'0',NULL,NULL,'Operator',0,'临时Temp',1,NULL,0,'2014-01-22 05:16:24','F4994421','王奉力',0,45,2),(1355,NULL,'1990-12-03 00:00:00','342422199012033215',10100101,'20210515.00','2014-01-22 05:16:24',NULL,'2011-03-16 00:00:00',NULL,NULL,NULL,NULL,NULL,NULL,NULL,NULL,NULL,0,NULL,NULL,NULL,NULL,NULL,NULL,0,NULL,1,'0',NULL,NULL,'Operator',0,'临时Temp',1,NULL,0,'2014-01-22 05:16:24','Y6775383','季元甲',0,45,2),(1356,NULL,'1976-12-18 00:00:00','320827197612184614',10100101,'20210515.00','2014-01-22 05:16:24',NULL,'2011-03-16 00:00:00',NULL,NULL,NULL,NULL,NULL,NULL,NULL,NULL,NULL,0,NULL,NULL,NULL,NULL,NULL,NULL,0,NULL,1,'0',NULL,NULL,'Operator',0,'临时Temp',1,NULL,0,'2014-01-22 05:16:24','J4189042','张家俊',0,45,2),(1357,NULL,'1986-08-26 00:00:00','360402198608263128',10100101,'20210008.00','2014-01-22 05:16:24',NULL,'2011-03-21 00:00:00',NULL,NULL,NULL,NULL,NULL,NULL,NULL,NULL,NULL,0,NULL,NULL,NULL,NULL,NULL,NULL,0,NULL,1,'0',NULL,NULL,'IH Engineer, China',0,'正式Permanent',2,NULL,0,'2014-01-22 05:16:24','Q5374776','刘群',0,52,2),(1358,NULL,'1976-01-07 00:00:00','513026197601074725',10100101,'20210519.00','2014-01-22 05:16:24',NULL,'2011-03-24 00:00:00',NULL,NULL,NULL,NULL,NULL,NULL,NULL,NULL,NULL,0,NULL,NULL,NULL,NULL,NULL,NULL,0,NULL,1,'0',NULL,NULL,'Operator',0,'临时Temp',2,NULL,0,'2014-01-22 05:16:24','Y4343642','陈跃林',0,45,2),(1359,NULL,'1982-11-06 00:00:00','620503198211066017',10100101,'20210171.00','2014-01-22 05:16:24',NULL,'2011-03-24 00:00:00',NULL,NULL,NULL,NULL,NULL,NULL,NULL,NULL,NULL,0,NULL,NULL,NULL,NULL,NULL,NULL,0,NULL,1,'0',NULL,NULL,'Operator',0,'临时Temp',1,NULL,0,'2014-01-22 05:16:24','B5918567','田保军',0,36,2),(1360,NULL,'1970-12-21 00:00:00','130105197012210610',10100101,'20221420.00','2014-01-22 05:16:24',NULL,'2011-04-01 00:00:00',NULL,NULL,NULL,NULL,NULL,NULL,NULL,NULL,NULL,0,NULL,NULL,NULL,NULL,NULL,NULL,0,NULL,1,'0',NULL,NULL,'Commercial Director, China',0,'正式Permanent',1,NULL,0,'2014-01-22 05:16:24','Y4473862','刘宇昕',0,37,2),(1361,NULL,'1988-02-21 00:00:00','310112198802215223',10100101,'20234105.00','2014-01-22 05:16:24',NULL,'2011-04-01 00:00:00',NULL,NULL,NULL,NULL,NULL,NULL,NULL,NULL,NULL,0,NULL,NULL,NULL,NULL,NULL,NULL,0,NULL,1,'0',NULL,NULL,'Receptionist, Shanghai',0,'正式Permanent',2,NULL,0,'2014-01-22 05:16:24','L6329232','陈瓅',0,35,2),(1362,NULL,'1975-04-17 00:00:00','340311197504170819',10100101,'20210122.00','2014-01-22 05:16:24',NULL,'2011-04-12 00:00:00',NULL,NULL,NULL,NULL,NULL,NULL,NULL,NULL,NULL,0,NULL,NULL,NULL,NULL,NULL,NULL,0,NULL,1,'0',NULL,NULL,'Operator',0,'临时Temp',1,NULL,0,'2014-01-22 05:16:24','C8410926','陈超',0,36,2),(1363,NULL,'1985-12-24 00:00:00','51370119851224621X',10100101,'20210111.00','2014-01-22 05:16:24',NULL,'2011-04-12 00:00:00',NULL,NULL,NULL,NULL,NULL,NULL,NULL,NULL,NULL,0,NULL,NULL,NULL,NULL,NULL,NULL,0,NULL,1,'0',NULL,NULL,'Operator',0,'临时Temp',1,NULL,0,'2014-01-22 05:16:24','W9519891','陈文毅',0,36,2),(1364,NULL,'1989-07-22 00:00:00','310228198907225010',10100101,'20210698.00','2014-01-22 05:16:24',NULL,'2011-04-12 00:00:00',NULL,NULL,NULL,NULL,NULL,NULL,NULL,NULL,NULL,0,NULL,NULL,NULL,NULL,NULL,NULL,0,NULL,1,'0',NULL,NULL,'Operator',0,'正式Permanent',1,NULL,0,'2014-01-22 05:16:24','W1944192','吴文俊',0,33,2),(1365,NULL,'1981-12-12 00:00:00','32082519811212414X',10100101,'20210168.00','2014-01-22 05:16:24',NULL,'2011-04-18 00:00:00',NULL,NULL,NULL,NULL,NULL,NULL,NULL,NULL,NULL,0,NULL,NULL,NULL,NULL,NULL,NULL,0,NULL,1,'0',NULL,NULL,'Planner, BA Shanghai',0,'正式Permanent',2,NULL,0,'2014-01-22 05:16:24','T8956288','庄婷',0,36,2),(1366,NULL,'1987-06-20 00:00:00','321282198706200037',10100101,'20221423.00','2014-01-22 05:16:24',NULL,'2011-04-18 00:00:00',NULL,NULL,NULL,NULL,NULL,NULL,NULL,NULL,NULL,0,NULL,NULL,NULL,NULL,NULL,NULL,0,NULL,1,'0',NULL,NULL,'Sales Engineer, Industrial Market, Wuxi',0,'正式Permanent',1,NULL,0,'2014-01-22 05:16:24','X8574323','顾向宇',0,37,2),(1367,NULL,'1979-06-19 00:00:00','412828197906194228',10100101,'20210512.00','2014-01-22 05:16:24',NULL,'2011-04-22 00:00:00',NULL,NULL,NULL,NULL,NULL,NULL,NULL,NULL,NULL,0,NULL,NULL,NULL,NULL,NULL,NULL,0,NULL,1,'0','2013-10-12 00:00:00',NULL,'Operator',0,'临时Temp',2,NULL,0,'2014-01-22 05:16:24','S8366398','时三美',0,45,2),(1368,NULL,'1981-11-16 00:00:00','411303198111165553',10100101,'20210515.00','2014-01-22 05:16:24',NULL,'2011-04-22 00:00:00',NULL,NULL,NULL,NULL,NULL,NULL,NULL,NULL,NULL,0,NULL,NULL,NULL,NULL,NULL,NULL,0,NULL,1,'0',NULL,NULL,'Operator',0,'临时Temp',1,NULL,0,'2014-01-22 05:16:24','J8179941','杜俊杰',0,45,2),(1369,NULL,'1985-11-15 00:00:00','32108119851115511X',10100101,'20210511.00','2014-01-22 05:16:24',NULL,'2011-04-22 00:00:00',NULL,NULL,NULL,NULL,NULL,NULL,NULL,NULL,NULL,0,NULL,NULL,NULL,NULL,NULL,NULL,0,NULL,1,'0','2013-02-19 00:00:00',NULL,'Operator',0,'临时Temp',1,NULL,0,'2014-01-22 05:16:24','H8933785','曹晖',0,45,2),(1370,NULL,'1985-06-07 00:00:00','620503198506075113',10100101,'20210417.00','2014-01-22 05:16:24',NULL,'2011-04-26 00:00:00',NULL,NULL,NULL,NULL,NULL,NULL,NULL,NULL,NULL,0,NULL,NULL,NULL,NULL,NULL,NULL,0,NULL,1,'0',NULL,NULL,'Operator',0,'临时Temp',1,NULL,0,'2014-01-22 05:16:24','J5902418','孙军军',0,44,2),(1371,NULL,'1988-02-15 00:00:00','513722198802153574',10100101,'20210512.00','2014-01-22 05:16:24',NULL,'2011-04-26 00:00:00',NULL,NULL,NULL,NULL,NULL,NULL,NULL,NULL,NULL,0,NULL,NULL,NULL,NULL,NULL,NULL,0,NULL,1,'0','2013-10-24 00:00:00',NULL,'Operator',0,'临时Temp',1,NULL,0,'2014-01-22 05:16:24','J9478511','蒲江德',0,45,2),(1372,NULL,'1989-10-06 00:00:00','513722198910063728',10100101,'20210519.00','2014-01-22 05:16:24',NULL,'2011-04-26 00:00:00',NULL,NULL,NULL,NULL,NULL,NULL,NULL,NULL,NULL,0,NULL,NULL,NULL,NULL,NULL,NULL,0,NULL,1,'0','2013-10-08 00:00:00',NULL,'Operator',0,'临时Temp',2,NULL,0,'2014-01-22 05:16:24','H1235033','马红秀',0,45,2),(1373,NULL,'1985-10-23 00:00:00','510824198510234765',10100101,'20210115.00','2014-01-22 05:16:24',NULL,'2011-04-26 00:00:00',NULL,NULL,NULL,NULL,NULL,NULL,NULL,NULL,NULL,0,NULL,NULL,NULL,NULL,NULL,NULL,0,NULL,1,'0',NULL,NULL,'Operator',0,'临时Temp',2,NULL,0,'2014-01-22 05:16:24','D7905592','杨冬梅',0,36,2),(1374,NULL,'1979-06-20 00:00:00','310113197906200837',10100101,'20233101.00','2014-01-22 05:16:24',NULL,'2011-05-03 00:00:00',NULL,NULL,NULL,NULL,NULL,NULL,NULL,NULL,NULL,0,NULL,NULL,NULL,NULL,NULL,NULL,0,NULL,1,'0',NULL,NULL,'HR Manager, China',0,'正式Permanent',1,NULL,0,'2014-01-22 05:16:24','B7555263','朱斌',0,51,2),(1375,NULL,'1979-11-29 00:00:00','410523197911296018',10100101,'20210443.00','2014-01-22 05:16:24',NULL,'2011-05-03 00:00:00',NULL,NULL,NULL,NULL,NULL,NULL,NULL,NULL,NULL,0,NULL,NULL,NULL,NULL,NULL,NULL,0,NULL,1,'0',NULL,NULL,'Supplier Quality Engineer, CPD China',0,'正式Permanent',1,NULL,0,'2014-01-22 05:16:24','K2842685','李克亮',0,44,2),(1376,NULL,'1983-04-08 00:00:00','230826198304080254',10100101,'20221426.00','2014-01-22 05:16:24',NULL,'2011-05-03 00:00:00',NULL,NULL,NULL,NULL,NULL,NULL,NULL,NULL,NULL,0,NULL,NULL,NULL,NULL,NULL,NULL,0,NULL,1,'0',NULL,NULL,'Sales Engineer, Glass Market, China',0,'正式Permanent',1,NULL,0,'2014-01-22 05:16:24','Y1857124','关宇博',0,37,2),(1377,NULL,'1981-02-08 00:00:00','422126198102086016',10100101,'20210115.00','2014-01-22 05:16:24',NULL,'2011-05-04 00:00:00',NULL,NULL,NULL,NULL,NULL,NULL,NULL,NULL,NULL,0,NULL,NULL,NULL,NULL,NULL,NULL,0,NULL,1,'0',NULL,NULL,'Operator',0,'临时Temp',1,NULL,0,'2014-01-22 05:16:24','G9197848','肖广富',0,36,2),(1378,NULL,'1974-03-09 00:00:00','513026197403093394',10100101,'20210512.00','2014-01-22 05:16:24',NULL,'2011-05-04 00:00:00',NULL,NULL,NULL,NULL,NULL,NULL,NULL,NULL,NULL,0,NULL,NULL,NULL,NULL,NULL,NULL,0,NULL,1,'0',NULL,NULL,'Operator',0,'临时Temp',1,NULL,0,'2014-01-22 05:16:24','Z0187049','杨政',0,45,2),(1379,NULL,'1986-08-12 00:00:00','511381198608127889',10100101,'20210172.00','2014-01-22 05:16:24',NULL,'2011-05-23 00:00:00',NULL,NULL,NULL,NULL,NULL,NULL,NULL,NULL,NULL,0,NULL,NULL,NULL,NULL,NULL,NULL,0,NULL,1,'0',NULL,NULL,'Lab Engineer, BA Shanghai',0,'正式Permanent',2,NULL,0,'2014-01-22 05:16:24','L5492129','罗玲',0,36,2),(1380,NULL,'1982-02-18 00:00:00','231005198202185018',10100101,'20210683.00','2014-01-22 05:16:24',NULL,'2011-05-23 00:00:00',NULL,NULL,NULL,NULL,NULL,NULL,NULL,NULL,NULL,0,NULL,NULL,NULL,NULL,NULL,NULL,0,NULL,1,'0',NULL,NULL,'Manufacturing Engineer,SA Shanghai',0,'正式Permanent',1,NULL,0,'2014-01-22 05:16:24','X2021331','何向辉',0,33,2),(1381,NULL,'1986-03-06 00:00:00','310227198603064434',10100101,'20210115.00','2014-01-22 05:16:24',NULL,'2011-05-24 00:00:00',NULL,NULL,NULL,NULL,NULL,NULL,NULL,NULL,NULL,0,NULL,NULL,NULL,NULL,NULL,NULL,0,NULL,1,'0',NULL,NULL,'Operator',0,'临时Temp',1,NULL,0,'2014-01-22 05:16:24','H3382072','徐辉',0,36,2),(1382,NULL,'1980-05-16 00:00:00','342126198005169039',10100101,'20210115.00','2014-01-22 05:16:24',NULL,'2011-05-24 00:00:00',NULL,NULL,NULL,NULL,NULL,NULL,NULL,NULL,NULL,0,NULL,NULL,NULL,NULL,NULL,NULL,0,NULL,1,'0','2013-05-23 00:00:00',NULL,'Operator',0,'临时Temp',1,NULL,0,'2014-01-22 05:16:24','T3124050','郭涛',0,36,2),(1383,NULL,'1987-01-24 00:00:00','310226198701241821',10100101,'20221201.00','2014-01-22 05:16:24',NULL,'2011-05-31 00:00:00',NULL,NULL,NULL,NULL,NULL,NULL,NULL,NULL,NULL,0,NULL,NULL,NULL,NULL,NULL,NULL,0,NULL,1,'0','2013-05-22 00:00:00',NULL,'Customer Service Specialist',0,'临时Temp',2,NULL,0,'2014-01-22 05:16:24','L4401300','褚丽雯',0,39,2),(1384,NULL,'1980-06-05 00:00:00','320522198006051615',10100101,'20232101.00','2014-01-22 05:16:24',NULL,'2011-06-01 00:00:00',NULL,NULL,NULL,NULL,NULL,NULL,NULL,NULL,NULL,0,NULL,NULL,NULL,NULL,NULL,NULL,0,NULL,1,'0',NULL,NULL,'Business System Managerm Asia & IT Coordinator SGA China',0,'正式Permanent',1,NULL,0,'2014-01-22 05:16:24','Q4515436','何取伟',0,54,2),(1385,NULL,'1977-07-27 00:00:00','330124197707270632',10100101,'20234120.00','2014-01-22 05:16:24',NULL,'2011-06-01 00:00:00',NULL,NULL,NULL,NULL,NULL,NULL,NULL,NULL,NULL,0,NULL,NULL,NULL,NULL,NULL,NULL,0,NULL,1,'0',NULL,NULL,'PM-Jiangyan Acquisition Project, Jiangsu',0,'正式Permanent',1,NULL,0,'2014-01-22 05:16:24','Y5891604','张一飞',0,36,2),(1386,NULL,'1977-08-01 00:00:00','210202197708014913',10100101,'20210685.00','2014-01-22 05:16:24',NULL,'2011-06-08 00:00:00',NULL,NULL,NULL,NULL,NULL,NULL,NULL,NULL,NULL,0,NULL,NULL,NULL,NULL,NULL,NULL,0,NULL,1,'0',NULL,NULL,'Plant Manager, SA Shanghai',0,'正式Permanent',1,NULL,0,'2014-01-22 05:16:24','J3740716','黄建军',0,33,2),(1387,NULL,'1982-01-29 00:00:00','310109198201290043',10100101,'20233101.00','2014-01-22 05:16:24',NULL,'2011-06-15 00:00:00',NULL,NULL,NULL,NULL,NULL,NULL,NULL,NULL,NULL,0,NULL,NULL,NULL,NULL,NULL,NULL,0,NULL,1,'0',NULL,NULL,'HR Manager,  China',0,'正式Permanent',2,NULL,0,'2014-01-22 05:16:24','J7248052','孙佳洁',0,51,2),(1388,NULL,'1986-06-28 00:00:00','411402198606286110',10100101,'20210415.00','2014-01-22 05:16:24',NULL,'2011-06-20 00:00:00',NULL,NULL,NULL,NULL,NULL,NULL,NULL,NULL,NULL,0,NULL,NULL,NULL,NULL,NULL,NULL,0,NULL,1,'0',NULL,NULL,'Operator',0,'临时Temp',1,NULL,0,'2014-01-22 05:16:24','H7416195','申海波',0,44,2),(1389,NULL,'1971-04-05 00:00:00','341226197104051319',10100101,'20210122.00','2014-01-22 05:16:24',NULL,'2011-06-20 00:00:00',NULL,NULL,NULL,NULL,NULL,NULL,NULL,NULL,NULL,0,NULL,NULL,NULL,NULL,NULL,NULL,0,NULL,1,'0',NULL,NULL,'Operator',0,'临时Temp',1,NULL,0,'2014-01-22 05:16:24','J1285367','鲁江',0,36,2),(1390,NULL,'1983-10-20 00:00:00','431227198310200939',10100101,'20210122.00','2014-01-22 05:16:24',NULL,'2011-06-20 00:00:00',NULL,NULL,NULL,NULL,NULL,NULL,NULL,NULL,NULL,0,NULL,NULL,NULL,NULL,NULL,NULL,0,NULL,1,'0',NULL,NULL,'Operator',0,'临时Temp',1,NULL,0,'2014-01-22 05:16:24','M4616876','姚茂水',0,36,2),(1391,NULL,'1986-01-08 00:00:00','371521198601081433',10100101,'20210604.00','2014-01-22 05:16:24',NULL,'2011-06-20 00:00:00',NULL,NULL,NULL,NULL,NULL,NULL,NULL,NULL,NULL,0,NULL,NULL,NULL,NULL,NULL,NULL,0,NULL,1,'0','2013-01-31 00:00:00',NULL,'Operator',0,'正式Permanent',1,NULL,0,'2014-01-22 05:16:24','B4155239','闫本亮',0,33,2),(1392,NULL,'1985-11-09 00:00:00','610431198511090615',10100101,'20221408.00','2014-01-22 05:16:24',NULL,'2011-06-20 00:00:00',NULL,NULL,NULL,NULL,NULL,NULL,NULL,NULL,NULL,0,NULL,NULL,NULL,NULL,NULL,NULL,0,NULL,1,'0',NULL,NULL,'Sales Engineer, Industrial Market, NW China',0,'正式Permanent',1,NULL,0,'2014-01-22 05:16:24','X8899364','张小亮',0,37,2),(1393,NULL,'1983-02-24 00:00:00','211221198302240616',10100101,'20221407.00','2014-01-22 05:16:24',NULL,'2011-06-27 00:00:00',NULL,NULL,NULL,NULL,NULL,NULL,NULL,NULL,NULL,0,NULL,NULL,NULL,NULL,NULL,NULL,0,NULL,1,'0',NULL,NULL,'Sales Supervisor, Industrial Market, NE',0,'正式Permanent',1,NULL,0,'2014-01-22 05:16:24','G9419908','张国强',0,37,2),(1394,NULL,'1986-08-04 00:00:00','513722198608043590',10100101,'20210111.00','2014-01-22 05:16:24',NULL,'2011-07-01 00:00:00',NULL,NULL,NULL,NULL,NULL,NULL,NULL,NULL,NULL,0,NULL,NULL,NULL,NULL,NULL,NULL,0,NULL,1,'0',NULL,NULL,'Operator',0,'临时Temp',1,NULL,0,'2014-01-22 05:16:24','Z1111345','张之军',0,36,2),(1395,NULL,'1973-07-08 00:00:00','340311197307080830',10100101,'20210113.00','2014-01-22 05:16:24',NULL,'2011-07-01 00:00:00',NULL,NULL,NULL,NULL,NULL,NULL,NULL,NULL,NULL,0,NULL,NULL,NULL,NULL,NULL,NULL,0,NULL,1,'0','2013-02-19 00:00:00',NULL,'Operator',0,'临时Temp',1,NULL,0,'2014-01-22 05:16:24','C3221569','毕春连',0,36,2),(1396,NULL,'1984-05-05 00:00:00','411528198405051664',10100101,'20210512.00','2014-01-22 05:16:24',NULL,'2011-07-01 00:00:00',NULL,NULL,NULL,NULL,NULL,NULL,NULL,NULL,NULL,0,NULL,NULL,NULL,NULL,NULL,NULL,0,NULL,1,'0',NULL,NULL,'Operator',0,'临时Temp',2,NULL,0,'2014-01-22 05:16:24','J4508622','汤静',0,45,2),(1397,NULL,'1976-06-20 00:00:00','32082519760620396X',10100101,'20210512.00','2014-01-22 05:16:24',NULL,'2011-07-01 00:00:00',NULL,NULL,NULL,NULL,NULL,NULL,NULL,NULL,NULL,0,NULL,NULL,NULL,NULL,NULL,NULL,0,NULL,1,'0',NULL,NULL,'Operator',0,'临时Temp',2,NULL,0,'2014-01-22 05:16:24','R1216211','杨荣霞',0,45,2),(1398,NULL,'1981-06-19 00:00:00','320882198106193824',10100101,'20233101.00','2014-01-22 05:16:24',NULL,'2011-07-01 00:00:00',NULL,NULL,NULL,NULL,NULL,NULL,NULL,NULL,NULL,0,NULL,NULL,NULL,NULL,NULL,NULL,0,NULL,1,'0',NULL,NULL,'HR Supervisor, TW&CPD Shanghai',0,'正式Permanent',2,NULL,0,'2014-01-22 05:16:24','W2356906','季文青',0,51,2),(1399,NULL,'1988-11-03 00:00:00','31010519881103122X',10100101,'20233101.00','2014-01-22 05:16:24',NULL,'2011-07-01 00:00:00',NULL,NULL,NULL,NULL,NULL,NULL,NULL,NULL,NULL,0,NULL,NULL,NULL,NULL,NULL,NULL,0,NULL,1,'0',NULL,NULL,'HR Assistant, Shanghai',0,'正式Permanent',2,NULL,0,'2014-01-22 05:16:24','W5463132','闻伟丽',0,51,2),(1400,NULL,'1980-02-28 00:00:00','342901198002286025',10100101,'20221201.00','2014-01-22 05:16:24',NULL,'2011-07-04 00:00:00',NULL,NULL,NULL,NULL,NULL,NULL,NULL,NULL,NULL,0,NULL,NULL,NULL,NULL,NULL,NULL,0,NULL,1,'0',NULL,NULL,'Customer Service Specialist',0,'正式Permanent',2,NULL,0,'2014-01-22 05:16:24','W1732746','仇文静',0,39,2),(1401,NULL,'1985-04-22 00:00:00','310226198504223712',10100101,'20210012.00','2014-01-22 05:16:24',NULL,'2011-07-04 00:00:00',NULL,NULL,NULL,NULL,NULL,NULL,NULL,NULL,NULL,0,NULL,NULL,NULL,NULL,NULL,NULL,0,NULL,1,'0',NULL,NULL,'Equipment Engineer, TW&CPD Shanghai ',0,'正式Permanent',1,NULL,0,'2014-01-22 05:16:24','Y6521235','阮宇翔',0,41,2),(1402,NULL,'1984-01-09 00:00:00','310112198401093640',10100101,'20221310.00','2014-01-22 05:16:24',NULL,'2011-07-11 00:00:00',NULL,NULL,NULL,NULL,NULL,NULL,NULL,NULL,NULL,0,NULL,NULL,NULL,NULL,NULL,NULL,0,NULL,1,'0',NULL,NULL,'Product Material Creation, BA Shanghai ',0,'正式Permanent',2,NULL,0,'2014-01-22 05:16:24','F4897776','杨奋华',0,36,2),(1403,NULL,'1988-06-16 00:00:00','310106198806161616',10100101,'20221340.00','2014-01-22 05:16:24',NULL,'2011-07-01 00:00:00',NULL,NULL,NULL,NULL,NULL,NULL,NULL,NULL,NULL,0,NULL,NULL,NULL,NULL,NULL,NULL,0,NULL,1,'0',NULL,NULL,'Product Engineer, CPD China',0,'正式Permanent',1,NULL,0,'2014-01-22 05:16:24','Z5128657','方志敏',0,44,2),(1404,NULL,'1989-03-26 00:00:00','310115198903260911',10100101,'20221350.00','2014-01-22 05:16:24',NULL,'2011-07-01 00:00:00',NULL,NULL,NULL,NULL,NULL,NULL,NULL,NULL,NULL,0,NULL,NULL,NULL,NULL,NULL,NULL,0,NULL,1,'0',NULL,NULL,'Product Engineer, TW China',0,'正式Permanent',1,NULL,0,'2014-01-22 05:16:24','J0603483','陈佳敏',0,45,2),(1405,NULL,'1978-07-08 00:00:00','612301197807080030',10100101,'20221422.00','2014-01-22 05:16:24',NULL,'2011-07-18 00:00:00',NULL,NULL,NULL,NULL,NULL,NULL,NULL,NULL,NULL,0,NULL,NULL,NULL,NULL,NULL,NULL,0,NULL,1,'0',NULL,NULL,'Senior Sales Engineer,Industrial Market,East China ',0,'正式Permanent',1,NULL,0,'2014-01-22 05:16:24','L5498296','赵伦',0,37,2),(1406,NULL,'1982-01-19 00:00:00','620422198201195716',10100101,'20221405.00','2014-01-22 05:16:24',NULL,'2011-07-18 00:00:00',NULL,NULL,NULL,NULL,NULL,NULL,NULL,NULL,NULL,0,NULL,NULL,NULL,NULL,NULL,NULL,0,NULL,1,'0','2013-08-25 00:00:00',NULL,'Sales Engineer,Hardware Market, NE China ',0,'正式Permanent',1,NULL,0,'2014-01-22 05:16:24','H1577054','张海',0,37,2),(1407,NULL,'1982-02-06 00:00:00','34242319820206679X',10100101,'20210122.00','2014-01-22 05:16:24',NULL,'2011-07-20 00:00:00',NULL,NULL,NULL,NULL,NULL,NULL,NULL,NULL,NULL,0,NULL,NULL,NULL,NULL,NULL,NULL,0,NULL,1,'0',NULL,NULL,'Operator',0,'临时Temp',1,NULL,0,'2014-01-22 05:16:24','Y2497270','李义兵',0,36,2),(1408,NULL,'1988-05-23 00:00:00','513722198805234273',10100101,'20210512.00','2014-01-22 05:16:24',NULL,'2011-07-22 00:00:00',NULL,NULL,NULL,NULL,NULL,NULL,NULL,NULL,NULL,0,NULL,NULL,NULL,NULL,NULL,NULL,0,NULL,1,'0','2013-10-15 00:00:00',NULL,'Operator',0,'临时Temp',1,NULL,0,'2014-01-22 05:16:24','L3873894','贺力智',0,45,2),(1409,NULL,'1989-04-14 00:00:00','341226198904146134',10100101,'20210511.00','2014-01-22 05:16:24',NULL,'2011-07-27 00:00:00',NULL,NULL,NULL,NULL,NULL,NULL,NULL,NULL,NULL,0,NULL,NULL,NULL,NULL,NULL,NULL,0,NULL,1,'0','2013-01-30 00:00:00',NULL,'Operator',0,'临时Temp',1,NULL,0,'2014-01-22 05:16:24','D9877411','穆道阳',0,45,2),(1410,NULL,'1985-02-01 00:00:00','371325198502013042',10100101,'20210517.00','2014-01-22 05:16:24',NULL,'2011-07-27 00:00:00',NULL,NULL,NULL,NULL,NULL,NULL,NULL,NULL,NULL,0,NULL,NULL,NULL,NULL,NULL,NULL,0,NULL,1,'0','2013-07-26 00:00:00',NULL,'Operator',0,'临时Temp',2,NULL,0,'2014-01-22 05:16:24','X2135258','刘香',0,45,2),(1411,NULL,'1985-03-12 00:00:00','342422198503120853',10100101,'20210511.00','2014-01-22 05:16:24',NULL,'2011-07-27 00:00:00',NULL,NULL,NULL,NULL,NULL,NULL,NULL,NULL,NULL,0,NULL,NULL,NULL,NULL,NULL,NULL,0,NULL,1,'0','2013-04-01 00:00:00',NULL,'Operator',0,'临时Temp',1,NULL,0,'2014-01-22 05:16:24','Y0565146','朱运好',0,45,2),(1412,NULL,'1987-01-24 00:00:00','341126198701245911',10100101,'20210512.00','2014-01-22 05:16:24',NULL,'2011-07-27 00:00:00',NULL,NULL,NULL,NULL,NULL,NULL,NULL,NULL,NULL,0,NULL,NULL,NULL,NULL,NULL,NULL,0,NULL,1,'0','2013-07-26 00:00:00',NULL,'Operator',0,'临时Temp',1,NULL,0,'2014-01-22 05:16:24','D3658098','周地跃',0,45,2),(1413,NULL,'1993-01-05 00:00:00','513721199301054613',10100101,'20210519.00','2014-01-22 05:16:24',NULL,'2011-07-27 00:00:00',NULL,NULL,NULL,NULL,NULL,NULL,NULL,NULL,NULL,0,NULL,NULL,NULL,NULL,NULL,NULL,0,NULL,1,'0','2013-02-17 00:00:00',NULL,'Operator',0,'临时Temp',1,NULL,0,'2014-01-22 05:16:24','P5099896','杨攀登',0,45,2),(1414,NULL,'1977-07-27 00:00:00','342427197707277227',10100101,'20210517.00','2014-01-22 05:16:24',NULL,'2011-07-27 00:00:00',NULL,NULL,NULL,NULL,NULL,NULL,NULL,NULL,NULL,0,NULL,NULL,NULL,NULL,NULL,NULL,0,NULL,1,'0',NULL,NULL,'Operator',0,'临时Temp',2,NULL,0,'2014-01-22 05:16:24','H1545719','刘和芳',0,45,2),(1415,NULL,'1977-02-16 00:00:00','510821197702168826',10100101,'20210512.00','2014-01-22 05:16:24',NULL,'2011-07-27 00:00:00',NULL,NULL,NULL,NULL,NULL,NULL,NULL,NULL,NULL,0,NULL,NULL,NULL,NULL,NULL,NULL,0,NULL,1,'0','2013-05-17 00:00:00',NULL,'Operator',0,'临时Temp',2,NULL,0,'2014-01-22 05:16:24','J5306813','吴菊兰',0,45,2),(1416,NULL,'1989-04-10 00:00:00','372901198904103756',10100101,'20210112.00','2014-01-22 05:16:24',NULL,'2011-07-27 00:00:00',NULL,NULL,NULL,NULL,NULL,NULL,NULL,NULL,NULL,0,NULL,NULL,NULL,NULL,NULL,NULL,0,NULL,1,'0','2013-02-28 00:00:00',NULL,'Operator',0,'临时Temp',1,NULL,0,'2014-01-22 05:16:24','J6692779','邹金龙',0,36,2),(1417,NULL,'1973-02-15 00:00:00','310106197302150417',10100101,'20210435.00','2014-01-22 05:16:24',NULL,'2011-07-27 00:00:00',NULL,NULL,NULL,NULL,NULL,NULL,NULL,NULL,NULL,0,NULL,NULL,NULL,NULL,NULL,NULL,0,NULL,1,'0','2013-10-31 00:00:00',NULL,'Production Manager, CPD Shanghai',0,'正式Permanent',1,NULL,0,'2014-01-22 05:16:24','J9956590','朱杰',0,44,2),(1418,NULL,'1984-02-11 00:00:00','420103198402111213',10100101,'20221405.00','2014-01-22 05:16:24',NULL,'2011-08-04 00:00:00',NULL,NULL,NULL,NULL,NULL,NULL,NULL,NULL,NULL,0,NULL,NULL,NULL,NULL,NULL,NULL,0,NULL,1,'0','2013-06-19 00:00:00',NULL,'Sales Engineer, Hardware Market, Wuhan',0,'正式Permanent',1,NULL,0,'2014-01-22 05:16:24','J7906557','汤佳欢',0,37,2),(1419,NULL,'1977-02-23 00:00:00','360521197702237030',10100101,'20210166.00','2014-01-22 05:16:24',NULL,'2011-08-15 00:00:00',NULL,NULL,NULL,NULL,NULL,NULL,NULL,NULL,NULL,0,NULL,NULL,NULL,NULL,NULL,NULL,0,NULL,1,'0',NULL,NULL,'Quality Supervisor, BA Shanghai',0,'正式Permanent',1,NULL,0,'2014-01-22 05:16:24','X9511605','林小湖',0,46,2),(1420,NULL,'1975-01-01 00:00:00','412921197501012458',10100101,'20210515.00','2014-01-22 05:16:24',NULL,'2011-08-16 00:00:00',NULL,NULL,NULL,NULL,NULL,NULL,NULL,NULL,NULL,0,NULL,NULL,NULL,NULL,NULL,NULL,0,NULL,1,'0',NULL,NULL,'Operator',0,'临时Temp',1,NULL,0,'2014-01-22 05:16:24','B5697921','李保兴',0,45,2),(1421,NULL,'1986-04-10 00:00:00','51372219860410371X',10100101,'20210515.00','2014-01-22 05:16:24',NULL,'2011-08-18 00:00:00',NULL,NULL,NULL,NULL,NULL,NULL,NULL,NULL,NULL,0,NULL,NULL,NULL,NULL,NULL,NULL,0,NULL,1,'0',NULL,NULL,'Operator',0,'临时Temp',1,NULL,0,'2014-01-22 05:16:24','Y5477785','岳于泉',0,45,2),(1422,NULL,'1983-12-12 00:00:00','513722198312123698',10100101,'20210511.00','2014-01-22 05:16:24',NULL,'2011-08-18 00:00:00',NULL,NULL,NULL,NULL,NULL,NULL,NULL,NULL,NULL,0,NULL,NULL,NULL,NULL,NULL,NULL,0,NULL,1,'0','2013-04-01 00:00:00',NULL,'Operator',0,'临时Temp',1,NULL,0,'2014-01-22 05:16:24','K2459695','龙坤祥',0,45,2),(1423,NULL,'1972-01-02 00:00:00','510823197201021335',10100101,'20210515.00','2014-01-22 05:16:24',NULL,'2011-08-18 00:00:00',NULL,NULL,NULL,NULL,NULL,NULL,NULL,NULL,NULL,0,NULL,NULL,NULL,NULL,NULL,NULL,0,NULL,1,'0',NULL,NULL,'Operator',0,'临时Temp',1,NULL,0,'2014-01-22 05:16:24','G3262288','杨国春',0,45,2),(1424,NULL,'1985-12-01 00:00:00','339005198512019024',10100101,'20233101.00','2014-01-22 05:16:24',NULL,'2011-08-22 00:00:00',NULL,NULL,NULL,NULL,NULL,NULL,NULL,NULL,NULL,0,NULL,NULL,NULL,NULL,NULL,NULL,0,NULL,1,'0',NULL,NULL,'HR Specialist, China',0,'正式Permanent',2,NULL,0,'2014-01-22 05:16:24','Y5186453','朱俞丹',0,51,2),(1425,NULL,'1987-11-11 00:00:00','31011219871111331X',10100101,'20210527.00','2014-01-22 05:16:24',NULL,'2011-08-30 00:00:00',NULL,NULL,NULL,NULL,NULL,NULL,NULL,NULL,NULL,0,NULL,NULL,NULL,NULL,NULL,NULL,0,NULL,1,'0',NULL,NULL,'Planner, TW Shanghai',0,'正式Permanent',1,NULL,0,'2014-01-22 05:16:24','J1334001','黄军',0,45,2),(1426,NULL,'1987-02-13 00:00:00','31011419870213121X',10100101,'20221310.00','2014-01-22 05:16:24',NULL,'2011-08-29 00:00:00',NULL,NULL,NULL,NULL,NULL,NULL,NULL,NULL,NULL,0,NULL,NULL,NULL,NULL,NULL,NULL,0,NULL,1,'0',NULL,NULL,'Product Engineer, BA China',0,'正式Permanent',1,NULL,0,'2014-01-22 05:16:24','Z6226045','李震宇',0,36,2),(1427,NULL,'1983-11-10 00:00:00','320681198311100060',10100101,'20231101.00','2014-01-22 05:16:24',NULL,'2011-08-29 00:00:00',NULL,NULL,NULL,NULL,NULL,NULL,NULL,NULL,NULL,0,NULL,NULL,NULL,NULL,NULL,NULL,0,NULL,1,'0','2013-07-05 00:00:00',NULL,'Cost Controller, CPD China',0,'正式Permanent',2,NULL,0,'2014-01-22 05:16:24','X1720863','黄小城',0,34,2),(1428,NULL,'1984-08-20 00:00:00','320586198408208429',10100101,'20231101.00','2014-01-22 05:16:24',NULL,'2011-09-19 00:00:00',NULL,NULL,NULL,NULL,NULL,NULL,NULL,NULL,NULL,0,NULL,NULL,NULL,NULL,NULL,NULL,0,NULL,1,'0','2013-05-15 00:00:00',NULL,'Business Controller, TW&CPD China',0,'正式Permanent',2,NULL,0,'2014-01-22 05:16:24','J8323869','赵嘉',0,34,2),(1429,NULL,'1990-09-22 00:00:00','331081199009226716',10100101,'20233105.00','2014-01-22 05:16:24',NULL,'2011-03-01 00:00:00',NULL,NULL,NULL,NULL,NULL,NULL,NULL,NULL,NULL,0,NULL,NULL,NULL,NULL,NULL,NULL,0,NULL,1,'0',NULL,NULL,'Disable',0,'正式Permanent',1,NULL,0,'2014-01-22 05:16:24','Q7535371','王强',0,35,2),(1430,NULL,'1987-05-04 00:00:00','310112198705042121',10100101,'20233105.00','2014-01-22 05:16:24',NULL,'2011-01-01 00:00:00',NULL,NULL,NULL,NULL,NULL,NULL,NULL,NULL,NULL,0,NULL,NULL,NULL,NULL,NULL,NULL,0,NULL,1,'0',NULL,NULL,'Disable',0,'正式Permanent',2,NULL,0,'2014-01-22 05:16:24','W8847542','吕文磊',0,35,2),(1431,NULL,'1985-07-12 00:00:00','330106198507121212',10100101,'20210437.00','2014-01-22 05:16:24',NULL,'2011-10-10 00:00:00',NULL,NULL,NULL,NULL,NULL,NULL,NULL,NULL,NULL,0,NULL,NULL,NULL,NULL,NULL,NULL,0,NULL,1,'0',NULL,NULL,'Process Engineer, CPD Shanghai',0,'正式Permanent',1,NULL,0,'2014-01-22 05:16:24','L4354070','占磊',0,44,2),(1432,NULL,'1986-12-27 00:00:00','362502198612271478',10100101,'20210676.00','2014-01-22 05:16:24',NULL,'2011-10-24 00:00:00',NULL,NULL,NULL,NULL,NULL,NULL,NULL,NULL,NULL,0,NULL,NULL,NULL,NULL,NULL,NULL,0,NULL,1,'0',NULL,NULL,'Logistics Engineer, SA Shanghai',0,'正式Permanent',1,NULL,0,'2014-01-22 05:16:24','R1586083','饶锐',0,33,2),(1433,NULL,'1983-12-11 00:00:00','430481198312111700',10100101,'20210165.00','2014-01-22 05:16:24',NULL,'2011-11-02 00:00:00',NULL,NULL,NULL,NULL,NULL,NULL,NULL,NULL,NULL,0,NULL,NULL,NULL,NULL,NULL,NULL,0,NULL,1,'0',NULL,NULL,'Warehouse Supervisor, BA Shanghai',0,'正式Permanent',2,NULL,0,'2014-01-22 05:16:24','X5344506','李霞',0,36,2),(1434,NULL,'1985-02-08 00:00:00','310109198502084024',10100101,'20234115.00','2014-01-22 05:16:24',NULL,'2011-11-14 00:00:00',NULL,NULL,NULL,NULL,NULL,NULL,NULL,NULL,NULL,0,NULL,NULL,NULL,NULL,NULL,NULL,0,NULL,1,'0',NULL,NULL,'Administrative Secretary',0,'正式Permanent',2,NULL,0,'2014-01-22 05:16:24','M2263933','朱敏旻',0,35,2),(1435,NULL,'1982-12-06 00:00:00','310110198212062025',10100101,'20221201.00','2014-01-22 05:16:24',NULL,'2011-11-21 00:00:00',NULL,NULL,NULL,NULL,NULL,NULL,NULL,NULL,NULL,0,NULL,NULL,NULL,NULL,NULL,NULL,0,NULL,1,'0',NULL,NULL,'Customer Service Specialist',0,'正式Permanent',2,NULL,0,'2014-01-22 05:16:24','Y8076942','朱颖莹',0,39,2),(1436,NULL,'1988-01-16 00:00:00','432501198801161026',10100101,'20210008.00','2014-01-22 05:16:24',NULL,'2011-12-19 00:00:00',NULL,NULL,NULL,NULL,NULL,NULL,NULL,NULL,NULL,0,NULL,NULL,NULL,NULL,NULL,NULL,0,NULL,1,'0','2013-06-16 00:00:00',NULL,'EHS Engineer, China',0,'正式Permanent',2,NULL,0,'2014-01-22 05:16:24','X5894373','叶欣',0,52,2),(1437,NULL,'1987-02-13 00:00:00','430321198702137912',10100101,'20221402.00','2014-01-22 05:16:24',NULL,'2011-12-19 00:00:00',NULL,NULL,NULL,NULL,NULL,NULL,NULL,NULL,NULL,0,NULL,NULL,NULL,NULL,NULL,NULL,0,NULL,1,'0',NULL,NULL,'Sales Engineer, Industrial Market, Changsha',0,'正式Permanent',1,NULL,0,'2014-01-22 05:16:24','Y3264227','张应',0,37,2),(1438,NULL,'1981-01-30 00:00:00','310107198101304951',10100101,'20221350.00','2014-01-22 05:16:24',NULL,'2012-01-01 00:00:00',NULL,NULL,NULL,NULL,NULL,NULL,NULL,NULL,NULL,0,NULL,NULL,NULL,NULL,NULL,NULL,0,NULL,1,'0',NULL,NULL,'Product Manager, TW&CPD China',0,'正式Permanent',1,NULL,0,'2014-01-22 05:16:24','X5954005','孙旭峰',0,41,2),(1439,NULL,'1986-12-24 00:00:00','513902198612244315',10100101,'20210512.00','2014-01-22 05:16:24',NULL,'2012-01-09 00:00:00',NULL,NULL,NULL,NULL,NULL,NULL,NULL,NULL,NULL,0,NULL,NULL,NULL,NULL,NULL,NULL,0,NULL,1,'0','2013-01-31 00:00:00',NULL,'Operator',0,'临时Temp',1,NULL,0,'2014-01-22 05:16:24','L3090194','邓良权',0,45,2),(1440,NULL,'1986-10-12 00:00:00','513722198610123725',10100101,'20210512.00','2014-01-22 05:16:24',NULL,'2012-01-09 00:00:00',NULL,NULL,NULL,NULL,NULL,NULL,NULL,NULL,NULL,0,NULL,NULL,NULL,NULL,NULL,NULL,0,NULL,1,'0',NULL,NULL,'Operator',0,'临时Temp',2,NULL,0,'2014-01-22 05:16:24','X4339714','蒲晓红',0,45,2),(1441,NULL,'1976-08-29 00:00:00','510211197608299015',10100101,'20221410.00','2014-01-22 05:16:24',NULL,'2012-02-01 00:00:00',NULL,NULL,NULL,NULL,NULL,NULL,NULL,NULL,NULL,0,NULL,NULL,NULL,NULL,NULL,NULL,0,NULL,1,'0','2013-10-31 00:00:00',NULL,'Sales Engineer, Automotive After Market, SW China',0,'正式Permanent',1,NULL,0,'2014-01-22 05:16:24','C9213109','张川',0,37,2),(1442,NULL,'1987-02-09 00:00:00','410324198702093919',10100101,'20221310.00','2014-01-22 05:16:24',NULL,'2012-02-06 00:00:00',NULL,NULL,NULL,NULL,NULL,NULL,NULL,NULL,NULL,0,NULL,NULL,NULL,NULL,NULL,NULL,0,NULL,1,'0',NULL,NULL,'Product Engineer, BA China',0,'正式Permanent',1,NULL,0,'2014-01-22 05:16:24','H5117192','何红斌',0,36,2),(1443,NULL,'1979-03-28 00:00:00','310105197903283227',10100101,'20221201.00','2014-01-22 05:16:24',NULL,'2012-02-13 00:00:00',NULL,NULL,NULL,NULL,NULL,NULL,NULL,NULL,NULL,0,NULL,NULL,NULL,NULL,NULL,NULL,0,NULL,1,'0','2013-07-19 00:00:00',NULL,'Customer Service Specialist',0,'正式Permanent',2,NULL,0,'2014-01-22 05:16:24','J6684389','宋璟',0,39,2),(1444,NULL,'1976-03-20 00:00:00','321322197603201015',10100101,'20210014.00','2014-01-22 05:16:24',NULL,'2012-02-17 00:00:00',NULL,NULL,NULL,NULL,NULL,NULL,NULL,NULL,NULL,0,NULL,NULL,NULL,NULL,NULL,NULL,0,NULL,1,'0',NULL,NULL,'Operator',0,'临时Temp',1,NULL,0,'2014-01-22 05:16:24','Y4081177','严用全',0,41,2),(1445,NULL,'1984-10-15 00:00:00','340421198410153068',10100101,'20210415.00','2014-01-22 05:16:24',NULL,'2012-02-17 00:00:00',NULL,NULL,NULL,NULL,NULL,NULL,NULL,NULL,NULL,0,NULL,NULL,NULL,NULL,NULL,NULL,0,NULL,1,'0','2013-06-15 00:00:00',NULL,'Operator',0,'临时Temp',2,NULL,0,'2014-01-22 05:16:24','C7655193','袁彩虹',0,44,2),(1446,NULL,'1986-05-07 00:00:00','422326198605071917',10100101,'20221427.00','2014-01-22 05:16:24',NULL,'2012-02-22 00:00:00',NULL,NULL,NULL,NULL,NULL,NULL,NULL,NULL,NULL,0,NULL,NULL,NULL,NULL,NULL,NULL,0,NULL,1,'0',NULL,NULL,'OEM Supervisor, China',0,'正式Permanent',1,NULL,0,'2014-01-22 05:16:24','H8640972','金黄涛',0,37,2),(1447,NULL,'1987-11-24 00:00:00','341226198711246120',10100101,'20210512.00','2014-01-22 05:16:24',NULL,'2012-02-24 00:00:00',NULL,NULL,NULL,NULL,NULL,NULL,NULL,NULL,NULL,0,NULL,NULL,NULL,NULL,NULL,NULL,0,NULL,1,'0',NULL,NULL,'Operator',0,'临时Temp',2,NULL,0,'2014-01-22 05:16:24','K8122551','穆可纯',0,45,2),(1448,NULL,'1988-10-18 00:00:00','310226198810181311',10100101,'20210414.00','2014-01-22 05:16:24',NULL,'2012-02-24 00:00:00',NULL,NULL,NULL,NULL,NULL,NULL,NULL,NULL,NULL,0,NULL,NULL,NULL,NULL,NULL,NULL,0,NULL,1,'0',NULL,NULL,'Operator',0,'临时Temp',1,NULL,0,'2014-01-22 05:16:24','J7352193','黄佳磊',0,44,2),(1449,NULL,'1983-10-28 00:00:00','321323198310284524',10100101,'20210423.00','2014-01-22 05:16:24',NULL,'2012-02-24 00:00:00',NULL,NULL,NULL,NULL,NULL,NULL,NULL,NULL,NULL,0,NULL,NULL,NULL,NULL,NULL,NULL,0,NULL,1,'0',NULL,NULL,'Operator',0,'临时Temp',2,NULL,0,'2014-01-22 05:16:24','L3379436','史立娟',0,44,2),(1450,NULL,'1980-08-03 00:00:00','342423198008035877',10100101,'20210512.00','2014-01-22 05:16:24',NULL,'2012-03-01 00:00:00',NULL,NULL,NULL,NULL,NULL,NULL,NULL,NULL,NULL,0,NULL,NULL,NULL,NULL,NULL,NULL,0,NULL,1,'0',NULL,NULL,'Operator',0,'临时Temp',1,NULL,0,'2014-01-22 05:16:24','X2161009','谷新昌',0,45,2),(1451,NULL,'1992-07-08 00:00:00','622627199207080011',10100101,'20210512.00','2014-01-22 05:16:24',NULL,'2012-03-01 00:00:00',NULL,NULL,NULL,NULL,NULL,NULL,NULL,NULL,NULL,0,NULL,NULL,NULL,NULL,NULL,NULL,0,NULL,1,'0','2013-03-04 00:00:00',NULL,'Operator',0,'临时Temp',1,NULL,0,'2014-01-22 05:16:24','P5432834','祁朋飞',0,45,2),(1452,NULL,'1980-05-07 00:00:00','513722198005073571',10100101,'20210420.00','2014-01-22 05:16:24',NULL,'2012-03-01 00:00:00',NULL,NULL,NULL,NULL,NULL,NULL,NULL,NULL,NULL,0,NULL,NULL,NULL,NULL,NULL,NULL,0,NULL,1,'0','2013-03-03 00:00:00',NULL,'Operator',0,'临时Temp',1,NULL,0,'2014-01-22 05:16:24','M3195614','蒲茂',0,44,2),(1453,NULL,'1986-11-01 00:00:00','230221198611010710',10100101,'20221427.00','2014-01-22 05:16:24',NULL,'2012-03-01 00:00:00',NULL,NULL,NULL,NULL,NULL,NULL,NULL,NULL,NULL,0,NULL,NULL,NULL,NULL,NULL,NULL,0,NULL,1,'0',NULL,NULL,'Application Engineer, 3C Market, China',0,'正式Permanent',1,NULL,0,'2014-01-22 05:16:24','S1636940','王思源',0,37,2),(1454,NULL,'1986-07-07 00:00:00','310105198607073684',10100101,'20231101.00','2014-01-22 05:16:24',NULL,'2012-03-05 00:00:00',NULL,NULL,NULL,NULL,NULL,NULL,NULL,NULL,NULL,0,NULL,NULL,NULL,NULL,NULL,NULL,0,NULL,1,'0',NULL,NULL,'Cost Controller, CPD Shanghai',0,'正式Permanent',2,NULL,0,'2014-01-22 05:16:24','Y2990946','汤妍菲',0,34,2),(1455,NULL,'1985-11-26 00:00:00','340321198511265303',10100101,'20210512.00','2014-01-22 05:16:24',NULL,'2012-03-07 00:00:00',NULL,NULL,NULL,NULL,NULL,NULL,NULL,NULL,NULL,0,NULL,NULL,NULL,NULL,NULL,NULL,0,NULL,1,'0','2012-12-28 00:00:00',NULL,'Operator',0,'临时Temp',2,NULL,0,'2014-01-22 05:16:24','Y5753347','崔云方',0,45,2),(1456,NULL,'1987-05-25 00:00:00','340321198705255306',10100101,'20210512.00','2014-01-22 05:16:24',NULL,'2012-03-07 00:00:00',NULL,NULL,NULL,NULL,NULL,NULL,NULL,NULL,NULL,0,NULL,NULL,NULL,NULL,NULL,NULL,0,NULL,1,'0','2013-01-30 00:00:00',NULL,'Operator',0,'临时Temp',2,NULL,0,'2014-01-22 05:16:24','M8321766','刘曼',0,45,2),(1457,NULL,'1988-02-16 00:00:00','622722198802162918',10100101,'20210604.00','2014-01-22 05:16:24',NULL,'2012-03-12 00:00:00',NULL,NULL,NULL,NULL,NULL,NULL,NULL,NULL,NULL,0,NULL,NULL,NULL,NULL,NULL,NULL,0,NULL,1,'0',NULL,NULL,'Operator',0,'正式Permanent',1,NULL,0,'2014-01-22 05:16:24','J6819843','于君龙',0,33,2),(1458,NULL,'1990-12-01 00:00:00','362322199012014258',10100101,'20210514.00','2014-01-22 05:16:24',NULL,'2012-03-12 00:00:00',NULL,NULL,NULL,NULL,NULL,NULL,NULL,NULL,NULL,0,NULL,NULL,NULL,NULL,NULL,NULL,0,NULL,1,'0','2013-10-15 00:00:00',NULL,'Operator',0,'临时Temp',1,NULL,0,'2014-01-22 05:16:24','B2196388','李奔',0,45,2),(1459,NULL,'1990-10-03 00:00:00','410425199010030518',10100101,'20210512.00','2014-01-22 05:16:24',NULL,'2012-03-12 00:00:00',NULL,NULL,NULL,NULL,NULL,NULL,NULL,NULL,NULL,0,NULL,NULL,NULL,NULL,NULL,NULL,0,NULL,1,'0',NULL,NULL,'Operator',0,'临时Temp',1,NULL,0,'2014-01-22 05:16:24','S7290314','李帅彪',0,45,2),(1460,NULL,'1989-04-26 00:00:00','310225198904263215',10100101,'20210168.00','2014-01-22 05:16:24',NULL,'2012-03-19 00:00:00',NULL,NULL,NULL,NULL,NULL,NULL,NULL,NULL,NULL,0,NULL,NULL,NULL,NULL,NULL,NULL,0,NULL,1,'0',NULL,NULL,'Buyer, BA Shanghai',0,'正式Permanent',1,NULL,0,'2014-01-22 05:16:24','Z7013738','马治政',0,36,2),(1461,NULL,'1987-03-03 00:00:00','532930198703032324',10100101,'20210412.00','2014-01-22 05:16:24',NULL,'2012-03-29 00:00:00',NULL,NULL,NULL,NULL,NULL,NULL,NULL,NULL,NULL,0,NULL,NULL,NULL,NULL,NULL,NULL,0,NULL,1,'0','2013-01-05 00:00:00',NULL,'Operator',0,'临时Temp',2,NULL,0,'2014-01-22 05:16:24','R2484423','杨瑞萍',0,44,2),(1462,NULL,'1982-12-03 00:00:00','513722198212034276',10100101,'20210512.00','2014-01-22 05:16:24',NULL,'2012-03-29 00:00:00',NULL,NULL,NULL,NULL,NULL,NULL,NULL,NULL,NULL,0,NULL,NULL,NULL,NULL,NULL,NULL,0,NULL,1,'0',NULL,NULL,'Operator',0,'临时Temp',1,NULL,0,'2014-01-22 05:16:24','Z5526927','李忠',0,45,2),(1463,NULL,'1978-03-24 00:00:00','310112197803245227',10100101,'20221101.00','2014-01-22 05:16:24',NULL,'2012-04-01 00:00:00',NULL,NULL,NULL,NULL,NULL,NULL,NULL,NULL,NULL,0,NULL,NULL,NULL,NULL,NULL,NULL,0,NULL,1,'0','2013-08-16 00:00:00',NULL,'MarComm Graphic Designer, China',0,'正式Permanent',2,NULL,0,'2014-01-22 05:16:24','X6706042','潘雪松',0,38,2),(1464,NULL,'1986-06-17 00:00:00','513722198606173711',10100101,'20210604.00','2014-01-22 05:16:24',NULL,'2012-04-09 00:00:00',NULL,NULL,NULL,NULL,NULL,NULL,NULL,NULL,NULL,0,NULL,NULL,NULL,NULL,NULL,NULL,0,NULL,1,'0','2013-08-30 00:00:00',NULL,'Operator',0,'正式Permanent',1,NULL,0,'2014-01-22 05:16:24','X8706074','陈许东',0,33,2),(1465,NULL,'1983-10-04 00:00:00','341021198310045050',10100101,'20221405.00','2014-01-22 05:16:24',NULL,'2012-04-09 00:00:00',NULL,NULL,NULL,NULL,NULL,NULL,NULL,NULL,NULL,0,NULL,NULL,NULL,NULL,NULL,NULL,0,NULL,1,'0',NULL,NULL,'Sales Engineer, Hardware Market, East China',0,'正式Permanent',1,NULL,0,'2014-01-22 05:16:24','F3456499','方峰',0,37,2),(1466,NULL,'1987-03-07 00:00:00','21130319870307122X',10100101,'20233101.00','2014-01-22 05:16:24',NULL,'2012-04-16 00:00:00',NULL,NULL,NULL,NULL,NULL,NULL,NULL,NULL,NULL,0,NULL,NULL,NULL,NULL,NULL,NULL,0,NULL,1,'0',NULL,NULL,'Employee Relations Specialist, Shanghai',0,'正式Permanent',2,NULL,0,'2014-01-22 05:16:24','M9584308','姚明阳',0,51,2),(1467,NULL,'1979-10-27 00:00:00','53232419791027177X',10100101,'20210512.00','2014-01-22 05:16:24',NULL,'2012-04-17 00:00:00',NULL,NULL,NULL,NULL,NULL,NULL,NULL,NULL,NULL,0,NULL,NULL,NULL,NULL,NULL,NULL,0,NULL,1,'0','2013-01-15 00:00:00',NULL,'Operator',0,'临时Temp',1,NULL,0,'2014-01-22 05:16:24','W2055162','张文明',0,45,2),(1468,NULL,'1985-10-12 00:00:00','371502198510129148',10100101,'20210512.00','2014-01-22 05:16:24',NULL,'2012-04-23 00:00:00',NULL,NULL,NULL,NULL,NULL,NULL,NULL,NULL,NULL,0,NULL,NULL,NULL,NULL,NULL,NULL,0,NULL,1,'0','2013-07-18 00:00:00',NULL,'Operator',0,'临时Temp',2,NULL,0,'2014-01-22 05:16:24','C4288120','许春辉',0,45,2),(1469,NULL,'1983-06-02 00:00:00','231023198306021010',10100101,'20210404.00','2014-01-22 05:16:24',NULL,'2012-04-23 00:00:00',NULL,NULL,NULL,NULL,NULL,NULL,NULL,NULL,NULL,0,NULL,NULL,NULL,NULL,NULL,NULL,0,NULL,1,'0',NULL,NULL,'WCM Coordinator, TW&CPD SH',0,'正式Permanent',1,NULL,0,'2014-01-22 05:16:24','C4959393','王成',0,41,2),(1470,NULL,'1976-10-08 00:00:00','220524197610083212',10100101,'20221407.00','2014-01-22 05:16:24',NULL,'2012-04-23 00:00:00',NULL,NULL,NULL,NULL,NULL,NULL,NULL,NULL,NULL,0,NULL,NULL,NULL,NULL,NULL,NULL,0,NULL,1,'0',NULL,NULL,'Sales Engineer, Industrial Market, Changchun',0,'正式Permanent',1,NULL,0,'2014-01-22 05:16:24','R5260552','潘瑞涛',0,37,2),(1471,NULL,'1962-05-07 00:00:00','340103196205073036',10100101,'20210007.00','2014-01-22 05:16:24',NULL,'2012-05-01 00:00:00',NULL,NULL,NULL,NULL,NULL,NULL,NULL,NULL,NULL,0,NULL,NULL,NULL,NULL,NULL,NULL,0,NULL,1,'0',NULL,NULL,'Senior Manager WCM&CI, TW/CPD/CA China',0,'正式Permanent',1,NULL,0,'2014-01-22 05:16:24','H9580732','邓皓',0,41,2),(1472,NULL,'1987-06-21 00:00:00','511321198706210735',10100101,'20221404.00','2014-01-22 05:16:24',NULL,'2012-05-02 00:00:00',NULL,NULL,NULL,NULL,NULL,NULL,NULL,NULL,NULL,0,NULL,NULL,NULL,NULL,NULL,NULL,0,NULL,1,'0',NULL,NULL,'Sales Engineer, Distrbution Products, China',0,'正式Permanent',1,NULL,0,'2014-01-22 05:16:24','G5465794','杨刚林',0,37,2),(1473,NULL,'1976-12-08 00:00:00','371324197612088730',10100101,'20210512.00','2014-01-22 05:16:24',NULL,'2012-05-18 00:00:00',NULL,NULL,NULL,NULL,NULL,NULL,NULL,NULL,NULL,0,NULL,NULL,NULL,NULL,NULL,NULL,0,NULL,1,'0','2013-02-17 00:00:00',NULL,'Operator',0,'临时Temp',1,NULL,0,'2014-01-22 05:16:24','D2844959','吕德清',0,45,2),(1474,NULL,'1992-08-21 00:00:00','410185199208210514',10100101,'20210604.00','2014-01-22 05:16:24',NULL,'2012-05-18 00:00:00',NULL,NULL,NULL,NULL,NULL,NULL,NULL,NULL,NULL,0,NULL,NULL,NULL,NULL,NULL,NULL,0,NULL,1,'0',NULL,NULL,'Operator',0,'正式Permanent',1,NULL,0,'2014-01-22 05:16:24','S2746769','葛闪星',0,33,2),(1475,NULL,'1987-10-19 00:00:00','412702198710195013',10100101,'20210512.00','2014-01-22 05:16:24',NULL,'2012-05-21 00:00:00',NULL,NULL,NULL,NULL,NULL,NULL,NULL,NULL,NULL,0,NULL,NULL,NULL,NULL,NULL,NULL,0,NULL,1,'0',NULL,NULL,'Operator',0,'临时Temp',1,NULL,0,'2014-01-22 05:16:24','L2523945','赵来才',0,45,2),(1476,NULL,'1984-12-10 00:00:00','371122198412104477',10100101,'20221427.00','2014-01-22 05:16:24',NULL,'2012-05-08 00:00:00',NULL,NULL,NULL,NULL,NULL,NULL,NULL,NULL,NULL,0,NULL,NULL,NULL,NULL,NULL,NULL,0,NULL,1,'0',NULL,NULL,'Application Engineer, Railway Market, China',0,'正式Permanent',1,NULL,0,'2014-01-22 05:16:24','Q1626752','王庆方',0,37,2),(1477,NULL,'1987-02-08 00:00:00','430422198702087929',10100101,'20210004.00','2014-01-22 05:16:24',NULL,'2012-05-08 00:00:00',NULL,NULL,NULL,NULL,NULL,NULL,NULL,NULL,NULL,0,NULL,NULL,NULL,NULL,NULL,NULL,0,NULL,1,'0',NULL,NULL,'Supplier Quality Engineer, Shanghai',0,'正式Permanent',2,NULL,0,'2014-01-22 05:16:24','Y9592622','邓艳丽',0,55,2),(1478,NULL,'1981-05-12 00:00:00','320586198105127621',10100101,'20235101.00','2014-01-22 05:16:24',NULL,'2012-05-28 00:00:00',NULL,NULL,NULL,NULL,NULL,NULL,NULL,NULL,NULL,0,NULL,NULL,NULL,NULL,NULL,NULL,0,NULL,1,'0','2013-02-28 00:00:00',NULL,'Purchasing Engineer, China',0,'正式Permanent',2,NULL,0,'2014-01-22 05:16:24','X7906569','郭雪花',0,50,2),(1479,NULL,'1976-10-12 00:00:00','310221197610126848',10100101,'20235101.00','2014-01-22 05:16:24',NULL,'2012-06-01 00:00:00',NULL,NULL,NULL,NULL,NULL,NULL,NULL,NULL,NULL,0,NULL,NULL,NULL,NULL,NULL,NULL,0,NULL,1,'0',NULL,NULL,'Purchasing Engineer, China',0,'正式Permanent',2,NULL,0,'2014-01-22 05:16:24','Y0242787','周云蔚',0,50,2),(1480,NULL,'1986-11-12 00:00:00','310115198611120933',10100101,'20210172.00','2014-01-22 05:16:24',NULL,'2012-06-01 00:00:00',NULL,NULL,NULL,NULL,NULL,NULL,NULL,NULL,NULL,0,NULL,NULL,NULL,NULL,NULL,NULL,0,NULL,1,'0','2013-07-30 00:00:00',NULL,'Process Engineer, BA Shanghai',0,'正式Permanent',1,NULL,0,'2014-01-22 05:16:24','L8965121','周磊',0,36,2),(1481,NULL,'1987-08-07 00:00:00','511521198708072111',10100101,'20210008.00','2014-01-22 05:16:24',NULL,'2012-06-08 00:00:00',NULL,NULL,NULL,NULL,NULL,NULL,NULL,NULL,NULL,0,NULL,NULL,NULL,NULL,NULL,NULL,0,NULL,1,'0',NULL,NULL,'EHS Enigneer, Shanghai',0,'正式Permanent',1,NULL,0,'2014-01-22 05:16:24','J7345182','宋建勇',0,52,2),(1482,NULL,'1981-04-11 00:00:00','340421198104113017',10100101,'20210676.00','2014-01-22 05:16:24',NULL,'2012-06-12 00:00:00',NULL,NULL,NULL,NULL,NULL,NULL,NULL,NULL,NULL,0,NULL,NULL,NULL,NULL,NULL,NULL,0,NULL,1,'0',NULL,NULL,'Warehouse Keeper, SA Shanghai',0,'正式Permanent',1,NULL,0,'2014-01-22 05:16:24','X9106060','黄新帅',0,33,2),(1483,NULL,'1982-02-07 00:00:00','320219198202078765',10100101,'20210660.00','2014-01-22 05:16:24',NULL,'2012-06-15 00:00:00',NULL,NULL,NULL,NULL,NULL,NULL,NULL,NULL,NULL,0,NULL,NULL,NULL,NULL,NULL,NULL,0,NULL,1,'0',NULL,NULL,'Project Engineer, SA Shanghai',0,'正式Permanent',2,NULL,0,'2014-01-22 05:16:24','Y7148417','阮渊',0,33,2),(1484,NULL,'1982-11-11 00:00:00','310112198211111828',10100101,'20210678.00','2014-01-22 05:16:24',NULL,'2012-06-18 00:00:00',NULL,NULL,NULL,NULL,NULL,NULL,NULL,NULL,NULL,0,NULL,NULL,NULL,NULL,NULL,NULL,0,NULL,1,'0',NULL,NULL,'Procurement, SA Shanghai',0,'正式Permanent',2,NULL,0,'2014-01-22 05:16:24','Y7815064','张燕',0,33,2),(1485,NULL,'1985-06-19 00:00:00','320921198506194650',10100101,'20210431.00','2014-01-22 05:16:24',NULL,'2012-06-18 00:00:00',NULL,NULL,NULL,NULL,NULL,NULL,NULL,NULL,NULL,0,NULL,NULL,NULL,NULL,NULL,NULL,0,NULL,1,'0',NULL,NULL,'Quality Engineer, CPD Shanghai',0,'正式Permanent',1,NULL,0,'2014-01-22 05:16:24','B8516055','李标',0,44,2),(1486,NULL,'1988-10-15 00:00:00','320723198810153820',10100101,'20210512.00','2014-01-22 05:16:24',NULL,'2012-06-18 00:00:00',NULL,NULL,NULL,NULL,NULL,NULL,NULL,NULL,NULL,0,NULL,NULL,NULL,NULL,NULL,NULL,0,NULL,1,'0','2013-03-30 00:00:00',NULL,'Operator',0,'临时Temp',2,NULL,0,'2014-01-22 05:16:24','L8033813','丁来兄',0,45,2),(1487,NULL,'1982-11-04 00:00:00','342423198211045165',10100101,'20210512.00','2014-01-22 05:16:24',NULL,'2012-06-18 00:00:00',NULL,NULL,NULL,NULL,NULL,NULL,NULL,NULL,NULL,0,NULL,NULL,NULL,NULL,NULL,NULL,0,NULL,1,'0',NULL,NULL,'Operator',0,'临时Temp',2,NULL,0,'2014-01-22 05:16:24','D9426416','周道丽',0,45,2),(1488,NULL,'1980-01-02 00:00:00','321324198001024354',10100101,'20210125.00','2014-01-22 05:16:24',NULL,'2012-06-18 00:00:00',NULL,NULL,NULL,NULL,NULL,NULL,NULL,NULL,NULL,0,NULL,NULL,NULL,NULL,NULL,NULL,0,NULL,1,'0',NULL,NULL,'Operator',0,'临时Temp',1,NULL,0,'2014-01-22 05:16:24','C8110038','单长春',0,36,2),(1489,NULL,'1984-05-31 00:00:00','370203198405318229',10100101,'20221101.00','2014-01-22 05:16:24',NULL,'2012-06-25 00:00:00',NULL,NULL,NULL,NULL,NULL,NULL,NULL,NULL,NULL,0,NULL,NULL,NULL,NULL,NULL,NULL,0,NULL,1,'0',NULL,NULL,'Marketing Communication Specialist, China',0,'正式Permanent',2,NULL,0,'2014-01-22 05:16:24','J2256308','卢佳',0,38,2),(1490,NULL,'1983-06-01 00:00:00','310226198306011639',10100101,'20210170.00','2014-01-22 05:16:24',NULL,'2012-07-02 00:00:00',NULL,NULL,NULL,NULL,NULL,NULL,NULL,NULL,NULL,0,NULL,NULL,NULL,NULL,NULL,NULL,0,NULL,1,'0',NULL,NULL,'Production Supervisor, BA Shanghai',0,'正式Permanent',1,NULL,0,'2014-01-22 05:16:24','L1807498','王亮',0,36,2),(1491,NULL,'1983-08-27 00:00:00','310110198308270523',10100101,'20233101.00','2014-01-22 05:16:24',NULL,'2012-07-09 00:00:00',NULL,NULL,NULL,NULL,NULL,NULL,NULL,NULL,NULL,0,NULL,NULL,NULL,NULL,NULL,NULL,0,NULL,1,'0',NULL,NULL,'HR Manager, China',0,'正式Permanent',2,NULL,0,'2014-01-22 05:16:24','J4234607','徐佳赟',0,51,2),(1492,NULL,'1985-09-10 00:00:00','362331198509100516',10100101,'20221402.00','2014-01-22 05:16:24',NULL,'2012-07-02 00:00:00',NULL,NULL,NULL,NULL,NULL,NULL,NULL,NULL,NULL,0,NULL,NULL,NULL,NULL,NULL,NULL,0,NULL,1,'0',NULL,NULL,'Sales Engineer, Industrial Market, Nanchang',0,'正式Permanent',1,NULL,0,'2014-01-22 05:16:24','H9876888','胡洪昌',0,37,2),(1493,NULL,'1983-07-01 00:00:00','211421198307010415',10100101,'20221407.00','2014-01-22 05:16:24',NULL,'2012-07-16 00:00:00',NULL,NULL,NULL,NULL,NULL,NULL,NULL,NULL,NULL,0,NULL,NULL,NULL,NULL,NULL,NULL,0,NULL,1,'0',NULL,NULL,'Sales Engineer, Industrial Market, Shenyang',0,'正式Permanent',1,NULL,0,'2014-01-22 05:16:24','W2841712','刘伟',0,37,2),(1494,NULL,'1990-05-21 00:00:00','310115199005212920',10100101,'20210168.00','2014-01-22 05:16:24',NULL,'2012-07-01 00:00:00',NULL,NULL,NULL,NULL,NULL,NULL,NULL,NULL,NULL,0,NULL,NULL,NULL,NULL,NULL,NULL,0,NULL,1,'0',NULL,NULL,'Planner, BA Shanghai',0,'正式Permanent',2,NULL,0,'2014-01-22 05:16:24','Y7283758','马燕燕',0,36,2),(1495,NULL,'1985-03-13 00:00:00','370683198503131920',10100101,'20210683.00','2014-01-22 05:16:24',NULL,'2012-07-01 00:00:00',NULL,NULL,NULL,NULL,NULL,NULL,NULL,NULL,NULL,0,NULL,NULL,NULL,NULL,NULL,NULL,0,NULL,1,'0',NULL,NULL,'Process Engineer, SA Shanghai',0,'正式Permanent',2,NULL,0,'2014-01-22 05:16:24','Y5896257','于艳妍',0,33,2),(1496,NULL,'1989-11-22 00:00:00','310108198911221070',10100101,'20210168.00','2014-01-22 05:16:24',NULL,'2012-07-15 00:00:00',NULL,NULL,NULL,NULL,NULL,NULL,NULL,NULL,NULL,0,NULL,NULL,NULL,NULL,NULL,NULL,0,NULL,1,'0',NULL,NULL,'Planner, BA Shanghai',0,'正式Permanent',1,NULL,0,'2014-01-22 05:16:24','T2755511','叶天昊',0,36,2),(1497,NULL,'1983-08-15 00:00:00','410426198308153598',10100101,'20210531.00','2014-01-22 05:16:24',NULL,'2012-07-01 00:00:00',NULL,NULL,NULL,NULL,NULL,NULL,NULL,NULL,NULL,0,NULL,NULL,NULL,NULL,NULL,NULL,0,NULL,1,'0',NULL,NULL,'Process Technician, TW Shanghai',0,'正式Permanent',1,NULL,0,'2014-01-22 05:16:24','J1588239','张景涛',0,45,2),(1498,NULL,'1988-08-19 00:00:00','411123198808191545',10100101,'20221402.00','2014-01-22 05:16:24',NULL,'2012-07-01 00:00:00',NULL,NULL,NULL,NULL,NULL,NULL,NULL,NULL,NULL,0,NULL,NULL,NULL,NULL,NULL,NULL,0,NULL,1,'0','2013-10-15 00:00:00',NULL,'Sales Engineer, Industrial Market, Wuhan',0,'正式Permanent',2,NULL,0,'2014-01-22 05:16:24','M5294531','钮明明 ',0,37,2),(1499,NULL,'1989-01-21 00:00:00','410324198901213725',10100101,'20221420.00','2014-01-22 05:16:24',NULL,'2012-07-01 00:00:00',NULL,NULL,NULL,NULL,NULL,NULL,NULL,NULL,NULL,0,NULL,NULL,NULL,NULL,NULL,NULL,0,NULL,1,'0',NULL,NULL,'Commercial Operation Assistant, China',0,'正式Permanent',2,NULL,0,'2014-01-22 05:16:24','Q8414618','杨青青',0,37,2),(1500,NULL,'1989-10-02 00:00:00','411329198910022579',10100101,'20210168.00','2014-01-22 05:16:24',NULL,'2012-07-01 00:00:00',NULL,NULL,NULL,NULL,NULL,NULL,NULL,NULL,NULL,0,NULL,NULL,NULL,NULL,NULL,NULL,0,NULL,1,'0',NULL,NULL,'Planner, BA Shanghai',0,'正式Permanent',1,NULL,0,'2014-01-22 05:16:24','X5058485','赵旋',0,36,2),(1501,NULL,'1989-02-02 00:00:00','140602198902029033',10100101,'20221401.00','2014-01-22 05:16:24',NULL,'2012-07-23 00:00:00',NULL,NULL,NULL,NULL,NULL,NULL,NULL,NULL,NULL,0,NULL,NULL,NULL,NULL,NULL,NULL,0,NULL,1,'0',NULL,NULL,'Sales Engineer, Industrial Market, Qingdao',0,'正式Permanent',1,NULL,0,'2014-01-22 05:16:24','Y2497164','武洋',0,37,2),(1502,NULL,'1978-05-05 00:00:00','342326197805055642',10100101,'20210512.00','2014-01-22 05:16:24',NULL,'2012-07-23 00:00:00',NULL,NULL,NULL,NULL,NULL,NULL,NULL,NULL,NULL,0,NULL,NULL,NULL,NULL,NULL,NULL,0,NULL,1,'0','2013-03-01 00:00:00',NULL,'Operator',0,'临时Temp',2,NULL,0,'2014-01-22 05:16:24','Z5143864','黄自玉',0,45,2),(1503,NULL,'1991-10-09 00:00:00','513701199110097279',10100101,'20210512.00','2014-01-22 05:16:24',NULL,'2012-07-23 00:00:00',NULL,NULL,NULL,NULL,NULL,NULL,NULL,NULL,NULL,0,NULL,NULL,NULL,NULL,NULL,NULL,0,NULL,1,'0','2013-02-22 00:00:00',NULL,'Operator',0,'临时Temp',1,NULL,0,'2014-01-22 05:16:24','Y4125426','韩毅才',0,45,2),(1504,NULL,'1993-11-15 00:00:00','511521199311158034',10100101,'20210512.00','2014-01-22 05:16:24',NULL,'2012-07-23 00:00:00',NULL,NULL,NULL,NULL,NULL,NULL,NULL,NULL,NULL,0,NULL,NULL,NULL,NULL,NULL,NULL,0,NULL,1,'0','2013-04-09 00:00:00',NULL,'Operator',0,'临时Temp',1,NULL,0,'2014-01-22 05:16:24','C1875145','黄春银',0,45,2),(1505,NULL,'1976-01-20 00:00:00','342426197601202829',10100101,'20210512.00','2014-01-22 05:16:24',NULL,'2012-07-23 00:00:00',NULL,NULL,NULL,NULL,NULL,NULL,NULL,NULL,NULL,0,NULL,NULL,NULL,NULL,NULL,NULL,0,NULL,1,'0',NULL,NULL,'Operator',0,'临时Temp',2,NULL,0,'2014-01-22 05:16:24','X3335162','李相双',0,45,2),(1506,NULL,'1965-12-26 00:00:00','370211196512261011',10100101,'20210104.00','2014-01-22 05:16:24',NULL,'2012-07-26 00:00:00',NULL,NULL,NULL,NULL,NULL,NULL,NULL,NULL,NULL,0,NULL,NULL,NULL,NULL,NULL,NULL,0,NULL,1,'0',NULL,NULL,'Plant Manager, BA Shanghai & Handan',0,'正式Permanent',1,NULL,0,'2014-01-22 05:16:24','Y6471291','翟玉智',0,36,2),(1507,NULL,'1983-09-19 00:00:00','340121198309192533',10100101,'20210512.00','2014-01-22 05:16:24',NULL,'2012-08-02 00:00:00',NULL,NULL,NULL,NULL,NULL,NULL,NULL,NULL,NULL,0,NULL,NULL,NULL,NULL,NULL,NULL,0,NULL,1,'0',NULL,NULL,'Operator',0,'临时Temp',1,NULL,0,'2014-01-22 05:16:24','Z6071378','孙中元',0,45,2),(1508,NULL,'1988-01-01 00:00:00','340321198801016591',10100101,'20210512.00','2014-01-22 05:16:24',NULL,'2012-08-02 00:00:00',NULL,NULL,NULL,NULL,NULL,NULL,NULL,NULL,NULL,0,NULL,NULL,NULL,NULL,NULL,NULL,0,NULL,1,'0',NULL,NULL,'Operator',0,'临时Temp',1,NULL,0,'2014-01-22 05:16:24','Z0420293','年峥峥',0,45,2),(1509,NULL,'1985-11-09 00:00:00','421123198511095626',10100101,'20210512.00','2014-01-22 05:16:24',NULL,'2012-08-02 00:00:00',NULL,NULL,NULL,NULL,NULL,NULL,NULL,NULL,NULL,0,NULL,NULL,NULL,NULL,NULL,NULL,0,NULL,1,'0',NULL,NULL,'Operator',0,'临时Temp',2,NULL,0,'2014-01-22 05:16:24','X7319589','朱细微',0,45,2),(1510,NULL,'1990-05-26 00:00:00','620521199005264490',10100101,'20210519.00','2014-01-22 05:16:24',NULL,'2012-08-02 00:00:00',NULL,NULL,NULL,NULL,NULL,NULL,NULL,NULL,NULL,0,NULL,NULL,NULL,NULL,NULL,NULL,0,NULL,1,'0',NULL,NULL,'Operator',0,'临时Temp',1,NULL,0,'2014-01-22 05:16:24','J5661185','周俊强',0,45,2),(1511,NULL,'1981-10-01 00:00:00','513030198110014268',10100101,'20210512.00','2014-01-22 05:16:24',NULL,'2012-08-02 00:00:00',NULL,NULL,NULL,NULL,NULL,NULL,NULL,NULL,NULL,0,NULL,NULL,NULL,NULL,NULL,NULL,0,NULL,1,'0',NULL,NULL,'Operator',0,'临时Temp',2,NULL,0,'2014-01-22 05:16:24','X9220658','何小容',0,45,2),(1512,NULL,'1991-06-22 00:00:00','341227199106225621',10100101,'20210512.00','2014-01-22 05:16:24',NULL,'2012-08-02 00:00:00',NULL,NULL,NULL,NULL,NULL,NULL,NULL,NULL,NULL,0,NULL,NULL,NULL,NULL,NULL,NULL,0,NULL,1,'0','2013-01-14 00:00:00',NULL,'Operator',0,'临时Temp',2,NULL,0,'2014-01-22 05:16:24','M8561731','迷迷',0,45,2),(1513,NULL,'1989-09-26 00:00:00','421127198909265213',10100101,'20210512.00','2014-01-22 05:16:24',NULL,'2012-08-06 00:00:00',NULL,NULL,NULL,NULL,NULL,NULL,NULL,NULL,NULL,0,NULL,NULL,NULL,NULL,NULL,NULL,0,NULL,1,'0','2013-01-20 00:00:00',NULL,'Operator',0,'临时Temp',1,NULL,0,'2014-01-22 05:16:24','C7470997','张传甫',0,45,2),(1514,NULL,'1987-02-23 00:00:00','372928198702236032',10100101,'20210125.00','2014-01-22 05:16:24',NULL,'2012-08-06 00:00:00',NULL,NULL,NULL,NULL,NULL,NULL,NULL,NULL,NULL,0,NULL,NULL,NULL,NULL,NULL,NULL,0,NULL,1,'0',NULL,NULL,'Operator',0,'临时Temp',1,NULL,0,'2014-01-22 05:16:24','Z4818367','刘尊顺',0,36,2),(1515,NULL,'1986-10-16 00:00:00','341182198610160016',10100101,'20231102.00','2014-01-22 05:16:24',NULL,'2012-08-06 00:00:00',NULL,NULL,NULL,NULL,NULL,NULL,NULL,NULL,NULL,0,NULL,NULL,NULL,NULL,NULL,NULL,0,NULL,1,'0','2013-01-31 00:00:00',NULL,'Finance Trainee',0,'正式Permanent',1,NULL,0,'2014-01-22 05:16:24','H4897093','宋辉',0,34,2),(1516,NULL,'1988-03-26 00:00:00','310104198803260034',10100101,'20210008.00','2014-01-22 05:16:24',NULL,'2012-08-06 00:00:00',NULL,NULL,NULL,NULL,NULL,NULL,NULL,NULL,NULL,0,NULL,NULL,NULL,NULL,NULL,NULL,0,NULL,1,'0','2013-06-26 00:00:00',NULL,'EHS Engineer, Shanghai',0,'正式Permanent',1,NULL,0,'2014-01-22 05:16:24','S0077663','贺诗通',0,52,2),(1517,NULL,'1980-06-30 00:00:00','310104198006300427',10100101,'20221201.00','2014-01-22 05:16:24',NULL,'2012-08-06 00:00:00',NULL,NULL,NULL,NULL,NULL,NULL,NULL,NULL,NULL,0,NULL,NULL,NULL,NULL,NULL,NULL,0,NULL,1,'0',NULL,NULL,'Customer Service Specialist',0,'正式Permanent',2,NULL,0,'2014-01-22 05:16:24','H8510328','沈卉',0,39,2),(1518,NULL,'1982-09-16 00:00:00','430724198209161119',10100101,'20221414.00','2014-01-22 05:16:24',NULL,'2012-08-13 00:00:00',NULL,NULL,NULL,NULL,NULL,NULL,NULL,NULL,NULL,0,NULL,NULL,NULL,NULL,NULL,NULL,0,NULL,1,'0',NULL,NULL,'Product Engineer, SA China',0,'正式Permanent',1,NULL,0,'2014-01-22 05:16:24','J2756637','王静',0,33,2),(1519,NULL,'1987-01-02 00:00:00','340828198701020114',10100101,'20210531.00','2014-01-22 05:16:24',NULL,'2012-08-14 00:00:00',NULL,NULL,NULL,NULL,NULL,NULL,NULL,NULL,NULL,0,NULL,NULL,NULL,NULL,NULL,NULL,0,NULL,1,'0',NULL,NULL,'Process Engineer, TW Shanghai',0,'正式Permanent',1,NULL,0,'2014-01-22 05:16:24','J8462607','王劲松',0,45,2),(1520,NULL,'1972-12-04 00:00:00','310112197212040553',10100101,'20221102.00','2014-01-22 05:16:24',NULL,'2012-08-15 00:00:00',NULL,NULL,NULL,NULL,NULL,NULL,NULL,NULL,NULL,0,NULL,NULL,NULL,NULL,NULL,NULL,0,NULL,1,'0','2013-07-16 00:00:00',NULL,'Business Director, Hardware Market, China',0,'正式Permanent',1,NULL,0,'2014-01-22 05:16:24','Z3505169','严臻懿',0,37,2),(1521,NULL,'1976-11-25 00:00:00','412724197611250017',10100101,'20210512.00','2014-01-22 05:16:24',NULL,'2012-08-16 00:00:00',NULL,NULL,NULL,NULL,NULL,NULL,NULL,NULL,NULL,0,NULL,NULL,NULL,NULL,NULL,NULL,0,NULL,1,'0',NULL,NULL,'Operator',0,'临时Temp',1,NULL,0,'2014-01-22 05:16:24','X6090579','何新军',0,45,2),(1522,NULL,'1981-03-08 00:00:00','340321198103083113',10100101,'20210512.00','2014-01-22 05:16:24',NULL,'2012-08-16 00:00:00',NULL,NULL,NULL,NULL,NULL,NULL,NULL,NULL,NULL,0,NULL,NULL,NULL,NULL,NULL,NULL,0,NULL,1,'0','2013-02-22 00:00:00',NULL,'Operator',0,'临时Temp',1,NULL,0,'2014-01-22 05:16:24','Q1695369','朱其胜',0,45,2),(1523,NULL,'1980-10-23 00:00:00','513701198010236732',10100101,'20210512.00','2014-01-22 05:16:24',NULL,'2012-08-16 00:00:00',NULL,NULL,NULL,NULL,NULL,NULL,NULL,NULL,NULL,0,NULL,NULL,NULL,NULL,NULL,NULL,0,NULL,1,'0','2013-04-22 00:00:00',NULL,'Operator',0,'临时Temp',1,NULL,0,'2014-01-22 05:16:24','S0043148','何松柏',0,45,2),(1524,NULL,'1973-09-18 00:00:00','513027197309180316',10100101,'20210134.00','2014-01-22 05:16:24',NULL,'2012-08-16 00:00:00',NULL,NULL,NULL,NULL,NULL,NULL,NULL,NULL,NULL,0,NULL,NULL,NULL,NULL,NULL,NULL,0,NULL,1,'0',NULL,NULL,'Operator',0,'临时Temp',1,NULL,0,'2014-01-22 05:16:24','G3877354','李国勇',0,36,2),(1525,NULL,'1986-01-05 00:00:00','T220612',10100101,'20221102.00','2014-01-22 05:16:24',NULL,'2012-08-20 00:00:00',NULL,NULL,NULL,NULL,NULL,NULL,NULL,NULL,NULL,0,NULL,NULL,NULL,NULL,NULL,NULL,0,NULL,1,'0','2013-11-29 00:00:00',NULL,'Marketing Analyst, Hardware Market, China',0,'正式Permanent',1,NULL,0,'2014-01-22 05:16:24','E7950257','EIFELSON MALIk',0,37,2),(1526,NULL,'1989-12-15 00:00:00','342423198912156677',10100101,'20210125.00','2014-01-22 05:16:24',NULL,'2012-08-20 00:00:00',NULL,NULL,NULL,NULL,NULL,NULL,NULL,NULL,NULL,0,NULL,NULL,NULL,NULL,NULL,NULL,0,NULL,1,'0',NULL,NULL,'Operator',0,'临时Temp',1,NULL,0,'2014-01-22 05:16:24','Q1871090','孟庆灿',0,36,2),(1527,NULL,'1981-06-25 00:00:00','513701198106256711',10100101,'20210512.00','2014-01-22 05:16:24',NULL,'2012-08-20 00:00:00',NULL,NULL,NULL,NULL,NULL,NULL,NULL,NULL,NULL,0,NULL,NULL,NULL,NULL,NULL,NULL,0,NULL,1,'0','2013-04-23 00:00:00',NULL,'Operator',0,'临时Temp',1,NULL,0,'2014-01-22 05:16:24','X7356014','何湘平',0,45,2),(1528,NULL,'1987-11-29 00:00:00','410901198711291560',10100101,'20221340.00','2014-01-22 05:16:24',NULL,'2012-08-01 00:00:00',NULL,NULL,NULL,NULL,NULL,NULL,NULL,NULL,NULL,0,NULL,NULL,NULL,NULL,NULL,NULL,0,NULL,1,'0',NULL,NULL,'Product Engineer, CPD China',0,'正式Permanent',2,NULL,0,'2014-01-22 05:16:24','Y8351286','王莹莹',0,44,2),(1529,NULL,'1983-06-10 00:00:00','310229198306101211',10100101,'20210001.00','2014-01-22 05:16:24',NULL,'2012-08-27 00:00:00',NULL,NULL,NULL,NULL,NULL,NULL,NULL,NULL,NULL,0,NULL,NULL,NULL,NULL,NULL,NULL,0,NULL,1,'0',NULL,NULL,'Mechanical Engineer, China',0,'正式Permanent',1,NULL,0,'2014-01-22 05:16:24','X7286222','王晓敏',0,40,2),(1530,NULL,'1989-03-12 00:00:00','421302198903124990',10100101,'20210512.00','2014-01-22 05:16:24',NULL,'2012-09-04 00:00:00',NULL,NULL,NULL,NULL,NULL,NULL,NULL,NULL,NULL,0,NULL,NULL,NULL,NULL,NULL,NULL,0,NULL,1,'0','2013-01-25 00:00:00',NULL,'Operator',0,'临时Temp',1,NULL,0,'2014-01-22 05:16:24','Y8387452','刘洋',0,45,2),(1531,NULL,'1979-06-03 00:00:00','31011419790603402X',10100101,'20210170.00','2014-01-22 05:16:24',NULL,'2012-09-24 00:00:00',NULL,NULL,NULL,NULL,NULL,NULL,NULL,NULL,NULL,0,NULL,NULL,NULL,NULL,NULL,NULL,0,NULL,1,'0',NULL,NULL,'Production Clerk, BA Shanghai',0,'正式Permanent',2,NULL,0,'2014-01-22 05:16:24','R5847092','钱荣芳',0,36,2),(1532,NULL,'1989-03-27 00:00:00','310110198903271512',10100101,'20221412.00','2014-01-22 05:16:24',NULL,'2012-10-08 00:00:00',NULL,NULL,NULL,NULL,NULL,NULL,NULL,NULL,NULL,0,NULL,NULL,NULL,NULL,NULL,NULL,0,NULL,1,'0',NULL,NULL,'Product Engineer, SA China',0,'正式Permanent',1,NULL,0,'2014-01-22 05:16:24','J4807217','孙吉昱',0,33,2),(1533,NULL,'1986-07-03 00:00:00','310106198607031640',10100101,'20231101.00','2014-01-22 05:16:24',NULL,'2012-10-09 00:00:00',NULL,NULL,NULL,NULL,NULL,NULL,NULL,NULL,NULL,0,NULL,NULL,NULL,NULL,NULL,NULL,0,NULL,1,'0',NULL,NULL,'Cost Controller, SA Shanghai',0,'正式Permanent',2,NULL,0,'2014-01-22 05:16:24','Z9321732','谭泽颖',0,34,2),(1534,NULL,'1964-09-30 00:00:00','310104196409304028',10100101,'20210172.00','2014-01-22 05:16:24',NULL,'1994-11-01 00:00:00',NULL,NULL,NULL,NULL,NULL,NULL,NULL,NULL,NULL,0,NULL,NULL,NULL,NULL,NULL,NULL,0,NULL,1,'0',NULL,NULL,'Manufacturing Engineering Manager, BA Shanghai',0,'正式Permanent',2,NULL,0,'2014-01-22 05:16:24','J7110873','张觉民',0,36,2),(1535,NULL,'1965-10-07 00:00:00','EJ674413',10100101,'20234102.00','2014-01-22 05:16:24',NULL,'2012-10-01 00:00:00',NULL,NULL,NULL,NULL,NULL,NULL,NULL,NULL,NULL,0,NULL,NULL,NULL,NULL,NULL,NULL,0,NULL,1,'0',NULL,NULL,'Vice President, Asia Pacific',0,'正式Permanent',1,NULL,0,'2014-01-22 05:16:24','C3490896','Christian Moreau',0,53,2),(1536,NULL,'1975-08-14 00:00:00','342423197508146675',10100101,'20210014.00','2014-01-22 05:16:24',NULL,'2012-10-17 00:00:00',NULL,NULL,NULL,NULL,NULL,NULL,NULL,NULL,NULL,0,NULL,NULL,NULL,NULL,NULL,NULL,0,NULL,1,'0',NULL,NULL,'Operator',0,'临时Temp',1,NULL,0,'2014-01-22 05:16:24','J0179222','魏加金',0,41,2),(1537,NULL,'1983-12-06 00:00:00','532324198312060512',10100101,'20210112.00','2014-01-22 05:16:24',NULL,'2012-11-05 00:00:00',NULL,NULL,NULL,NULL,NULL,NULL,NULL,NULL,NULL,0,NULL,NULL,NULL,NULL,NULL,NULL,0,NULL,1,'0','2013-02-28 00:00:00',NULL,'Operator',0,'临时Temp',1,NULL,0,'2014-01-22 05:16:24','J6314720','段加海',0,36,2),(1538,NULL,'1981-04-13 00:00:00','622425198104131236',10100101,'20210115.00','2014-01-22 05:16:24',NULL,'2012-11-22 00:00:00',NULL,NULL,NULL,NULL,NULL,NULL,NULL,NULL,NULL,0,NULL,NULL,NULL,NULL,NULL,NULL,0,NULL,1,'0','2013-01-22 00:00:00',NULL,'Operator',0,'临时Temp',1,NULL,0,'2014-01-22 05:16:24','S1449879','李随小',0,36,2),(1539,NULL,'1990-06-09 00:00:00','310112199006095229',10100101,'20210170.00','2014-01-22 05:16:24',NULL,'2012-11-22 00:00:00',NULL,NULL,NULL,NULL,NULL,NULL,NULL,NULL,NULL,0,NULL,NULL,NULL,NULL,NULL,NULL,0,NULL,1,'0',NULL,NULL,'Production Clerk, BA Shanghai',0,'临时Temp',2,NULL,0,'2014-01-22 05:16:24','H9426011','查慧文',0,36,2),(1540,NULL,'1977-08-07 00:00:00','372922197708075222',10100101,'20210512.00','2014-01-22 05:16:24',NULL,'2012-12-05 00:00:00',NULL,NULL,NULL,NULL,NULL,NULL,NULL,NULL,NULL,0,NULL,NULL,NULL,NULL,NULL,NULL,0,NULL,1,'0','2013-01-11 00:00:00',NULL,'Operator',0,'临时Temp',2,NULL,0,'2014-01-22 05:16:24','C8841116','石翠云',0,45,2),(1541,NULL,'1980-09-12 00:00:00','513722198009123388',10100101,'20210512.00','2014-01-22 05:16:24',NULL,'2012-12-05 00:00:00',NULL,NULL,NULL,NULL,NULL,NULL,NULL,NULL,NULL,0,NULL,NULL,NULL,NULL,NULL,NULL,0,NULL,1,'0','2013-01-10 00:00:00',NULL,'Operator',0,'临时Temp',2,NULL,0,'2014-01-22 05:16:24','Q2068234','何群英',0,45,2),(1542,NULL,'1981-12-03 00:00:00','320825198112034515',10100101,'20210125.00','2014-01-22 05:16:24',NULL,'2012-12-05 00:00:00',NULL,NULL,NULL,NULL,NULL,NULL,NULL,NULL,NULL,0,NULL,NULL,NULL,NULL,NULL,NULL,0,NULL,1,'0',NULL,NULL,'Operator',0,'临时Temp',1,NULL,0,'2014-01-22 05:16:24','X4778430','李湘宁',0,36,2),(1543,NULL,'1978-10-12 00:00:00','341223197810125574',10100101,'20210113.00','2014-01-22 05:16:24',NULL,'2012-12-05 00:00:00',NULL,NULL,NULL,NULL,NULL,NULL,NULL,NULL,NULL,0,NULL,NULL,NULL,NULL,NULL,NULL,0,NULL,1,'0','2013-03-29 00:00:00',NULL,'Operator',0,'临时Temp',1,NULL,0,'2014-01-22 05:16:24','Y2120873','葛运飞',0,36,2),(1544,NULL,'1984-10-30 00:00:00','320922198410307637',10100101,'20210512.00','2014-01-22 05:16:24',NULL,'2012-12-11 00:00:00',NULL,NULL,NULL,NULL,NULL,NULL,NULL,NULL,NULL,0,NULL,NULL,NULL,NULL,NULL,NULL,0,NULL,1,'0','2013-05-28 00:00:00',NULL,'Operator',0,'临时Temp',1,NULL,0,'2014-01-22 05:16:24','Y0764444','张雨',0,45,2),(1545,NULL,'1990-10-07 00:00:00','342422199010070557',10100101,'20210512.00','2014-01-22 05:16:24',NULL,'2012-12-11 00:00:00',NULL,NULL,NULL,NULL,NULL,NULL,NULL,NULL,NULL,0,NULL,NULL,NULL,NULL,NULL,NULL,0,NULL,1,'0','2013-01-08 00:00:00',NULL,'Operator',0,'临时Temp',1,NULL,0,'2014-01-22 05:16:24','Y3243218','朱玉兵',0,45,2),(1546,NULL,'1990-08-09 00:00:00','342423199008096762',10100101,'20210512.00','2014-01-22 05:16:24',NULL,'2012-12-11 00:00:00',NULL,NULL,NULL,NULL,NULL,NULL,NULL,NULL,NULL,0,NULL,NULL,NULL,NULL,NULL,NULL,0,NULL,1,'0',NULL,NULL,'Operator',0,'临时Temp',2,NULL,0,'2014-01-22 05:16:24','M4854529','许明芳',0,45,2),(1547,NULL,'1975-04-09 00:00:00','34242219750409113X',10100101,'20210123.00','2014-01-22 05:16:24',NULL,'2012-12-21 00:00:00',NULL,NULL,NULL,NULL,NULL,NULL,NULL,NULL,NULL,0,NULL,NULL,NULL,NULL,NULL,NULL,0,NULL,1,'0',NULL,NULL,'Operator',0,'临时Temp',1,NULL,0,'2014-01-22 05:16:24','X7800051','夏祥远',0,36,2),(1548,NULL,'1980-02-23 00:00:00','340321198002233119',10100101,'20210123.00','2014-01-22 05:16:24',NULL,'2012-12-21 00:00:00',NULL,NULL,NULL,NULL,NULL,NULL,NULL,NULL,NULL,0,NULL,NULL,NULL,NULL,NULL,NULL,0,NULL,1,'0',NULL,NULL,'Operator',0,'临时Temp',1,NULL,0,'2014-01-22 05:16:24','S6155022','葛树勇',0,36,2),(1549,NULL,'1950-01-02 00:00:00','310104195001020852',10100101,'20210504.00','2014-01-22 05:16:24',NULL,'2012-12-24 00:00:00',NULL,NULL,NULL,NULL,NULL,NULL,NULL,NULL,NULL,0,NULL,NULL,NULL,NULL,NULL,NULL,0,NULL,1,'0','2013-06-23 00:00:00',NULL,'consultant',0,'临时Temp',1,NULL,0,'2014-01-22 05:16:24','Y6833973','杨一民',0,45,2),(1550,NULL,'1973-10-11 00:00:00','31022619731011111X',10100101,'20233103.00','2014-01-22 05:16:24',NULL,'2013-01-01 00:00:00',NULL,NULL,NULL,NULL,NULL,NULL,NULL,NULL,NULL,0,NULL,NULL,NULL,NULL,NULL,NULL,0,NULL,1,'0',NULL,NULL,'HR&Admin Director,ABR CHN&HR Coordinator,ABR Asia',0,'正式Permanent',1,NULL,0,'2014-01-22 05:16:24','H7217851','何浩',0,51,2),(1551,NULL,'1979-07-20 00:00:00','310112197907202432',10100101,'20210636.00','2014-01-22 05:16:24',NULL,'2013-01-05 00:00:00',NULL,NULL,NULL,NULL,NULL,NULL,NULL,NULL,NULL,0,NULL,NULL,NULL,NULL,NULL,NULL,0,NULL,1,'0',NULL,NULL,'Operator',0,'正式Permanent',1,NULL,0,'2014-01-22 05:16:24','J1640067','沈杰',0,33,2),(1552,NULL,'1990-10-04 00:00:00','340321199010045934',10100101,'20210514.00','2014-01-22 05:16:24',NULL,'2013-01-05 00:00:00',NULL,NULL,NULL,NULL,NULL,NULL,NULL,NULL,NULL,0,NULL,NULL,NULL,NULL,NULL,NULL,0,NULL,1,'0',NULL,NULL,'Operator',0,'临时Temp',1,NULL,0,'2014-01-22 05:16:24','Y5555443','邵亚州',0,45,2),(1553,NULL,'1982-12-06 00:00:00','411325198212060775',10100101,'20210512.00','2014-01-22 05:16:24',NULL,'2013-01-05 00:00:00',NULL,NULL,NULL,NULL,NULL,NULL,NULL,NULL,NULL,0,NULL,NULL,NULL,NULL,NULL,NULL,0,NULL,1,'0','2013-03-03 00:00:00',NULL,'Operator',0,'临时Temp',1,NULL,0,'2014-01-22 05:16:24','Z1796068','廉卓',0,45,2),(1554,NULL,'1978-07-25 00:00:00','362121197807258436',10100101,'20210112.00','2014-01-22 05:16:24',NULL,'2013-01-10 00:00:00',NULL,NULL,NULL,NULL,NULL,NULL,NULL,NULL,NULL,0,NULL,NULL,NULL,NULL,NULL,NULL,0,NULL,1,'0',NULL,NULL,'Operator',0,'临时Temp',1,NULL,0,'2014-01-22 05:16:24','K0436748','黄奎',0,36,2),(1555,NULL,'1987-08-04 00:00:00','340321198708044088',10100101,'20210512.00','2014-01-22 05:16:24',NULL,'2013-01-10 00:00:00',NULL,NULL,NULL,NULL,NULL,NULL,NULL,NULL,NULL,0,NULL,NULL,NULL,NULL,NULL,NULL,0,NULL,1,'0','2013-03-29 00:00:00',NULL,'Operator',0,'临时Temp',2,NULL,0,'2014-01-22 05:16:24','F9110753','宋凤凤',0,45,2),(1556,NULL,'1981-08-09 00:00:00','320723198108093039',10100101,'20210123.00','2014-01-22 05:16:24',NULL,'2013-01-05 00:00:00',NULL,NULL,NULL,NULL,NULL,NULL,NULL,NULL,NULL,0,NULL,NULL,NULL,NULL,NULL,NULL,0,NULL,1,'0','2013-01-18 00:00:00',NULL,'Operator',0,'临时Temp',1,NULL,0,'2014-01-22 05:16:24','X1176093','乔小平',0,36,2),(1557,NULL,'1985-09-10 00:00:00','513026198509103989',10100101,'20210512.00','2014-01-22 05:16:24',NULL,'2013-01-18 00:00:00',NULL,NULL,NULL,NULL,NULL,NULL,NULL,NULL,NULL,0,NULL,NULL,NULL,NULL,NULL,NULL,0,NULL,1,'0','2013-01-22 00:00:00',NULL,'Operator',0,'临时Temp',2,NULL,0,'2014-01-22 05:16:24','Q7113812','周琼华',0,45,2),(1558,NULL,'1987-07-17 00:00:00','342422198707172524',10100101,'20221201.00','2014-01-22 05:16:24',NULL,'2013-02-17 00:00:00',NULL,NULL,NULL,NULL,NULL,NULL,NULL,NULL,NULL,0,NULL,NULL,NULL,NULL,NULL,NULL,0,NULL,1,'0',NULL,NULL,'Customer Service Specialist',0,'正式Permanent',2,NULL,0,'2014-01-22 05:16:24','X6377375','李秀林',0,39,2),(1559,NULL,'1987-07-18 00:00:00','430726198707181027',10100101,'20221310.00','2014-01-22 05:16:24',NULL,'2013-02-17 00:00:00',NULL,NULL,NULL,NULL,NULL,NULL,NULL,NULL,NULL,0,NULL,NULL,NULL,NULL,NULL,NULL,0,NULL,1,'0',NULL,NULL,'Product Engineer, BA China',0,'正式Permanent',2,NULL,0,'2014-01-22 05:16:24','P5847648','陈平',0,36,2),(1560,NULL,'1976-12-16 00:00:00','310222197612161432',10100101,'20210504.00','2014-01-22 05:16:24',NULL,'2013-02-25 00:00:00',NULL,NULL,NULL,NULL,NULL,NULL,NULL,NULL,NULL,0,NULL,NULL,NULL,NULL,NULL,NULL,0,NULL,1,'0',NULL,NULL,'Operation Manager, TW Shanghai',0,'正式Permanent',1,NULL,0,'2014-01-22 05:16:24','Y2413169','黄一波',0,45,2),(1561,NULL,'1989-10-01 00:00:00','342423198910016726',10100101,'20210415.00','2014-01-22 05:16:24',NULL,'2013-02-26 00:00:00',NULL,NULL,NULL,NULL,NULL,NULL,NULL,NULL,NULL,0,NULL,NULL,NULL,NULL,NULL,NULL,0,NULL,1,'0','2013-05-20 00:00:00',NULL,'Operator',0,'临时Temp',2,NULL,0,'2014-01-22 05:16:24','C3269060','沙翠雪',0,44,2),(1562,NULL,'1989-06-15 00:00:00','411329198906151335',10100101,'20210415.00','2014-01-22 05:16:24',NULL,'2013-02-26 00:00:00',NULL,NULL,NULL,NULL,NULL,NULL,NULL,NULL,NULL,0,NULL,NULL,NULL,NULL,NULL,NULL,0,NULL,1,'0',NULL,NULL,'Operator',0,'临时Temp',1,NULL,0,'2014-01-22 05:16:24','Y9842977','丁洋',0,44,2),(1563,NULL,'1976-01-20 00:00:00','513026197601203582',10100101,'20210512.00','2014-01-22 05:16:24',NULL,'2013-02-26 00:00:00',NULL,NULL,NULL,NULL,NULL,NULL,NULL,NULL,NULL,0,NULL,NULL,NULL,NULL,NULL,NULL,0,NULL,1,'0','2013-03-01 00:00:00',NULL,'Operator',0,'临时Temp',2,NULL,0,'2014-01-22 05:16:24','X7001044','朱小芹',0,45,2),(1564,NULL,'1976-06-21 00:00:00','320326197606217068',10100101,'20210512.00','2014-01-22 05:16:24',NULL,'2013-02-26 00:00:00',NULL,NULL,NULL,NULL,NULL,NULL,NULL,NULL,NULL,0,NULL,NULL,NULL,NULL,NULL,NULL,0,NULL,1,'0','2013-08-23 00:00:00',NULL,'Operator',0,'临时Temp',2,NULL,0,'2014-01-22 05:16:24','L4072568','苗丽翠',0,45,2),(1565,NULL,'1979-08-27 00:00:00','513701197908276525',10100101,'20210512.00','2014-01-22 05:16:24',NULL,'2013-02-26 00:00:00',NULL,NULL,NULL,NULL,NULL,NULL,NULL,NULL,NULL,0,NULL,NULL,NULL,NULL,NULL,NULL,0,NULL,1,'0','2013-03-23 00:00:00',NULL,'Operator',0,'临时Temp',2,NULL,0,'2014-01-22 05:16:24','L3171847','杨丽蓉',0,45,2),(1566,NULL,'1980-02-19 00:00:00','120222198002191027',10100101,'20221330.00','2014-01-22 05:16:24',NULL,'2013-03-04 00:00:00',NULL,NULL,NULL,NULL,NULL,NULL,NULL,NULL,NULL,0,NULL,NULL,NULL,NULL,NULL,NULL,0,NULL,1,'0',NULL,NULL,'Product Engineer, Electronic, SA China',0,'正式Permanent',2,NULL,0,'2014-01-22 05:16:24','H8173091','杨洪斌',0,33,2),(1567,NULL,'1985-02-03 00:00:00','410423198502037356',10100101,'20221423.00','2014-01-22 05:16:24',NULL,'2013-03-04 00:00:00',NULL,NULL,NULL,NULL,NULL,NULL,NULL,NULL,NULL,0,NULL,NULL,NULL,NULL,NULL,NULL,0,NULL,1,'0',NULL,NULL,'Sales Engineer, Industrial Market, Suzhou',0,'正式Permanent',1,NULL,0,'2014-01-22 05:16:24','J0482728','潘金玉',0,37,2),(1568,NULL,'1977-03-11 00:00:00','412822197703116256',10100101,'20210137.00','2014-01-22 05:16:24',NULL,'2013-03-05 00:00:00',NULL,NULL,NULL,NULL,NULL,NULL,NULL,NULL,NULL,0,NULL,NULL,NULL,NULL,NULL,NULL,0,NULL,1,'0','2013-04-02 00:00:00',NULL,'Operator',0,'临时Temp',1,NULL,0,'2014-01-22 05:16:24','F9316478','金锋',0,36,2),(1569,NULL,'1982-07-03 00:00:00','620502198207036636',10100101,'20210137.00','2014-01-22 05:16:24',NULL,'2013-03-05 00:00:00',NULL,NULL,NULL,NULL,NULL,NULL,NULL,NULL,NULL,0,NULL,NULL,NULL,NULL,NULL,NULL,0,NULL,1,'0',NULL,NULL,'Operator',0,'临时Temp',1,NULL,0,'2014-01-22 05:16:24','L4418280','白龙飞',0,36,2),(1570,NULL,'1991-09-15 00:00:00','130434199109152493',10100101,'20210123.00','2014-01-22 05:16:24',NULL,'2013-03-05 00:00:00',NULL,NULL,NULL,NULL,NULL,NULL,NULL,NULL,NULL,0,NULL,NULL,NULL,NULL,NULL,NULL,0,NULL,1,'0','2013-03-12 00:00:00',NULL,'Operator',0,'临时Temp',1,NULL,0,'2014-01-22 05:16:24','R3040989','刘瑞彬',0,36,2),(1571,NULL,'1994-04-07 00:00:00','34042119940407101X',10100101,'20210115.00','2014-01-22 05:16:24',NULL,'2013-03-05 00:00:00',NULL,NULL,NULL,NULL,NULL,NULL,NULL,NULL,NULL,0,NULL,NULL,NULL,NULL,NULL,NULL,0,NULL,1,'0','2013-03-07 00:00:00',NULL,'Operator',0,'临时Temp',1,NULL,0,'2014-01-22 05:16:24','B6070911','李碧',0,36,2),(1572,NULL,'1978-02-28 00:00:00','321025197802285613',10100101,'20210140.00','2014-01-22 05:16:24',NULL,'2013-03-05 00:00:00',NULL,NULL,NULL,NULL,NULL,NULL,NULL,NULL,NULL,0,NULL,NULL,NULL,NULL,NULL,NULL,0,NULL,1,'0','2013-04-01 00:00:00',NULL,'Operator',0,'临时Temp',1,NULL,0,'2014-01-22 05:16:24','C5464587','成春明',0,36,2),(1573,NULL,'1988-12-25 00:00:00','42112419881225501X',10100101,'20210512.00','2014-01-22 05:16:24',NULL,'2013-03-05 00:00:00',NULL,NULL,NULL,NULL,NULL,NULL,NULL,NULL,NULL,0,NULL,NULL,NULL,NULL,NULL,NULL,0,NULL,1,'0',NULL,NULL,'Operator',0,'临时Temp',1,NULL,0,'2014-01-22 05:16:24','C8472293','刘超',0,45,2),(1574,NULL,'1978-10-08 00:00:00','342126197810086135',10100101,'20210515.00','2014-01-22 05:16:24',NULL,'2013-03-05 00:00:00',NULL,NULL,NULL,NULL,NULL,NULL,NULL,NULL,NULL,0,NULL,NULL,NULL,NULL,NULL,NULL,0,NULL,1,'0','2013-04-26 00:00:00',NULL,'Operator',0,'临时Temp',1,NULL,0,'2014-01-22 05:16:24','S4248050','吕书臣',0,45,2),(1575,NULL,'1987-10-24 00:00:00','342422198710241084',10100101,'20210512.00','2014-01-22 05:16:24',NULL,'2013-03-14 00:00:00',NULL,NULL,NULL,NULL,NULL,NULL,NULL,NULL,NULL,0,NULL,NULL,NULL,NULL,NULL,NULL,0,NULL,1,'0',NULL,NULL,'Operator',0,'临时Temp',2,NULL,0,'2014-01-22 05:16:24','H7350802','葛厚丽',0,45,2),(1576,NULL,'1971-06-06 00:00:00','310110197106061630',10100101,'20210511.00','2014-01-22 05:16:24',NULL,'2013-03-14 00:00:00',NULL,NULL,NULL,NULL,NULL,NULL,NULL,NULL,NULL,0,NULL,NULL,NULL,NULL,NULL,NULL,0,NULL,1,'0','2013-03-27 00:00:00',NULL,'Operator',0,'临时Temp',1,NULL,0,'2014-01-22 05:16:24','J2903892','胡军',0,45,2),(1577,NULL,'1990-07-06 00:00:00','511525199007065840',10100101,'20210512.00','2014-01-22 05:16:24',NULL,'2013-03-14 00:00:00',NULL,NULL,NULL,NULL,NULL,NULL,NULL,NULL,NULL,0,NULL,NULL,NULL,NULL,NULL,NULL,0,NULL,1,'0','2013-10-31 00:00:00',NULL,'Operator',0,'临时Temp',2,NULL,0,'2014-01-22 05:16:24','B8910265','杨本芳',0,45,2),(1578,NULL,'1988-12-06 00:00:00','342422198812061113',10100101,'20210512.00','2014-01-22 05:16:24',NULL,'2013-03-14 00:00:00',NULL,NULL,NULL,NULL,NULL,NULL,NULL,NULL,NULL,0,NULL,NULL,NULL,NULL,NULL,NULL,0,NULL,1,'0','2013-04-18 00:00:00',NULL,'Operator',0,'临时Temp',1,NULL,0,'2014-01-22 05:16:24','W3361312','顾文龙',0,45,2),(1579,NULL,'1987-11-26 00:00:00','522121198711267025',10100101,'20210422.00','2014-01-22 05:16:24',NULL,'2013-03-14 00:00:00',NULL,NULL,NULL,NULL,NULL,NULL,NULL,NULL,NULL,0,NULL,NULL,NULL,NULL,NULL,NULL,0,NULL,1,'0',NULL,NULL,'Operator',0,'临时Temp',2,NULL,0,'2014-01-22 05:16:24','D7969261','陈代先',0,44,2),(1580,NULL,'1994-08-14 00:00:00','341126199408145318',10100101,'20210512.00','2014-01-22 05:16:24',NULL,'2013-03-14 00:00:00',NULL,NULL,NULL,NULL,NULL,NULL,NULL,NULL,NULL,0,NULL,NULL,NULL,NULL,NULL,NULL,0,NULL,1,'0',NULL,NULL,'Operator',0,'临时Temp',1,NULL,0,'2014-01-22 05:16:24','C7958696','刘长圆',0,45,2),(1581,NULL,'1988-04-04 00:00:00','340321198804048919',10100101,'20210512.00','2014-01-22 05:16:24',NULL,'2013-03-14 00:00:00',NULL,NULL,NULL,NULL,NULL,NULL,NULL,NULL,NULL,0,NULL,NULL,NULL,NULL,NULL,NULL,0,NULL,1,'0',NULL,NULL,'Operator',0,'临时Temp',1,NULL,0,'2014-01-22 05:16:24','X4458185','杨喜',0,45,2),(1582,NULL,'1987-07-20 00:00:00','342422198707200898',10100101,'20210512.00','2014-01-22 05:16:24',NULL,'2013-03-14 00:00:00',NULL,NULL,NULL,NULL,NULL,NULL,NULL,NULL,NULL,0,NULL,NULL,NULL,NULL,NULL,NULL,0,NULL,1,'0',NULL,NULL,'Operator',0,'临时Temp',1,NULL,0,'2014-01-22 05:16:24','Q6419267','吕青松',0,45,2),(1583,NULL,'1992-12-11 00:00:00','321323199212114534',10100101,'20210512.00','2014-01-22 05:16:24',NULL,'2013-03-14 00:00:00',NULL,NULL,NULL,NULL,NULL,NULL,NULL,NULL,NULL,0,NULL,NULL,NULL,NULL,NULL,NULL,0,NULL,1,'0',NULL,NULL,'Operator',0,'临时Temp',1,NULL,0,'2014-01-22 05:16:24','X4495029','史修植',0,45,2),(1584,NULL,'1991-10-05 00:00:00','342427199110056914',10100101,'20210604.00','2014-01-22 05:16:24',NULL,'2013-03-14 00:00:00',NULL,NULL,NULL,NULL,NULL,NULL,NULL,NULL,NULL,0,NULL,NULL,NULL,NULL,NULL,NULL,0,NULL,1,'0',NULL,NULL,'Operator',0,'正式Permanent',1,NULL,0,'2014-01-22 05:16:24','Y0066980','肖燕廷',0,33,2),(1585,NULL,'1979-08-12 00:00:00','341202197908120219',10100101,'20210115.00','2014-01-22 05:16:24',NULL,'2013-03-14 00:00:00',NULL,NULL,NULL,NULL,NULL,NULL,NULL,NULL,NULL,0,NULL,NULL,NULL,NULL,NULL,NULL,0,NULL,1,'0','2013-07-12 00:00:00',NULL,'Operator',0,'临时Temp',1,NULL,0,'2014-01-22 05:16:24','F5697374','王锋',0,36,2),(1586,NULL,'1990-03-02 00:00:00','342422199003021132',10100101,'20210112.00','2014-01-22 05:16:24',NULL,'2013-03-14 00:00:00',NULL,NULL,NULL,NULL,NULL,NULL,NULL,NULL,NULL,0,NULL,NULL,NULL,NULL,NULL,NULL,0,NULL,1,'0',NULL,NULL,'Operator',0,'临时Temp',1,NULL,0,'2014-01-22 05:16:24','K4557707','夏克祥',0,36,2),(1587,NULL,'1974-04-19 00:00:00','320625197404194697',10100101,'20210112.00','2014-01-22 05:16:24',NULL,'2013-03-14 00:00:00',NULL,NULL,NULL,NULL,NULL,NULL,NULL,NULL,NULL,0,NULL,NULL,NULL,NULL,NULL,NULL,0,NULL,1,'0',NULL,NULL,'Operator',0,'临时Temp',1,NULL,0,'2014-01-22 05:16:24','Y7423685','何玉生',0,36,2),(1588,NULL,'1993-07-02 00:00:00','341126199307025632',10100101,'20210123.00','2014-01-22 05:16:24',NULL,'2013-03-14 00:00:00',NULL,NULL,NULL,NULL,NULL,NULL,NULL,NULL,NULL,0,NULL,NULL,NULL,NULL,NULL,NULL,0,NULL,1,'0','2013-04-07 00:00:00',NULL,'Operator',0,'临时Temp',1,NULL,0,'2014-01-22 05:16:24','P0740166','黄浦',0,36,2),(1589,NULL,'1990-09-16 00:00:00','513701199009167199',10100101,'20210115.00','2014-01-22 05:16:24',NULL,'2013-03-21 00:00:00',NULL,NULL,NULL,NULL,NULL,NULL,NULL,NULL,NULL,0,NULL,NULL,NULL,NULL,NULL,NULL,0,NULL,1,'0',NULL,NULL,'Operator',0,'临时Temp',1,NULL,0,'2014-01-22 05:16:24','Y7788736','赵永明',0,36,2),(1590,NULL,'1983-07-03 00:00:00','371122198307037815',10100101,'20221350.00','2014-01-22 05:16:24',NULL,'2013-03-25 00:00:00',NULL,NULL,NULL,NULL,NULL,NULL,NULL,NULL,NULL,0,NULL,NULL,NULL,NULL,NULL,NULL,0,NULL,1,'0','2013-10-31 00:00:00',NULL,'Package Engineer, TW&CPD Shanghai',0,'正式Permanent',1,NULL,0,'2014-01-22 05:16:24','S5932444','魏书成',0,41,2),(1591,NULL,'1973-08-23 00:00:00','513026197308233379',10100101,'20210132.00','2014-01-22 05:16:24',NULL,'2013-03-26 00:00:00',NULL,NULL,NULL,NULL,NULL,NULL,NULL,NULL,NULL,0,NULL,NULL,NULL,NULL,NULL,NULL,0,NULL,1,'0','2013-09-10 00:00:00',NULL,'Operator',0,'临时Temp',1,NULL,0,'2014-01-22 05:16:24','C3094320','万春',0,36,2),(1592,NULL,'1987-07-30 00:00:00','520202198707309039',10100101,'20210115.00','2014-01-22 05:16:24',NULL,'2013-03-26 00:00:00',NULL,NULL,NULL,NULL,NULL,NULL,NULL,NULL,NULL,0,NULL,NULL,NULL,NULL,NULL,NULL,0,NULL,1,'0','2013-06-29 00:00:00',NULL,'Operator',0,'临时Temp',1,NULL,0,'2014-01-22 05:16:24','K1310912','曹奎应',0,36,2),(1593,NULL,'1988-03-16 00:00:00','341126198803165613',10100101,'20210511.00','2014-01-22 05:16:24',NULL,'2013-03-26 00:00:00',NULL,NULL,NULL,NULL,NULL,NULL,NULL,NULL,NULL,0,NULL,NULL,NULL,NULL,NULL,NULL,0,NULL,1,'0','2013-10-28 00:00:00',NULL,'Operator',0,'临时Temp',1,NULL,0,'2014-01-22 05:16:24','B2626647','黄波',0,45,2),(1594,NULL,'1987-12-01 00:00:00','430725198712018316',10100101,'20210512.00','2014-01-22 05:16:24',NULL,'2013-03-26 00:00:00',NULL,NULL,NULL,NULL,NULL,NULL,NULL,NULL,NULL,0,NULL,NULL,NULL,NULL,NULL,NULL,0,NULL,1,'0','2013-09-25 00:00:00',NULL,'Operator',0,'临时Temp',1,NULL,0,'2014-01-22 05:16:24','L1276537','谢立',0,45,2),(1595,NULL,'1977-01-15 00:00:00','610102197701153119',10100101,'20221427.00','2014-01-22 05:16:24',NULL,'2013-04-01 00:00:00',NULL,NULL,NULL,NULL,NULL,NULL,NULL,NULL,NULL,0,NULL,NULL,NULL,NULL,NULL,NULL,0,NULL,1,'0',NULL,NULL,'Application Engineering Manager, China',0,'正式Permanent',1,NULL,0,'2014-01-22 05:16:24','Y9127334','王云涛',0,37,2),(1596,NULL,'1991-02-18 00:00:00','320381199102187057',10100101,'20210115.00','2014-01-22 05:16:24',NULL,'2013-04-02 00:00:00',NULL,NULL,NULL,NULL,NULL,NULL,NULL,NULL,NULL,0,NULL,NULL,NULL,NULL,NULL,NULL,0,NULL,1,'0',NULL,NULL,'Operator',0,'临时Temp',1,NULL,0,'2014-01-22 05:16:24','B9922208','刘百聪',0,36,2),(1597,NULL,'1984-11-25 00:00:00','410425198411254518',10100101,'20221310.00','2014-01-22 05:16:24',NULL,'2013-04-08 00:00:00',NULL,NULL,NULL,NULL,NULL,NULL,NULL,NULL,NULL,0,NULL,NULL,NULL,NULL,NULL,NULL,0,NULL,1,'0',NULL,NULL,'Product Engineer, BA China',0,'正式Permanent',1,NULL,0,'2014-01-22 05:16:24','G1194051','张贵生',0,36,2),(1598,NULL,'1990-09-18 00:00:00','142601199009184014',10100101,'20210115.00','2014-01-22 05:16:24',NULL,'2013-04-11 00:00:00',NULL,NULL,NULL,NULL,NULL,NULL,NULL,NULL,NULL,0,NULL,NULL,NULL,NULL,NULL,NULL,0,NULL,1,'0',NULL,NULL,'Operator',0,'临时Temp',1,NULL,0,'2014-01-22 05:16:24','F8727506','高峰',0,36,2),(1599,NULL,'1984-03-17 00:00:00','412828198403174211',10100101,'20210115.00','2014-01-22 05:16:24',NULL,'2013-04-11 00:00:00',NULL,NULL,NULL,NULL,NULL,NULL,NULL,NULL,NULL,0,NULL,NULL,NULL,NULL,NULL,NULL,0,NULL,1,'0',NULL,NULL,'Operator',0,'临时Temp',1,NULL,0,'2014-01-22 05:16:24','J3629663','时俊超',0,36,2),(1600,NULL,'1977-01-08 00:00:00','513026197701084277',10100101,'20210115.00','2014-01-22 05:16:24',NULL,'2013-04-11 00:00:00',NULL,NULL,NULL,NULL,NULL,NULL,NULL,NULL,NULL,0,NULL,NULL,NULL,NULL,NULL,NULL,0,NULL,1,'0',NULL,NULL,'Operator',0,'临时Temp',1,NULL,0,'2014-01-22 05:16:24','J7820280','李健',0,36,2),(1601,NULL,'1991-10-18 00:00:00','620521199110184476',10100101,'20210603.00','2014-01-22 05:16:24',NULL,'2013-04-11 00:00:00',NULL,NULL,NULL,NULL,NULL,NULL,NULL,NULL,NULL,0,NULL,NULL,NULL,NULL,NULL,NULL,0,NULL,1,'0','2013-08-23 00:00:00',NULL,'Operator',0,'正式Permanent',1,NULL,0,'2014-01-22 05:16:24','J2774614','李积善',0,33,2),(1602,NULL,'1994-10-11 00:00:00','510781199410114391',10100101,'20210512.00','2014-01-22 05:16:24',NULL,'2013-04-11 00:00:00',NULL,NULL,NULL,NULL,NULL,NULL,NULL,NULL,NULL,0,NULL,NULL,NULL,NULL,NULL,NULL,0,NULL,1,'0',NULL,NULL,'Operator',0,'临时Temp',1,NULL,0,'2014-01-22 05:16:24','J5176849','黄佳',0,45,2),(1603,NULL,'1987-08-02 00:00:00','320381198708027125',10100101,'20210512.00','2014-01-22 05:16:24',NULL,'2013-04-11 00:00:00',NULL,NULL,NULL,NULL,NULL,NULL,NULL,NULL,NULL,0,NULL,NULL,NULL,NULL,NULL,NULL,0,NULL,1,'0',NULL,NULL,'Operator',0,'临时Temp',2,NULL,0,'2014-01-22 05:16:24','X0557518','吴小梦',0,45,2),(1604,NULL,'1986-02-19 00:00:00','622424198602193425',10100101,'20210512.00','2014-01-22 05:16:24',NULL,'2013-04-11 00:00:00',NULL,NULL,NULL,NULL,NULL,NULL,NULL,NULL,NULL,0,NULL,NULL,NULL,NULL,NULL,NULL,0,NULL,1,'0','2013-12-11 00:00:00',NULL,'Operator',0,'临时Temp',2,NULL,0,'2014-01-22 05:16:24','X8417331','史下芳',0,45,2),(1605,NULL,'1989-07-09 00:00:00','622701198907091835',10100101,'20210511.00','2014-01-22 05:16:24',NULL,'2013-04-11 00:00:00',NULL,NULL,NULL,NULL,NULL,NULL,NULL,NULL,NULL,0,NULL,NULL,NULL,NULL,NULL,NULL,0,NULL,1,'0','2013-06-28 00:00:00',NULL,'Operator',0,'临时Temp',1,NULL,0,'2014-01-22 05:16:24','F4521939','潘飞龙',0,45,2),(1606,NULL,'1988-08-29 00:00:00','421023198808298111',10100101,'20210512.00','2014-01-22 05:16:24',NULL,'2013-04-11 00:00:00',NULL,NULL,NULL,NULL,NULL,NULL,NULL,NULL,NULL,0,NULL,NULL,NULL,NULL,NULL,NULL,0,NULL,1,'0','2013-10-12 00:00:00',NULL,'Operator',0,'临时Temp',1,NULL,0,'2014-01-22 05:16:24','F6871911','吴凡',0,45,2),(1607,NULL,'1992-06-26 00:00:00','341225199206266516',10100101,'20210512.00','2014-01-22 05:16:24',NULL,'2013-04-11 00:00:00',NULL,NULL,NULL,NULL,NULL,NULL,NULL,NULL,NULL,0,NULL,NULL,NULL,NULL,NULL,NULL,0,NULL,1,'0','2013-07-26 00:00:00',NULL,'Operator',0,'临时Temp',1,NULL,0,'2014-01-22 05:16:24','Z9723450','方振强',0,45,2),(1608,NULL,'1989-01-02 00:00:00','511528198901026656',10100101,'20210511.00','2014-01-22 05:16:24',NULL,'2013-04-11 00:00:00',NULL,NULL,NULL,NULL,NULL,NULL,NULL,NULL,NULL,0,NULL,NULL,NULL,NULL,NULL,NULL,0,NULL,1,'0','2013-07-30 00:00:00',NULL,'Operator',0,'临时Temp',1,NULL,0,'2014-01-22 05:16:24','D1025214','冯店清',0,45,2),(1609,NULL,'1989-02-09 00:00:00','532930198902092119',10100101,'20210515.00','2014-01-22 05:16:24',NULL,'2013-04-11 00:00:00',NULL,NULL,NULL,NULL,NULL,NULL,NULL,NULL,NULL,0,NULL,NULL,NULL,NULL,NULL,NULL,0,NULL,1,'0','2013-04-28 00:00:00',NULL,'Operator',0,'临时Temp',1,NULL,0,'2014-01-22 05:16:24','Y4429612','赵艳雄',0,45,2),(1610,NULL,'1985-08-12 00:00:00','532930198508122156',10100101,'20210511.00','2014-01-22 05:16:24',NULL,'2013-04-11 00:00:00',NULL,NULL,NULL,NULL,NULL,NULL,NULL,NULL,NULL,0,NULL,NULL,NULL,NULL,NULL,NULL,0,NULL,1,'0',NULL,NULL,'Operator',0,'临时Temp',1,NULL,0,'2014-01-22 05:16:24','X2665482','杨四鹏',0,45,2),(1611,NULL,'1988-08-09 00:00:00','513722198808093373',10100101,'20210512.00','2014-01-22 05:16:24',NULL,'2013-04-11 00:00:00',NULL,NULL,NULL,NULL,NULL,NULL,NULL,NULL,NULL,0,NULL,NULL,NULL,NULL,NULL,NULL,0,NULL,1,'0','2013-05-03 00:00:00',NULL,'Operator',0,'临时Temp',1,NULL,0,'2014-01-22 05:16:24','S3280303','杨森',0,45,2),(1612,NULL,'1993-09-17 00:00:00','510923199309170556',10100101,'20210415.00','2014-01-22 05:16:24',NULL,'2013-04-11 00:00:00',NULL,NULL,NULL,NULL,NULL,NULL,NULL,NULL,NULL,0,NULL,NULL,NULL,NULL,NULL,NULL,0,NULL,1,'0','2013-05-03 00:00:00',NULL,'Operator',0,'临时Temp',1,NULL,0,'2014-01-22 05:16:24','X8993592','李兴兴',0,44,2),(1613,NULL,'1980-02-03 00:00:00','341226198002034416',10100101,'20210511.00','2014-01-22 05:16:24',NULL,'2013-04-11 00:00:00',NULL,NULL,NULL,NULL,NULL,NULL,NULL,NULL,NULL,0,NULL,NULL,NULL,NULL,NULL,NULL,0,NULL,1,'0','2013-04-16 00:00:00',NULL,'Operator',0,'临时Temp',1,NULL,0,'2014-01-22 05:16:24','Q5702254','宋清明',0,45,2),(1614,NULL,'1982-03-01 00:00:00','342423198203017391',10100101,'20210123.00','2014-01-22 05:16:24',NULL,'2013-03-21 00:00:00',NULL,NULL,NULL,NULL,NULL,NULL,NULL,NULL,NULL,0,NULL,NULL,NULL,NULL,NULL,NULL,0,NULL,1,'0','2013-03-28 00:00:00',NULL,'Operator',0,'临时Temp',1,NULL,0,'2014-01-22 05:16:24','D9100836','李大红',0,36,2),(1615,NULL,'1977-05-10 00:00:00','372928197705106036',10100101,'20210111.00','2014-01-22 05:16:24',NULL,'2013-04-19 00:00:00',NULL,NULL,NULL,NULL,NULL,NULL,NULL,NULL,NULL,0,NULL,NULL,NULL,NULL,NULL,NULL,0,NULL,1,'0','2013-05-10 00:00:00',NULL,'Operator',0,'临时Temp',1,NULL,0,'2014-01-22 05:16:24','Y2586277','侯愿可',0,36,2),(1616,NULL,'1984-10-08 00:00:00','522701198410081910',10100101,'20210115.00','2014-01-22 05:16:24',NULL,'2013-04-19 00:00:00',NULL,NULL,NULL,NULL,NULL,NULL,NULL,NULL,NULL,0,NULL,NULL,NULL,NULL,NULL,NULL,0,NULL,1,'0',NULL,NULL,'Operator',0,'临时Temp',1,NULL,0,'2014-01-22 05:16:24','X9177777','顾先贵',0,36,2),(1617,NULL,'1986-08-14 00:00:00','422126198608146039',10100101,'20210115.00','2014-01-22 05:16:24',NULL,'2013-04-19 00:00:00',NULL,NULL,NULL,NULL,NULL,NULL,NULL,NULL,NULL,0,NULL,NULL,NULL,NULL,NULL,NULL,0,NULL,1,'0','2013-05-16 00:00:00',NULL,'Operator',0,'临时Temp',1,NULL,0,'2014-01-22 05:16:24','K3098635','肖康',0,36,2),(1618,NULL,'1992-08-16 00:00:00','513722199208163715',10100101,'20210115.00','2014-01-22 05:16:24',NULL,'2013-04-19 00:00:00',NULL,NULL,NULL,NULL,NULL,NULL,NULL,NULL,NULL,0,NULL,NULL,NULL,NULL,NULL,NULL,0,NULL,1,'0',NULL,NULL,'Operator',0,'临时Temp',1,NULL,0,'2014-01-22 05:16:24','L7138569','陈林',0,36,2),(1619,NULL,'1983-06-10 00:00:00','422126198306107552',10100101,'20210145.00','2014-01-22 05:16:24',NULL,'2013-04-25 00:00:00',NULL,NULL,NULL,NULL,NULL,NULL,NULL,NULL,NULL,0,NULL,NULL,NULL,NULL,NULL,NULL,0,NULL,1,'0',NULL,NULL,'Operator',0,'临时Temp',1,NULL,0,'2014-01-22 05:16:24','S1628008','董盛乐',0,36,2),(1620,NULL,'1982-10-25 00:00:00','431227198210251210',10100101,'20210512.00','2014-01-22 05:16:24',NULL,'2013-04-25 00:00:00',NULL,NULL,NULL,NULL,NULL,NULL,NULL,NULL,NULL,0,NULL,NULL,NULL,NULL,NULL,NULL,0,NULL,1,'0','2013-05-28 00:00:00',NULL,'Operator',0,'临时Temp',1,NULL,0,'2014-01-22 05:16:24','C3776824','唐成兵',0,45,2),(1621,NULL,'1985-03-13 00:00:00','372926198503133118',10100101,'20210512.00','2014-01-22 05:16:24',NULL,'2013-04-25 00:00:00',NULL,NULL,NULL,NULL,NULL,NULL,NULL,NULL,NULL,0,NULL,NULL,NULL,NULL,NULL,NULL,0,NULL,1,'0','2013-05-14 00:00:00',NULL,'Operator',0,'临时Temp',1,NULL,0,'2014-01-22 05:16:24','Z2284935','孙兆永',0,45,2),(1622,NULL,'1979-06-16 00:00:00','532925197906160339',10100101,'20210511.00','2014-01-22 05:16:24',NULL,'2013-04-25 00:00:00',NULL,NULL,NULL,NULL,NULL,NULL,NULL,NULL,NULL,0,NULL,NULL,NULL,NULL,NULL,NULL,0,NULL,1,'0',NULL,NULL,'Operator',0,'临时Temp',1,NULL,0,'2014-01-22 05:16:24','J3492288','丁建兴',0,45,2),(1623,NULL,'1990-10-08 00:00:00','34242319901008041X',10100101,'20210419.00','2014-01-22 05:16:24',NULL,'2013-04-25 00:00:00',NULL,NULL,NULL,NULL,NULL,NULL,NULL,NULL,NULL,0,NULL,NULL,NULL,NULL,NULL,NULL,0,NULL,1,'0',NULL,NULL,'Operator',0,'临时Temp',1,NULL,0,'2014-01-22 05:16:24','C0024938','何长杰',0,44,2),(1624,NULL,'1988-03-01 00:00:00','513722198803013274',10100101,'20210115.00','2014-01-22 05:16:24',NULL,'2013-04-25 00:00:00',NULL,NULL,NULL,NULL,NULL,NULL,NULL,NULL,NULL,0,NULL,NULL,NULL,NULL,NULL,NULL,0,NULL,1,'0',NULL,NULL,'Operator',0,'临时Temp',1,NULL,0,'2014-01-22 05:16:24','H7959662','杨海清',0,36,2),(1625,NULL,'1975-12-30 00:00:00','321088197512307912',10100101,'20210112.00','2014-01-22 05:16:24',NULL,'2013-05-02 00:00:00',NULL,NULL,NULL,NULL,NULL,NULL,NULL,NULL,NULL,0,NULL,NULL,NULL,NULL,NULL,NULL,0,NULL,1,'0','2013-11-13 00:00:00',NULL,'Operator',0,'临时Temp',1,NULL,0,'2014-01-22 05:16:24','Q7599615','王强',0,36,2),(1626,NULL,'1977-02-15 00:00:00','513026197702154150',10100101,'20210137.00','2014-01-22 05:16:24',NULL,'2013-05-02 00:00:00',NULL,NULL,NULL,NULL,NULL,NULL,NULL,NULL,NULL,0,NULL,NULL,NULL,NULL,NULL,NULL,0,NULL,1,'0','2013-07-18 00:00:00',NULL,'Operator',0,'临时Temp',1,NULL,0,'2014-01-22 05:16:24','Y9588464','林永发',0,36,2),(1627,NULL,'1985-12-21 00:00:00','310115198512210933',10100101,'20210111.00','2014-01-22 05:16:24',NULL,'2013-05-02 00:00:00',NULL,NULL,NULL,NULL,NULL,NULL,NULL,NULL,NULL,0,NULL,NULL,NULL,NULL,NULL,NULL,0,NULL,1,'0',NULL,NULL,'Operator',0,'临时Temp',1,NULL,0,'2014-01-22 05:16:24','D0172118','王栋泉',0,36,2),(1628,NULL,'1987-07-22 00:00:00','320922198707221711',10100101,'20210112.00','2014-01-22 05:16:24',NULL,'2013-05-02 00:00:00',NULL,NULL,NULL,NULL,NULL,NULL,NULL,NULL,NULL,0,NULL,NULL,NULL,NULL,NULL,NULL,0,NULL,1,'0','2013-05-29 00:00:00',NULL,'Operator',0,'临时Temp',1,NULL,0,'2014-01-22 05:16:24','Z4810133','张志明',0,36,2),(1629,NULL,'1984-07-18 00:00:00','340321198407185290',10100101,'20210512.00','2014-01-22 05:16:24',NULL,'2013-05-02 00:00:00',NULL,NULL,NULL,NULL,NULL,NULL,NULL,NULL,NULL,0,NULL,NULL,NULL,NULL,NULL,NULL,0,NULL,1,'0',NULL,NULL,'Operator',0,'临时Temp',1,NULL,0,'2014-01-22 05:16:24','J1300426','年介军',0,45,2),(1630,NULL,'1980-11-14 00:00:00','513722198011143724',10100101,'20210512.00','2014-01-22 05:16:24',NULL,'2013-05-02 00:00:00',NULL,NULL,NULL,NULL,NULL,NULL,NULL,NULL,NULL,0,NULL,NULL,NULL,NULL,NULL,NULL,0,NULL,1,'0',NULL,NULL,'Operator',0,'临时Temp',2,NULL,0,'2014-01-22 05:16:24','W3042211','马万琼',0,45,2),(1631,NULL,'1975-12-16 00:00:00','37242119751216166X',10100101,'20210512.00','2014-01-22 05:16:24',NULL,'2013-05-02 00:00:00',NULL,NULL,NULL,NULL,NULL,NULL,NULL,NULL,NULL,0,NULL,NULL,NULL,NULL,NULL,NULL,0,NULL,1,'0','2013-05-31 00:00:00',NULL,'Operator',0,'临时Temp',2,NULL,0,'2014-01-22 05:16:24','F5697177','郭风珍',0,45,2),(1632,NULL,'1982-07-21 00:00:00','310227198207210049',10100101,'20210527.00','2014-01-22 05:16:24',NULL,'2013-05-02 00:00:00',NULL,NULL,NULL,NULL,NULL,NULL,NULL,NULL,NULL,0,NULL,NULL,NULL,NULL,NULL,NULL,0,NULL,1,'0',NULL,NULL,'Buyer, TW&CPD Shanghai',0,'正式Permanent',2,NULL,0,'2014-01-22 05:16:24','X6490468','杨晓燕',0,41,2),(1633,NULL,'1974-03-13 00:00:00','140402197403132444',10100101,'20210525.00','2014-01-22 05:16:24',NULL,'2013-05-02 00:00:00',NULL,NULL,NULL,NULL,NULL,NULL,NULL,NULL,NULL,0,NULL,NULL,NULL,NULL,NULL,NULL,0,NULL,1,'0',NULL,NULL,'Quality Manager, TW&CPD Shanghai',0,'正式Permanent',2,NULL,0,'2014-01-22 05:16:24','L0185940','孙莉',0,41,2),(1634,NULL,'1986-12-03 00:00:00','321322198612033812',10100101,'20210112.00','2014-01-22 05:16:24',NULL,'2013-05-06 00:00:00',NULL,NULL,NULL,NULL,NULL,NULL,NULL,NULL,NULL,0,NULL,NULL,NULL,NULL,NULL,NULL,0,NULL,1,'0','2013-12-24 00:00:00',NULL,'Operator',0,'临时Temp',1,NULL,0,'2014-01-22 05:16:24','S4685926','仲召学',0,36,2),(1635,NULL,'1985-04-01 00:00:00','32038119850401703X',10100101,'20210122.00','2014-01-22 05:16:24',NULL,'2013-05-06 00:00:00',NULL,NULL,NULL,NULL,NULL,NULL,NULL,NULL,NULL,0,NULL,NULL,NULL,NULL,NULL,NULL,0,NULL,1,'0',NULL,NULL,'Operator',0,'临时Temp',1,NULL,0,'2014-01-22 05:16:24','B3971866','刘百松',0,36,2),(1636,NULL,'1983-02-10 00:00:00','342422198302100813',10100101,'20210125.00','2014-01-22 05:16:24',NULL,'2013-05-06 00:00:00',NULL,NULL,NULL,NULL,NULL,NULL,NULL,NULL,NULL,0,NULL,NULL,NULL,NULL,NULL,NULL,0,NULL,1,'0',NULL,NULL,'Operator',0,'临时Temp',1,NULL,0,'2014-01-22 05:16:24','C4644780','荣超',0,36,2),(1637,NULL,'1991-10-12 00:00:00','513722199110123918',10100101,'20210123.00','2014-01-22 05:16:24',NULL,'2013-05-06 00:00:00',NULL,NULL,NULL,NULL,NULL,NULL,NULL,NULL,NULL,0,NULL,NULL,NULL,NULL,NULL,NULL,0,NULL,1,'0','2013-09-10 00:00:00',NULL,'Operator',0,'临时Temp',1,NULL,0,'2014-01-22 05:16:24','Z6534712','贾正大',0,36,2),(1638,NULL,'1987-02-01 00:00:00','51152219870201577X',10100101,'20210111.00','2014-01-22 05:16:24',NULL,'2013-05-06 00:00:00',NULL,NULL,NULL,NULL,NULL,NULL,NULL,NULL,NULL,0,NULL,NULL,NULL,NULL,NULL,NULL,0,NULL,1,'0',NULL,NULL,'Operator',0,'临时Temp',1,NULL,0,'2014-01-22 05:16:24','Q4350757','张强',0,36,2),(1639,NULL,'1994-06-10 00:00:00','310112199406105633',10100101,'20210603.00','2014-01-22 05:16:24',NULL,'2013-05-06 00:00:00',NULL,NULL,NULL,NULL,NULL,NULL,NULL,NULL,NULL,0,NULL,NULL,NULL,NULL,NULL,NULL,0,NULL,1,'0','2013-08-21 00:00:00',NULL,'Operator',0,'正式Permanent',1,NULL,0,'2014-01-22 05:16:24','Z5795133','陈志浩',0,33,2),(1640,NULL,'1979-05-09 00:00:00','350321197905092238',10100101,'20235102.00','2014-01-22 05:16:24',NULL,'2013-05-10 00:00:00',NULL,NULL,NULL,NULL,NULL,NULL,NULL,NULL,NULL,0,NULL,NULL,NULL,NULL,NULL,NULL,0,NULL,1,'0',NULL,NULL,'Purchasing Engineer, China',0,'正式Permanent',1,NULL,0,'2014-01-22 05:16:24','Y4455274','沈拥',0,50,2),(1641,NULL,'1980-11-13 00:00:00','350821198011132415',10100101,'20235101.00','2014-01-22 05:16:24',NULL,'2013-05-10 00:00:00',NULL,NULL,NULL,NULL,NULL,NULL,NULL,NULL,NULL,0,NULL,NULL,NULL,NULL,NULL,NULL,0,NULL,1,'0','2013-05-28 00:00:00',NULL,'Purchasing Engineer, China',0,'正式Permanent',1,NULL,0,'2014-01-22 05:16:24','T8589619','钟通灵',0,50,2),(1642,NULL,'1984-12-07 00:00:00','620521198412070015',10100101,'20221417.00','2014-01-22 05:16:24',NULL,'2013-05-09 00:00:00',NULL,NULL,NULL,NULL,NULL,NULL,NULL,NULL,NULL,0,NULL,NULL,NULL,NULL,NULL,NULL,0,NULL,1,'0',NULL,NULL,'Key Account Sales Specialist,Foxconn, China',0,'正式Permanent',1,NULL,0,'2014-01-22 05:16:24','C4409616','张超',0,37,2),(1643,NULL,'1975-10-18 00:00:00','513027197510180342',10100101,'20210512.00','2014-01-22 05:16:24',NULL,'2013-05-13 00:00:00',NULL,NULL,NULL,NULL,NULL,NULL,NULL,NULL,NULL,0,NULL,NULL,NULL,NULL,NULL,NULL,0,NULL,1,'0','2013-06-15 00:00:00',NULL,'Operator',0,'临时Temp',2,NULL,0,'2014-01-22 05:16:24','A2212267','张爱华',0,45,2),(1644,NULL,'1983-08-04 00:00:00','412822198308043426',10100101,'20210512.00','2014-01-22 05:16:24',NULL,'2013-05-13 00:00:00',NULL,NULL,NULL,NULL,NULL,NULL,NULL,NULL,NULL,0,NULL,NULL,NULL,NULL,NULL,NULL,0,NULL,1,'0','2013-05-18 00:00:00',NULL,'Operator',0,'临时Temp',2,NULL,0,'2014-01-22 05:16:24','J2813766','王军霞',0,45,2),(1645,NULL,'1977-08-01 00:00:00','310226197708012023',10100101,'20210512.00','2014-01-22 05:16:24',NULL,'2013-05-13 00:00:00',NULL,NULL,NULL,NULL,NULL,NULL,NULL,NULL,NULL,0,NULL,NULL,NULL,NULL,NULL,NULL,0,NULL,1,'0','2013-05-31 00:00:00',NULL,'Operator',0,'临时Temp',2,NULL,0,'2014-01-22 05:16:24','J4063239','宋建英',0,45,2),(1646,NULL,'1972-07-10 00:00:00','342529197207102832',10100101,'20210512.00','2014-01-22 05:16:24',NULL,'2013-05-13 00:00:00',NULL,NULL,NULL,NULL,NULL,NULL,NULL,NULL,NULL,0,NULL,NULL,NULL,NULL,NULL,NULL,0,NULL,1,'0',NULL,NULL,'Operator',0,'临时Temp',1,NULL,0,'2014-01-22 05:16:24','G7101265','方国祥',0,45,2),(1647,NULL,'1989-06-05 00:00:00','342422198906053595',10100101,'20210512.00','2014-01-22 05:16:24',NULL,'2013-05-16 00:00:00',NULL,NULL,NULL,NULL,NULL,NULL,NULL,NULL,NULL,0,NULL,NULL,NULL,NULL,NULL,NULL,0,NULL,1,'0',NULL,NULL,'Operator',0,'临时Temp',1,NULL,0,'2014-01-22 05:16:24','S6625610','徐士伍',0,45,2),(1648,NULL,'1982-09-29 00:00:00','622425198209293231',10100101,'20210511.00','2014-01-22 05:16:24',NULL,'2013-05-16 00:00:00',NULL,NULL,NULL,NULL,NULL,NULL,NULL,NULL,NULL,0,NULL,NULL,NULL,NULL,NULL,NULL,0,NULL,1,'0',NULL,NULL,'Operator',0,'临时Temp',1,NULL,0,'2014-01-22 05:16:24','X3536423','李新意',0,45,2),(1649,NULL,'1993-10-22 00:00:00','532930199310222113',10100101,'20210512.00','2014-01-22 05:16:24',NULL,'2013-05-16 00:00:00',NULL,NULL,NULL,NULL,NULL,NULL,NULL,NULL,NULL,0,NULL,NULL,NULL,NULL,NULL,NULL,0,NULL,1,'0','2013-09-29 00:00:00',NULL,'Operator',0,'临时Temp',1,NULL,0,'2014-01-22 05:16:24','Y4975676','杨月斌',0,45,2),(1650,NULL,'1990-05-18 00:00:00','421124199005186016',10100101,'20210512.00','2014-01-22 05:16:24',NULL,'2013-05-16 00:00:00',NULL,NULL,NULL,NULL,NULL,NULL,NULL,NULL,NULL,0,NULL,NULL,NULL,NULL,NULL,NULL,0,NULL,1,'0','2013-05-30 00:00:00',NULL,'Operator',0,'临时Temp',1,NULL,0,'2014-01-22 05:16:24','H7298503','肖汉桥',0,45,2),(1651,NULL,'1978-04-12 00:00:00','510107197804120043',10100101,'20210437.00','2014-01-22 05:16:24',NULL,'2013-05-20 00:00:00',NULL,NULL,NULL,NULL,NULL,NULL,NULL,NULL,NULL,0,NULL,NULL,NULL,NULL,NULL,NULL,0,NULL,1,'0',NULL,NULL,'Process Supervisor, CPD Shanghai',0,'正式Permanent',2,NULL,0,'2014-01-22 05:16:24','L5254782','赵林瀚',0,44,2),(1652,NULL,'1986-02-16 00:00:00','310115198602160415',10100101,'20221412.00','2014-01-22 05:16:24',NULL,'2013-05-20 00:00:00',NULL,NULL,NULL,NULL,NULL,NULL,NULL,NULL,NULL,0,NULL,NULL,NULL,NULL,NULL,NULL,0,NULL,1,'0',NULL,NULL,'Product Engineer, SA China',0,'正式Permanent',1,NULL,0,'2014-01-22 05:16:24','X7058039','宰晓君',0,33,2),(1653,NULL,'1984-12-05 00:00:00','320721198412057013',10100101,'20210115.00','2014-01-22 05:16:24',NULL,'2013-05-20 00:00:00',NULL,NULL,NULL,NULL,NULL,NULL,NULL,NULL,NULL,0,NULL,NULL,NULL,NULL,NULL,NULL,0,NULL,1,'0',NULL,NULL,'Operator',0,'临时Temp',1,NULL,0,'2014-01-22 05:16:24','B6993400','廖波',0,36,2),(1654,NULL,'1991-06-19 00:00:00','341126199106195619',10100101,'20210603.00','2014-01-22 05:16:24',NULL,'2013-05-20 00:00:00',NULL,NULL,NULL,NULL,NULL,NULL,NULL,NULL,NULL,0,NULL,NULL,NULL,NULL,NULL,NULL,0,NULL,1,'0','2013-07-03 00:00:00',NULL,'Operator',0,'正式Permanent',1,NULL,0,'2014-01-22 05:16:24','R0177858','曹锐',0,33,2),(1655,NULL,'1988-01-15 00:00:00','342401198801151920',10100101,'20221201.00','2014-01-22 05:16:24',NULL,'2013-05-24 00:00:00',NULL,NULL,NULL,NULL,NULL,NULL,NULL,NULL,NULL,0,NULL,NULL,NULL,NULL,NULL,NULL,0,NULL,1,'0','2013-09-27 00:00:00',NULL,'Customer Service Representative',0,'正式Permanent',2,NULL,0,'2014-01-22 05:16:24','F8985674','王芳',0,39,2),(1656,NULL,'1992-12-07 00:00:00','620522199212070919',10100101,'20210512.00','2014-01-22 05:16:24',NULL,'2013-05-28 00:00:00',NULL,NULL,NULL,NULL,NULL,NULL,NULL,NULL,NULL,0,NULL,NULL,NULL,NULL,NULL,NULL,0,NULL,1,'0','2013-06-18 00:00:00',NULL,'Operator',0,'临时Temp',1,NULL,0,'2014-01-22 05:16:24','Y7191811','王亚兵',0,45,2),(1657,NULL,'1987-08-09 00:00:00','513701198708097287',10100101,'20210512.00','2014-01-22 05:16:24',NULL,'2013-05-28 00:00:00',NULL,NULL,NULL,NULL,NULL,NULL,NULL,NULL,NULL,0,NULL,NULL,NULL,NULL,NULL,NULL,0,NULL,1,'0','2013-08-02 00:00:00',NULL,'Operator',0,'临时Temp',2,NULL,0,'2014-01-22 05:16:24','W3637981','曹文琼',0,45,2),(1658,NULL,'1986-03-02 00:00:00','342422198603020833',10100101,'20210515.00','2014-01-22 05:16:24',NULL,'2013-05-28 00:00:00',NULL,NULL,NULL,NULL,NULL,NULL,NULL,NULL,NULL,0,NULL,NULL,NULL,NULL,NULL,NULL,0,NULL,1,'0',NULL,NULL,'Operator',0,'临时Temp',1,NULL,0,'2014-01-22 05:16:24','G2546495','李国军',0,45,2),(1659,NULL,'1992-03-19 00:00:00','513701199203197156',10100101,'20210512.00','2014-01-22 05:16:24',NULL,'2013-05-28 00:00:00',NULL,NULL,NULL,NULL,NULL,NULL,NULL,NULL,NULL,0,NULL,NULL,NULL,NULL,NULL,NULL,0,NULL,1,'0','2013-07-31 00:00:00',NULL,'Operator',0,'临时Temp',1,NULL,0,'2014-01-22 05:16:24','W3131531','吴伟',0,45,2),(1660,NULL,'1984-06-14 00:00:00','610424198406145270',10100101,'20210512.00','2014-01-22 05:16:24',NULL,'2013-05-28 00:00:00',NULL,NULL,NULL,NULL,NULL,NULL,NULL,NULL,NULL,0,NULL,NULL,NULL,NULL,NULL,NULL,0,NULL,1,'0','2013-10-17 00:00:00',NULL,'Operator',0,'临时Temp',1,NULL,0,'2014-01-22 05:16:24','S5784943','张少朋',0,45,2),(1661,NULL,'1986-06-30 00:00:00','324201198606306915',10100101,'20210115.00','2014-01-22 05:16:24',NULL,'2013-05-28 00:00:00',NULL,NULL,NULL,NULL,NULL,NULL,NULL,NULL,NULL,0,NULL,NULL,NULL,NULL,NULL,NULL,0,NULL,1,'0','2013-06-18 00:00:00',NULL,'Operator',0,'临时Temp',1,NULL,0,'2014-01-22 05:16:24','X4857771','夏鑫',0,36,2),(1662,NULL,'1972-03-27 00:00:00','13AF54422',10100101,'20234103.00','2014-01-22 05:16:24',NULL,'2013-06-01 00:00:00',NULL,NULL,NULL,NULL,NULL,NULL,NULL,NULL,NULL,0,NULL,NULL,NULL,NULL,NULL,NULL,0,NULL,1,'0',NULL,NULL,'General Manager,BA Asia',0,'正式Permanent',2,NULL,0,'2014-01-22 05:16:24','D6028589','Dominique Labilloy',0,36,2),(1663,NULL,'1978-10-12 00:00:00','342422197810123697',10100101,'20210682.00','2014-01-22 05:16:24',NULL,'2013-06-01 00:00:00',NULL,NULL,NULL,NULL,NULL,NULL,NULL,NULL,NULL,0,NULL,NULL,NULL,NULL,NULL,NULL,0,NULL,1,'0',NULL,NULL,'Equipment Engineer, SA Shanghai',0,'正式Permanent',1,NULL,0,'2014-01-22 05:16:24','T4006311','蒋廷军',0,33,2),(1664,NULL,'1990-01-04 00:00:00','411481199001042471',10100101,'20210512.00','2014-01-22 05:16:24',NULL,'2013-06-05 00:00:00',NULL,NULL,NULL,NULL,NULL,NULL,NULL,NULL,NULL,0,NULL,NULL,NULL,NULL,NULL,NULL,0,NULL,1,'0',NULL,NULL,'Operator',0,'临时Temp',1,NULL,0,'2014-01-22 05:16:24','J5887928','万江涛',0,45,2),(1665,NULL,'1990-05-25 00:00:00','612401199005253176',10100101,'20210512.00','2014-01-22 05:16:24',NULL,'2013-06-05 00:00:00',NULL,NULL,NULL,NULL,NULL,NULL,NULL,NULL,NULL,0,NULL,NULL,NULL,NULL,NULL,NULL,0,NULL,1,'0','2013-09-25 00:00:00',NULL,'Operator',0,'临时Temp',1,NULL,0,'2014-01-22 05:16:24','L9598540','张亮',0,45,2),(1666,NULL,'1978-09-10 00:00:00','652323197809102657',10100101,'20210136.00','2014-01-22 05:16:24',NULL,'2013-06-05 00:00:00',NULL,NULL,NULL,NULL,NULL,NULL,NULL,NULL,NULL,0,NULL,NULL,NULL,NULL,NULL,NULL,0,NULL,1,'0',NULL,NULL,'Operator',0,'临时Temp',1,NULL,0,'2014-01-22 05:16:24','X1409374','童新明',0,36,2),(1667,NULL,'1992-04-01 00:00:00','320923199204017824',10100101,'20210424.00','2014-01-22 05:16:24',NULL,'2013-06-07 00:00:00',NULL,NULL,NULL,NULL,NULL,NULL,NULL,NULL,NULL,0,NULL,NULL,NULL,NULL,NULL,NULL,0,NULL,1,'0','2013-10-22 00:00:00',NULL,'Production Statistician, CPD Shanghai ',0,'正式Permanent',2,NULL,0,'2014-01-22 05:16:24','Y3656975','曹阳阳',0,44,2),(1668,NULL,'1986-05-10 00:00:00','310112198605105623',10100101,'20231102.00','2014-01-22 05:16:24',NULL,'2013-06-17 00:00:00',NULL,NULL,NULL,NULL,NULL,NULL,NULL,NULL,NULL,0,NULL,NULL,NULL,NULL,NULL,NULL,0,NULL,1,'0',NULL,NULL,'Credit Control Specialist',0,'正式Permanent',2,NULL,0,'2014-01-22 05:16:24','J3386120','高佳妮',0,34,2),(1669,NULL,'1980-10-20 00:00:00','420984198010204412',10100101,'20210512.00','2014-01-22 05:16:24',NULL,'2013-06-18 00:00:00',NULL,NULL,NULL,NULL,NULL,NULL,NULL,NULL,NULL,0,NULL,NULL,NULL,NULL,NULL,NULL,0,NULL,1,'0','2013-08-25 00:00:00',NULL,'Operator',0,'临时Temp',1,NULL,0,'2014-01-22 05:16:24','Z7681181','王志刚',0,45,2),(1670,NULL,'1985-12-11 00:00:00','532924198512110521',10100101,'20210512.00','2014-01-22 05:16:24',NULL,'2013-06-18 00:00:00',NULL,NULL,NULL,NULL,NULL,NULL,NULL,NULL,NULL,0,NULL,NULL,NULL,NULL,NULL,NULL,0,NULL,1,'0',NULL,NULL,'Operator',0,'临时Temp',2,NULL,0,'2014-01-22 05:16:24','T6876130','李婷',0,45,2),(1671,NULL,'1992-07-14 00:00:00','513701199207146217',10100101,'20210512.00','2014-01-22 05:16:24',NULL,'2013-06-18 00:00:00',NULL,NULL,NULL,NULL,NULL,NULL,NULL,NULL,NULL,0,NULL,NULL,NULL,NULL,NULL,NULL,0,NULL,1,'0',NULL,NULL,'Operator',0,'临时Temp',1,NULL,0,'2014-01-22 05:16:24','C5440705','汪超',0,45,2),(1672,NULL,'1993-12-15 00:00:00','411121199312153037',10100101,'20210512.00','2014-01-22 05:16:24',NULL,'2013-06-18 00:00:00',NULL,NULL,NULL,NULL,NULL,NULL,NULL,NULL,NULL,0,NULL,NULL,NULL,NULL,NULL,NULL,0,NULL,1,'0',NULL,NULL,'Operator',0,'临时Temp',1,NULL,0,'2014-01-22 05:16:24','X6567850','郭小杰',0,45,2),(1673,NULL,'1987-04-05 00:00:00','513701198704056728',10100101,'20210512.00','2014-01-22 05:16:24',NULL,'2013-06-18 00:00:00',NULL,NULL,NULL,NULL,NULL,NULL,NULL,NULL,NULL,0,NULL,NULL,NULL,NULL,NULL,NULL,0,NULL,1,'0','2013-07-30 00:00:00',NULL,'Operator',0,'临时Temp',2,NULL,0,'2014-01-22 05:16:24','Y7735673','何迎春',0,45,2),(1674,NULL,'1988-10-15 00:00:00','513701198810157282',10100101,'20210417.00','2014-01-22 05:16:24',NULL,'2013-06-18 00:00:00',NULL,NULL,NULL,NULL,NULL,NULL,NULL,NULL,NULL,0,NULL,NULL,NULL,NULL,NULL,NULL,0,NULL,1,'0',NULL,NULL,'Operator',0,'临时Temp',2,NULL,0,'2014-01-22 05:16:24','Y5977724','陈燕君',0,44,2),(1675,NULL,'1988-02-09 00:00:00','320724198802096316',10100101,'20210417.00','2014-01-22 05:16:24',NULL,'2013-06-18 00:00:00',NULL,NULL,NULL,NULL,NULL,NULL,NULL,NULL,NULL,0,NULL,NULL,NULL,NULL,NULL,NULL,0,NULL,1,'0',NULL,NULL,'Operator',0,'临时Temp',1,NULL,0,'2014-01-22 05:16:24','L8973397','相龙成',0,44,2),(1676,NULL,'1984-03-06 00:00:00','341126198403065613',10100101,'20210115.00','2014-01-22 05:16:24',NULL,'2013-06-18 00:00:00',NULL,NULL,NULL,NULL,NULL,NULL,NULL,NULL,NULL,0,NULL,NULL,NULL,NULL,NULL,NULL,0,NULL,1,'0','2013-06-28 00:00:00',NULL,'Operator',0,'临时Temp',1,NULL,0,'2014-01-22 05:16:24','B5684497','黄保',0,36,2),(1677,NULL,'1992-10-14 00:00:00','34112619921014001X',10100101,'20210115.00','2014-01-22 05:16:24',NULL,'2013-06-18 00:00:00',NULL,NULL,NULL,NULL,NULL,NULL,NULL,NULL,NULL,0,NULL,NULL,NULL,NULL,NULL,NULL,0,NULL,1,'0','2013-06-28 00:00:00',NULL,'Operator',0,'临时Temp',1,NULL,0,'2014-01-22 05:16:24','L8666070','夏立瑞',0,36,2),(1678,NULL,'1976-08-12 00:00:00','342128197608121331',10100101,'20210115.00','2014-01-22 05:16:24',NULL,'2013-06-18 00:00:00',NULL,NULL,NULL,NULL,NULL,NULL,NULL,NULL,NULL,0,NULL,NULL,NULL,NULL,NULL,NULL,0,NULL,1,'0','2013-06-28 00:00:00',NULL,'Operator',0,'临时Temp',1,NULL,0,'2014-01-22 05:16:24','Z3191278','洪祖为',0,36,2),(1679,NULL,'1985-02-10 00:00:00','342923198502106025',10100101,'20250001.00','2014-01-22 05:16:24',NULL,'2013-06-25 00:00:00',NULL,NULL,NULL,NULL,NULL,NULL,NULL,NULL,NULL,0,NULL,NULL,NULL,NULL,NULL,NULL,0,NULL,1,'0',NULL,NULL,'Logistics Assistant, China',0,'正式Permanent',2,NULL,0,'2014-01-22 05:16:24','F1154254','汪芬',0,50,2),(1680,NULL,'1988-03-14 00:00:00','513722198803143810',10100101,'20210512.00','2014-01-22 05:16:24',NULL,'2013-07-01 00:00:00',NULL,NULL,NULL,NULL,NULL,NULL,NULL,NULL,NULL,0,NULL,NULL,NULL,NULL,NULL,NULL,0,NULL,1,'0','2013-08-30 00:00:00',NULL,'Operator',0,'临时Temp',1,NULL,0,'2014-01-22 05:16:24','S2022694','李双明',0,45,2),(1681,NULL,'1990-02-03 00:00:00','342423199002036785',10100101,'20210424.00','2014-01-22 05:16:24',NULL,'2013-07-01 00:00:00',NULL,NULL,NULL,NULL,NULL,NULL,NULL,NULL,NULL,0,NULL,NULL,NULL,NULL,NULL,NULL,0,NULL,1,'0',NULL,NULL,'Operator',0,'临时Temp',2,NULL,0,'2014-01-22 05:16:24','J6638620','牛家静',0,44,2),(1682,NULL,'1992-01-08 00:00:00','32092319920108516X',10100101,'20210418.00','2014-01-22 05:16:24',NULL,'2013-07-01 00:00:00',NULL,NULL,NULL,NULL,NULL,NULL,NULL,NULL,NULL,0,NULL,NULL,NULL,NULL,NULL,NULL,0,NULL,1,'0','2013-07-02 00:00:00',NULL,'Operator',0,'临时Temp',2,NULL,0,'2014-01-22 05:16:24','P6885730','张萍',0,44,2),(1683,NULL,'1988-11-03 00:00:00','230103198811030312',10100101,'20221427.00','2014-01-22 05:16:24',NULL,'2013-07-01 00:00:00',NULL,NULL,NULL,NULL,NULL,NULL,NULL,NULL,NULL,0,NULL,NULL,NULL,NULL,NULL,NULL,0,NULL,1,'0',NULL,NULL,'OEM Engineer, China',0,'正式Permanent',1,NULL,0,'2014-01-22 05:16:24','Y6802450','赵峪',0,37,2),(1684,NULL,'1983-11-03 00:00:00','310101198311031025',10100101,'20210008.00','2014-01-22 05:16:24',NULL,'2013-07-01 00:00:00',NULL,NULL,NULL,NULL,NULL,NULL,NULL,NULL,NULL,0,NULL,NULL,NULL,NULL,NULL,NULL,0,NULL,1,'0',NULL,NULL,'EHS Engineer, China',0,'正式Permanent',2,NULL,0,'2014-01-22 05:16:24','F0479025','陆方',0,52,2),(1685,NULL,'1988-11-18 00:00:00','310227198811181627',10100101,'20221201.00','2014-01-22 05:16:24',NULL,'2013-07-02 00:00:00',NULL,NULL,NULL,NULL,NULL,NULL,NULL,NULL,NULL,0,NULL,NULL,NULL,NULL,NULL,NULL,0,NULL,1,'0',NULL,NULL,'Customer Service Representative',0,'正式Permanent',2,NULL,0,'2014-01-22 05:16:24','X1275817','宋晓燕',0,39,2),(1686,NULL,'1986-10-29 00:00:00','320323198610290650',10100101,'20210012.00','2014-01-22 05:16:24',NULL,'2013-07-02 00:00:00',NULL,NULL,NULL,NULL,NULL,NULL,NULL,NULL,NULL,0,NULL,NULL,NULL,NULL,NULL,NULL,0,NULL,1,'0',NULL,NULL,'Operator',0,'正式Permanent',1,NULL,0,'2014-01-22 05:16:24','C8959411','车传贺',0,41,2),(1687,NULL,'1985-10-09 00:00:00','412726198510095051',10100101,'20210424.00','2014-01-22 05:16:24',NULL,'2013-07-05 00:00:00',NULL,NULL,NULL,NULL,NULL,NULL,NULL,NULL,NULL,0,NULL,NULL,NULL,NULL,NULL,NULL,0,NULL,1,'0',NULL,NULL,'Operator',0,'临时Temp',1,NULL,0,'2014-01-22 05:16:24','X0208892','于西平',0,44,2),(1688,NULL,'1987-12-22 00:00:00','513722198712224017',10100101,'20210424.00','2014-01-22 05:16:24',NULL,'2013-07-05 00:00:00',NULL,NULL,NULL,NULL,NULL,NULL,NULL,NULL,NULL,0,NULL,NULL,NULL,NULL,NULL,NULL,0,NULL,1,'0',NULL,NULL,'Operator',0,'临时Temp',1,NULL,0,'2014-01-22 05:16:24','N7646513','陈宁',0,44,2),(1689,NULL,'1993-10-08 00:00:00','513701199310088027',10100101,'20210512.00','2014-01-22 05:16:24',NULL,'2013-07-05 00:00:00',NULL,NULL,NULL,NULL,NULL,NULL,NULL,NULL,NULL,0,NULL,NULL,NULL,NULL,NULL,NULL,0,NULL,1,'0','2013-09-02 00:00:00',NULL,'Operator',0,'临时Temp',2,NULL,0,'2014-01-22 05:16:24','L4172948','吴丽萍',0,45,2),(1690,NULL,'1987-03-19 00:00:00','34240119870319541X',10100101,'20210512.00','2014-01-22 05:16:24',NULL,'2013-07-05 00:00:00',NULL,NULL,NULL,NULL,NULL,NULL,NULL,NULL,NULL,0,NULL,NULL,NULL,NULL,NULL,NULL,0,NULL,1,'0','2013-09-02 00:00:00',NULL,'Operator',0,'临时Temp',1,NULL,0,'2014-01-22 05:16:24','K9715150','张开松',0,45,2),(1691,NULL,'1988-08-26 00:00:00','321282198808263426',10100101,'20221201.00','2014-01-22 05:16:24',NULL,'2013-07-08 00:00:00',NULL,NULL,NULL,NULL,NULL,NULL,NULL,NULL,NULL,0,NULL,NULL,NULL,NULL,NULL,NULL,0,NULL,1,'0',NULL,NULL,'Customer Service Representative',0,'正式Permanent',2,NULL,0,'2014-01-22 05:16:24','Y1765915','侯亚凤',0,39,2),(1692,NULL,'1989-12-04 00:00:00','513721198912044495',10100101,'20210012.00','2014-01-22 05:16:24',NULL,'2013-07-08 00:00:00',NULL,NULL,NULL,NULL,NULL,NULL,NULL,NULL,NULL,0,NULL,NULL,NULL,NULL,NULL,NULL,0,NULL,1,'0',NULL,NULL,'Operator',0,'正式Permanent',1,NULL,0,'2014-01-22 05:16:24','S1981926','米双平',0,41,2),(1693,NULL,'1981-07-29 00:00:00','220202198107293028',10100101,'20231102.00','2014-01-22 05:16:24',NULL,'2013-07-08 00:00:00',NULL,NULL,NULL,NULL,NULL,NULL,NULL,NULL,NULL,0,NULL,NULL,NULL,NULL,NULL,NULL,0,NULL,1,'0',NULL,NULL,'Finance Analysis-Reporting&Consolidation',0,'正式Permanent',2,NULL,0,'2014-01-22 05:16:24','Y1403406','李雅玲',0,34,2),(1694,NULL,'1971-04-12 00:00:00','330722197104126236',10100101,'20210008.00','2014-01-22 05:16:24',NULL,'2013-07-12 00:00:00',NULL,NULL,NULL,NULL,NULL,NULL,NULL,NULL,NULL,0,NULL,NULL,NULL,NULL,NULL,NULL,0,NULL,1,'0',NULL,NULL,'EHS Manager, Asia',0,'正式Permanent',1,NULL,0,'2014-01-22 05:16:24','J2593292','朱劲松',0,52,2),(1695,NULL,'1984-10-12 00:00:00','513722198410121434',10100101,'20221405.00','2014-01-22 05:16:24',NULL,'2013-07-01 00:00:00',NULL,NULL,NULL,NULL,NULL,NULL,NULL,NULL,NULL,0,NULL,NULL,NULL,NULL,NULL,NULL,0,NULL,1,'0',NULL,NULL,'Junior Sales Engineer, Hardware Market,Chongqing',0,'正式Permanent',1,NULL,0,'2014-01-22 05:16:24','Y5406218','苗印',0,37,2),(1696,NULL,'1984-03-15 00:00:00','460036198403151830',10100101,'20221405.00','2014-01-22 05:16:24',NULL,'2013-07-01 00:00:00',NULL,NULL,NULL,NULL,NULL,NULL,NULL,NULL,NULL,0,NULL,NULL,NULL,NULL,NULL,NULL,0,NULL,1,'0',NULL,NULL,'Junior Sales Engineer, Hardware Market,Foshan',0,'正式Permanent',1,NULL,0,'2014-01-22 05:16:24','F8653909','邱锋',0,37,2),(1697,NULL,'1981-08-29 00:00:00','310104198108290821',10100101,'20233101.00','2014-01-22 05:16:24',NULL,'2013-07-15 00:00:00',NULL,NULL,NULL,NULL,NULL,NULL,NULL,NULL,NULL,0,NULL,NULL,NULL,NULL,NULL,NULL,0,NULL,1,'0',NULL,NULL,'Assistant HR Manager, TW&CPD Shanghai',0,'正式Permanent',2,NULL,0,'2014-01-22 05:16:24','J6123020','施佳蕾',0,51,2),(1698,NULL,'1976-12-16 00:00:00','513026197612163731',10100101,'20210115.00','2014-01-22 05:16:24',NULL,'2013-07-15 00:00:00',NULL,NULL,NULL,NULL,NULL,NULL,NULL,NULL,NULL,0,NULL,NULL,NULL,NULL,NULL,NULL,0,NULL,1,'0',NULL,NULL,'Operator',0,'临时Temp',1,NULL,0,'2014-01-22 05:16:24','J4627567','户军元',0,36,2),(1699,NULL,'1994-09-03 00:00:00','513722199409033394',10100101,'20210115.00','2014-01-22 05:16:24',NULL,'2013-07-15 00:00:00',NULL,NULL,NULL,NULL,NULL,NULL,NULL,NULL,NULL,0,NULL,NULL,NULL,NULL,NULL,NULL,0,NULL,1,'0','2013-09-02 00:00:00',NULL,'Operator',0,'临时Temp',1,NULL,0,'2014-01-22 05:16:24','W8924010','黎维',0,36,2),(1700,NULL,'1976-04-12 00:00:00','340304197604121033',10100101,'20210115.00','2014-01-22 05:16:24',NULL,'2013-07-15 00:00:00',NULL,NULL,NULL,NULL,NULL,NULL,NULL,NULL,NULL,0,NULL,NULL,NULL,NULL,NULL,NULL,0,NULL,1,'0',NULL,NULL,'Operator',0,'临时Temp',1,NULL,0,'2014-01-22 05:16:24','L4701427','金立春',0,36,2),(1701,NULL,'1987-02-16 00:00:00','51372219870216337X',10100101,'20210115.00','2014-01-22 05:16:24',NULL,'2013-07-15 00:00:00',NULL,NULL,NULL,NULL,NULL,NULL,NULL,NULL,NULL,0,NULL,NULL,NULL,NULL,NULL,NULL,0,NULL,1,'0',NULL,NULL,'Operator',0,'临时Temp',1,NULL,0,'2014-01-22 05:16:24','Y2412590','何永文',0,36,2),(1702,NULL,'1988-02-10 00:00:00','341126198802106216',10100101,'20210115.00','2014-01-22 05:16:24',NULL,'2013-07-15 00:00:00',NULL,NULL,NULL,NULL,NULL,NULL,NULL,NULL,NULL,0,NULL,NULL,NULL,NULL,NULL,NULL,0,NULL,1,'0',NULL,NULL,'Operator',0,'临时Temp',1,NULL,0,'2014-01-22 05:16:24','B0278557','胡彬',0,36,2),(1703,NULL,'1993-06-01 00:00:00','513722199306013737',10100101,'20210512.00','2014-01-22 05:16:24',NULL,'2013-07-15 00:00:00',NULL,NULL,NULL,NULL,NULL,NULL,NULL,NULL,NULL,0,NULL,NULL,NULL,NULL,NULL,NULL,0,NULL,1,'0','2013-09-12 00:00:00',NULL,'Operator',0,'临时Temp',1,NULL,0,'2014-01-22 05:16:24','Q5207998','马骑',0,45,2),(1704,NULL,'1990-05-16 00:00:00','410326199005160028',10100101,'20221420.00','2014-01-22 05:16:24',NULL,'2013-07-01 00:00:00',NULL,NULL,NULL,NULL,NULL,NULL,NULL,NULL,NULL,0,NULL,NULL,NULL,NULL,NULL,NULL,0,NULL,1,'0',NULL,NULL,'Commercial Operation Assistant, China',0,'正式Permanent',2,NULL,0,'2014-01-22 05:16:24','N2809958','卫娜',0,37,2),(1705,NULL,'1988-10-14 00:00:00','411421198810141655',10100101,'20221422.00','2014-01-22 05:16:24',NULL,'2013-07-01 00:00:00',NULL,NULL,NULL,NULL,NULL,NULL,NULL,NULL,NULL,0,NULL,NULL,NULL,NULL,NULL,NULL,0,NULL,1,'0',NULL,NULL,'Junior Sales Engineer, Industrial Market, Shanghai',0,'正式Permanent',1,NULL,0,'2014-01-22 05:16:24','G5751338','高国峰',0,37,2),(1706,NULL,'1990-10-20 00:00:00','330226199010206080',10100101,'20221414.00','2014-01-22 05:16:24',NULL,'2013-07-01 00:00:00',NULL,NULL,NULL,NULL,NULL,NULL,NULL,NULL,NULL,0,NULL,NULL,NULL,NULL,NULL,NULL,0,NULL,1,'0',NULL,NULL,'Product Engineer, SA China',0,'正式Permanent',2,NULL,0,'2014-01-22 05:16:24','P0852506','王盼盼',0,33,2),(1707,NULL,'1989-11-15 00:00:00','362321198911156232',10100101,'20221350.00','2014-01-22 05:16:24',NULL,'2013-07-01 00:00:00',NULL,NULL,NULL,NULL,NULL,NULL,NULL,NULL,NULL,0,NULL,NULL,NULL,NULL,NULL,NULL,0,NULL,1,'0',NULL,NULL,'Product Engineer, TW China',0,'正式Permanent',1,NULL,0,'2014-01-22 05:16:24','J1985402','黄剑',0,45,2),(1708,NULL,'1992-05-24 00:00:00','620503199205246016',10100101,'20210424.00','2014-01-22 05:16:24',NULL,'2013-07-22 00:00:00',NULL,NULL,NULL,NULL,NULL,NULL,NULL,NULL,NULL,0,NULL,NULL,NULL,NULL,NULL,NULL,0,NULL,1,'0',NULL,NULL,'Operator',0,'临时Temp',1,NULL,0,'2014-01-22 05:16:24','Q0468451','雷琪琪',0,44,2),(1709,NULL,'1981-05-08 00:00:00','412722198105085727',10100101,'20210512.00','2014-01-22 05:16:24',NULL,'2013-07-22 00:00:00',NULL,NULL,NULL,NULL,NULL,NULL,NULL,NULL,NULL,0,NULL,NULL,NULL,NULL,NULL,NULL,0,NULL,1,'0','2013-09-17 00:00:00',NULL,'Operator',0,'临时Temp',2,NULL,0,'2014-01-22 05:16:24','B1154037','王保建',0,45,2),(1710,NULL,'1983-02-23 00:00:00','340321198302235001',10100101,'20210512.00','2014-01-22 05:16:24',NULL,'2013-07-22 00:00:00',NULL,NULL,NULL,NULL,NULL,NULL,NULL,NULL,NULL,0,NULL,NULL,NULL,NULL,NULL,NULL,0,NULL,1,'0','2013-08-19 00:00:00',NULL,'Operator',0,'临时Temp',2,NULL,0,'2014-01-22 05:16:24','Y3357929','孙月梅',0,45,2),(1711,NULL,'1992-02-10 00:00:00','513701199202107294',10100101,'20210512.00','2014-01-22 05:16:24',NULL,'2013-07-22 00:00:00',NULL,NULL,NULL,NULL,NULL,NULL,NULL,NULL,NULL,0,NULL,NULL,NULL,NULL,NULL,NULL,0,NULL,1,'0','2013-09-17 00:00:00',NULL,'Operator',0,'临时Temp',1,NULL,0,'2014-01-22 05:16:24','C3587689','汪春林',0,45,2),(1712,NULL,'1987-12-07 00:00:00','320305198712071210',10100101,'20210512.00','2014-01-22 05:16:24',NULL,'2013-07-22 00:00:00',NULL,NULL,NULL,NULL,NULL,NULL,NULL,NULL,NULL,0,NULL,NULL,NULL,NULL,NULL,NULL,0,NULL,1,'0','2013-09-05 00:00:00',NULL,'Operator',0,'临时Temp',1,NULL,0,'2014-01-22 05:16:24','M6043912','夏猛猛',0,45,2),(1713,NULL,'1983-03-03 00:00:00','362101198303030058',10100101,'20221410.00','2014-01-22 05:16:24',NULL,'2013-07-29 00:00:00',NULL,NULL,NULL,NULL,NULL,NULL,NULL,NULL,NULL,0,NULL,NULL,NULL,NULL,NULL,NULL,0,NULL,1,'0',NULL,NULL,'Sales Supervisor, Automotive After Market, S China',0,'正式Permanent',1,NULL,0,'2014-01-22 05:16:24','J9410271','李吉鹏',0,37,2),(1714,NULL,'1988-11-11 00:00:00','342221198811111054',10100101,'20210531.00','2014-01-22 05:16:24',NULL,'2013-07-29 00:00:00',NULL,NULL,NULL,NULL,NULL,NULL,NULL,NULL,NULL,0,NULL,NULL,NULL,NULL,NULL,NULL,0,NULL,1,'0',NULL,NULL,'Process Technician, TW Shanghai',0,'正式Permanent',1,NULL,0,'2014-01-22 05:16:24','Y7229506','陈印',0,45,2),(1715,NULL,'1977-03-25 00:00:00','310104197703250424',10100101,'20235102.00','2014-01-22 05:16:24',NULL,'2013-08-05 00:00:00',NULL,NULL,NULL,NULL,NULL,NULL,NULL,NULL,NULL,0,NULL,NULL,NULL,NULL,NULL,NULL,0,NULL,1,'0',NULL,NULL,'Sourcing Engineer, China',0,'正式Permanent',2,NULL,0,'2014-01-22 05:16:24','Q3679527','曹勤',0,50,2),(1716,NULL,'1983-11-02 00:00:00','230206198311020913',10100101,'20234101.00','2014-01-22 05:16:24',NULL,'2013-08-08 00:00:00',NULL,NULL,NULL,NULL,NULL,NULL,NULL,NULL,NULL,0,NULL,NULL,NULL,NULL,NULL,NULL,0,NULL,1,'0',NULL,NULL,'Financial Analyst, N&SE Asia',0,'正式Permanent',1,NULL,0,'2014-01-22 05:16:24','Y9997803','刘屹洲',0,34,2),(1717,NULL,'1979-09-04 00:00:00','340111197909041555',10100101,'20210172.00','2014-01-22 05:16:24',NULL,'2013-08-09 00:00:00',NULL,NULL,NULL,NULL,NULL,NULL,NULL,NULL,NULL,0,NULL,NULL,NULL,NULL,NULL,NULL,0,NULL,1,'0',NULL,NULL,'Process Engineer, BA Shanghai',0,'正式Permanent',1,NULL,0,'2014-01-22 05:16:24','X4393720','储新',0,36,2),(1718,NULL,'1982-02-18 00:00:00','360403198202181823',10100101,'20221201.00','2014-01-22 05:16:24',NULL,'2013-08-12 00:00:00',NULL,NULL,NULL,NULL,NULL,NULL,NULL,NULL,NULL,0,NULL,NULL,NULL,NULL,NULL,NULL,0,NULL,1,'0',NULL,NULL,'Customer Service Representative',0,'正式Permanent',2,NULL,0,'2014-01-22 05:16:24','Q6999115','程群',0,39,2),(1719,NULL,'1982-09-12 00:00:00','441801198209122033',10100101,'20221405.00','2014-01-22 05:16:24',NULL,'2013-08-19 00:00:00',NULL,NULL,NULL,NULL,NULL,NULL,NULL,NULL,NULL,0,NULL,NULL,NULL,NULL,NULL,NULL,0,NULL,1,'0','2013-09-30 00:00:00',NULL,'Sales Engineer, Hardware Market, S China',0,'正式Permanent',1,NULL,0,'2014-01-22 05:16:24','S6924169','邓少田',0,37,2),(1720,NULL,'1976-02-14 00:00:00','51302719760214711X',10100101,'20210603.00','2014-01-22 05:16:24',NULL,'2013-09-02 00:00:00',NULL,NULL,NULL,NULL,NULL,NULL,NULL,NULL,NULL,0,NULL,NULL,NULL,NULL,NULL,NULL,0,NULL,1,'0',NULL,NULL,'Operator',0,'正式Permanent',1,NULL,0,'2014-01-22 05:16:24','Z4295798','吴宗智',0,33,2),(1721,NULL,'1994-03-28 00:00:00','31022619940328051X',10100101,'20210603.00','2014-01-22 05:16:24',NULL,'2013-09-02 00:00:00',NULL,NULL,NULL,NULL,NULL,NULL,NULL,NULL,NULL,0,NULL,NULL,NULL,NULL,NULL,NULL,0,NULL,1,'0',NULL,NULL,'Operator',0,'正式Permanent',1,NULL,0,'2014-01-22 05:16:24','L1937889','顾力臣',0,33,2),(1722,NULL,'1987-09-06 00:00:00','37132719870906355X',10100101,'20210525.00','2014-01-22 05:16:24',NULL,'2013-09-02 00:00:00',NULL,NULL,NULL,NULL,NULL,NULL,NULL,NULL,NULL,0,NULL,NULL,NULL,NULL,NULL,NULL,0,NULL,1,'0',NULL,NULL,'Quality Technician, TW Shanghai',0,'临时Temp',1,NULL,0,'2014-01-22 05:16:24','J8185148','解际山',0,45,2),(1723,NULL,'1983-03-03 00:00:00','412725198303033839',10100101,'20221404.00','2014-01-22 05:16:24',NULL,'2013-09-01 00:00:00',NULL,NULL,NULL,NULL,NULL,NULL,NULL,NULL,NULL,0,NULL,NULL,NULL,NULL,NULL,NULL,0,NULL,1,'0',NULL,NULL,'Sales Super., National Distribution Products,CHN',0,'正式Permanent',1,NULL,0,'2014-01-22 05:16:24','L5845897','潘留伟',0,37,2),(1724,NULL,'1982-07-07 00:00:00','32090219820707801X',10100101,'20210012.00','2014-01-22 05:16:24',NULL,'2013-09-03 00:00:00',NULL,NULL,NULL,NULL,NULL,NULL,NULL,NULL,NULL,0,NULL,NULL,NULL,NULL,NULL,NULL,0,NULL,1,'0',NULL,NULL,'Deputy Maintenance Manager, TW&CPD Shanghai',0,'正式Permanent',1,NULL,0,'2014-01-22 05:16:24','X7828246','郑信',0,41,2),(1725,NULL,'1987-07-30 00:00:00','372901198707305017',10100101,'20210012.00','2014-01-22 05:16:24',NULL,'2013-09-09 00:00:00',NULL,NULL,NULL,NULL,NULL,NULL,NULL,NULL,NULL,0,NULL,NULL,NULL,NULL,NULL,NULL,0,NULL,1,'0',NULL,NULL,'Operator',0,'正式Permanent',1,NULL,0,'2014-01-22 05:16:24','L3787861','石林',0,41,2),(1726,NULL,'1973-08-10 00:00:00','370223197308102419',10100101,'20221310.00','2014-01-22 05:16:24',NULL,'2013-09-01 00:00:00',NULL,NULL,NULL,NULL,NULL,NULL,NULL,NULL,NULL,0,NULL,NULL,NULL,NULL,NULL,NULL,0,NULL,1,'0',NULL,NULL,'Director of Product Management, BA Asia',0,'正式Permanent',1,NULL,0,'2014-01-22 05:16:24','L1274476','王连祥',0,36,2),(1727,NULL,'1972-07-24 00:00:00','210902197207240021',10100101,'20234109.00','2014-01-22 05:16:24',NULL,'2013-09-01 00:00:00',NULL,NULL,NULL,NULL,NULL,NULL,NULL,NULL,NULL,0,NULL,NULL,NULL,NULL,NULL,NULL,0,NULL,1,'0','2013-11-28 00:00:00',NULL,'General Manager,CA China',0,'正式Permanent',2,NULL,0,'2014-01-22 05:16:24','J8671478','黄瑾若',0,56,2),(1728,NULL,'1994-01-29 00:00:00','310226199401290511',10100101,'20210694.00','2014-01-22 05:16:24',NULL,'2013-09-13 00:00:00',NULL,NULL,NULL,NULL,NULL,NULL,NULL,NULL,NULL,0,NULL,NULL,NULL,NULL,NULL,NULL,0,NULL,1,'0',NULL,NULL,'Operator',0,'正式Permanent',1,NULL,0,'2014-01-22 05:16:24','L1072069','叶罗磊',0,33,2),(1729,NULL,'1988-11-02 00:00:00','342422198811022585',10100101,'20210607.00','2014-01-22 05:16:24',NULL,'2013-09-13 00:00:00',NULL,NULL,NULL,NULL,NULL,NULL,NULL,NULL,NULL,0,NULL,NULL,NULL,NULL,NULL,NULL,0,NULL,1,'0',NULL,NULL,'Operator',0,'正式Permanent',2,NULL,0,'2014-01-22 05:16:24','J3177775','李娟',0,33,2),(1730,NULL,'1988-02-06 00:00:00','310108198802061012',10100101,'20210172.00','2014-01-22 05:16:24',NULL,'2013-10-08 00:00:00',NULL,NULL,NULL,NULL,NULL,NULL,NULL,NULL,NULL,0,NULL,NULL,NULL,NULL,NULL,NULL,0,NULL,1,'0','2013-11-21 00:00:00',NULL,'Process Engineer, BA Shanghai',0,'正式Permanent',1,NULL,0,'2014-01-22 05:16:24','J0740229','何嘉斌',0,36,2),(1731,NULL,'1988-08-06 00:00:00','310112198808065641',10100101,'20221201.00','2014-01-22 05:16:24',NULL,'2013-10-08 00:00:00',NULL,NULL,NULL,NULL,NULL,NULL,NULL,NULL,NULL,0,NULL,NULL,NULL,NULL,NULL,NULL,0,NULL,1,'0','2013-11-22 00:00:00',NULL,'Customer Service Representative',0,'正式Permanent',2,NULL,0,'2014-01-22 05:16:24','X1541964','朱晓霞',0,39,2),(1732,NULL,'1977-12-04 00:00:00','310225197712040231',10100101,'20210170.00','2014-01-22 05:16:24',NULL,'2013-10-21 00:00:00',NULL,NULL,NULL,NULL,NULL,NULL,NULL,NULL,NULL,0,NULL,NULL,NULL,NULL,NULL,NULL,0,NULL,1,'0',NULL,NULL,'Production Manager, BA Shanghai',0,'正式Permanent',1,NULL,0,'2014-01-22 05:16:24','J1874896','黄剑',0,36,2),(1733,NULL,'1978-01-08 00:00:00','32038119780108703X',10100101,'20210115.00','2014-01-22 05:16:24',NULL,'2013-11-11 00:00:00',NULL,NULL,NULL,NULL,NULL,NULL,NULL,NULL,NULL,0,NULL,NULL,NULL,NULL,NULL,NULL,0,NULL,1,'0',NULL,NULL,'Operator',0,'临时Temp',1,NULL,0,'2014-01-22 05:16:24','J8888556','李金磊',0,36,2),(1734,NULL,'1978-02-13 00:00:00','210103197802133311',10100101,'20221405.00','2014-01-22 05:16:24',NULL,'2013-11-18 00:00:00',NULL,NULL,NULL,NULL,NULL,NULL,NULL,NULL,NULL,0,NULL,NULL,NULL,NULL,NULL,NULL,0,NULL,1,'0',NULL,NULL,'Sales Engineer, Hardware Market, NE China',0,'正式Permanent',1,NULL,0,'2014-01-22 05:16:24','Y6947732','高赟',0,37,2),(1735,NULL,'1982-05-16 00:00:00','411325198205161412',10100101,'20235101.00','2014-01-22 05:16:24',NULL,'2013-11-18 00:00:00',NULL,NULL,NULL,NULL,NULL,NULL,NULL,NULL,NULL,0,NULL,NULL,NULL,NULL,NULL,NULL,0,NULL,1,'0',NULL,NULL,'Purchasing Engineer, China',0,'正式Permanent',1,NULL,0,'2014-01-22 05:16:24','G8856422','杨广业',0,50,2),(1736,NULL,'1977-05-11 00:00:00','',10100101,'20210007.00','2014-01-22 05:16:24',NULL,'2013-11-01 00:00:00',NULL,NULL,NULL,NULL,NULL,NULL,NULL,NULL,NULL,0,NULL,NULL,NULL,NULL,NULL,NULL,0,NULL,1,'0',NULL,NULL,'General Manager, CA Asia&TW/CPD China',0,'正式Permanent',1,NULL,0,'2014-01-22 05:16:24','F4497113','郭云峰',0,41,2),(1737,NULL,'1989-07-09 00:00:00','320821198907092908',10100101,'20210008.00','2014-01-22 05:16:24',NULL,'2013-12-02 00:00:00',NULL,NULL,NULL,NULL,NULL,NULL,NULL,NULL,NULL,0,NULL,NULL,NULL,NULL,NULL,NULL,0,NULL,1,'0',NULL,NULL,'EHS Engineer, Shanghai',0,'正式Permanent',2,NULL,0,'2014-01-22 05:16:24','H3185167','丁慧敏',0,52,2),(1738,NULL,'1983-07-19 00:00:00','513722198307193587',10100101,'20210115.00','2014-01-22 05:16:24',NULL,'2013-12-04 00:00:00',NULL,NULL,NULL,NULL,NULL,NULL,NULL,NULL,NULL,0,NULL,NULL,NULL,NULL,NULL,NULL,0,NULL,1,'0',NULL,NULL,'Operator',0,'临时Temp',2,NULL,0,'2014-01-22 05:16:24','R7756597','吴荣华',0,36,2),(1739,NULL,'1987-01-16 00:00:00','310230198701160663',10100101,'20221201.00','2014-01-22 05:16:24',NULL,'2013-12-09 00:00:00',NULL,NULL,NULL,NULL,NULL,NULL,NULL,NULL,NULL,0,NULL,NULL,NULL,NULL,NULL,NULL,0,NULL,1,'0',NULL,NULL,'Customer Service Representative',0,'正式Permanent',2,NULL,0,'2014-01-22 05:16:24','J5331063','黄佳嫔',0,39,2),(1740,NULL,'1968-11-07 00:00:00','310226196811070518',10100101,'20210168.00','2014-01-22 05:16:24',NULL,'2013-12-30 00:00:00',NULL,NULL,NULL,NULL,NULL,NULL,NULL,NULL,NULL,0,NULL,NULL,NULL,NULL,NULL,NULL,0,NULL,1,'0',NULL,NULL,'Supply Chain Manager, BA Shanghai',0,'正式Permanent',1,NULL,0,'2014-01-22 05:16:24','D9628736','卫大殿',0,36,2);

/*Table structure for table `customer_info` */

DROP TABLE IF EXISTS `customer_info`;

CREATE TABLE `customer_info` (
  `CUSTOMER_ID` int(10) NOT NULL COMMENT '客户编号',
  `AFTER_WORK_TIME` datetime DEFAULT NULL COMMENT '下班时间设定',
  `CERTIFICATE_NO` tinyint(4) DEFAULT '0' COMMENT '证件号码',
  `CERTIFICATE_TYPE` tinyint(4) NOT NULL DEFAULT '1' COMMENT '1 身份证 2 护照 3 驾驶证 4 其他',
  `CREATE_TIME` datetime DEFAULT NULL COMMENT '创建时间',
  `CUSTOMER_ADDR` varchar(80) NOT NULL DEFAULT '0' COMMENT '客户地址',
  `CUSTOMER_CONTACT` varchar(80) NOT NULL DEFAULT '0' COMMENT '客户联系方式',
  `CUSTOMER_EN_NAME` varchar(150) DEFAULT NULL COMMENT '客户英文名称',
  `CUSTOMER_LOGO` varchar(150) DEFAULT NULL COMMENT '企业LOGO',
  `CUSTOMER_NAME` varchar(40) NOT NULL COMMENT '客户名称',
  `CUSTOMER_STATUS` tinyint(4) NOT NULL DEFAULT '0' COMMENT '客户状态 0 新建 1 合作有效2 合作无效',
  `CUSTOMER_TYPE` tinyint(4) NOT NULL DEFAULT '0' COMMENT '客户类型 类型为   0企业  ,    1 学校，学校的学生采用家长联系方式；企业的员工， 家人联系方式',
  `CUSTOMER_WEBSITE` varchar(80) DEFAULT NULL COMMENT '企业官网',
  `ENTERPRISE_SCALE` tinyint(4) NOT NULL DEFAULT '0' COMMENT '1 > 10 人以下  2 > 50 人以下 3 > 100 以下 4 > 500 人以下 5 > 1000 人以下 6 > 5000 人以下  7 > 10000 人以下   8 > 50000 人以下 9 > 100000 人以下10 > 更多',
  `EXT1` varchar(200) DEFAULT NULL COMMENT '备注1',
  `EXT2` varchar(200) DEFAULT NULL COMMENT '备注2',
  `EXT3` varchar(200) DEFAULT NULL COMMENT '备注3',
  `EXT4` varchar(200) DEFAULT NULL COMMENT '备注4',
  `GOTO_WORK_TIME` datetime DEFAULT NULL COMMENT '上班时间设定',
  `IS_PER_OR_COMP` tinyint(4) NOT NULL DEFAULT '0' COMMENT '企业还是个人 0 企业，1 个人',
  `LEGAL_PERSON` varchar(30) DEFAULT NULL COMMENT '企业法人',
  `OP_USER_ID` varchar(36) DEFAULT NULL COMMENT '创建人',
  `OTHER_CONTACT` varchar(50) DEFAULT NULL COMMENT '其他联系方式',
  `POST_CODE` varchar(10) NOT NULL DEFAULT '0' COMMENT '邮编',
  `REPRE_USER` varchar(30) DEFAULT NULL COMMENT '企业代表',
  `REPRE_USER_CONTACT` varchar(50) DEFAULT NULL COMMENT '代表联系方式',
  `UPDATE_TIME` datetime DEFAULT NULL COMMENT '修改时间',
  PRIMARY KEY (`CUSTOMER_ID`)
) ENGINE=InnoDB DEFAULT CHARSET=utf8;

/*Data for the table `customer_info` */

insert  into `customer_info`(`CUSTOMER_ID`,`AFTER_WORK_TIME`,`CERTIFICATE_NO`,`CERTIFICATE_TYPE`,`CREATE_TIME`,`CUSTOMER_ADDR`,`CUSTOMER_CONTACT`,`CUSTOMER_EN_NAME`,`CUSTOMER_LOGO`,`CUSTOMER_NAME`,`CUSTOMER_STATUS`,`CUSTOMER_TYPE`,`CUSTOMER_WEBSITE`,`ENTERPRISE_SCALE`,`EXT1`,`EXT2`,`EXT3`,`EXT4`,`GOTO_WORK_TIME`,`IS_PER_OR_COMP`,`LEGAL_PERSON`,`OP_USER_ID`,`OTHER_CONTACT`,`POST_CODE`,`REPRE_USER`,`REPRE_USER_CONTACT`,`UPDATE_TIME`) values (2,NULL,NULL,1,'2014-02-08 19:08:38','sss','sss','sgb',NULL,'圣戈班',0,0,'222',1,'dffffff',NULL,NULL,NULL,NULL,0,'222',NULL,NULL,'22222',NULL,NULL,'2014-02-08 19:08:38'),(3,NULL,NULL,1,'2014-02-08 03:41:43','非法','独代',NULL,NULL,'GE',0,0,'独代',1,'ddddd',NULL,NULL,NULL,NULL,0,'独代',NULL,NULL,'独代',NULL,NULL,'2014-02-08 03:41:43'),(4,NULL,NULL,1,'2015-09-24 15:13:15','eee','ee','eee',NULL,'eeeeee',2,0,'ee',1,'ssssssss',NULL,NULL,NULL,NULL,0,'ee',NULL,NULL,'ee',NULL,NULL,'2015-09-24 15:13:15'),(5,NULL,NULL,1,'2014-02-09 01:52:43','ycy','50331900',NULL,NULL,'yaozhong',0,0,'ycis',1,NULL,NULL,NULL,NULL,NULL,0,'huhu',NULL,NULL,'210012',NULL,NULL,'2014-02-09 01:52:43'),(6,NULL,NULL,1,'2014-01-28 15:00:56','学校','学校','学校',NULL,'学校',0,1,NULL,1,NULL,NULL,NULL,NULL,NULL,0,NULL,NULL,NULL,'学校',NULL,NULL,'2014-01-28 15:00:56'),(7,NULL,NULL,1,'2014-02-08 19:08:52','SGBSGB','SGBSGBSGB','SGB',NULL,'SGB',0,0,NULL,1,'eeeeeeeee',NULL,NULL,NULL,NULL,0,NULL,NULL,NULL,'444444',NULL,NULL,'2014-02-08 19:08:52');

/*Table structure for table `drug_in_record` */

DROP TABLE IF EXISTS `drug_in_record`;

CREATE TABLE `drug_in_record` (
  `ID` int(10) NOT NULL AUTO_INCREMENT COMMENT '序号',
  `CONTACT` varchar(100) DEFAULT NULL COMMENT '生产厂商联系地址',
  `CREATE_TIME` datetime DEFAULT NULL COMMENT '创建时间',
  `DRUG_LOT_NO` varchar(20) NOT NULL COMMENT '批次',
  `EXPIRE_TIME` datetime DEFAULT NULL COMMENT '过期时间',
  `EXT1` varchar(200) DEFAULT NULL COMMENT '备注1',
  `NUM` int(11) DEFAULT '0' COMMENT '数量',
  `OP_ORDER` varchar(20) NOT NULL COMMENT '操作流水号',
  `OP_TYPE` tinyint(4) DEFAULT '0' COMMENT '操作类 10 入库20 消耗30 盘点40 出库型',
  `PRICE` decimal(8,2) DEFAULT '0.00' COMMENT '单价',
  `PRODUCE_COMP` varchar(500) DEFAULT NULL COMMENT '生产厂商',
  `PRODUCE_TIME` datetime DEFAULT NULL COMMENT '生产时间',
  `STATUS` tinyint(4) DEFAULT '0' COMMENT '状态',
  `UNIT` varchar(10) DEFAULT NULL COMMENT '单位',
  `UPDATE_TIME` datetime DEFAULT NULL COMMENT '修改时间',
  `SPEC_ID` int(10) NOT NULL COMMENT '规格编号',
  `OP_USER_ID` varchar(36) DEFAULT NULL COMMENT '用户编号',
  `CUSTOMER_ID` int(10) DEFAULT NULL COMMENT '客户编号',
  `BATCH_PRICE` decimal(8,2) DEFAULT '0.00' COMMENT '批发单价',
  PRIMARY KEY (`ID`),
  KEY `FK_fp9omd6lubl1gtbkse71ucwvj` (`SPEC_ID`),
  KEY `FK_llyj7bb8l7u6qwrun4dpydnl6` (`OP_USER_ID`),
  KEY `FK_eu1bhpf8fvxhpghttovga7tv9` (`CUSTOMER_ID`),
  CONSTRAINT `FK_eu1bhpf8fvxhpghttovga7tv9` FOREIGN KEY (`CUSTOMER_ID`) REFERENCES `customer_info` (`CUSTOMER_ID`),
  CONSTRAINT `FK_fp9omd6lubl1gtbkse71ucwvj` FOREIGN KEY (`SPEC_ID`) REFERENCES `drug_spec_info` (`SPEC_ID`),
  CONSTRAINT `FK_llyj7bb8l7u6qwrun4dpydnl6` FOREIGN KEY (`OP_USER_ID`) REFERENCES `syuser` (`ID`)
) ENGINE=InnoDB AUTO_INCREMENT=531 DEFAULT CHARSET=utf8;

/*Data for the table `drug_in_record` */

insert  into `drug_in_record`(`ID`,`CONTACT`,`CREATE_TIME`,`DRUG_LOT_NO`,`EXPIRE_TIME`,`EXT1`,`NUM`,`OP_ORDER`,`OP_TYPE`,`PRICE`,`PRODUCE_COMP`,`PRODUCE_TIME`,`STATUS`,`UNIT`,`UPDATE_TIME`,`SPEC_ID`,`OP_USER_ID`,`CUSTOMER_ID`,`BATCH_PRICE`) values (427,NULL,'2014-02-09 07:33:09','1','2014-02-10 00:00:00',NULL,1,'201402090000000422',10,'1.00',NULL,'2014-02-09 00:00:00',0,'瓶','2014-02-09 07:33:09',6,'0',3,'0.00'),(430,NULL,'2014-02-09 07:33:11','1','2014-02-10 00:00:00',NULL,1,'201402090000000428',10,'1.00',NULL,'2014-02-09 00:00:00',0,'瓶','2014-02-09 07:33:11',6,'0',3,'0.00'),(433,NULL,'2014-02-09 07:33:18','2','2014-02-10 00:00:00',NULL,1,'201402090000000431',10,'1.00',NULL,'2014-02-09 00:00:00',0,'瓶','2014-02-09 07:33:18',6,'0',3,'0.00'),(436,NULL,'2014-02-09 07:33:20','2','2014-02-10 00:00:00',NULL,1,'201402090000000434',10,'1.00',NULL,'2014-02-09 00:00:00',0,'瓶','2014-02-09 07:33:20',6,'0',3,'0.00'),(439,NULL,'2014-02-09 07:33:22','2','2014-02-10 00:00:00',NULL,1,'201402090000000437',10,'1.00',NULL,'2014-02-09 00:00:00',0,'瓶','2014-02-09 07:33:22',6,'0',3,'0.00'),(457,NULL,'2014-02-09 07:58:57','1','2014-02-10 00:00:00',NULL,1,'201402090000000440',10,'1.00',NULL,'2014-02-09 00:00:00',0,'瓶','2014-02-09 07:58:57',6,'0',3,'0.00'),(463,NULL,'2014-02-09 08:35:39','2',NULL,NULL,1,'201402090000000458',50,'0.00',NULL,NULL,0,'瓶','2014-02-09 08:35:39',6,'0',3,'0.00'),(466,NULL,'2014-02-09 08:35:53','2',NULL,NULL,1,'201402090000000464',50,'0.00',NULL,NULL,0,'瓶','2014-02-09 08:35:53',6,'0',3,'0.00'),(469,NULL,'2014-02-09 08:36:03','2',NULL,NULL,1,'201402090000000467',50,'0.00',NULL,NULL,0,'瓶','2014-02-09 08:36:03',6,'0',3,'0.00'),(472,NULL,'2014-02-09 08:37:31','2',NULL,NULL,1,'201402090000000470',50,'0.00',NULL,NULL,0,'瓶','2014-02-09 08:37:31',6,'0',3,'0.00'),(475,NULL,'2014-02-09 08:37:43','2',NULL,NULL,0,'201402090000000473',50,'0.00',NULL,NULL,0,'瓶','2014-02-09 08:37:43',6,'0',3,'0.00'),(478,NULL,'2014-02-09 08:45:25','2',NULL,NULL,1,'201402090000000476',50,'0.00',NULL,NULL,0,'瓶','2014-02-09 08:45:25',6,'0',3,'0.00'),(484,NULL,'2014-02-09 08:49:44','2',NULL,NULL,0,'201402090000000479',50,'0.00',NULL,NULL,0,'瓶','2014-02-09 08:49:44',6,'0',3,'0.00'),(487,NULL,'2014-02-09 08:50:58','2',NULL,NULL,1,'201402090000000485',50,'0.00',NULL,NULL,0,'瓶','2014-02-09 08:50:58',6,'0',3,'0.00'),(493,NULL,'2014-02-09 09:55:28','1','2014-02-24 00:00:00',NULL,10,'201402090000000488',10,'1.00',NULL,'2014-02-09 00:00:00',0,'盒','2014-02-09 09:55:28',8,'0',2,'0.00'),(496,NULL,'2014-02-09 09:55:32','1','2014-02-24 00:00:00',NULL,10,'201402090000000494',10,'1.00',NULL,'2014-02-09 00:00:00',0,'盒','2014-02-09 09:55:32',8,'0',2,'0.00'),(499,NULL,'2014-02-09 09:55:43','1',NULL,NULL,20,'201402090000000497',50,'0.00',NULL,NULL,0,'盒','2014-02-09 09:55:43',8,'0',2,'0.00'),(502,NULL,'2014-02-09 10:14:12','1','2014-02-25 00:00:00',NULL,1,'201402090000000500',10,'1.00',NULL,'2014-02-09 00:00:00',0,'盒','2014-02-09 10:14:12',8,'0',2,'0.00'),(505,NULL,'2014-02-09 10:17:22','1','2014-02-25 00:00:00',NULL,1,'201402090000000503',10,'1.00',NULL,'2014-02-09 00:00:00',0,'盒','2014-02-09 10:17:22',8,'0',2,'0.00'),(508,NULL,'2014-02-09 10:20:08','1','2014-02-25 00:00:00',NULL,1,'201402090000000506',10,'1.00',NULL,'2014-02-09 00:00:00',0,'盒','2014-02-09 10:20:08',8,'0',2,'0.00'),(521,NULL,'2014-02-12 11:19:03','1','2014-02-20 00:00:00',NULL,10,'201402120000000509',10,'10.60',NULL,'2014-02-01 00:00:00',0,'瓶','2014-02-12 11:19:03',9,'e9cea2d9-3aca-45a7-93c4-267ebd606a68',2,'0.00'),(530,NULL,'2014-02-12 12:39:50','1','2014-02-12 00:00:00',NULL,1,'201402120000000522',10,'1.00',NULL,NULL,0,'盒','2014-02-12 12:39:50',8,'e9cea2d9-3aca-45a7-93c4-267ebd606a68',2,'0.00');

/*Table structure for table `drug_in_record_log` */

DROP TABLE IF EXISTS `drug_in_record_log`;

CREATE TABLE `drug_in_record_log` (
  `ID` int(10) NOT NULL AUTO_INCREMENT COMMENT '序号',
  `CREATE_TIME` datetime DEFAULT NULL COMMENT '创建时间',
  `DRUG_LOT_NO` varchar(20) NOT NULL COMMENT '批次',
  `EXT1` varchar(200) DEFAULT NULL COMMENT '备注1',
  `NUM` int(11) DEFAULT '0' COMMENT '数量',
  `OP_ORDER` varchar(20) NOT NULL COMMENT '操作流水号',
  `OP_TYPE` tinyint(4) DEFAULT '0' COMMENT '操作类 10 入库20 消耗30 盘点40 出库型',
  `PRICE` decimal(8,2) DEFAULT '0.00' COMMENT '单价',
  `REASON` varchar(200) DEFAULT NULL COMMENT '原因',
  `STATUS` tinyint(4) DEFAULT '0' COMMENT '状态',
  `UNIT` varchar(10) DEFAULT NULL COMMENT '单位',
  `SPEC_ID` int(10) NOT NULL COMMENT '规格编号',
  `CUSTOMER_ID` int(10) DEFAULT NULL COMMENT '客户编号',
  PRIMARY KEY (`ID`),
  KEY `FK_43rwmpb2joisckwfpnh48o0av` (`SPEC_ID`),
  KEY `FK_29kdx9356m8tkvyrcfqv31yid` (`CUSTOMER_ID`),
  CONSTRAINT `FK_29kdx9356m8tkvyrcfqv31yid` FOREIGN KEY (`CUSTOMER_ID`) REFERENCES `customer_info` (`CUSTOMER_ID`),
  CONSTRAINT `FK_43rwmpb2joisckwfpnh48o0av` FOREIGN KEY (`SPEC_ID`) REFERENCES `drug_spec_info` (`SPEC_ID`)
) ENGINE=InnoDB AUTO_INCREMENT=533 DEFAULT CHARSET=utf8;

/*Data for the table `drug_in_record_log` */

insert  into `drug_in_record_log`(`ID`,`CREATE_TIME`,`DRUG_LOT_NO`,`EXT1`,`NUM`,`OP_ORDER`,`OP_TYPE`,`PRICE`,`REASON`,`STATUS`,`UNIT`,`SPEC_ID`,`CUSTOMER_ID`) values (428,'2014-02-09 07:33:09','1',NULL,1,'',50,'0.00','修改药品[21]的库存为[1]',0,NULL,6,NULL),(429,'2014-02-09 07:33:09','1',NULL,1,'201402090000000422',10,'1.00','药品[21,null]增加了[1],库存量[1]',0,'瓶',6,NULL),(431,'2014-02-09 07:33:11','1',NULL,2,'',52,'0.00','修改药品[21]的库存为[2]',0,NULL,6,NULL),(432,'2014-02-09 07:33:11','1',NULL,1,'201402090000000428',10,'1.00','药品[21,半夏糖浆]增加了[1],库存量[2]',0,'瓶',6,NULL),(434,'2014-02-09 07:33:18','2',NULL,1,'',50,'0.00','修改药品[21]的库存为[1]',0,NULL,6,NULL),(435,'2014-02-09 07:33:18','2',NULL,1,'201402090000000431',10,'1.00','药品[21,null]增加了[1],库存量[1]',0,'瓶',6,NULL),(437,'2014-02-09 07:33:20','2',NULL,2,'',52,'0.00','修改药品[21]的库存为[2]',0,NULL,6,NULL),(438,'2014-02-09 07:33:20','2',NULL,1,'201402090000000434',10,'1.00','药品[21,半夏糖浆]增加了[1],库存量[2]',0,'瓶',6,NULL),(440,'2014-02-09 07:33:22','2',NULL,3,'',52,'0.00','修改药品[21]的库存为[3]',0,NULL,6,NULL),(441,'2014-02-09 07:33:22','2',NULL,1,'201402090000000437',10,'1.00','药品[21,半夏糖浆]增加了[1],库存量[3]',0,'瓶',6,NULL),(458,'2014-02-09 07:58:57','1',NULL,1,'',52,'0.00','修改药品[21]的库存为[1]',0,NULL,6,NULL),(459,'2014-02-09 07:58:57','1',NULL,1,'201402090000000440',10,'1.00','药品[21,半夏糖浆]增加了[1],库存量[1]',0,'瓶',6,NULL),(464,'2014-02-09 08:35:39','2',NULL,1,'201402090000000458',50,'0.00','如果是盘点。 则整理库存的盘点数量',0,NULL,6,NULL),(467,'2014-02-09 08:35:53','2',NULL,1,'201402090000000464',50,'0.00','如果是盘点。 则整理库存的盘点数量',0,NULL,6,NULL),(470,'2014-02-09 08:36:03','2',NULL,1,'201402090000000467',50,'0.00','如果是盘点。 则整理库存的盘点数量',0,NULL,6,NULL),(473,'2014-02-09 08:37:31','2',NULL,1,'201402090000000470',50,'0.00','如果是盘点。 则整理库存的盘点数量',0,NULL,6,NULL),(476,'2014-02-09 08:37:43','2',NULL,0,'201402090000000473',50,'0.00','如果是盘点。 则整理库存的盘点数量',0,NULL,6,NULL),(479,'2014-02-09 08:45:25','2',NULL,0,'',52,'0.00','修改药品[21]的库存为[0]',0,NULL,6,NULL),(480,'2014-02-09 08:45:25','2',NULL,1,'201402090000000476',50,'0.00','如果是盘点。 则整理库存的盘点数量',0,NULL,6,NULL),(485,'2014-02-09 08:49:44','2',NULL,1,'',52,'0.00','修改药品[21]的库存为[1]',0,NULL,6,NULL),(486,'2014-02-09 08:49:44','2',NULL,0,'201402090000000479',50,'0.00','如果是盘点。 则整理库存的盘点数量',0,NULL,6,NULL),(488,'2014-02-09 08:50:58','2',NULL,1,'',52,'0.00','修改药品[21]的库存为[1]',0,NULL,6,NULL),(489,'2014-02-09 08:50:58','2',NULL,1,'201402090000000485',50,'0.00','如果是盘点。 则整理库存的盘点数量',0,NULL,6,NULL),(494,'2014-02-09 09:55:28','1',NULL,10,'',50,'0.00','修改药品[23]的库存为[10]',0,NULL,8,NULL),(495,'2014-02-09 09:55:28','1',NULL,10,'201402090000000488',10,'1.00','药品[23,null]增加了[10],库存量[10]',0,'盒',8,NULL),(497,'2014-02-09 09:55:32','1',NULL,20,'',52,'0.00','修改药品[23]的库存为[20]',0,NULL,8,NULL),(498,'2014-02-09 09:55:32','1',NULL,10,'201402090000000494',10,'1.00','药品[23,半夏]增加了[10],库存量[20]',0,'盒',8,NULL),(500,'2014-02-09 09:55:43','1',NULL,0,'',52,'0.00','修改药品[23]的库存为[0]',0,NULL,8,NULL),(501,'2014-02-09 09:55:43','1',NULL,20,'201402090000000497',50,'0.00','如果是盘点。 则整理库存的盘点数量',0,NULL,8,NULL),(503,'2014-02-09 10:14:12','1',NULL,1,'',52,'0.00','修改药品[23]的库存为[1]',0,NULL,8,NULL),(504,'2014-02-09 10:14:12','1',NULL,1,'201402090000000500',10,'1.00','药品[23,半夏]增加了[1],库存量[1]',0,'盒',8,NULL),(506,'2014-02-09 10:17:22','1',NULL,2,'',52,'0.00','修改药品[23]的库存为[2]',0,NULL,8,NULL),(507,'2014-02-09 10:17:22','1',NULL,1,'201402090000000503',10,'1.00','药品[23,半夏]增加了[1],库存量[2]',0,'盒',8,NULL),(509,'2014-02-09 10:20:08','1',NULL,3,'',52,'0.00','修改药品[23]的库存为[3]',0,NULL,8,NULL),(510,'2014-02-09 10:20:08','1',NULL,1,'201402090000000506',10,'1.00','药品[23,半夏]增加了[1],库存量[3]',0,'盒',8,2),(522,'2014-02-12 11:19:03','1',NULL,10,'',50,'0.00','修改药品[24]的库存为[10]',0,NULL,9,NULL),(523,'2014-02-12 11:19:03','1',NULL,10,'201402120000000509',10,'10.60','药品[24,null]增加了[10],库存量[10]',0,'瓶',9,2),(531,'2014-02-12 12:39:50','1',NULL,4,'',52,'0.00','修改药品[23]的库存为[4]',0,NULL,8,NULL),(532,'2014-02-12 12:39:50','1',NULL,1,'201402120000000522',10,'1.00','药品[23,半夏]增加了[1],库存量[4]',0,'盒',8,2);

/*Table structure for table `drug_info` */

DROP TABLE IF EXISTS `drug_info`;

CREATE TABLE `drug_info` (
  `DRUG_CODE` int(10) NOT NULL COMMENT '药品编号',
  `CREATE_TIME` datetime DEFAULT NULL COMMENT '创建时间',
  `DRUG_DESC` varchar(200) NOT NULL COMMENT '药品描述',
  `DRUG_NAME` varchar(500) NOT NULL COMMENT '药品名称',
  `EXT1` varchar(200) DEFAULT NULL COMMENT '备注1',
  `OP_USER_ID` varchar(36) DEFAULT '0' COMMENT '创建人',
  `STATUS` tinyint(4) DEFAULT '0' COMMENT '状态',
  `UPDATE_TIME` datetime DEFAULT NULL COMMENT '修改时间',
  `CUSTOMER_ID` int(10) DEFAULT NULL COMMENT '客户编号',
  `SHORT_NAME` varchar(30) DEFAULT NULL COMMENT '简称',
  PRIMARY KEY (`DRUG_CODE`),
  KEY `FK_ix4xvrofkux7hvkn3dlmh28qn` (`CUSTOMER_ID`),
  CONSTRAINT `FK_ix4xvrofkux7hvkn3dlmh28qn` FOREIGN KEY (`CUSTOMER_ID`) REFERENCES `customer_info` (`CUSTOMER_ID`)
) ENGINE=InnoDB DEFAULT CHARSET=utf8;

/*Data for the table `drug_info` */

insert  into `drug_info`(`DRUG_CODE`,`CREATE_TIME`,`DRUG_DESC`,`DRUG_NAME`,`EXT1`,`OP_USER_ID`,`STATUS`,`UPDATE_TIME`,`CUSTOMER_ID`,`SHORT_NAME`) values (21,'2014-01-21 10:44:35','半夏糖浆','半夏糖浆','半夏糖浆','0',0,'2014-01-21 10:44:35',3,'BXTJ'),(23,'2014-02-09 09:22:51','半夏糖浆','半夏',NULL,'0',0,'2014-02-09 09:22:51',2,'半夏'),(24,'2014-02-12 11:05:48','珍菊降压片','珍菊降压片','珍菊降压片','0',0,'2014-02-12 11:05:48',2,'珍菊降压片'),(25,'2014-02-12 11:08:22','麝香解痛膏','麝香解痛膏',NULL,'0',0,'2014-02-12 11:08:22',2,'SX');

/*Table structure for table `drug_out_record` */

DROP TABLE IF EXISTS `drug_out_record`;

CREATE TABLE `drug_out_record` (
  `ID` int(10) NOT NULL AUTO_INCREMENT COMMENT '序号',
  `CREATE_TIME` datetime DEFAULT NULL COMMENT '创建时间',
  `DRUG_LOT_NO` varchar(20) NOT NULL COMMENT '批次',
  `EXT1` varchar(200) DEFAULT NULL COMMENT '备注1',
  `NUM` int(11) DEFAULT '0' COMMENT '数量',
  `OP_ORDER` varchar(20) NOT NULL COMMENT '操作流水号',
  `OP_TYPE` tinyint(4) DEFAULT '0' COMMENT '操作类 10 入库20 消耗30 盘点40 出库型',
  `PRICE` decimal(8,2) DEFAULT '0.00' COMMENT '单价',
  `UNIT` varchar(10) DEFAULT NULL COMMENT '单位',
  `UPDATE_TIME` datetime DEFAULT NULL COMMENT '修改时间',
  `SPEC_ID` int(10) NOT NULL COMMENT '规格编号',
  `OP_USER_ID` varchar(36) DEFAULT NULL COMMENT '用户编号',
  `CUSTOMER_ID` int(10) DEFAULT NULL COMMENT '客户编号',
  PRIMARY KEY (`ID`),
  KEY `FK_52bcan39f494ca2jg3e8d4okx` (`SPEC_ID`),
  KEY `FK_mamjsu0g50gfuxi28oj16tcfs` (`OP_USER_ID`),
  KEY `FK_iy2nfroar663b9h9cbids1fky` (`CUSTOMER_ID`),
  CONSTRAINT `FK_52bcan39f494ca2jg3e8d4okx` FOREIGN KEY (`SPEC_ID`) REFERENCES `drug_spec_info` (`SPEC_ID`),
  CONSTRAINT `FK_iy2nfroar663b9h9cbids1fky` FOREIGN KEY (`CUSTOMER_ID`) REFERENCES `customer_info` (`CUSTOMER_ID`),
  CONSTRAINT `FK_mamjsu0g50gfuxi28oj16tcfs` FOREIGN KEY (`OP_USER_ID`) REFERENCES `syuser` (`ID`)
) ENGINE=InnoDB AUTO_INCREMENT=519 DEFAULT CHARSET=utf8;

/*Data for the table `drug_out_record` */

insert  into `drug_out_record`(`ID`,`CREATE_TIME`,`DRUG_LOT_NO`,`EXT1`,`NUM`,`OP_ORDER`,`OP_TYPE`,`PRICE`,`UNIT`,`UPDATE_TIME`,`SPEC_ID`,`OP_USER_ID`,`CUSTOMER_ID`) values (442,'2014-02-09 07:34:31','1',NULL,-1,'201402090000000425',40,'1.00','瓶','2014-02-09 07:34:31',6,'0',NULL),(445,'2014-02-09 07:35:29','1',NULL,-1,'201402090000000443',40,'1.00','瓶','2014-02-09 07:35:29',6,'0',NULL),(448,'2014-02-09 07:45:51','2',NULL,-1,'201402090000000446',40,'1.00','瓶','2014-02-09 07:45:51',6,'0',NULL),(451,'2014-02-09 07:54:34','2',NULL,-1,'201402090000000449',40,'1.00','瓶','2014-02-09 07:54:34',6,'0',NULL),(454,'2014-02-09 07:56:31','2',NULL,-1,'201402090000000452',40,'1.00','瓶','2014-02-09 07:56:31',6,'0',NULL),(518,'2014-02-12 10:57:57','1',NULL,-1,'201402120000000455',40,'1.00','瓶','2014-02-12 10:57:57',6,'0',NULL);

/*Table structure for table `drug_out_record_log` */

DROP TABLE IF EXISTS `drug_out_record_log`;

CREATE TABLE `drug_out_record_log` (
  `ID` int(10) NOT NULL AUTO_INCREMENT COMMENT '序号',
  `CREATE_TIME` datetime DEFAULT NULL COMMENT '创建时间',
  `DRUG_LOT_NO` varchar(20) NOT NULL COMMENT '批次',
  `EXT1` varchar(200) DEFAULT NULL COMMENT '备注1',
  `NUM` int(11) DEFAULT '0' COMMENT '数量',
  `OP_ORDER` varchar(20) NOT NULL COMMENT '操作流水号',
  `OP_TYPE` tinyint(4) DEFAULT '0' COMMENT '操作类 10 入库20 消耗30 盘点40 出库型',
  `PRICE` decimal(8,2) DEFAULT '0.00' COMMENT '单价',
  `REASON` varchar(200) DEFAULT NULL COMMENT '原因',
  `STATUS` tinyint(4) DEFAULT '0' COMMENT '状态',
  `UNIT` varchar(10) DEFAULT NULL COMMENT '单位',
  `SPEC_ID` int(10) NOT NULL COMMENT '规格编号',
  `CUSTOMER_ID` int(10) DEFAULT NULL COMMENT '客户编号',
  PRIMARY KEY (`ID`),
  KEY `FK_asf5dk0lx4q40ohm28yj23ndn` (`SPEC_ID`),
  KEY `FK_sftatyg7t2egtb96noimhb6g8` (`CUSTOMER_ID`),
  CONSTRAINT `FK_asf5dk0lx4q40ohm28yj23ndn` FOREIGN KEY (`SPEC_ID`) REFERENCES `drug_spec_info` (`SPEC_ID`),
  CONSTRAINT `FK_sftatyg7t2egtb96noimhb6g8` FOREIGN KEY (`CUSTOMER_ID`) REFERENCES `customer_info` (`CUSTOMER_ID`)
) ENGINE=InnoDB AUTO_INCREMENT=521 DEFAULT CHARSET=utf8;

/*Data for the table `drug_out_record_log` */

insert  into `drug_out_record_log`(`ID`,`CREATE_TIME`,`DRUG_LOT_NO`,`EXT1`,`NUM`,`OP_ORDER`,`OP_TYPE`,`PRICE`,`REASON`,`STATUS`,`UNIT`,`SPEC_ID`,`CUSTOMER_ID`) values (443,'2014-02-09 07:34:31','1',NULL,1,'',52,'0.00','修改药品[21]的库存为[1]',0,NULL,6,NULL),(444,'2014-02-09 07:34:31','1',NULL,-1,'201402090000000425',40,'1.00','药品[21,半夏糖浆]减少了[-1],库存量[1]',0,'瓶',6,NULL),(446,'2014-02-09 07:35:29','1',NULL,0,'',52,'0.00','修改药品[21]的库存为[0]',0,NULL,6,NULL),(447,'2014-02-09 07:35:29','1',NULL,-1,'201402090000000443',40,'1.00','药品[21,半夏糖浆]减少了[-1],库存量[0]',0,'瓶',6,NULL),(449,'2014-02-09 07:44:02','2',NULL,2,'',52,'0.00','修改药品[21]的库存为[2]',0,NULL,6,NULL),(450,'2014-02-09 07:45:50','2',NULL,-1,'201402090000000446',40,'1.00','药品[21,半夏糖浆]减少了[-1],库存量[2]',0,'瓶',6,NULL),(452,'2014-02-09 07:53:45','2',NULL,1,'',52,'0.00','修改药品[21]的库存为[1]',0,NULL,6,NULL),(453,'2014-02-09 07:54:33','2',NULL,-1,'201402090000000449',40,'1.00','药品[21,半夏糖浆]减少了[-1],库存量[1]',0,'瓶',6,NULL),(455,'2014-02-09 07:56:16','2',NULL,0,'',52,'0.00','修改药品[21]的库存为[0]',0,NULL,6,NULL),(456,'2014-02-09 07:56:25','2',NULL,-1,'201402090000000452',40,'1.00','药品[21,半夏糖浆]减少了[-1],库存量[0]',0,'瓶',6,NULL),(465,'2014-02-09 08:35:39','2',NULL,0,'',52,'0.00','修改药品[21]的库存为[0]',0,NULL,6,NULL),(468,'2014-02-09 08:35:53','2',NULL,0,'',52,'0.00','修改药品[21]的库存为[0]',0,NULL,6,NULL),(471,'2014-02-09 08:36:03','2',NULL,0,'',52,'0.00','修改药品[21]的库存为[0]',0,NULL,6,NULL),(474,'2014-02-09 08:37:31','2',NULL,0,'',52,'0.00','修改药品[21]的库存为[0]',0,NULL,6,NULL),(477,'2014-02-09 08:37:43','2',NULL,0,'',52,'0.00','修改药品[21]的库存为[0]',0,NULL,6,NULL),(519,'2014-02-12 10:57:57','1',NULL,0,'',52,'0.00','修改药品[21]的库存为[0]',0,NULL,6,NULL),(520,'2014-02-12 10:57:57','1',NULL,-1,'201402120000000455',40,'1.00','药品[21,半夏糖浆]减少了[-1],库存量[0]',0,'瓶',6,NULL);

/*Table structure for table `drug_pd_record_log` */

DROP TABLE IF EXISTS `drug_pd_record_log`;

CREATE TABLE `drug_pd_record_log` (
  `ID` int(10) NOT NULL AUTO_INCREMENT COMMENT '序号',
  `CREATE_TIME` datetime DEFAULT NULL COMMENT '创建时间',
  `DRUG_LOT_NO` varchar(20) NOT NULL COMMENT '批次',
  `EXT1` varchar(200) DEFAULT NULL COMMENT '备注1',
  `NUM` int(11) DEFAULT '0' COMMENT '数量',
  `OP_ORDER` varchar(20) NOT NULL COMMENT '操作流水号',
  `OP_TYPE` tinyint(4) DEFAULT '0' COMMENT '操作类 10 入库20 消耗30 盘点40 出库型',
  `PRICE` decimal(8,2) DEFAULT '0.00' COMMENT '单价',
  `REASON` varchar(200) DEFAULT NULL COMMENT '原因',
  `STATUS` tinyint(4) DEFAULT '0' COMMENT '状态',
  `UNIT` varchar(10) DEFAULT NULL COMMENT '单位',
  `SPEC_ID` int(10) NOT NULL COMMENT '规格编号',
  `CUSTOMER_ID` int(10) DEFAULT NULL COMMENT '客户编号',
  PRIMARY KEY (`ID`),
  KEY `FK_q9yuvcuym21axnoeqq9dydlvj` (`SPEC_ID`),
  KEY `FK_jpt9w9m3tfjyn0h6p6b47jtsm` (`CUSTOMER_ID`),
  CONSTRAINT `FK_jpt9w9m3tfjyn0h6p6b47jtsm` FOREIGN KEY (`CUSTOMER_ID`) REFERENCES `customer_info` (`CUSTOMER_ID`),
  CONSTRAINT `FK_q9yuvcuym21axnoeqq9dydlvj` FOREIGN KEY (`SPEC_ID`) REFERENCES `drug_spec_info` (`SPEC_ID`)
) ENGINE=InnoDB AUTO_INCREMENT=530 DEFAULT CHARSET=utf8;

/*Data for the table `drug_pd_record_log` */

insert  into `drug_pd_record_log`(`ID`,`CREATE_TIME`,`DRUG_LOT_NO`,`EXT1`,`NUM`,`OP_ORDER`,`OP_TYPE`,`PRICE`,`REASON`,`STATUS`,`UNIT`,`SPEC_ID`,`CUSTOMER_ID`) values (461,'2014-02-09 08:30:03','1',NULL,1,'',52,'0.00','如果是盘点。 则整理库存的盘点数量',0,NULL,6,NULL),(462,'2014-02-09 08:30:03','1',NULL,1,'201402090000000298',30,'0.00','如果是盘点。 则整理库存的盘点数量',0,'瓶',6,NULL),(482,'2014-02-09 08:49:21','2',NULL,0,'',52,'0.00','如果是盘点。 则整理库存的盘点数量',0,NULL,6,NULL),(483,'2014-02-09 08:49:21','2',NULL,1,'201402090000000461',30,'0.00','如果是盘点。 则整理库存的盘点数量',0,'瓶',6,NULL),(491,'2014-02-09 09:53:56','1',NULL,1,'',52,'0.00','如果是盘点。 则整理库存的盘点数量',0,NULL,6,NULL),(492,'2014-02-09 09:53:56','1',NULL,1,'201402090000000482',30,'0.00','如果是盘点。 则整理库存的盘点数量',0,'瓶',6,NULL),(525,'2014-02-12 11:21:57','1',NULL,10,'',52,'0.00','如果是盘点。 则整理库存的盘点数量',0,NULL,9,NULL),(526,'2014-02-12 11:21:57','1',NULL,10,'201402120000000491',30,'0.00','如果是盘点。 则整理库存的盘点数量',0,'瓶',9,NULL),(528,'2014-02-12 11:23:35','1',NULL,10,'',52,'0.00','如果是盘点。 则整理库存的盘点数量',0,NULL,9,NULL),(529,'2014-02-12 11:23:35','1',NULL,10,'201402120000000525',30,'0.00','如果是盘点。 则整理库存的盘点数量',0,'瓶',9,NULL);

/*Table structure for table `drug_spec_info` */

DROP TABLE IF EXISTS `drug_spec_info`;

CREATE TABLE `drug_spec_info` (
  `SPEC_ID` int(10) NOT NULL COMMENT '规格编号',
  `CREATE_TIME` datetime DEFAULT NULL COMMENT '创建时间',
  `DRUG_CODE` int(10) NOT NULL COMMENT '药品编号',
  `EXT1` varchar(200) DEFAULT NULL COMMENT '备注1',
  `OP_USER_ID` varchar(36) DEFAULT '0' COMMENT '创建人',
  `SPECIFICATION` varchar(50) NOT NULL COMMENT '规格',
  `STATUS` tinyint(4) DEFAULT '0' COMMENT '状态',
  `UPDATE_TIME` datetime DEFAULT NULL COMMENT '修改时间',
  `UNIT` varchar(10) DEFAULT NULL COMMENT '单位',
  PRIMARY KEY (`SPEC_ID`),
  KEY `FK_7l822unv951eqljpb4755rc83` (`DRUG_CODE`),
  CONSTRAINT `FK_7l822unv951eqljpb4755rc83` FOREIGN KEY (`DRUG_CODE`) REFERENCES `drug_info` (`DRUG_CODE`)
) ENGINE=InnoDB DEFAULT CHARSET=utf8;

/*Data for the table `drug_spec_info` */

insert  into `drug_spec_info`(`SPEC_ID`,`CREATE_TIME`,`DRUG_CODE`,`EXT1`,`OP_USER_ID`,`SPECIFICATION`,`STATUS`,`UPDATE_TIME`,`UNIT`) values (6,'2014-01-25 14:17:46',21,'sdafsadff','0','180ML',0,'2014-01-25 14:17:46','瓶'),(7,'2014-01-25 14:17:52',21,'1111111','0','280ML',0,'2014-01-25 14:17:52','瓶'),(8,'2014-02-09 09:54:54',23,NULL,'0','200ML',0,'2014-02-09 09:54:54','盒'),(9,'2014-02-12 11:06:29',24,NULL,'0','0.25g*48片',0,'2014-02-12 11:06:29','瓶');

/*Table structure for table `drug_store` */

DROP TABLE IF EXISTS `drug_store`;

CREATE TABLE `drug_store` (
  `STORE_ID` int(10) NOT NULL COMMENT '序号',
  `CREATE_TIME` datetime DEFAULT NULL COMMENT '创建时间',
  `DRUG_LOT_NO` varchar(20) NOT NULL COMMENT '批次',
  `EXT1` varchar(200) DEFAULT NULL COMMENT '备注1',
  `NUM` int(11) DEFAULT '0' COMMENT '数量',
  `NUM2` int(11) DEFAULT '0' COMMENT '盘点数量',
  `PRICE` decimal(8,2) DEFAULT '0.00' COMMENT '单价',
  `SPECIFICATION` varchar(40) DEFAULT NULL COMMENT '规格',
  `STATUS` tinyint(4) DEFAULT NULL COMMENT '状态',
  `UNIT` varchar(10) DEFAULT NULL COMMENT '单位',
  `UPDATE_TIME` datetime DEFAULT NULL COMMENT '修改时间',
  `CUSTOMER_ID` int(10) DEFAULT NULL COMMENT '客户编号',
  `SPEC_ID` int(10) NOT NULL COMMENT '规格编号',
  `OP_USER_ID` varchar(36) DEFAULT NULL COMMENT '用户编号',
  PRIMARY KEY (`STORE_ID`),
  KEY `FK_89dwx6nwutrsbamvsmixh07vx` (`CUSTOMER_ID`),
  KEY `FK_f5u6c6k1d73ypg0xe8c38hk1m` (`SPEC_ID`),
  KEY `FK_otefie5bqpf485xvh07q8egfa` (`OP_USER_ID`),
  CONSTRAINT `FK_89dwx6nwutrsbamvsmixh07vx` FOREIGN KEY (`CUSTOMER_ID`) REFERENCES `customer_info` (`CUSTOMER_ID`),
  CONSTRAINT `FK_f5u6c6k1d73ypg0xe8c38hk1m` FOREIGN KEY (`SPEC_ID`) REFERENCES `drug_spec_info` (`SPEC_ID`),
  CONSTRAINT `FK_otefie5bqpf485xvh07q8egfa` FOREIGN KEY (`OP_USER_ID`) REFERENCES `syuser` (`ID`)
) ENGINE=InnoDB DEFAULT CHARSET=utf8;

/*Data for the table `drug_store` */

insert  into `drug_store`(`STORE_ID`,`CREATE_TIME`,`DRUG_LOT_NO`,`EXT1`,`NUM`,`NUM2`,`PRICE`,`SPECIFICATION`,`STATUS`,`UNIT`,`UPDATE_TIME`,`CUSTOMER_ID`,`SPEC_ID`,`OP_USER_ID`) values (53,'2014-02-09 07:33:09','1',NULL,0,1,'1.00','180ML',0,'瓶','2014-02-09 07:33:09',3,6,'0'),(54,'2014-02-09 07:33:18','2',NULL,1,1,'1.00','180ML',0,'瓶','2014-02-09 07:33:18',3,6,'0'),(55,'2014-02-09 09:55:28','1',NULL,4,0,'1.00','200ML',0,'盒','2014-02-09 09:55:28',2,8,'0'),(56,'2014-02-12 11:19:03','1',NULL,10,10,'10.60','0.25g*48片',0,'瓶','2014-02-12 11:19:03',2,9,'e9cea2d9-3aca-45a7-93c4-267ebd606a68');

/*Table structure for table `drug_store_check` */

DROP TABLE IF EXISTS `drug_store_check`;

CREATE TABLE `drug_store_check` (
  `STORE_ID` int(10) NOT NULL AUTO_INCREMENT COMMENT '序号',
  `CREATE_TIME` datetime DEFAULT NULL COMMENT '创建时间',
  `DRUG_LOT_NO` varchar(20) NOT NULL COMMENT '批次',
  `EXT1` varchar(200) DEFAULT NULL COMMENT '备注1',
  `NUM` int(11) DEFAULT '0' COMMENT '数量',
  `NUM2` int(11) DEFAULT '0' COMMENT '盘点数量',
  `OP_ORDER` varchar(20) NOT NULL COMMENT '操作流水号',
  `PRICE` decimal(8,2) DEFAULT '0.00' COMMENT '单价',
  `SPECIFICATION` varchar(40) DEFAULT NULL COMMENT '规格',
  `STATUS` tinyint(4) DEFAULT NULL COMMENT '状态',
  `UNIT` varchar(10) DEFAULT NULL COMMENT '单位',
  `UPDATE_TIME` datetime DEFAULT NULL COMMENT '修改时间',
  `CUSTOMER_ID` int(10) DEFAULT NULL COMMENT '客户编号',
  `SPEC_ID` int(10) NOT NULL COMMENT '规格编号',
  `OP_USER_ID` varchar(36) DEFAULT NULL COMMENT '用户编号',
  `OP_TYPE` tinyint(4) DEFAULT '0' COMMENT '操作类 10 入库20 消耗30 盘点40 出库型',
  PRIMARY KEY (`STORE_ID`),
  KEY `FK_1p19pjgkqv80txxf6wtnby70n` (`CUSTOMER_ID`),
  KEY `FK_otu67ep6py5cjxl2wtoj13gdn` (`SPEC_ID`),
  KEY `FK_lok7bav0rpdpoid6jwr250a0` (`OP_USER_ID`),
  CONSTRAINT `FK_1p19pjgkqv80txxf6wtnby70n` FOREIGN KEY (`CUSTOMER_ID`) REFERENCES `customer_info` (`CUSTOMER_ID`),
  CONSTRAINT `FK_lok7bav0rpdpoid6jwr250a0` FOREIGN KEY (`OP_USER_ID`) REFERENCES `syuser` (`ID`),
  CONSTRAINT `FK_otu67ep6py5cjxl2wtoj13gdn` FOREIGN KEY (`SPEC_ID`) REFERENCES `drug_spec_info` (`SPEC_ID`)
) ENGINE=InnoDB AUTO_INCREMENT=528 DEFAULT CHARSET=utf8;

/*Data for the table `drug_store_check` */

insert  into `drug_store_check`(`STORE_ID`,`CREATE_TIME`,`DRUG_LOT_NO`,`EXT1`,`NUM`,`NUM2`,`OP_ORDER`,`PRICE`,`SPECIFICATION`,`STATUS`,`UNIT`,`UPDATE_TIME`,`CUSTOMER_ID`,`SPEC_ID`,`OP_USER_ID`,`OP_TYPE`) values (460,'2014-02-09 08:30:03','1',NULL,1,1,'201402090000000298','0.00','180ML',0,'瓶','2014-02-09 08:30:03',3,6,'0',30),(481,'2014-02-09 08:49:21','2',NULL,0,1,'201402090000000461','0.00','180ML',0,'瓶','2014-02-09 08:49:21',3,6,'0',30),(490,'2014-02-09 09:53:56','1',NULL,1,1,'201402090000000482','0.00','180ML',0,'瓶','2014-02-09 09:53:56',3,6,'0',30),(524,'2014-02-12 11:21:57','1',NULL,10,10,'201402120000000491','0.00','0.25g*48片',0,'瓶','2014-02-12 11:21:57',2,9,'0',30),(527,'2014-02-12 11:23:35','1',NULL,10,10,'201402120000000525','0.00','0.25g*48片',0,'瓶','2014-02-12 11:23:35',2,9,'e9cea2d9-3aca-45a7-93c4-267ebd606a68',30);

/*Table structure for table `drug_times` */

DROP TABLE IF EXISTS `drug_times`;

CREATE TABLE `drug_times` (
  `ID` int(10) NOT NULL COMMENT '编号',
  `CONTACT` varchar(100) DEFAULT NULL COMMENT '生产厂商联系地址',
  `CREATE_TIME` datetime DEFAULT NULL COMMENT '创建时间',
  `DRUG_LOT_NO` varchar(20) NOT NULL COMMENT '批次',
  `EXPIRE_TIME` datetime DEFAULT NULL COMMENT '过期时间',
  `EXT1` varchar(200) DEFAULT NULL COMMENT '备注1',
  `PRICE` decimal(8,2) DEFAULT '0.00' COMMENT '单价',
  `PRODUCE_COMP` varchar(500) DEFAULT NULL COMMENT '生产厂商',
  `PRODUCE_TIME` datetime DEFAULT NULL COMMENT '生产时间',
  `SPECIFICATION` varchar(50) NOT NULL COMMENT '规格',
  `STATUS` tinyint(4) DEFAULT '0' COMMENT '状态',
  `UNIT` varchar(10) DEFAULT NULL COMMENT '单位',
  `UPDATE_TIME` datetime DEFAULT NULL COMMENT '修改时间',
  `SPEC_ID` int(10) NOT NULL COMMENT '规格编号',
  `OP_USER_ID` varchar(36) DEFAULT NULL COMMENT '用户编号',
  `REST` int(11) DEFAULT '0' COMMENT '剩余量',
  `TOTAL` int(11) DEFAULT '0' COMMENT '总量',
  PRIMARY KEY (`ID`),
  KEY `FK_lrkqcsn4ye81o5nnq4t8gu0lh` (`SPEC_ID`),
  KEY `FK_p1338cp71kr934ghpclqgr365` (`OP_USER_ID`),
  CONSTRAINT `FK_lrkqcsn4ye81o5nnq4t8gu0lh` FOREIGN KEY (`SPEC_ID`) REFERENCES `drug_spec_info` (`SPEC_ID`),
  CONSTRAINT `FK_p1338cp71kr934ghpclqgr365` FOREIGN KEY (`OP_USER_ID`) REFERENCES `syuser` (`ID`)
) ENGINE=InnoDB DEFAULT CHARSET=utf8;

/*Data for the table `drug_times` */

insert  into `drug_times`(`ID`,`CONTACT`,`CREATE_TIME`,`DRUG_LOT_NO`,`EXPIRE_TIME`,`EXT1`,`PRICE`,`PRODUCE_COMP`,`PRODUCE_TIME`,`SPECIFICATION`,`STATUS`,`UNIT`,`UPDATE_TIME`,`SPEC_ID`,`OP_USER_ID`,`REST`,`TOTAL`) values (50,NULL,'2014-02-09 07:33:09','1','2014-02-10 00:00:00',NULL,'1.00',NULL,'2014-02-09 00:00:00','180ML',0,'瓶','2014-02-09 07:33:09',6,'0',0,3),(51,NULL,'2014-02-09 07:33:18','2','2014-02-10 00:00:00',NULL,'1.00',NULL,'2014-02-09 00:00:00','180ML',0,'瓶','2014-02-09 07:33:18',6,'0',0,3),(52,NULL,'2014-02-09 09:55:28','1','2014-02-12 00:00:00',NULL,'1.00',NULL,NULL,'200ML',0,'盒','2014-02-09 09:55:28',8,'0',24,24),(53,NULL,'2014-02-12 11:19:03','1','2014-02-20 00:00:00',NULL,'10.60',NULL,'2014-02-01 00:00:00','0.25g*48片',0,'瓶','2014-02-12 11:19:03',9,'e9cea2d9-3aca-45a7-93c4-267ebd606a68',10,10);

/*Table structure for table `emp_attend_record` */

DROP TABLE IF EXISTS `emp_attend_record`;

CREATE TABLE `emp_attend_record` (
  `ID` int(10) NOT NULL COMMENT '编号',
  `AFTER_WORK_TIME` datetime DEFAULT NULL COMMENT '下班时间',
  `CREATE_TIME` datetime DEFAULT NULL COMMENT '创建时间',
  `EXT1` varchar(200) DEFAULT NULL COMMENT '备注1',
  `IS_LEAVE` tinyint(1) DEFAULT NULL COMMENT '是否请假 0 没有请假 1 请假',
  `OP_USER_ID` varchar(36) DEFAULT '0' COMMENT '创建人',
  `STATUS` tinyint(4) DEFAULT NULL COMMENT '状态',
  `UPDATE_TIME` datetime DEFAULT NULL COMMENT '修改时间',
  `USER_ID` varchar(36) NOT NULL COMMENT '账户id',
  `WORK_TIME` datetime DEFAULT NULL COMMENT '上班时间',
  `yyyymmdd` varchar(255) DEFAULT NULL,
  `PHY_ADDR` varchar(20) DEFAULT NULL COMMENT '员工绑定的物理地址',
  `OP_TIME` int(11) DEFAULT NULL COMMENT '操作时间',
  `OP_RESULT` tinyint(4) DEFAULT '0' COMMENT '加班（定性：0 未使用；1已调休；2费用结算） ',
  PRIMARY KEY (`ID`),
  KEY `FK_n3eydx7qfms5nj2u5v2b5wh21` (`USER_ID`),
  CONSTRAINT `FK_n3eydx7qfms5nj2u5v2b5wh21` FOREIGN KEY (`USER_ID`) REFERENCES `syuser` (`ID`)
) ENGINE=InnoDB DEFAULT CHARSET=utf8;

/*Data for the table `emp_attend_record` */

insert  into `emp_attend_record`(`ID`,`AFTER_WORK_TIME`,`CREATE_TIME`,`EXT1`,`IS_LEAVE`,`OP_USER_ID`,`STATUS`,`UPDATE_TIME`,`USER_ID`,`WORK_TIME`,`yyyymmdd`,`PHY_ADDR`,`OP_TIME`,`OP_RESULT`) values (50,'2013-09-30 20:38:33','2013-09-30 20:38:36',NULL,1,NULL,0,'2013-09-30 20:38:36','0','2013-09-30 20:38:22','20130930',NULL,1,0),(51,NULL,'2013-12-31 20:32:11',NULL,2,NULL,0,'2013-12-31 20:32:11','1','2013-12-31 20:32:02','20131231',NULL,1,0),(52,NULL,'2014-01-01 12:39:35',NULL,2,'0',0,'2014-01-01 12:39:35','0','2014-01-01 12:39:35','20140101',NULL,1,0),(53,NULL,'2014-01-05 23:32:31',NULL,2,'0',0,'2014-01-05 23:32:31','0',NULL,'20140105',NULL,1,0),(54,NULL,'2014-01-05 23:37:25',NULL,0,'0',0,'2014-01-05 23:37:25','0',NULL,'20140105',NULL,1,0),(59,NULL,'2014-01-10 10:35:19',NULL,1,NULL,0,'2014-01-10 10:35:19','0','2014-01-10 10:09:42','20140110',NULL,1,0),(60,'2014-01-14 17:26:52','2014-01-14 17:26:52',NULL,1,NULL,2,'2014-01-14 17:26:52','0','2014-01-14 17:26:34','20140114',NULL,4,0),(61,NULL,'2014-01-17 10:47:18',NULL,0,'0',0,'2014-01-17 10:47:18','0','2014-01-17 10:47:18','20140117',NULL,0,0),(62,'2014-01-25 01:45:40','2014-01-25 01:45:40',NULL,0,NULL,0,'2014-01-25 01:45:40','0','2014-01-25 01:45:28','20140125',NULL,0,0);

/*Table structure for table `emp_diagnose_record` */

DROP TABLE IF EXISTS `emp_diagnose_record`;

CREATE TABLE `emp_diagnose_record` (
  `MEDICAL_ID` int(10) NOT NULL COMMENT '就诊编号',
  `CREATE_TIME` datetime DEFAULT NULL COMMENT '创建时间',
  `DIAG_TIME` datetime NOT NULL COMMENT '就诊时间',
  `EXT1` varchar(200) DEFAULT NULL COMMENT '备注1',
  `MAIN_INFO` varchar(500) DEFAULT NULL COMMENT '主诉',
  `OP_USER_ID` varchar(36) DEFAULT '0' COMMENT '创建人',
  `PROPOSE` varchar(500) DEFAULT NULL COMMENT '给药建议',
  `SGI_NO` varchar(30) DEFAULT NULL COMMENT 'SGI编号',
  `STATUS` tinyint(4) DEFAULT NULL COMMENT '状态',
  `UPDATE_TIME` datetime DEFAULT NULL COMMENT '修改时间',
  `PHY_ID` int(8) DEFAULT NULL COMMENT '体格检查类型',
  `USER_ID` int(10) DEFAULT NULL COMMENT '用户编号',
  `FIRST_STEP` varchar(500) DEFAULT NULL COMMENT '初步判断',
  PRIMARY KEY (`MEDICAL_ID`),
  KEY `FK_hyxh47tlrjeb1o4ky48ucksbt` (`PHY_ID`),
  KEY `FK_ii40msrnkklg8ucpsytp4q9dw` (`USER_ID`),
  KEY `FK_i80n5c85oy6f07a2hqhx1b13c` (`USER_ID`),
  CONSTRAINT `FK_i80n5c85oy6f07a2hqhx1b13c` FOREIGN KEY (`USER_ID`) REFERENCES `cust_user` (`USER_ID`),
  CONSTRAINT `FK_hyxh47tlrjeb1o4ky48ucksbt` FOREIGN KEY (`PHY_ID`) REFERENCES `physical_type_def` (`PHY_ID`)
) ENGINE=InnoDB DEFAULT CHARSET=utf8;

/*Data for the table `emp_diagnose_record` */

insert  into `emp_diagnose_record`(`MEDICAL_ID`,`CREATE_TIME`,`DIAG_TIME`,`EXT1`,`MAIN_INFO`,`OP_USER_ID`,`PROPOSE`,`SGI_NO`,`STATUS`,`UPDATE_TIME`,`PHY_ID`,`USER_ID`,`FIRST_STEP`) values (4,'2014-01-17 02:37:13','2014-01-04 13:13:21',NULL,'dddd',NULL,'asdfasdf-0000','98888',0,'2014-01-17 02:37:13',NULL,2,'ddddd66666000萨法撒发生地方'),(6,'2014-01-09 04:23:35','2014-01-04 00:00:00',NULL,'asdfsadf',NULL,'asdfasfdf',NULL,0,'2014-01-09 04:23:35',NULL,2,'dffffasdfasdfsadfasdfasdfsdf'),(7,'2014-01-04 13:22:49','2014-01-04 00:00:00',NULL,NULL,'0',NULL,NULL,0,'2014-01-04 13:22:49',NULL,2,NULL),(8,'2014-01-04 13:23:41','2014-01-04 00:00:00',NULL,NULL,'0',NULL,NULL,0,'2014-01-04 13:23:41',NULL,2,NULL),(9,'2014-01-04 13:24:45','2014-01-04 00:00:00',NULL,NULL,'0',NULL,NULL,0,'2014-01-04 13:24:45',NULL,2,NULL),(10,'2014-01-04 13:25:42','2014-01-04 00:00:00',NULL,NULL,'0',NULL,NULL,0,'2014-01-04 13:25:42',NULL,2,NULL),(11,'2014-01-04 13:26:03','2014-01-04 00:00:00',NULL,NULL,'0',NULL,NULL,0,'2014-01-04 13:26:03',NULL,2,NULL),(12,'2014-01-04 13:27:56','2014-01-04 00:00:00',NULL,NULL,NULL,'ddddd','4444',0,'2014-01-04 13:27:56',NULL,2,NULL),(13,'2014-01-04 20:44:27','2014-01-03 00:00:00',NULL,NULL,'0','ddd','d',0,'2014-01-04 20:44:27',NULL,2,NULL),(14,'2014-02-09 05:00:17','2014-01-05 00:00:00',NULL,NULL,NULL,'asfasdfdfasfsadf','ddd',0,'2014-02-09 05:00:17',NULL,2,'急性阑尾炎'),(15,'2014-01-05 23:11:31','2014-01-05 00:00:00',NULL,NULL,'0','444','4444',0,'2014-01-05 23:11:31',NULL,2,NULL),(17,'2014-01-05 23:37:10','2014-01-06 00:00:00',NULL,NULL,'0',NULL,'独代',0,'2014-01-05 23:37:10',NULL,2,NULL),(18,'2014-01-06 21:11:18','2014-01-06 00:00:00',NULL,'觳觫阿斯顿发',NULL,NULL,'sadfff',0,'2014-01-06 21:11:18',NULL,2,NULL),(20,'2014-01-06 15:40:37','2014-01-06 00:00:00',NULL,NULL,'0',NULL,'ddd',0,'2014-01-06 15:40:37',NULL,2,NULL),(22,'2014-01-07 12:25:01','2014-01-07 00:00:00',NULL,'asadfsdf','0','wwww','rrrrr',0,'2014-01-07 12:25:01',NULL,2,'rrrr'),(23,'2014-01-07 12:25:06','2014-01-07 00:00:00',NULL,'asadfsdf','0',NULL,'rrrrr',0,'2014-01-07 12:25:06',NULL,2,NULL),(24,'2014-01-10 13:44:17','2014-01-10 00:00:00',NULL,'头疼三天',NULL,'按时发顺丰撒发沙发沙发  ','ddddddddssssdd',0,'2014-01-10 13:44:17',NULL,2,'急性阑尾炎【高低】阑尾炎急性阑尾炎急性阑尾炎急性阑尾炎急性阑尾炎急性阑尾炎急性阑尾炎急性阑尾炎急性阑尾炎急性阑尾炎'),(29,'2014-01-17 16:53:55','2014-01-17 00:00:00',NULL,'dadsf',NULL,NULL,NULL,0,'2014-01-17 16:53:55',NULL,8,'asdfdsaf'),(30,'2014-01-20 08:43:10','2014-01-20 00:00:00',NULL,'ddasasdfdsf',NULL,'asfasdfdfasfsadf',NULL,0,'2014-01-20 08:43:10',NULL,2,'按时发顺丰撒发沙发沙发  '),(31,'2014-02-09 03:01:16','2014-01-24 00:00:00',NULL,'咳嗽2天',NULL,NULL,NULL,0,'2014-02-09 03:01:16',NULL,768,'上呼吸道感染！'),(32,'2014-02-08 03:57:45','2014-02-08 00:00:00',NULL,'sadfffff','180bcb92-7786-4811-a1d0-77cbcae23594','',NULL,0,'2014-02-08 03:57:45',NULL,6,NULL),(33,'2014-02-09 03:23:11','2014-02-09 00:00:00',NULL,'身体不舒服','0','',NULL,0,'2014-02-09 03:23:11',NULL,768,NULL),(34,'2014-02-09 05:06:52','2014-02-10 00:00:00',NULL,'nsdffff',NULL,NULL,NULL,0,'2014-02-09 05:06:52',NULL,768,NULL),(35,'2014-02-09 05:10:23','2014-02-09 00:00:00',NULL,'ddddddddd',NULL,'急性阑尾炎',NULL,0,'2014-02-09 05:10:23',NULL,768,'按时发顺丰撒发沙发沙发  '),(36,'2014-02-09 05:56:13','2014-02-09 00:00:00',NULL,NULL,'0','',NULL,0,'2014-02-09 05:56:13',NULL,768,NULL),(37,'2014-02-09 07:49:14','2014-02-09 00:00:00',NULL,NULL,'0','',NULL,0,'2014-02-09 07:49:14',NULL,1024,NULL),(38,'2014-02-12 10:59:10','2014-02-12 00:00:00',NULL,NULL,NULL,NULL,NULL,0,'2014-02-12 10:59:10',NULL,768,NULL),(39,'2014-02-12 10:57:29','2014-02-13 00:00:00',NULL,NULL,'0','',NULL,0,'2014-02-12 10:57:29',NULL,768,NULL),(40,'2014-02-12 11:51:25','2014-02-13 00:00:00',NULL,'点点滴滴','e9cea2d9-3aca-45a7-93c4-267ebd606a68','',NULL,0,'2014-02-12 11:51:25',NULL,1280,NULL);

/*Table structure for table `emp_diagnose_record_detail` */

DROP TABLE IF EXISTS `emp_diagnose_record_detail`;

CREATE TABLE `emp_diagnose_record_detail` (
  `ID` int(8) NOT NULL,
  `MEDICAL_ID` int(10) NOT NULL,
  `PHY_ID` int(8) DEFAULT NULL,
  `PARENT_ID` int(8) DEFAULT NULL,
  `DESCRIPTION` varchar(200) DEFAULT NULL COMMENT '备注1',
  `TYPE` tinyint(4) DEFAULT '0' COMMENT '状态',
  PRIMARY KEY (`ID`),
  KEY `FK_mqs3g5y14duifkkb9xoe26j33` (`PARENT_ID`),
  KEY `FK_abtyabpwl6bn1uah2jx2au2b9` (`PHY_ID`),
  CONSTRAINT `FK_abtyabpwl6bn1uah2jx2au2b9` FOREIGN KEY (`PHY_ID`) REFERENCES `physical_type_def` (`PHY_ID`),
  CONSTRAINT `FK_mqs3g5y14duifkkb9xoe26j33` FOREIGN KEY (`PARENT_ID`) REFERENCES `emp_diagnose_record_detail` (`ID`)
) ENGINE=InnoDB DEFAULT CHARSET=utf8;

/*Data for the table `emp_diagnose_record_detail` */

insert  into `emp_diagnose_record_detail`(`ID`,`MEDICAL_ID`,`PHY_ID`,`PARENT_ID`,`DESCRIPTION`,`TYPE`) values (53,4,5,NULL,'1',0),(54,4,6,NULL,'5',0),(55,4,6,NULL,'33333333',0),(57,4,9,NULL,'44444',1),(58,4,8,NULL,'222222',1),(59,30,6,NULL,'asdasasdf',0),(60,30,8,NULL,'sadfasfsadsdfdsf',1),(61,29,5,NULL,'asdsdfdsf',0),(62,29,9,NULL,'asdfasdfdf',1),(63,31,6,NULL,'无罗音',0),(64,31,19,NULL,'白细胞升高',1),(65,14,19,NULL,'dddddd',1),(66,14,6,NULL,'ddddddd',0);

/*Table structure for table `emp_drug_use_record` */

DROP TABLE IF EXISTS `emp_drug_use_record`;

CREATE TABLE `emp_drug_use_record` (
  `ID` int(10) NOT NULL COMMENT '序号',
  `CREATE_TIME` datetime DEFAULT NULL COMMENT '创建时间',
  `EXT1` varchar(200) DEFAULT NULL COMMENT '备注1',
  `MEDICAL_FEE` decimal(8,2) DEFAULT '0.00' COMMENT '医疗费用',
  `MEDICAL_ID` int(10) NOT NULL COMMENT '就诊编号',
  `NUMBER` int(11) DEFAULT '0' COMMENT '数量',
  `PRICE` decimal(8,2) DEFAULT '0.00' COMMENT '单价',
  `STATUS` tinyint(4) DEFAULT NULL COMMENT '状态',
  `UPDATE_TIME` datetime DEFAULT NULL COMMENT '修改时间',
  `DRUG_TIMES_ID` int(10) NOT NULL COMMENT '药品批次编号',
  `OP_USER_ID` varchar(36) DEFAULT NULL COMMENT '创建人',
  `EB_TYPE` tinyint(4) DEFAULT NULL COMMENT '医保类型: 1甲2乙3丙',
  PRIMARY KEY (`ID`),
  KEY `FK_cc3hukfk8jsod6malkogne6ia` (`DRUG_TIMES_ID`),
  KEY `FK_slxssdwt4rogf7aetq6n93t0w` (`OP_USER_ID`),
  CONSTRAINT `FK_cc3hukfk8jsod6malkogne6ia` FOREIGN KEY (`DRUG_TIMES_ID`) REFERENCES `drug_times` (`ID`),
  CONSTRAINT `FK_slxssdwt4rogf7aetq6n93t0w` FOREIGN KEY (`OP_USER_ID`) REFERENCES `syuser` (`ID`)
) ENGINE=InnoDB DEFAULT CHARSET=utf8;

/*Data for the table `emp_drug_use_record` */

insert  into `emp_drug_use_record`(`ID`,`CREATE_TIME`,`EXT1`,`MEDICAL_FEE`,`MEDICAL_ID`,`NUMBER`,`PRICE`,`STATUS`,`UPDATE_TIME`,`DRUG_TIMES_ID`,`OP_USER_ID`,`EB_TYPE`) values (24,'2014-02-09 07:35:29','','1.00',36,1,'1.00',0,'2014-02-09 07:35:29',50,'0',12),(25,'2014-02-09 07:45:51','','1.00',35,1,'1.00',0,'2014-02-09 07:45:51',51,'0',11),(26,'2014-02-09 07:54:34','','1.00',37,1,'1.00',0,'2014-02-09 07:54:34',51,'0',11),(27,'2014-02-09 07:56:31','','1.00',33,1,'1.00',0,'2014-02-09 07:56:31',51,'0',11),(28,'2014-02-12 10:57:57','','1.00',39,1,'1.00',0,'2014-02-12 10:57:57',50,'0',11);

/*Table structure for table `emp_epidemic_record` */

DROP TABLE IF EXISTS `emp_epidemic_record`;

CREATE TABLE `emp_epidemic_record` (
  `ID` int(10) NOT NULL COMMENT '流行病编号',
  `BACK_DATE` datetime DEFAULT NULL COMMENT '返回时间',
  `CONFIRM_DATE` datetime DEFAULT NULL COMMENT '确诊时间',
  `CREATE_TIME` datetime DEFAULT NULL COMMENT '创建时间',
  `END_TIME` datetime DEFAULT NULL COMMENT '结束时间',
  `EXT1` varchar(200) DEFAULT NULL COMMENT '备注1',
  `ILL_TYPE` int(10) NOT NULL COMMENT '流行病类型',
  `OP_USER_ID` varchar(36) DEFAULT '0' COMMENT '创建人',
  `START_TIME` datetime DEFAULT NULL COMMENT '开始时间',
  `STATUS` tinyint(4) DEFAULT NULL COMMENT '状态',
  `SUSPECTED` tinyint(4) DEFAULT NULL COMMENT '1 疑似 2 确诊',
  `UPDATE_TIME` datetime DEFAULT NULL COMMENT '修改时间',
  `USER_ID` int(10) DEFAULT NULL COMMENT '员工编号',
  PRIMARY KEY (`ID`),
  KEY `FK_n2d50n56p6v9kps6ddk7xy6p7` (`USER_ID`),
  CONSTRAINT `FK_n2d50n56p6v9kps6ddk7xy6p7` FOREIGN KEY (`USER_ID`) REFERENCES `cust_user` (`USER_ID`)
) ENGINE=InnoDB DEFAULT CHARSET=utf8;

/*Data for the table `emp_epidemic_record` */

insert  into `emp_epidemic_record`(`ID`,`BACK_DATE`,`CONFIRM_DATE`,`CREATE_TIME`,`END_TIME`,`EXT1`,`ILL_TYPE`,`OP_USER_ID`,`START_TIME`,`STATUS`,`SUSPECTED`,`UPDATE_TIME`,`USER_ID`) values (9,NULL,'2014-01-17 16:53:55','2014-01-17 16:53:56',NULL,NULL,10111101,'0',NULL,0,1,'2014-01-17 16:53:56',8),(10,NULL,'2014-01-20 08:42:36','2014-01-20 08:42:36',NULL,NULL,10111101,'0',NULL,0,1,'2014-01-20 08:42:36',2),(11,NULL,'2014-01-20 08:43:10','2014-01-20 08:43:10',NULL,NULL,10111101,'0',NULL,0,1,'2014-01-20 08:43:10',2),(12,NULL,NULL,'2014-01-20 08:45:16','2014-01-20 08:45:02','asdfasdfdf',10111102,NULL,'2014-01-21 08:44:59',0,1,'2014-01-20 08:45:16',2),(13,NULL,'2014-02-09 03:01:16','2014-02-09 03:01:16',NULL,NULL,10111103,'0',NULL,0,1,'2014-02-09 03:01:16',768),(14,NULL,'2014-02-09 05:00:01','2014-02-09 05:00:01',NULL,NULL,10111102,'0',NULL,0,1,'2014-02-09 05:00:01',2),(15,NULL,'2014-02-09 05:00:08','2014-02-09 05:00:08',NULL,NULL,10111102,'0',NULL,0,1,'2014-02-09 05:00:08',2),(16,NULL,'2014-02-09 05:00:17','2014-02-09 05:00:17',NULL,NULL,10111102,'0',NULL,0,1,'2014-02-09 05:00:17',2),(17,NULL,'2014-02-09 05:10:23','2014-02-09 05:10:52',NULL,NULL,10111103,NULL,NULL,0,2,'2014-02-09 05:10:52',768);

/*Table structure for table `emp_his` */

DROP TABLE IF EXISTS `emp_his`;

CREATE TABLE `emp_his` (
  `HIS_ID` int(10) NOT NULL COMMENT '就诊编号',
  `CREATE_TIME` datetime DEFAULT NULL COMMENT '创建时间',
  `END_TIME` datetime DEFAULT NULL COMMENT '结束时间',
  `EXT1` varchar(200) DEFAULT NULL COMMENT '备注1',
  `HARMFUL` varchar(100) DEFAULT NULL COMMENT '有害因素',
  `OP_USER_ID` varchar(36) DEFAULT '0' COMMENT '创建人',
  `PROTECT` varchar(100) DEFAULT NULL COMMENT '防护措施',
  `START_TIME` datetime DEFAULT NULL COMMENT '开始时间',
  `STATUS` tinyint(4) DEFAULT NULL COMMENT '状态',
  `UPDATE_TIME` datetime DEFAULT NULL COMMENT '修改时间',
  `WORK_COMP` varchar(50) DEFAULT NULL COMMENT '工作单位',
  `WORK_SHOP` varchar(100) DEFAULT NULL COMMENT '车间',
  `WORK_TYPE` int(8) NOT NULL COMMENT '工种',
  `USER_ID` varchar(36) DEFAULT NULL COMMENT '用户编号',
  PRIMARY KEY (`HIS_ID`),
  KEY `FK_695rcx6dyrqcpdkyyv9k8jrm0` (`USER_ID`),
  CONSTRAINT `FK_695rcx6dyrqcpdkyyv9k8jrm0` FOREIGN KEY (`USER_ID`) REFERENCES `syuser` (`ID`)
) ENGINE=InnoDB DEFAULT CHARSET=utf8;

/*Data for the table `emp_his` */

insert  into `emp_his`(`HIS_ID`,`CREATE_TIME`,`END_TIME`,`EXT1`,`HARMFUL`,`OP_USER_ID`,`PROTECT`,`START_TIME`,`STATUS`,`UPDATE_TIME`,`WORK_COMP`,`WORK_SHOP`,`WORK_TYPE`,`USER_ID`) values (3,'2014-01-09 16:44:10',NULL,'asd','asd','0','asd','2014-01-09 16:44:05',0,'2014-01-09 16:44:10','ddd','ad',3,'2'),(4,'2014-01-09 17:39:15','2014-01-10 17:39:12','ss','s',NULL,'ss','2014-01-09 17:39:10',0,'2014-01-09 17:39:15','ssss','sss',2,'2'),(5,'2014-01-09 17:37:15',NULL,'dddd','dddd','0','dd',NULL,0,'2014-01-09 17:37:15','sdddd','dd',2,'4'),(6,'2014-01-09 17:43:45','2014-01-10 17:42:47','阿斯顿发','大是大非',NULL,'爱的阿斯顿发','2014-01-09 17:42:46',0,'2014-01-09 17:43:45','上的动点','点点滴滴',5,'4');

/*Table structure for table `emp_ill_his` */

DROP TABLE IF EXISTS `emp_ill_his`;

CREATE TABLE `emp_ill_his` (
  `ID` int(10) NOT NULL COMMENT '序号',
  `CREATE_TIME` datetime DEFAULT NULL COMMENT '创建时间',
  `EXT1` varchar(200) DEFAULT NULL COMMENT '备注1',
  `JWBS_CONTENT` varchar(500) DEFAULT NULL COMMENT '既往病史',
  `JZ_CONTENT` varchar(500) DEFAULT NULL COMMENT '家族史',
  `OP_USER_ID` varchar(36) DEFAULT '0' COMMENT '创建人',
  `STATUS` tinyint(4) DEFAULT NULL COMMENT '状态',
  `SYS_CONTENT` varchar(500) DEFAULT NULL COMMENT '生育史',
  `UPDATE_TIME` datetime DEFAULT NULL COMMENT '修改时间',
  `USER_ID` varchar(36) DEFAULT NULL COMMENT '用户编号',
  PRIMARY KEY (`ID`),
  KEY `FK_ht3myw7cqaxv66afmee5hksi8` (`USER_ID`),
  CONSTRAINT `FK_ht3myw7cqaxv66afmee5hksi8` FOREIGN KEY (`USER_ID`) REFERENCES `syuser` (`ID`)
) ENGINE=InnoDB DEFAULT CHARSET=utf8;

/*Data for the table `emp_ill_his` */

insert  into `emp_ill_his`(`ID`,`CREATE_TIME`,`EXT1`,`JWBS_CONTENT`,`JZ_CONTENT`,`OP_USER_ID`,`STATUS`,`SYS_CONTENT`,`UPDATE_TIME`,`USER_ID`) values (2,'2014-01-09 17:29:50','asdf','asdf','asdf',NULL,99,'asdf888888','2014-01-09 17:29:50','4'),(3,'2014-01-10 01:47:40','tttt','ttt','tt',NULL,0,'生育史 	生育史 	生育史 	生育史 	生育史 	生育史 	生育史 	生育史 	生育史 	','2014-01-10 01:47:40','4');

/*Table structure for table `emp_jiaban_record` */

DROP TABLE IF EXISTS `emp_jiaban_record`;

CREATE TABLE `emp_jiaban_record` (
  `ID` int(10) NOT NULL AUTO_INCREMENT COMMENT '编号',
  `CREATE_TIME` datetime DEFAULT NULL COMMENT '创建时间',
  `END_TIME` datetime NOT NULL COMMENT '结束时间',
  `EXT1` varchar(200) DEFAULT NULL COMMENT '备注1',
  `IS_LEAVE` tinyint(4) DEFAULT NULL COMMENT '是否请假 0 没有请假 1 请假',
  `OP_ORDER` varchar(20) NOT NULL COMMENT '操作流水号',
  `OP_USER_ID` varchar(36) DEFAULT '0' COMMENT '创建人',
  `PHY_ADDR` varchar(20) DEFAULT NULL COMMENT '员工绑定的物理地址',
  `REAL_TIME` int(11) NOT NULL DEFAULT '0' COMMENT '加班审批时间数',
  `REQUIRED_TIME` int(11) NOT NULL COMMENT '加班申请时间数',
  `START_TIME` datetime NOT NULL COMMENT '开始时间',
  `STATUS` tinyint(4) DEFAULT NULL COMMENT '状态',
  `SUB_TYPE` int(8) NOT NULL DEFAULT '1' COMMENT ' 1 加班 2 请假',
  `TYPE` tinyint(4) NOT NULL DEFAULT '1' COMMENT ' 1 加班 2 请假',
  `UPDATE_TIME` datetime DEFAULT NULL COMMENT '修改时间',
  `YYYYMMDD` varchar(10) NOT NULL COMMENT '考勤日期',
  `USER_ID` varchar(36) DEFAULT NULL COMMENT '用户编号',
  `OP_RESULT` tinyint(4) DEFAULT '0' COMMENT '加班（定性：0 未使用；1已调休；2费用结算） ',
  `UNIT` int(8) NOT NULL COMMENT '单位',
  PRIMARY KEY (`ID`),
  KEY `FK_o0snpubw0md3hwpxb6u1gs407` (`USER_ID`),
  CONSTRAINT `FK_o0snpubw0md3hwpxb6u1gs407` FOREIGN KEY (`USER_ID`) REFERENCES `syuser` (`ID`)
) ENGINE=InnoDB AUTO_INCREMENT=338 DEFAULT CHARSET=utf8;

/*Data for the table `emp_jiaban_record` */

insert  into `emp_jiaban_record`(`ID`,`CREATE_TIME`,`END_TIME`,`EXT1`,`IS_LEAVE`,`OP_ORDER`,`OP_USER_ID`,`PHY_ADDR`,`REAL_TIME`,`REQUIRED_TIME`,`START_TIME`,`STATUS`,`SUB_TYPE`,`TYPE`,`UPDATE_TIME`,`YYYYMMDD`,`USER_ID`,`OP_RESULT`,`UNIT`) values (53,'2014-01-26 03:31:53','2014-01-14 17:26:52','20',0,'201401140000000012',NULL,'本地',0,2,'2014-01-14 17:26:34',0,10109101,1,'2014-01-26 03:31:53','20140114','0',0,0),(55,'2014-01-15 20:24:11','2014-01-14 08:26:52','2222',0,'201401140000000054',NULL,'127.0.0.1',0,2,'2014-01-14 17:26:34',0,10109102,1,'2014-01-15 20:24:11','20140114','0',0,0),(56,'2014-01-26 03:31:43','2014-01-15 04:56:16','撒旦法撒旦法',0,'201401150000000056',NULL,'本地',0,3,'2014-01-15 04:56:13',0,10109101,1,'2014-01-26 03:31:43','20140115','0',0,0),(57,'2014-01-15 19:34:34','2014-01-16 18:22:28','22',0,'201401150000000057',NULL,'127.0.0.1',0,2,'2014-01-15 18:22:26',0,10109101,1,'2014-01-15 19:34:34','20140115','0',0,0),(58,'2014-01-15 20:14:21','2014-01-15 18:24:05',NULL,0,'201401150000000058',NULL,'127.0.0.1',0,1,'2014-01-16 18:24:01',0,10110101,2,'2014-01-15 20:14:21','20140115','0',0,0),(59,'2014-01-15 19:46:38','2014-01-16 19:46:33',NULL,0,'201401150000000059','0','127.0.0.1',0,2,'2014-01-15 19:46:31',0,10109101,1,'2014-01-15 19:46:38','20140115','0',0,0),(60,'2014-01-15 22:10:35','2014-01-15 21:42:24',NULL,0,'201401150000000060','0','127.0.0.1',0,0,'2014-01-01 12:39:35',1,10110101,2,'2014-01-15 22:10:35','20140115','0',0,0),(61,'2014-01-15 21:43:15','2014-01-15 21:43:12',NULL,0,'201401150000000061','0','127.0.0.1',0,2,'2014-01-01 12:39:35',0,10110101,2,'2014-01-15 21:43:15','20140115','0',0,0),(62,'2014-01-15 23:05:56','2014-01-14 17:26:52','的萨芬',0,'201401150000000062','0','127.0.0.1',4,4,'2014-01-14 17:26:34',2,10109102,1,'2014-01-15 23:05:56','20140114','0',1,0),(63,'2014-01-15 21:52:41','2014-01-14 17:26:52',NULL,0,'201401150000000063','0','127.0.0.1',0,2,'2014-01-14 17:26:34',0,10109101,1,'2014-01-15 21:52:41','20140114','0',0,0),(169,'2014-01-17 10:34:55','2014-01-17 10:33:06',NULL,0,'201401170000000064','0','本地',2,2,'2014-01-17 10:32:50',99,10109101,1,'2014-01-17 10:34:55','20140117','0',0,0),(170,'2014-01-17 10:38:55','2014-01-17 10:38:50',NULL,0,'201401170000000170','0','本地',0,4,'2014-01-17 10:38:49',0,10109102,1,'2014-01-17 10:38:55','20140117','0',0,0),(171,'2014-01-17 10:40:08','2014-01-18 10:40:05',NULL,0,'201401170000000171','0','本地',0,3,'2014-01-17 10:40:03',0,10110101,2,'2014-01-17 10:40:08','20140117','0',0,0),(172,'2014-01-17 10:40:47','2014-01-17 10:40:31',NULL,0,'201401170000000172','0','本地',0,1,'2014-01-17 10:40:29',0,10109101,1,'2014-01-17 10:40:47','20140117','0',0,0),(173,'2014-01-17 10:48:37','2014-01-17 21:47:41',NULL,0,'201401170000000173','0','本地',0,2,'2014-01-17 10:47:18',0,10109101,1,'2014-01-17 10:48:37','20140117','0',0,0),(333,'2014-01-26 03:31:29','2014-01-25 01:11:14','阿斯顿发士大夫',0,'201401250000000174',NULL,'本地',0,0,'2014-01-25 10:47:18',0,10109101,1,'2014-01-26 03:31:29','20140125','0',0,0),(334,'2014-01-25 02:04:24','2014-01-25 01:45:40',NULL,0,'201401250000000334','0','本地',0,0,'2014-01-25 01:45:28',0,10109101,1,'2014-01-25 02:04:24','20140125','0',0,0),(335,'2014-01-25 19:01:04','2014-01-25 01:45:40',NULL,0,'201401250000000335','0','本地',0,0,'2014-01-25 01:45:28',1,10109101,1,'2014-01-25 19:01:04','20140125','0',0,0),(336,'2014-01-26 03:13:26','2014-01-27 03:13:16','1',0,'201401260000000336','0','本地',0,1,'2014-01-26 03:13:14',0,10110101,2,'2014-01-26 03:13:26','20140126','0',0,0),(337,'2014-01-26 03:13:44','2014-01-27 03:13:37','1111',0,'201401260000000337','0','本地',0,1,'2014-01-26 03:13:35',0,10110102,2,'2014-01-26 03:13:44','20140126','0',0,0);

/*Table structure for table `emp_jiaban_record_detail` */

DROP TABLE IF EXISTS `emp_jiaban_record_detail`;

CREATE TABLE `emp_jiaban_record_detail` (
  `ID` int(10) NOT NULL COMMENT '编号',
  `CREATE_TIME` datetime DEFAULT NULL COMMENT '创建时间',
  `EXT1` varchar(200) DEFAULT NULL COMMENT '备注1',
  `NEW_STATUS` tinyint(4) DEFAULT NULL COMMENT '新状态',
  `OP_ORDER` varchar(20) NOT NULL COMMENT '操作流水号',
  `OP_USER_ID` varchar(36) DEFAULT '0' COMMENT '创建人',
  `PHY_ADDR` varchar(20) DEFAULT NULL COMMENT '员工绑定的物理地址',
  `REASON` varchar(200) DEFAULT NULL COMMENT '原因',
  `STATUS` tinyint(4) DEFAULT NULL COMMENT '状态',
  `UPDATE_TIME` datetime DEFAULT NULL COMMENT '修改时间',
  `USER_ID` varchar(36) DEFAULT NULL COMMENT '用户编号',
  PRIMARY KEY (`ID`),
  KEY `FK_jqvlisymspxai5uu88ajldt2w` (`USER_ID`),
  CONSTRAINT `FK_jqvlisymspxai5uu88ajldt2w` FOREIGN KEY (`USER_ID`) REFERENCES `syuser` (`ID`)
) ENGINE=InnoDB DEFAULT CHARSET=utf8;

/*Data for the table `emp_jiaban_record_detail` */

insert  into `emp_jiaban_record_detail`(`ID`,`CREATE_TIME`,`EXT1`,`NEW_STATUS`,`OP_ORDER`,`OP_USER_ID`,`PHY_ADDR`,`REASON`,`STATUS`,`UPDATE_TIME`,`USER_ID`) values (2,'2014-01-15 01:09:21',NULL,1,'201401140000000012','0','127.0.0.1','null',0,'2014-01-15 01:09:21',NULL),(3,'2014-01-15 01:09:29',NULL,1,'201401140000000012','0','127.0.0.1','null',0,'2014-01-15 01:09:29',NULL),(4,'2014-01-15 01:19:00',NULL,1,'201401140000000012','0','127.0.0.1','null',0,'2014-01-15 01:19:00',NULL),(5,'2014-01-15 02:39:11',NULL,1,'201401140000000054','0','127.0.0.1','null',0,'2014-01-15 02:39:11',NULL),(6,'2014-01-15 04:07:53',NULL,-1,'201401140000000012','0','127.0.0.1','null',0,'2014-01-15 04:07:53',NULL),(7,'2014-01-15 04:09:04',NULL,-1,'201401140000000012','0','127.0.0.1','null',0,'2014-01-15 04:09:04',NULL),(8,'2014-01-15 04:09:12',NULL,-1,'201401140000000012','0','127.0.0.1','null',0,'2014-01-15 04:09:12',NULL),(9,'2014-01-15 04:09:24',NULL,1,'201401140000000012','0','127.0.0.1','null',0,'2014-01-15 04:09:24',NULL),(10,'2014-01-15 04:09:32',NULL,2,'201401140000000012','0','127.0.0.1','null',0,'2014-01-15 04:09:32',NULL),(11,'2014-01-15 04:10:20',NULL,-1,'201401140000000012','0','127.0.0.1','null',0,'2014-01-15 04:10:20',NULL),(12,'2014-01-15 04:10:52',NULL,-1,'201401140000000012','0','127.0.0.1','null',0,'2014-01-15 04:10:52',NULL),(13,'2014-01-15 04:10:56',NULL,-1,'201401140000000012','0','127.0.0.1','null',0,'2014-01-15 04:10:56',NULL),(14,'2014-01-15 04:11:35',NULL,1,'201401140000000012','0','127.0.0.1','null',0,'2014-01-15 04:11:35',NULL),(15,'2014-01-15 04:15:11',NULL,3,'201401140000000012','0','127.0.0.1','null',0,'2014-01-15 04:15:11',NULL),(16,'2014-01-15 04:15:39',NULL,1,'201401140000000012','0','127.0.0.1','null',0,'2014-01-15 04:15:39',NULL),(17,'2014-01-15 04:16:55',NULL,3,'201401140000000012','0','127.0.0.1','null',0,'2014-01-15 04:16:55',NULL),(18,'2014-01-15 04:17:32',NULL,2,'201401140000000054','0','127.0.0.1','null',0,'2014-01-15 04:17:32',NULL),(19,'2014-01-15 04:32:51',NULL,1,'201401140000000012','0','127.0.0.1','null',0,'2014-01-15 04:32:51',NULL),(20,'2014-01-15 04:33:22',NULL,3,'201401140000000012','0','127.0.0.1','独代',0,'2014-01-15 04:33:22',NULL),(21,'2014-01-15 04:35:54',NULL,1,'201401140000000012','0','127.0.0.1','null',0,'2014-01-15 04:35:54',NULL),(22,'2014-01-15 04:36:04',NULL,3,'201401140000000012','0','127.0.0.1','55',0,'2014-01-15 04:36:04','0'),(23,'2014-01-15 04:39:17',NULL,1,'201401140000000054','0','127.0.0.1','null',1,'2014-01-15 04:39:17',NULL),(24,'2014-01-15 04:39:37',NULL,3,'201401140000000054','0','127.0.0.1','啊发生的',3,'2014-01-15 04:39:37','0'),(25,'2014-01-15 04:41:06',NULL,1,'201401140000000054','0','127.0.0.1','null',1,'2014-01-15 04:41:06',NULL),(26,'2014-01-15 04:42:22',NULL,2,'201401140000000054','0','127.0.0.1','null',1,'2014-01-15 04:42:22',NULL),(27,'2014-01-15 04:43:07',NULL,1,'201401140000000012','0','127.0.0.1','null',3,'2014-01-15 04:43:07',NULL),(28,'2014-01-15 04:43:43',NULL,2,'201401140000000012','0','127.0.0.1','null',1,'2014-01-15 04:43:43',NULL),(29,'2014-01-15 04:56:40',NULL,1,'201401150000000056','0','127.0.0.1','null',0,'2014-01-15 04:56:40',NULL),(30,'2014-01-15 04:56:56',NULL,2,'201401150000000056','0','127.0.0.1','null',1,'2014-01-15 04:56:56',NULL),(31,'2014-01-15 18:26:51',NULL,1,'201401150000000058','0','127.0.0.1','null',0,'2014-01-15 18:26:51',NULL),(32,'2014-01-15 20:13:55',NULL,3,'201401150000000058','0','127.0.0.1','null',1,'2014-01-15 20:13:55','0'),(33,'2014-01-15 21:42:26',NULL,0,'201401150000000060','0','127.0.0.1','',0,'2014-01-15 21:42:26',NULL),(34,'2014-01-15 21:43:15',NULL,0,'201401150000000061','0','127.0.0.1','',0,'2014-01-15 21:43:15',NULL),(35,'2014-01-15 21:46:15',NULL,0,'201401150000000062','0','127.0.0.1','',0,'2014-01-15 21:46:15',NULL),(36,'2014-01-15 21:46:41',NULL,1,'201401150000000062','0','127.0.0.1','null',0,'2014-01-15 21:46:41',NULL),(38,'2014-01-15 21:47:41',NULL,2,'201401150000000062','0','127.0.0.1','null',1,'2014-01-15 21:47:41',NULL),(39,'2014-01-15 21:49:29',NULL,2,'201401150000000062','0','127.0.0.1','null',1,'2014-01-15 21:49:29',NULL),(40,'2014-01-15 21:50:57',NULL,2,'201401150000000062','0','127.0.0.1','null',1,'2014-01-15 21:50:57',NULL),(41,'2014-01-15 21:52:41',NULL,0,'201401150000000063','0','127.0.0.1','',0,'2014-01-15 21:52:41',NULL),(42,'2014-01-15 21:59:49',NULL,2,'201401150000000062','0','127.0.0.1','null',1,'2014-01-15 21:59:49',NULL),(43,'2014-01-15 22:01:25',NULL,2,'201401150000000062','0','127.0.0.1','null',1,'2014-01-15 22:01:25',NULL),(44,'2014-01-15 22:03:11',NULL,2,'201401150000000062','0','127.0.0.1','null',1,'2014-01-15 22:03:11',NULL),(45,'2014-01-15 22:10:35',NULL,1,'201401150000000060','0','127.0.0.1','null',0,'2014-01-15 22:10:35',NULL),(46,'2014-01-15 23:04:13',NULL,2,'201401150000000062','0','127.0.0.1','null',2,'2014-01-15 23:04:13',NULL),(47,'2014-01-15 23:04:21',NULL,2,'201401150000000062','0','127.0.0.1','null',2,'2014-01-15 23:04:21',NULL),(48,'2014-01-15 23:05:20',NULL,2,'201401150000000062','0','127.0.0.1','null',2,'2014-01-15 23:05:20',NULL),(49,'2014-01-15 23:05:57',NULL,2,'201401150000000062','0','127.0.0.1','null',2,'2014-01-15 23:05:57',NULL),(50,'2014-01-17 10:33:18',NULL,0,'201401170000000064','0','本地','',0,'2014-01-17 10:33:18',NULL),(51,'2014-01-17 10:34:03',NULL,1,'201401170000000064','0','本地','null',0,'2014-01-17 10:34:03',NULL),(52,'2014-01-17 10:34:55',NULL,2,'201401170000000064','0','本地','null',1,'2014-01-17 10:34:55',NULL),(53,'2014-01-17 10:38:55',NULL,0,'201401170000000170','0','本地','',0,'2014-01-17 10:38:55',NULL),(54,'2014-01-17 10:40:08',NULL,0,'201401170000000171','0','本地','',0,'2014-01-17 10:40:08',NULL),(55,'2014-01-17 10:40:47',NULL,0,'201401170000000172','0','本地','',0,'2014-01-17 10:40:47',NULL),(56,'2014-01-17 10:48:37',NULL,0,'201401170000000173','0','本地','',0,'2014-01-17 10:48:37',NULL),(57,'2014-01-25 01:11:23',NULL,0,'201401250000000174','0','本地','',0,'2014-01-25 01:11:23',NULL),(58,'2014-01-25 02:04:24',NULL,0,'201401250000000334','0','本地','',0,'2014-01-25 02:04:24',NULL),(59,'2014-01-25 02:04:37',NULL,0,'201401250000000335','0','本地','',0,'2014-01-25 02:04:37',NULL),(60,'2014-01-25 19:01:04',NULL,1,'201401250000000335','0','本地','null',0,'2014-01-25 19:01:04',NULL),(61,'2014-01-26 03:13:26',NULL,0,'201401260000000336','0','本地','',0,'2014-01-26 03:13:26',NULL),(62,'2014-01-26 03:13:44',NULL,0,'201401260000000337','0','本地','',0,'2014-01-26 03:13:44',NULL);

/*Table structure for table `emp_medical_detail` */

DROP TABLE IF EXISTS `emp_medical_detail`;

CREATE TABLE `emp_medical_detail` (
  `ID` int(10) NOT NULL AUTO_INCREMENT COMMENT '序号',
  `ACCEPT_REPORT_TIME` datetime DEFAULT NULL COMMENT '复查接收报告时间',
  `APPOINTMENT` varchar(50) DEFAULT NULL COMMENT '体检预约人',
  `CREATE_TIME` datetime DEFAULT NULL COMMENT '创建时间',
  `EXPECT_REPORT_TIME` datetime DEFAULT NULL COMMENT '预计出报告时间',
  `EXT1` varchar(200) DEFAULT NULL COMMENT '备注1',
  `HAS_CHECK` tinyint(4) DEFAULT NULL COMMENT '是否已参检 1 参检， 2 没有参检',
  `IS_INDUCTION` tinyint(4) DEFAULT NULL COMMENT '是否可以入职 1 可以入职 2 不可以入职',
  `IS_INDUCTION_EXT` varchar(100) DEFAULT NULL COMMENT '是否可以入职的建议文字',
  `MEDICAL_CHECK_TIME` datetime DEFAULT NULL COMMENT '复查体检开始日期',
  `MEDICAL_PROJECT` varchar(200) NOT NULL COMMENT '体检项目',
  `MEDICAL_RESULT` varchar(50) DEFAULT NULL COMMENT '体检结果',
  `MEDICAL_TIME` date DEFAULT NULL COMMENT '体检日期',
  `MEDICAL_TYPE` int(10) NOT NULL DEFAULT '0' COMMENT '体检性质',
  `MEDOCA_CONCLUSION` varchar(50) DEFAULT NULL COMMENT '检查结论',
  `MEDOCA_CONCLUSION_OP` varchar(50) DEFAULT NULL COMMENT '结论确定者',
  `OFF_TIME` datetime DEFAULT NULL COMMENT '离职时间',
  `OP_ORDER` varchar(20) NOT NULL COMMENT '操作流水号',
  `OP_USER_ID` varchar(36) DEFAULT '0' COMMENT '创建人',
  `REAL_REPORT_TIME` datetime DEFAULT NULL COMMENT '实际出报告时间',
  `REPORT_FAX` varchar(50) DEFAULT NULL COMMENT '报告传真签收情况',
  `REVIEW_CONCLUSION` varchar(50) DEFAULT NULL COMMENT '复查结论',
  `REVIEW_CONCLUSION_OP` varchar(50) DEFAULT NULL COMMENT '复查结论确定者',
  `REVIEW_RESULT` varchar(50) DEFAULT NULL COMMENT '复查结果',
  `STATUS` tinyint(4) NOT NULL DEFAULT '0' COMMENT '状态 0 正常状态 1 删除状态',
  `UPDATE_TIME` datetime DEFAULT NULL COMMENT '修改时间',
  `WHETHER_OFF` tinyint(4) DEFAULT NULL COMMENT '是否至医务室办离职手续 1 可以办理手续 2 不能办理离职手续',
  `USER_ID` int(10) NOT NULL COMMENT '员工编号',
  `TEMPLATE_ID` int(10) NOT NULL COMMENT '体检报告编号',
  `MEDICAL_BASE_TYPE` int(10) NOT NULL DEFAULT '0' COMMENT '基本类型 0 一般体检 1 复查体检； 复查支持多次检查',
  `P_ID` int(8) DEFAULT NULL COMMENT '上级属性编号',
  PRIMARY KEY (`ID`),
  KEY `FK_pmusy9ba0310q1yai83wgnm` (`USER_ID`),
  KEY `FK_1nejesnwerdsfvwvkoy947nsg` (`TEMPLATE_ID`),
  CONSTRAINT `FK_1nejesnwerdsfvwvkoy947nsg` FOREIGN KEY (`TEMPLATE_ID`) REFERENCES `medical_report_def` (`TEMPLATE_ID`),
  CONSTRAINT `FK_pmusy9ba0310q1yai83wgnm` FOREIGN KEY (`USER_ID`) REFERENCES `cust_user` (`USER_ID`)
) ENGINE=InnoDB AUTO_INCREMENT=518 DEFAULT CHARSET=utf8;

/*Data for the table `emp_medical_detail` */

insert  into `emp_medical_detail`(`ID`,`ACCEPT_REPORT_TIME`,`APPOINTMENT`,`CREATE_TIME`,`EXPECT_REPORT_TIME`,`EXT1`,`HAS_CHECK`,`IS_INDUCTION`,`IS_INDUCTION_EXT`,`MEDICAL_CHECK_TIME`,`MEDICAL_PROJECT`,`MEDICAL_RESULT`,`MEDICAL_TIME`,`MEDICAL_TYPE`,`MEDOCA_CONCLUSION`,`MEDOCA_CONCLUSION_OP`,`OFF_TIME`,`OP_ORDER`,`OP_USER_ID`,`REAL_REPORT_TIME`,`REPORT_FAX`,`REVIEW_CONCLUSION`,`REVIEW_CONCLUSION_OP`,`REVIEW_RESULT`,`STATUS`,`UPDATE_TIME`,`WHETHER_OFF`,`USER_ID`,`TEMPLATE_ID`,`MEDICAL_BASE_TYPE`,`P_ID`) values (3,NULL,'rrr','2014-01-04 15:12:07','2014-01-04 00:00:00','rrrr',1,1,NULL,NULL,'rrrrrrr','rrr','2014-01-04',10104101,'rrrr','rrrr',NULL,'201401040000000001','0','2014-01-06 00:00:00','1','rr','rrr','rrr',0,'2014-01-04 15:12:07',1,2,2,0,NULL),(47,NULL,NULL,'2014-02-10 03:50:53',NULL,NULL,1,1,NULL,NULL,'adsfasfsaf',NULL,'2014-01-10',10104101,NULL,NULL,NULL,'201401100000000004',NULL,NULL,'1',NULL,NULL,NULL,0,'2014-02-10 03:50:53',1,2,5,0,NULL),(513,NULL,NULL,'2014-02-10 03:51:09',NULL,NULL,1,1,NULL,NULL,'ddddd',NULL,'2014-02-10',10104101,NULL,NULL,NULL,'201402090000000048',NULL,NULL,'1',NULL,NULL,NULL,0,'2014-02-10 03:51:09',1,2,2,0,NULL),(514,NULL,NULL,'2014-02-09 10:46:34',NULL,NULL,1,1,NULL,NULL,'sssssssssss',NULL,'2014-02-11',10104101,NULL,NULL,NULL,'201402090000000514','e9cea2d9-3aca-45a7-93c4-267ebd606a68',NULL,'1',NULL,NULL,NULL,0,'2014-02-09 10:46:34',1,2,2,0,NULL),(515,NULL,NULL,'2014-02-09 11:30:41',NULL,NULL,1,1,NULL,NULL,'sssssss',NULL,'2014-02-09',10104101,NULL,NULL,NULL,'201402090000000515','e9cea2d9-3aca-45a7-93c4-267ebd606a68',NULL,'1',NULL,NULL,NULL,0,'2014-02-09 11:30:41',1,2,3,0,NULL),(516,NULL,NULL,'2014-02-10 03:17:52',NULL,NULL,1,1,NULL,NULL,'张三的体检',NULL,'2014-02-10',10104102,NULL,NULL,NULL,'201402100000000516','e9cea2d9-3aca-45a7-93c4-267ebd606a68',NULL,'1',NULL,NULL,NULL,0,'2014-02-10 03:17:52',1,2,4,0,NULL),(517,NULL,NULL,'2014-02-10 03:31:45',NULL,NULL,1,1,NULL,NULL,'独代',NULL,'2014-02-10',10104101,NULL,NULL,NULL,'201402100000000517','e9cea2d9-3aca-45a7-93c4-267ebd606a68',NULL,'1',NULL,NULL,NULL,0,'2014-02-10 03:31:45',1,895,2,0,NULL);

/*Table structure for table `emp_sick_leave_record` */

DROP TABLE IF EXISTS `emp_sick_leave_record`;

CREATE TABLE `emp_sick_leave_record` (
  `ID` int(10) NOT NULL COMMENT '编号',
  `CREATE_TIME` datetime DEFAULT NULL COMMENT '创建时间',
  `EXT1` varchar(200) DEFAULT NULL COMMENT '备注1',
  `HOSPITAL` varchar(40) NOT NULL COMMENT '就诊医院',
  `NUMBER` int(11) NOT NULL COMMENT '数量',
  `OP_USER_ID` varchar(36) DEFAULT NULL COMMENT '创建人',
  `REASON` varchar(40) NOT NULL COMMENT '病因',
  `SICK_END_DATE` datetime NOT NULL COMMENT '病假结束时间',
  `SICK_START_DATE` datetime NOT NULL COMMENT '病假开始时间',
  `SICK_YM` varchar(10) NOT NULL COMMENT '病假年月',
  `STATUS` tinyint(4) DEFAULT NULL COMMENT '状态',
  `TOTAL` varchar(40) NOT NULL COMMENT '汇总',
  `TYPE` int(10) DEFAULT '0' COMMENT '类别',
  `UNIT` varchar(40) NOT NULL COMMENT '单位',
  `UPDATE_TIME` datetime DEFAULT NULL COMMENT '修改时间',
  `USER_ID` varchar(36) NOT NULL COMMENT '账户id',
  PRIMARY KEY (`ID`),
  KEY `FK_iwmjk3wjev4sc5grg8tftufe4` (`USER_ID`),
  CONSTRAINT `FK_iwmjk3wjev4sc5grg8tftufe4` FOREIGN KEY (`USER_ID`) REFERENCES `syuser` (`ID`)
) ENGINE=InnoDB DEFAULT CHARSET=utf8;

/*Data for the table `emp_sick_leave_record` */

insert  into `emp_sick_leave_record`(`ID`,`CREATE_TIME`,`EXT1`,`HOSPITAL`,`NUMBER`,`OP_USER_ID`,`REASON`,`SICK_END_DATE`,`SICK_START_DATE`,`SICK_YM`,`STATUS`,`TOTAL`,`TYPE`,`UNIT`,`UPDATE_TIME`,`USER_ID`) values (12,'2014-01-03 01:59:26','3333','10107101',3,NULL,'ddd7dddddddddddddddddddddddddd','2014-01-03 17:40:26','2014-01-02 17:40:00','2014-01-02',99,'3',10106101,'10108101','2014-01-03 01:59:26','2'),(13,'2014-01-10 12:11:21','2222222','10107106',22222,'0','asdfsadfsdf','2014-01-11 12:11:07','2014-01-10 12:10:59','2014-01-09',0,'ddddd',10106102,'10108102','2014-01-10 12:11:21','2');

/*Table structure for table `generator_table` */

DROP TABLE IF EXISTS `generator_table`;

CREATE TABLE `generator_table` (
  `sequence_name` varchar(255) NOT NULL,
  `next_val` bigint(20) DEFAULT NULL,
  PRIMARY KEY (`sequence_name`)
) ENGINE=InnoDB DEFAULT CHARSET=utf8;

/*Data for the table `generator_table` */

insert  into `generator_table`(`sequence_name`,`next_val`) values ('seq_physical_type_def',3);

/*Table structure for table `hibernate_sequence` */

DROP TABLE IF EXISTS `hibernate_sequence`;

CREATE TABLE `hibernate_sequence` (
  `next_val` bigint(20) DEFAULT NULL
) ENGINE=InnoDB DEFAULT CHARSET=utf8;

/*Data for the table `hibernate_sequence` */

insert  into `hibernate_sequence`(`next_val`) values (533);

/*Table structure for table `imp_cust_user_data` */

DROP TABLE IF EXISTS `imp_cust_user_data`;

CREATE TABLE `imp_cust_user_data` (
  `ID` int(10) NOT NULL COMMENT '编号',
  `CREATE_TIME` datetime DEFAULT NULL COMMENT '创建时间',
  `DATA_LINE` int(11) NOT NULL COMMENT '数据行数',
  `DATA_TYPE` tinyint(4) NOT NULL COMMENT '数据类型',
  `EXT1` varchar(200) DEFAULT NULL COMMENT '备注1',
  `IMP_TIME` datetime NOT NULL COMMENT '导入时间',
  `NEW_FILE_NAME` varchar(100) NOT NULL COMMENT '新文件名称',
  `SRC_FILE_NAME` varchar(100) NOT NULL COMMENT '原文件名',
  `STATUS` tinyint(4) DEFAULT '0' COMMENT '状态',
  `UPDATE_TIME` datetime DEFAULT NULL COMMENT '修改时间',
  `URL` varchar(100) NOT NULL COMMENT '路径',
  `USER_ID` varchar(36) DEFAULT NULL COMMENT '用户编号',
  PRIMARY KEY (`ID`),
  KEY `FK_p1xbg75k64a3w575wmpkfnrrv` (`USER_ID`),
  CONSTRAINT `FK_p1xbg75k64a3w575wmpkfnrrv` FOREIGN KEY (`USER_ID`) REFERENCES `syuser` (`ID`)
) ENGINE=InnoDB DEFAULT CHARSET=utf8;

/*Data for the table `imp_cust_user_data` */

insert  into `imp_cust_user_data`(`ID`,`CREATE_TIME`,`DATA_LINE`,`DATA_TYPE`,`EXT1`,`IMP_TIME`,`NEW_FILE_NAME`,`SRC_FILE_NAME`,`STATUS`,`UPDATE_TIME`,`URL`,`USER_ID`) values (5,'2014-01-27 06:56:24',0,0,NULL,'2014-01-27 06:56:24','/ssheUploadFile/custUserExcel/2014/01/27/f024a02d3dc44c4c92e40ee73cc83c17.xlsx','/ssheUploadFile/custUserExcel/2014/01/27/f024a02d3dc44c4c92e40ee73cc83c17.xlsx',0,'2014-01-27 06:56:24','/ssheUploadFile/custUserExcel/2014/01/27/f024a02d3dc44c4c92e40ee73cc83c17.xlsx','0'),(6,'2014-01-30 12:15:06',0,0,NULL,'2014-01-30 12:15:06','/ssheUploadFile/custUserExcel/2014/01/30/2933bf5003934a079af545fd36c43a96.xlsx','/ssheUploadFile/custUserExcel/2014/01/30/2933bf5003934a079af545fd36c43a96.xlsx',0,'2014-01-30 12:15:06','/ssheUploadFile/custUserExcel/2014/01/30/2933bf5003934a079af545fd36c43a96.xlsx','0'),(7,'2014-01-30 12:42:44',973,0,NULL,'2014-01-30 12:39:15','/ssheUploadFile/custUserExcel/2014/01/30/bb744a7f0c114305a52e14e55cd66e5a.xlsx','12月员工信息.xlsx',0,'2014-01-30 12:42:44','/ssheUploadFile/custUserExcel/2014/01/30/bb744a7f0c114305a52e14e55cd66e5a.xlsx','0');

/*Table structure for table `medical_report_attr` */

DROP TABLE IF EXISTS `medical_report_attr`;

CREATE TABLE `medical_report_attr` (
  `ATTR_ID` int(8) NOT NULL COMMENT '属性编号',
  `ATTR_CANKAO` varchar(100) NOT NULL COMMENT '属性参考值',
  `ATTR_CHECK` int(5) DEFAULT NULL COMMENT '属性检查类型',
  `ATTR_DESC` varchar(300) DEFAULT NULL COMMENT '属性描述',
  `ATTR_KESHI` int(8) DEFAULT NULL COMMENT '所属科室',
  `ATTR_NAME` varchar(100) NOT NULL COMMENT '属性名称',
  `ATTR_UNIT` varchar(100) DEFAULT NULL COMMENT '属性单位',
  `CREATE_TIME` datetime DEFAULT NULL COMMENT '创建时间',
  `EXT1` varchar(200) DEFAULT NULL COMMENT '备注1',
  `IS_INDICATORS` int(8) DEFAULT '0' COMMENT '1 数值属性;描述类型：描述3 类型： 取值范围是类型4 列表： 例如 听力表数据',
  `OP_USER_ID` varchar(36) DEFAULT '0' COMMENT '创建人',
  `UNIT_DATA` varchar(100) DEFAULT NULL COMMENT '属性数值',
  `UPDATE_TIME` datetime DEFAULT NULL COMMENT '修改时间',
  `P_ATTR_ID` int(8) DEFAULT NULL COMMENT '属性编号',
  `TEMPLATE_ID` int(10) NOT NULL COMMENT '体检报告编号',
  `STATUS` tinyint(4) DEFAULT NULL COMMENT '状态',
  `IS_ABNORMAL` int(8) DEFAULT '0' COMMENT '是否异常  正常   异常 参见系统字典中的定义  ',
  PRIMARY KEY (`ATTR_ID`),
  KEY `FK_kqgxo48yqdwsojnm2ghjtjdte` (`P_ATTR_ID`),
  KEY `FK_s5nv1ernwaqy8t394c4jyvn99` (`TEMPLATE_ID`),
  CONSTRAINT `FK_kqgxo48yqdwsojnm2ghjtjdte` FOREIGN KEY (`P_ATTR_ID`) REFERENCES `medical_report_attr` (`ATTR_ID`),
  CONSTRAINT `FK_s5nv1ernwaqy8t394c4jyvn99` FOREIGN KEY (`TEMPLATE_ID`) REFERENCES `medical_report_def` (`TEMPLATE_ID`)
) ENGINE=InnoDB DEFAULT CHARSET=utf8;

/*Data for the table `medical_report_attr` */

insert  into `medical_report_attr`(`ATTR_ID`,`ATTR_CANKAO`,`ATTR_CHECK`,`ATTR_DESC`,`ATTR_KESHI`,`ATTR_NAME`,`ATTR_UNIT`,`CREATE_TIME`,`EXT1`,`IS_INDICATORS`,`OP_USER_ID`,`UNIT_DATA`,`UPDATE_TIME`,`P_ATTR_ID`,`TEMPLATE_ID`,`STATUS`,`IS_ABNORMAL`) values (5,'ddd',10102109,'血常规血常规血常规',10101101,'血常规','10103101','2014-01-04 13:54:33','血常规血常规血常规',10105101,'0',NULL,'2014-01-04 13:54:33',NULL,2,0,0),(7,'3333',10102109,'白细胞',10101101,'白细胞','10103101','2014-01-04 13:59:32','白细胞',10105101,'0',NULL,'2014-01-04 13:59:32',NULL,2,0,0),(8,'11',10102109,'呃呃呃呃',10101102,'白细胞-1','10103101','2014-01-04 14:15:27','呃呃呃',10105101,'0',NULL,'2014-01-04 14:15:27',7,2,0,0),(9,'11',10102101,'11',10101101,'白细胞-11','10103101','2014-01-04 14:17:24','11',10105101,'0',NULL,'2014-01-04 14:17:24',8,2,0,0),(10,'ddd',10102101,'dddd',10101101,'白细胞-111','10103101','2014-01-04 14:22:27',NULL,10105101,'0',NULL,'2014-01-04 14:22:27',9,2,0,0),(11,'dd',10102102,'ddd',10101102,'dddddd','10103101','2014-01-04 14:34:43',NULL,10105103,'0',NULL,'2014-01-04 14:34:43',NULL,2,0,0),(12,'4.0-10.0ml',10102109,'白细胞',10101101,'白细胞','10103101','2014-01-10 12:34:02','白细胞',10105101,'0',NULL,'2014-01-10 12:34:02',11,2,0,0),(13,'10-90ML',10102109,NULL,10101101,'HB','10103101','2014-01-10 12:38:45',NULL,10105101,'0',NULL,'2014-01-10 12:38:45',NULL,5,0,0),(14,'dddddd',10102109,NULL,10101101,'WBC','10103101','2014-01-10 12:46:01',NULL,10105101,'0',NULL,'2014-01-10 12:46:01',NULL,5,0,0),(15,'------',10102105,NULL,10101101,'听力测试数据','10103101','2014-01-10 12:47:32',NULL,10105104,'0',NULL,'2014-01-10 12:47:32',NULL,5,0,0),(16,'100',10102105,NULL,10101101,'100HZ下的数值','10103101','2014-01-10 12:50:06',NULL,10105101,NULL,NULL,'2014-01-10 12:50:06',18,5,0,0),(18,'dddddd',10102105,NULL,10101101,'左耳骨导','10103103','2014-01-10 12:55:44',NULL,10105101,NULL,NULL,'2014-01-10 12:55:44',15,5,0,0),(22,'dddd',10102101,'ddd',10101101,'dddddd','10103102','2014-02-15 11:08:34','dddd',10105101,NULL,NULL,'2014-02-15 11:08:34',NULL,3,0,0),(23,'sssss',10102101,'sss',10101101,'ssssss','10103101','2014-02-09 11:30:08','sssss',10105102,NULL,NULL,'2014-02-09 11:30:08',10,3,0,0),(24,'111111111',10102102,'1111',10101102,'uuuuuu','10103101','2014-02-10 03:09:33','1111111',10105101,'e9cea2d9-3aca-45a7-93c4-267ebd606a68',NULL,'2014-02-10 03:09:33',12,4,0,0);

/*Table structure for table `medical_report_data` */

DROP TABLE IF EXISTS `medical_report_data`;

CREATE TABLE `medical_report_data` (
  `DATA_ID` int(10) NOT NULL COMMENT '体检序号',
  `ATTR_CANKAO` varchar(100) NOT NULL COMMENT '属性参考值',
  `ATTR_CHECK` int(5) DEFAULT NULL COMMENT '属性检查类型',
  `ATTR_DESC` varchar(100) DEFAULT NULL COMMENT '属性提示',
  `ATTR_ID` int(8) NOT NULL COMMENT '属性编号',
  `ATTR_KESHI` int(8) DEFAULT NULL COMMENT '体检科室',
  `ATTR_NAME` varchar(100) NOT NULL COMMENT '属性名称',
  `ATTR_UNIT` varchar(100) DEFAULT NULL COMMENT '属性单位',
  `ATTR_VALUE` varchar(100) DEFAULT NULL COMMENT '属性值',
  `CREATE_TIME` datetime DEFAULT NULL COMMENT '创建时间',
  `EXT1` varchar(200) DEFAULT NULL COMMENT '备注1',
  `IS_INDICATORS` int(8) DEFAULT '0' COMMENT '1 数值属性;描述类型：描述3 类型： 取值范围是类型4 列表： 例如 听力表数据',
  `MEDICAL_TIME` datetime DEFAULT NULL COMMENT '体检日期',
  `MEDICAL_TYPE` int(8) DEFAULT '0' COMMENT '体检性质',
  `OP_ORDER` varchar(20) NOT NULL COMMENT '体检流水号',
  `OP_USER_ID` varchar(36) DEFAULT '0' COMMENT '创建人',
  `UPDATE_TIME` datetime DEFAULT NULL COMMENT '修改时间',
  `USER_ID` int(10) NOT NULL COMMENT '员工编号',
  `P_ATTR_ID` int(8) DEFAULT NULL COMMENT '属性编号',
  `TEMPLATE_ID` int(8) NOT NULL COMMENT '体检报告编号',
  `IS_ABNORMAL` int(8) DEFAULT '0' COMMENT '是否异常  正常   异常 参见系统字典中的定义  ',
  PRIMARY KEY (`DATA_ID`),
  UNIQUE KEY `UK_gyqr82wyle09sl0kwsqa5fmb6` (`ATTR_ID`),
  UNIQUE KEY `UK_4dvx29cqws3snewy7ypx4m39t` (`ATTR_ID`),
  KEY `FK_ckvx6nkayvckf73wyaw89f3ub` (`USER_ID`),
  KEY `FK_hrtsvygf5rqahiqy4wtugnade` (`P_ATTR_ID`),
  KEY `FK_3a0wun19ccxlsxig2gqcda1jb` (`TEMPLATE_ID`),
  CONSTRAINT `FK_3a0wun19ccxlsxig2gqcda1jb` FOREIGN KEY (`TEMPLATE_ID`) REFERENCES `medical_report_def` (`TEMPLATE_ID`),
  CONSTRAINT `FK_ckvx6nkayvckf73wyaw89f3ub` FOREIGN KEY (`USER_ID`) REFERENCES `cust_user` (`USER_ID`)
) ENGINE=InnoDB DEFAULT CHARSET=utf8;

/*Data for the table `medical_report_data` */

insert  into `medical_report_data`(`DATA_ID`,`ATTR_CANKAO`,`ATTR_CHECK`,`ATTR_DESC`,`ATTR_ID`,`ATTR_KESHI`,`ATTR_NAME`,`ATTR_UNIT`,`ATTR_VALUE`,`CREATE_TIME`,`EXT1`,`IS_INDICATORS`,`MEDICAL_TIME`,`MEDICAL_TYPE`,`OP_ORDER`,`OP_USER_ID`,`UPDATE_TIME`,`USER_ID`,`P_ATTR_ID`,`TEMPLATE_ID`,`IS_ABNORMAL`) values (2,'ddd',10102109,'血常规血常规血常规',5,10101101,'血常规','10103101','66','2014-01-04 18:35:33',NULL,10105101,'2014-01-04 00:00:00',10104101,'201401040000000001',NULL,'2014-01-04 18:35:33',2,9,2,0),(3,'3333',10102109,'白细胞',7,10101101,'白细胞','10103101','33','2014-01-04 18:35:07',NULL,10105101,'2014-01-04 00:00:00',10104101,'201401040000000001',NULL,'2014-01-04 18:35:07',2,NULL,2,0),(4,'11',10102109,'呃呃呃呃',8,10101102,'白细胞-1','10103101','33','2014-01-04 18:35:07',NULL,10105101,'2014-01-04 00:00:00',10104101,'201401040000000001',NULL,'2014-01-04 18:35:07',2,7,2,0),(5,'11',10102101,'11',9,10101101,'白细胞-11','10103101','6','2014-01-04 17:28:23',NULL,10105101,'2014-01-04 00:00:00',10104101,'201401040000000001',NULL,'2014-01-04 17:28:23',2,8,2,0),(6,'ddd',10102101,'dddd',10,10101101,'白细胞-111','10103101','6','2014-01-04 17:28:24',NULL,10105101,'2014-01-04 00:00:00',10104101,'201401040000000001',NULL,'2014-01-04 17:28:24',2,9,2,0),(7,'dd',10102102,'ddd',11,10101102,'dddddd','10103101','3','2014-01-04 15:15:26',NULL,10105103,'2014-01-04 00:00:00',10104101,'201401040000000001','0','2014-01-04 15:15:26',2,NULL,2,0),(28,'10-90ML',10102109,'11',13,10101101,'HB','10103101','11','2014-01-10 12:46:32',NULL,10105101,'2014-01-10 00:00:00',10104101,'201401100000000004','0','2014-01-10 12:46:32',2,NULL,5,0),(29,'dddddd',10102109,'11',14,10101101,'WBC','10103101','11','2014-01-10 12:46:32',NULL,10105101,'2014-01-10 00:00:00',10104101,'201401100000000004','0','2014-01-10 12:46:32',2,NULL,5,0),(30,'------',10102105,'',15,10101101,'听力测试数据','10103101','','2014-01-10 12:51:09',NULL,10105104,'2014-01-10 00:00:00',10104101,'201401100000000004','0','2014-01-10 12:51:09',2,NULL,5,0),(31,'dddddd',10102105,'1',18,10101101,'左耳骨导','10103101',NULL,'2014-01-10 12:52:19',NULL,10105101,'2014-01-10 00:00:00',10104101,'201401100000000004',NULL,'2014-01-10 12:52:19',2,15,5,0),(32,'100',10102105,'1',16,10101101,'100HZ下的数值','10103101','35','2014-01-10 12:52:42',NULL,10105101,'2014-01-10 00:00:00',10104101,'201401100000000004',NULL,'2014-01-10 12:52:42',2,18,5,0),(33,'dddd',10102101,'ddd',22,10101101,'dddddd','10103102','1','2014-02-09 12:30:01',NULL,10105101,'2014-02-09 00:00:00',10104101,'201402090000000515',NULL,'2014-02-09 12:30:01',2,NULL,3,0),(34,'sssss',10102101,'sss',23,10101101,'ssssss','10103101','1','2014-02-09 11:35:44',NULL,10105102,'2014-02-09 00:00:00',10104101,'201402090000000515',NULL,'2014-02-09 11:35:44',2,10,3,0),(35,'111111111',10102102,'555555',24,10101102,'uuuuuu','10103101','55','2014-02-10 03:19:12',NULL,10105101,'2014-02-10 00:00:00',10104102,'201402100000000516',NULL,'2014-02-10 03:19:12',2,12,4,0);

/*Table structure for table `medical_report_def` */

DROP TABLE IF EXISTS `medical_report_def`;

CREATE TABLE `medical_report_def` (
  `TEMPLATE_ID` int(8) NOT NULL COMMENT '体检报告编号',
  `BELONG_TO_HISPITAL` varchar(200) DEFAULT NULL COMMENT '所属医院',
  `CREATE_TIME` datetime DEFAULT NULL COMMENT '创建时间',
  `EXT1` varchar(200) DEFAULT NULL COMMENT '备注1',
  `MEDICAL_REPORT_TYPE` int(8) NOT NULL DEFAULT '0' COMMENT '体检报告分类 : 入职体检 定期年度体检  入职体检(职业病) 离职体检(职业病) 定期年度体检(职业病)',
  `OP_USER_ID` varchar(36) DEFAULT '0' COMMENT '创建人',
  `REPORT_TYPE` tinyint(4) NOT NULL DEFAULT '1' COMMENT '报告类型 : 1 体检报告； 2 体检结果',
  `STATUS` tinyint(4) NOT NULL DEFAULT '0' COMMENT '状态 0 正常状态 1 删除状态',
  `TEMPLATE_CONTENT` varchar(500) NOT NULL COMMENT '报告描述',
  `TEMPLATE_NAME` varchar(50) NOT NULL COMMENT '报告名称',
  `UPDATE_TIME` datetime DEFAULT NULL COMMENT '修改时间',
  `CUSTOMER_ID` int(10) NOT NULL COMMENT '客户编号',
  PRIMARY KEY (`TEMPLATE_ID`),
  KEY `FK_c8pguucpnaav6oyu14shccl4w` (`CUSTOMER_ID`),
  CONSTRAINT `FK_c8pguucpnaav6oyu14shccl4w` FOREIGN KEY (`CUSTOMER_ID`) REFERENCES `customer_info` (`CUSTOMER_ID`)
) ENGINE=InnoDB DEFAULT CHARSET=utf8;

/*Data for the table `medical_report_def` */

insert  into `medical_report_def`(`TEMPLATE_ID`,`BELONG_TO_HISPITAL`,`CREATE_TIME`,`EXT1`,`MEDICAL_REPORT_TYPE`,`OP_USER_ID`,`REPORT_TYPE`,`STATUS`,`TEMPLATE_CONTENT`,`TEMPLATE_NAME`,`UPDATE_TIME`,`CUSTOMER_ID`) values (2,'上海医院','2014-01-04 13:49:08','圣戈班年度体检',10104101,'0',1,0,'圣戈班年度体检','圣戈班年度体检','2014-01-04 13:49:08',2),(3,'ddd','2014-02-09 10:58:49','dddd',10104101,'0',1,0,'dddddd','dddddd','2014-02-09 10:58:49',2),(4,'入职体检模板','2014-02-15 11:09:04',NULL,10104102,'0',1,0,'入职体检模板','入职体检模板','2014-02-15 11:09:04',2),(5,'美华','2014-01-10 12:36:36','美华',10104101,'0',1,0,'美华体检报告模板','美华体检报告模板','2014-01-10 12:36:36',2);

/*Table structure for table `physical_type_def` */

DROP TABLE IF EXISTS `physical_type_def`;

CREATE TABLE `physical_type_def` (
  `PHY_ID` int(8) NOT NULL COMMENT '编码',
  `CREATE_TIME` datetime DEFAULT NULL,
  `EXT1` varchar(255) DEFAULT NULL,
  `EXT2` varchar(255) DEFAULT NULL,
  `EXT3` varchar(255) DEFAULT NULL,
  `EXT4` varchar(255) DEFAULT NULL,
  `IS_LEAF` tinyint(4) DEFAULT NULL,
  `LEVEL` tinyint(4) DEFAULT NULL,
  `PHY_NAME` varchar(255) DEFAULT NULL,
  `PHY_TYPE` tinyint(4) DEFAULT NULL,
  `UID` varchar(255) DEFAULT NULL,
  `UPDATE_TIME` datetime DEFAULT NULL,
  `PARENT_ID` int(8) DEFAULT NULL COMMENT '上级编码',
  `S_NAME` varchar(30) DEFAULT NULL COMMENT '简称',
  `STATUS` tinyint(4) DEFAULT NULL COMMENT '状态',
  PRIMARY KEY (`PHY_ID`),
  KEY `FK_6w5g98erbtpl1o416wka1l2l` (`PARENT_ID`),
  CONSTRAINT `FK_6w5g98erbtpl1o416wka1l2l` FOREIGN KEY (`PARENT_ID`) REFERENCES `physical_type_def` (`PHY_ID`)
) ENGINE=InnoDB DEFAULT CHARSET=utf8;

/*Data for the table `physical_type_def` */

insert  into `physical_type_def`(`PHY_ID`,`CREATE_TIME`,`EXT1`,`EXT2`,`EXT3`,`EXT4`,`IS_LEAF`,`LEVEL`,`PHY_NAME`,`PHY_TYPE`,`UID`,`UPDATE_TIME`,`PARENT_ID`,`S_NAME`,`STATUS`) values (1,'2014-01-02 01:40:15',NULL,NULL,NULL,NULL,0,0,'工种',0,NULL,'2014-01-02 01:40:15',NULL,'WORK_TYPE',0),(2,'2014-01-04 13:09:38',NULL,NULL,NULL,NULL,1,0,'工种1',0,'0','2014-01-04 13:09:38',1,NULL,0),(3,'2014-01-04 13:09:38',NULL,NULL,NULL,NULL,1,0,'工种2',0,'0','2014-01-04 13:09:38',1,NULL,0),(4,'2014-01-02 01:40:15',NULL,NULL,NULL,NULL,0,0,'体格检查类型',0,NULL,'2014-01-02 01:40:15',NULL,'TG_TYPE',0),(5,'2014-01-04 13:09:38',NULL,NULL,NULL,NULL,1,0,'常规',0,'0','2014-01-04 13:09:38',4,NULL,0),(6,'2014-01-04 13:09:38',NULL,NULL,NULL,NULL,1,0,'内科',0,'0','2014-01-04 13:09:38',4,NULL,0),(7,'2014-01-02 01:40:15',NULL,NULL,NULL,NULL,0,0,'辅助检查类型',0,NULL,'2014-01-02 01:40:15',NULL,'FZ_TYPE',0),(8,'2014-01-04 13:09:38',NULL,NULL,NULL,NULL,1,0,'辅助1',0,'0','2014-01-04 13:09:38',7,NULL,0),(9,'2014-01-04 13:09:38',NULL,NULL,NULL,NULL,1,0,'辅助2',0,'0','2014-01-04 13:09:38',7,NULL,0),(10,'2014-01-02 01:40:15',NULL,NULL,NULL,NULL,0,0,'医保类型',0,NULL,'2014-01-02 01:40:15',NULL,'EB_TYPE',0),(11,'2014-01-04 13:09:38',NULL,NULL,NULL,NULL,1,0,'甲',0,'0','2014-01-04 13:09:38',10,NULL,0),(12,'2014-01-04 13:09:38',NULL,NULL,NULL,NULL,1,0,'乙',0,'0','2014-01-04 13:09:38',10,NULL,0),(13,'2014-01-04 13:09:38',NULL,NULL,NULL,NULL,1,0,'丙',0,'0','2014-01-04 13:09:38',10,NULL,0),(19,'2014-02-09 03:03:36',NULL,NULL,NULL,NULL,0,0,'白细胞升高',0,'0','2014-02-09 03:03:36',7,NULL,0);

/*Table structure for table `self_medical_def` */

DROP TABLE IF EXISTS `self_medical_def`;

CREATE TABLE `self_medical_def` (
  `DEF_ID` int(11) NOT NULL AUTO_INCREMENT,
  `DEF_DESC` varchar(500) NOT NULL COMMENT '定义描述',
  `DEF_NAME` varchar(50) NOT NULL COMMENT '定义名称',
  `DEF_TYPE` tinyint(4) NOT NULL COMMENT '10 体检结果定义',
  `CREATE_TIME` datetime DEFAULT NULL COMMENT '创建时间',
  `EXT1` varchar(200) DEFAULT NULL COMMENT '备注1',
  `OP_USER_ID` varchar(36) DEFAULT '0' COMMENT '创建人',
  `STATUS` tinyint(4) DEFAULT NULL COMMENT '状态',
  `UPDATE_TIME` datetime DEFAULT NULL COMMENT '修改时间',
  PRIMARY KEY (`DEF_ID`)
) ENGINE=InnoDB AUTO_INCREMENT=5 DEFAULT CHARSET=utf8;

/*Data for the table `self_medical_def` */

insert  into `self_medical_def`(`DEF_ID`,`DEF_DESC`,`DEF_NAME`,`DEF_TYPE`,`CREATE_TIME`,`EXT1`,`OP_USER_ID`,`STATUS`,`UPDATE_TIME`) values (1,'按时发顺丰撒发沙发沙发  ','111',10,'2014-01-09 13:01:41','dddddd',NULL,0,'2014-01-09 13:01:41'),(2,'asfasdfdfasfsadf','eeee',10,'2014-01-09 12:57:35','asfdsadfsdasdfasfsadfdfsd',NULL,0,'2014-01-09 12:57:35'),(3,'asdf','asfdasfd',11,'2014-01-09 12:53:33','asdf','0',99,'2014-01-09 12:53:33'),(4,'急性阑尾炎','急性阑尾炎',10,'2014-01-10 13:36:29',NULL,'0',0,'2014-01-10 13:36:29');

/*Table structure for table `syonline` */

DROP TABLE IF EXISTS `syonline`;

CREATE TABLE `syonline` (
  `ID` varchar(36) NOT NULL COMMENT '在线编号',
  `CREATEDATETIME` datetime DEFAULT NULL,
  `IP` varchar(100) DEFAULT NULL,
  `LOGINNAME` varchar(100) DEFAULT NULL,
  `TYPE` varchar(1) DEFAULT NULL,
  PRIMARY KEY (`ID`)
) ENGINE=InnoDB DEFAULT CHARSET=utf8;

/*Data for the table `syonline` */

insert  into `syonline`(`ID`,`CREATEDATETIME`,`IP`,`LOGINNAME`,`TYPE`) values ('00924499-2a9e-4980-ab86-03a9dc0c8cb5','2014-01-19 22:02:02','本地','周孝军','0'),('015c7237-3c6b-40bc-9c0c-321e2ac102a0','2014-01-26 14:56:38','本地','周孝军','1'),('017eb189-e989-4537-a600-901d94b970a9','2014-01-16 05:29:21','127.0.0.1','周孝军','0'),('024cb3f8-5aa4-4492-823f-f9a63f035fd9','2014-01-19 22:07:15','本地','周孝军','1'),('02bc09fd-874b-4d0d-a9ff-c4b1ef7bc42c','2014-01-07 15:37:46','本地','周孝军','0'),('02c20e55-10de-42aa-bd82-361606746f0e','2014-02-15 19:10:02','0:0:0:0:0:0:0:1','zz','1'),('02fe3b5e-55e6-428e-823b-178173521e81','2013-09-30 18:09:36','本地','周孝军','1'),('031978ba-e1e7-4dbb-8ddd-570e65fb2b39','2014-02-09 18:40:35','0:0:0:0:0:0:0:1','SGB','1'),('04769c88-1c55-403b-a0e6-6e3be72e04a3','2014-01-19 22:30:10','本地','周孝军','0'),('048ae6d3-e950-4abd-88a3-e23b916c8700','2014-01-07 19:35:00','本地','周孝军','0'),('0533c5a9-22c7-4617-87e6-d278187133cf','2014-01-24 23:30:34','本地','周孝军','0'),('0550d29c-5905-4e27-a6a6-17b8bc04f232','2014-01-30 09:55:01','127.0.0.1','周孝军','1'),('0557884b-a8de-4e59-9a36-5bd3ff2966e8','2014-01-21 23:47:41','本地','周孝军','1'),('05b6f048-5775-4dca-81c0-b07902cbc527','2014-01-17 15:16:32','本地','周孝军','1'),('05d0ab3c-a057-4303-a809-ea1d4515287d','2014-01-14 18:06:21','127.0.0.1','周孝军','1'),('0606193e-4c02-4e02-94a8-c6a4f2ec1026','2014-01-02 10:28:10','本地','周孝军','0'),('061f2682-53dc-4d6e-978d-36ed17e8e578','2014-01-27 15:54:40','本地','周孝军','0'),('06aab1b9-9400-480d-9a02-1e1bfc90c155','2014-01-15 19:34:13','127.0.0.1','周孝军','1'),('06d52ad3-aa11-49e9-aff9-e969eee63dea','2014-01-20 05:16:21','本地','周孝军','1'),('074f49f1-ffdd-4e82-bdb3-07d71a41b251','2014-01-09 00:20:10','本地','周孝军','1'),('077941ab-2899-4d2a-8897-470e07438de6','2013-09-30 18:13:18','本地','周孝军','1'),('077a424e-b943-4473-930d-9d95f3917e71','2014-01-15 00:45:00','127.0.0.1','周孝军','1'),('079b3164-3150-4702-8dc3-7259a3e6a850','2014-01-20 04:47:48','本地','周孝军','1'),('0817737d-9f6b-47bf-8d91-13179967b8f1','2013-09-30 19:12:01','本地','周孝军','1'),('08581965-7db0-4db2-a247-2bfdeec45ffa','2014-01-02 10:28:21','本地','test','1'),('08ddd9b4-ad5a-444f-803a-71e955b0bc8b','2014-01-06 16:23:33','本地','周孝军','1'),('090d5b38-a290-4db3-8714-e8c7bbad280d','2014-02-07 08:15:43','本地','周孝军','0'),('090dc393-b136-4aa2-a8eb-e1b3939406d8','2014-02-10 07:20:38','0:0:0:0:0:0:0:1','GEADMIN','0'),('0943482d-d5a3-4692-a930-e12964a06875','2014-01-30 12:29:28','127.0.0.1','周孝军','1'),('094ea4f8-f911-4374-bcf0-e6dd4b316545','2014-02-09 10:33:16','127.0.0.1','zz','0'),('097c74f6-80e5-4f32-aa18-afda5d442f72','2013-12-30 12:52:47','本地','周孝军','0'),('09ca9e52-0b92-4f80-94e1-c38a7a362ee1','2014-02-12 12:37:19','0:0:0:0:0:0:0:1','SGB','1'),('0a126915-7e93-4338-8f8b-322b08ca5a13','2013-12-29 22:11:43','本地','周孝军','1'),('0a15c946-1743-43a2-b98e-bb89a70073b6','2014-01-22 01:57:25','本地','周孝军','0'),('0a1deca6-3619-4c8e-abd8-a1bc280c457c','2014-02-08 01:49:48','127.0.0.1','zz','0'),('0a614423-8580-4b51-9923-b78174613142','2014-01-20 02:20:45','本地','周孝军','1'),('0ad2d853-0ef3-42aa-ae00-33790552aae5','2014-02-08 03:33:17','127.0.0.1','zz','1'),('0af9467d-a46a-4ebf-8983-1740a9b7b8b9','2014-01-02 11:33:15','本地','周孝军','1'),('0b391943-9d88-4e77-8802-d10ca98581b7','2014-01-08 02:19:21','本地','周孝军','1'),('0b834283-824f-466a-a4a5-a7983e9b38a8','2014-01-18 03:04:03','本地','周孝军','1'),('0b91ef23-832a-4d76-a9e9-20b64bff86ad','2014-02-09 10:56:27','127.0.0.1','zz','0'),('0c07ba8d-660c-44d8-9926-d2356dd37d60','2014-01-02 17:20:00','本地','周孝军','1'),('0c4aac2f-79ce-41d0-8d20-ce85d8ffc886','2014-01-14 12:51:36','127.0.0.1','周孝军','1'),('0c81bff3-afb8-43f2-9dc7-8576911fc7e3','2014-01-20 07:18:40','本地','周孝军','0'),('0cc33e58-d4d3-49c6-bba1-7ce0ec8a1b09','2014-01-22 03:43:21','本地','周孝军','0'),('0d03eb5b-838d-440e-b5de-4adae565fc28','2014-02-17 13:18:28','0:0:0:0:0:0:0:1','zz','1'),('0d1301be-99fb-47a0-aaee-5013672b02fe','2014-02-07 08:12:49','本地','zhouxj','1'),('0d62056c-3b0f-494a-9a2c-c3df7d2bb3e9','2014-02-15 10:59:57','0:0:0:0:0:0:0:1','zz','0'),('0d97e274-e64f-45ef-aa04-809c579e9aee','2014-01-02 16:53:14','本地','周孝军','0'),('0da42cae-b52c-4894-a528-e3d43981a718','2014-01-04 13:12:07','本地','周孝军','1'),('0df92a80-08c9-40d7-b6f4-20bff1ea196f','2014-02-09 07:00:52','127.0.0.1','zz','1'),('0e1b8f26-4b0e-49ba-a1d3-744ae45d7487','2014-01-21 10:54:21','本地','周孝军','0'),('0f418c35-54b9-424e-bb86-d7eff11ddf5c','2014-01-06 00:47:04','本地','周孝军','0'),('0f57d552-a7a0-4954-a2bb-14b4555f33c3','2014-01-13 22:01:44','127.0.0.1','周孝军','1'),('0ff77cae-9112-4314-9cc2-1b71862cabf5','2014-01-22 04:30:53','本地','周孝军','1'),('106dd0bf-0d15-4011-881b-06688d6b119e','2014-01-19 04:34:14','本地','周孝军','0'),('10b3f408-5571-4c71-9934-817c406faf9e','2014-01-16 16:46:12','本地','test','0'),('1112218b-0214-49ae-8c58-f32274c81f36','2014-02-09 05:49:06','127.0.0.1','zz','1'),('11436420-cd50-4ae1-a046-715f5f695a66','2014-01-07 17:02:54','本地','周孝军','0'),('11c0bdbc-bb39-40c3-a413-adf63711f61f','2014-01-27 10:55:44','本地','周孝军','1'),('11c3993b-13cd-4400-a647-bff6bdc3e353','2014-01-26 05:19:58','本地','周孝军','0'),('1214223d-1729-43f2-88c1-189da36d6726','2014-01-21 16:24:10','本地','周孝军','1'),('124f1f21-b18b-4123-a11b-4ddb99f3c2f7','2014-01-06 14:03:57','本地','周孝军','1'),('126bfb37-80e2-4582-a32e-00bab56ccedd','2014-02-07 01:31:23','127.0.0.1','周孝军','0'),('1290a5a7-73a5-4399-b7d4-55816591a2e8','2014-01-03 10:56:14','本地','周孝军','0'),('12c37a08-d3d8-4280-a51f-c722502dfa16','2014-01-01 23:48:59','本地','test','0'),('1306cb0b-61ef-4bea-818e-4191b1ad9527','2014-01-16 13:23:19','本地','周孝军','1'),('13148c48-a543-4bbd-9aa6-fc0fb243dc37','2014-01-19 21:53:25','本地','周孝军','1'),('131610ca-bb1f-43a4-8aac-1ff6cd2e431a','2014-01-28 14:01:50','本地','周孝军','0'),('13321397-a8b6-48b3-a1b1-2a2be899ca9b','2014-02-08 00:46:17','本地','zz','0'),('13f63828-dac7-4e7c-877c-4d97782298d2','2014-01-07 00:24:40','本地','周孝军','1'),('14485e60-0b64-4191-977a-3297954efb42','2014-01-18 20:40:43','本地','周孝军','1'),('14b65577-1695-4d75-8779-1fd1f9797ca8','2014-01-04 11:34:40','本地','周孝军','1'),('152a2190-6428-4f27-a73d-f86e4339c3d8','2014-01-25 01:45:17','本地','周孝军','1'),('153256bf-a8e7-44f1-848e-d327bb20061c','2014-01-28 03:44:56','本地','周孝军','0'),('15498874-401d-42c2-af6a-28800bb2de12','2014-02-08 02:37:12','127.0.0.1','zz','1'),('1592fdd7-0c25-4e01-8626-807203eb3503','2014-01-25 16:24:07','本地','周孝军','0'),('15b0371f-a944-42ab-9219-e5819d84e69e','2014-01-13 21:18:48','127.0.0.1','周孝军','1'),('15b46994-b5f7-444b-b91c-9fd73f428219','2014-01-19 22:03:06','本地','周孝军','0'),('15d92fcd-9d48-46b1-9d20-6455716cbd9d','2014-01-17 11:28:54','本地','周孝军','0'),('15f5e16e-aa89-4d9b-b051-eb7ab0c698f2','2014-01-24 14:57:28','本地','周孝军','0'),('16b96906-2262-4c5b-a023-ca922602dd5d','2014-02-09 08:29:32','127.0.0.1','zz','0'),('1704b0bb-14a7-450c-b249-e5fe6d52c292','2014-02-10 03:34:58','0:0:0:0:0:0:0:1','zz','0'),('175ed9b3-a5e8-489b-949c-5efd19a33a7b','2013-12-30 14:50:16','本地','周孝军','0'),('182fcc4b-de2c-4f35-8bc8-5efb5426d860','2014-02-06 08:29:39','127.0.0.1','周孝军','0'),('1842f97a-1a59-414f-86e2-a0b91e122f5d','2014-02-15 17:10:37','0:0:0:0:0:0:0:1','zz','1'),('188f52e0-a8ac-4242-9be0-9e3fa9ed8520','2014-01-08 20:24:45','本地','周孝军','0'),('18d8361d-a775-49d3-9b81-6b34e482376b','2013-09-30 19:50:01','本地','周孝军','1'),('1900a296-f06b-4aa4-9b66-c60ab62272f4','2014-01-28 03:18:44','本地','周孝军','0'),('19579841-c5a6-4e2f-b2eb-a4a983bbc0f6','2014-01-04 09:39:40','本地','周孝军','1'),('198a607e-8b02-4735-82b4-76450e10dcfd','2014-02-05 11:05:11','127.0.0.1','周孝军','0'),('198cfa3b-6791-46bd-9479-a8111342e1ae','2014-01-02 18:57:03','本地','周孝军','0'),('19b79817-5cc6-450c-a381-f65eaeb5de20','2014-01-22 02:25:06','本地','周孝军','1'),('19ce64ac-30e0-4164-9845-8fee9d926987','2014-01-16 14:01:31','本地','周孝军','0'),('19fbd897-f03e-4017-a9ff-30e4b30c110d','2014-02-07 04:01:28','127.0.0.1','chat007','0'),('1a181672-d12c-4895-a5f9-251cb3a82268','2014-01-17 14:14:58','本地','周孝军','1'),('1a20e830-1191-469a-ae57-60155b960c20','2014-01-17 15:16:23','本地','周孝军','0'),('1a4cd095-d491-4f02-ad39-58b38a938b38','2014-01-16 22:56:17','本地','周孝军','1'),('1a5af618-9985-4d39-96d9-2ab7d261ee9c','2014-01-24 14:57:36','本地','周孝军','1'),('1a9e0626-5f41-4007-9441-98eecc7cbabd','2014-01-28 14:48:07','本地','周孝军','1'),('1affbb2a-c3ce-4fc6-8b29-199374d70970','2014-01-16 00:46:08','127.0.0.1','周孝军','0'),('1bda6524-7ff5-4c65-b48e-e8b7d5fbfd58','2014-01-20 06:24:10','本地','周孝军','1'),('1be26958-c00c-4e89-a0f5-a6e626ce89c0','2014-02-10 02:59:36','0:0:0:0:0:0:0:1','SGB','1'),('1c00fe5e-3ac8-410e-a74e-22439ba99f34','2013-12-31 22:46:34','本地','周孝军','1'),('1c0e6567-d043-456b-b519-95b181bda53f','2014-01-20 07:42:22','本地','周孝军','1'),('1c4b246c-e6c5-4b56-a4f6-24575d13ca94','2014-01-27 14:37:15','本地','周孝军','1'),('1c4c2c17-db90-42d4-b0d9-caa9475f402e','2014-01-20 02:17:41','本地','周孝军','1'),('1c8ad6cf-2051-4ec8-a8ac-d43ad9b06cf8','2014-01-03 11:40:14','本地','周孝军','0'),('1c8c4441-23b3-44cc-a0d7-947d1e732221','2014-02-10 02:48:53','0:0:0:0:0:0:0:1','SGB','0'),('1cfef640-67d3-48c2-903b-15b41148e75f','2014-01-16 00:05:07','127.0.0.1','周孝军','0'),('1d1f2ca9-dab5-4b61-b5d0-bef8d3a6b1ef','2014-01-07 21:38:51','本地','周孝军','1'),('1d2fe092-0415-48e4-b5d8-8b06057f12c8','2014-01-26 00:36:33','本地','周孝军','0'),('1d4a7b9d-8f25-4fe2-bc35-1f056f3307b9','2014-02-06 08:05:47','127.0.0.1','周孝军','1'),('1d4f401c-62a5-4311-9841-5e6637b7901a','2014-01-24 12:48:25','本地','周孝军','1'),('1d99db42-8151-4bca-bde0-dddcc5775afc','2014-01-16 02:32:23','127.0.0.1','周孝军','1'),('1d9d6700-ebe6-45d9-9c4e-fa047a2a299c','2014-01-25 16:40:30','本地','周孝军','0'),('1dd29f0a-0665-4203-a005-447880d1e2f2','2014-02-09 10:32:17','127.0.0.1','zz','0'),('1e2ec2ef-8ef7-4082-b6e3-ba6890629d88','2014-01-20 02:38:38','本地','周孝军','1'),('1ebe509b-6d49-4296-8604-90b6253bb1b3','2014-01-27 19:48:08','本地','周孝军','0'),('1ef01dfb-237f-4769-8653-e8d4fdbe42f1','2014-01-03 11:48:32','本地','周孝军','1'),('1ef2d441-0229-491f-9419-05de945671c6','2014-01-10 11:43:49','本地','周孝军','0'),('1f1e755b-fe8b-4570-89e0-4b9e5818b3b7','2014-01-15 23:42:05','127.0.0.1','周孝军','1'),('1f523f3d-0d27-4bc0-b407-69473617a1c1','2014-02-07 08:14:26','本地','zhouxj','0'),('1f63a5ad-202f-4fc4-8b42-0d79dafa3ac5','2014-01-26 02:27:06','本地','周孝军','1'),('1f95428d-ec7f-4cf8-bfea-0830052353e2','2014-01-28 11:16:10','本地','周孝军','1'),('1f9cb35b-88dc-498e-8008-09c2637388cd','2014-01-06 11:30:18','本地','周孝军','1'),('1fafade4-97bf-4720-85ef-516199eb0516','2014-02-09 03:29:39','127.0.0.1','zz','0'),('1fc2b61b-d619-4a83-9136-e4ffe325f2ea','2014-02-07 07:24:01','本地','周孝军','1'),('2030c742-8fc2-437c-af10-1f8343b7d57d','2014-01-26 03:47:07','本地','周孝军','0'),('20d5f3ae-498b-427a-ae7d-50af414bfe4f','2014-01-16 17:15:23','本地','周孝军','0'),('20eaa2e7-93a2-48af-b163-5713be15f51e','2014-02-12 12:14:55','0:0:0:0:0:0:0:1','SGB','1'),('212eb969-7b42-4173-98b0-00a4ef9141c6','2014-01-28 14:58:43','本地','周孝军','1'),('2147a391-79ea-4bac-81ab-d2309d4a5e31','2014-01-06 14:03:54','本地','周孝军','0'),('21c11a5e-0315-4c0b-8126-7434d0474362','2014-01-24 14:25:05','本地','user','1'),('21def125-abd8-4857-93a9-b8489a0a845d','2014-02-18 08:46:24','0:0:0:0:0:0:0:1','zz','0'),('21e7f6f7-25eb-4abf-8bc5-441c569f9a03','2014-01-16 19:37:16','本地','周孝军','0'),('21f2a400-c3b9-46b0-b32b-1163bd1fbd1f','2014-01-09 00:49:28','本地','周孝军','0'),('221500af-37c1-407f-bed2-60b6d206ba5a','2014-02-09 10:34:42','127.0.0.1','zz','1'),('22311619-191d-4334-8320-1d859e5ed06d','2014-01-15 23:27:51','127.0.0.1','周孝军','0'),('2384078b-a4cb-4ccf-a3b9-9261d132b54e','2014-01-25 12:25:19','本地','周孝军','1'),('238d5eec-6c62-4720-ae6f-01790cb35161','2014-01-25 02:32:40','本地','周孝军','0'),('23dfeaac-15dc-4189-aebd-968655b4bb63','2014-01-28 14:09:24','本地','周孝军','1'),('24569685-e656-4323-93ed-932d01b4d97d','2014-02-07 07:26:18','本地','周孝军','1'),('24775143-038c-49c4-8269-7a196a29f439','2014-02-16 15:44:35','0:0:0:0:0:0:0:1','zz','1'),('24c55f1e-bcac-4906-bfab-529395a02ac4','2014-02-08 00:19:01','本地','zz','1'),('24f2f276-9c13-4985-949a-1665ed3d1493','2014-01-13 19:38:34','127.0.0.1','周孝军','0'),('257dfd7e-cf9a-49d0-a2fc-49cffcf0a589','2014-01-14 16:20:57','127.0.0.1','周孝军','1'),('257e8450-eef0-4be3-8f04-548a25561d1b','2014-01-04 12:39:14','本地','周孝军','0'),('2671175e-11e4-4771-8e6a-f40dac09fe87','2014-01-24 12:47:33','本地','周孝军','0'),('269b2d31-b557-4dab-a962-577c975a259c','2014-01-13 15:58:40','127.0.0.1','周孝军','1'),('26d056f7-c5cf-467a-9c53-82dd6f179481','2014-01-03 10:06:46','本地','周孝军','1'),('274382b9-5760-46d2-8680-9f3cdc35f31c','2014-01-16 16:46:24','本地','test','0'),('2795366a-138e-44be-9400-b3d65df7f2eb','2013-09-30 18:14:55','本地','周孝军','1'),('27c5db1d-f9b5-4797-a2d9-eb3dd8a282e1','2014-01-16 14:10:57','本地','周孝军','1'),('27df1909-e414-4e50-8f8f-1292a91f7399','2014-02-10 03:50:26','0:0:0:0:0:0:0:1','zz','1'),('27fe9ee8-6aca-4224-a5f2-6230728ba0e4','2014-02-12 12:35:24','0:0:0:0:0:0:0:1','zz','1'),('280c9082-150f-4352-9b0e-32f1ec1bb9af','2014-01-17 10:31:25','本地','周孝军','1'),('288e5b4d-fa77-4fb3-991e-2abaf0a74cfc','2014-01-17 02:22:48','本地','周孝军','1'),('28a3d6e4-54d9-408b-851a-f3b439bceedc','2014-01-07 16:46:58','本地','周孝军','1'),('28f2527e-1407-40f7-82c4-74f417aae006','2014-01-16 16:42:27','本地','周孝军','0'),('294954d7-0668-444d-a8e8-81593341dccc','2014-01-14 16:36:35','127.0.0.1','周孝军','0'),('299481dc-f90f-4e33-92e5-42b8f4571734','2014-01-09 13:48:35','本地','周孝军','1'),('29f98a43-d7ac-4404-82c4-ce282d003290','2014-01-18 19:44:57','本地','周孝军','1'),('2a236410-b6b3-4541-b1f9-eca17a8dad64','2014-01-13 21:13:55','','周孝军','0'),('2a43dc72-88f9-4970-a8fc-8fc56aace093','2014-01-06 12:13:50','本地','周孝军','0'),('2a78f3d1-bc03-44ec-886c-7d8e85c374af','2014-01-27 05:57:01','本地','周孝军','1'),('2a7b39ae-3c08-4aba-af96-70eaf9e5d837','2014-01-07 20:11:08','本地','周孝军','1'),('2a8a4fe0-4332-48c3-858f-271790c11c9f','2013-12-31 20:32:16','本地','周孝军','0'),('2af409e3-a6a9-46f4-876a-d115cee50b0f','2014-01-07 11:40:23','本地','周孝军','1'),('2b2032ba-4299-4c03-9eca-f119db14ba23','2014-01-21 17:40:20','本地','周孝军','1'),('2b9faaa3-5cab-4204-83ef-ebdabe198661','2014-01-27 08:04:22','本地','周孝军','0'),('2ba9b142-1d84-4ae6-8ead-7a09fe6d69ed','2014-01-25 00:14:31','本地','周孝军','1'),('2c370384-a7b6-4357-92d1-f48eb8b9ba79','2014-02-08 03:40:50','127.0.0.1','GEADMIN','0'),('2c3aacab-d9dc-4d73-ba16-792e6a203734','2014-01-18 16:22:10','本地','周孝军','0'),('2c9e6302-4eb6-4ea7-babf-0d1d13e8974b','2013-12-29 21:58:49','本地','周孝军','1'),('2d3a6651-be5a-418d-8253-80652382889e','2013-12-29 21:56:22','本地','周孝军','1'),('2dceb372-c824-4c78-af97-b3ea579af4f2','2014-01-17 18:26:53','本地','周孝军','1'),('2df21fe0-daa6-4448-8dfa-f6b032599487','2014-01-18 03:21:02','本地','周孝军','0'),('2e41dcc2-f610-44b5-902f-81788b8fa4b8','2014-01-06 00:31:03','本地','周孝军','1'),('2e472b48-d790-4956-8014-5500fca63277','2014-01-17 14:51:49','本地','周孝军','0'),('2e5d378a-63f4-479f-b798-22517d31e7c7','2014-01-09 18:51:51','本地','周孝军','0'),('2e5e3401-3f7f-499f-8e6b-ed77d6f05bc6','2014-01-07 19:18:27','本地','周孝军','1'),('2eaaf29f-4c2f-4f95-8e12-3d4180ae910c','2014-02-07 05:30:59','127.0.0.1','周孝军','1'),('2eb9369d-becb-45c2-8fe8-6c11521dde0a','2014-01-14 10:56:34','127.0.0.1','周孝军','0'),('2ece384a-c75a-4c2b-975f-083d6f76cf0a','2014-02-08 10:16:25','127.0.0.1','zz','1'),('2f2e9165-a08f-49f8-9d52-e32337cfd80f','2014-01-15 15:31:06','127.0.0.1','周孝军','0'),('2f309c6e-7277-4512-9bbb-d57b1e337fc1','2014-02-17 08:59:39','0:0:0:0:0:0:0:1','zz','1'),('2fca35c8-1611-4c8f-b64d-5509ed1cc5b0','2014-01-14 19:59:30','127.0.0.1','周孝军','1'),('3017ea7e-365b-42ba-bb08-9eb303fbb7ea','2014-02-08 04:13:45','127.0.0.1','GEADMIN','1'),('30889883-0a35-4926-8cf9-2d4879878aa6','2014-01-09 20:04:52','本地','周孝军','0'),('30d74635-ff6a-457e-bdfc-87d3f57c8e28','2014-01-30 10:14:24','127.0.0.1','周孝军','0'),('30f37247-f25c-43db-9113-7549dc0dab3e','2014-01-04 09:33:13','本地','周孝军','0'),('3104ef55-1f50-4daf-81bd-4ee2344d4782','2014-02-15 17:30:47','0:0:0:0:0:0:0:1','zz','1'),('310fe922-c958-4089-926c-561bbe706c48','2014-01-17 18:41:59','本地','周孝军','0'),('314f45bf-c392-4cdc-8c22-74856a8cc4f8','2014-01-27 05:42:43','本地','周孝军','1'),('3199de8b-668a-4a0e-94fb-c496aa806915','2014-01-15 00:25:29','127.0.0.1','周孝军','1'),('32294db6-23d6-4c13-bc24-b6b4c24f37f1','2014-02-08 19:53:47','127.0.0.1','zz','1'),('3262655c-2150-4b42-9c24-e89bf271a18e','2014-01-14 19:17:01','127.0.0.1','周孝军','0'),('32966e0a-29c9-43d9-bba0-a326a6fd94c1','2014-01-16 23:48:44','本地','周孝军','1'),('32f49dd5-6273-4e3e-ae2c-edd23337ce5c','2014-02-08 03:40:36','127.0.0.1','GEADMIN','1'),('336e5a5a-7900-4218-9972-143a36b6185f','2014-01-10 15:40:26','本地','周孝军','0'),('339ef604-9042-4f65-b960-b1df106e9efb','2013-12-29 22:26:58','本地','周孝军','0'),('33a41dee-2e3c-49d7-a1e4-997663e342e0','2014-02-09 08:35:17','127.0.0.1','zz','1'),('33b8c69a-3bff-4cea-8202-c327d514df81','2014-01-09 01:44:16','本地','周孝军','1'),('34101b54-6503-4913-aae1-004a51096700','2014-01-07 14:00:53','本地','周孝军','1'),('3483a9ea-b08c-4fe0-bbb6-299ee427d384','2014-01-16 00:15:45','127.0.0.1','周孝军','1'),('34a2ccb3-74cc-427f-beff-16e109e4c87e','2014-01-08 14:28:11','本地','周孝军','0'),('3532bedf-48a2-4172-a3de-f9152b5e9f07','2014-02-08 04:01:32','127.0.0.1','zz','1'),('35a33536-82e3-48cf-afe7-10189fc94eb7','2015-09-24 15:01:05','127.0.0.1','zz','1'),('35b1e097-de0d-4e3d-af73-cc4ea02a80e2','2014-02-15 10:55:52','0:0:0:0:0:0:0:1','zz','1'),('35c409d5-7030-462a-a188-be934571dd99','2014-01-09 11:19:56','本地','周孝军','1'),('363117ab-2c1c-469f-93f9-17cee97a81c8','2013-08-01 17:57:42','本地','周孝军','0'),('36b7a76e-3dc1-42a1-aecf-71b08b782d34','2013-12-30 15:50:19','本地','周孝军','1'),('36ceb304-f6c7-4228-ba6a-d43802d2c05a','2014-01-03 02:23:07','本地','周孝军','0'),('37068c85-732d-41cf-af41-bfa8b3c7b51e','2014-02-07 19:27:34','本地','zz','1'),('374c9938-4b50-4aae-b557-4d0cfb1a7d83','2014-01-04 20:44:04','本地','周孝军','1'),('375819a2-722c-4503-8186-a65e9b7743ea','2014-01-15 20:42:07','127.0.0.1','周孝军','1'),('37891707-3ff9-4d2d-95b8-9ca2076a2640','2014-02-09 18:56:52','0:0:0:0:0:0:0:1','SGB','0'),('379e5b5a-8b8d-4e45-84d9-e5d09b48b20b','2014-01-02 03:16:46','本地','周孝军','0'),('37f52ef1-2955-4b76-9610-ef5611862c52','2014-01-17 01:01:09','本地','周孝军','1'),('38cf674f-9f41-4bd7-b7c1-5dc46d55eb61','2014-02-09 11:39:09','127.0.0.1','zz','0'),('38fa497b-fde0-4ce0-bdec-3211644c92ac','2014-02-08 03:43:22','127.0.0.1','GEADMIN','0'),('392cbec3-1c5e-407c-8310-282e86b6a50f','2014-02-09 10:32:26','127.0.0.1','SGB','1'),('399e9c7f-4217-4046-adad-0e6a3b745b1d','2014-01-26 14:56:07','本地','周孝军','1'),('39bba94e-1cfd-4c56-a785-78c562c2b2b3','2014-01-19 22:31:20','本地','周孝军','1'),('39c5cbb7-0a6a-4fe3-a69e-e909f6cce8d8','2014-01-15 19:09:25','127.0.0.1','周孝军','1'),('3a061f67-f754-402d-9835-6ee7f7904eeb','2014-01-02 15:17:07','本地','周孝军','1'),('3a59684e-caa6-4653-9530-fdddcc51f758','2014-01-08 02:00:41','本地','周孝军','1'),('3b2eed00-6fe6-4888-b512-bb48e183ec57','2014-02-09 03:29:46','127.0.0.1','zz','1'),('3b37b54f-50c2-4521-bf84-9da7ac67db9a','2014-01-15 21:06:17','127.0.0.1','周孝军','0'),('3b445864-124e-46a2-b87f-7526f4d384a8','2014-01-16 16:44:47','本地','test','1'),('3ba594d1-8dbe-4d5f-94fb-4a2130985ec9','2014-02-12 10:41:12','0:0:0:0:0:0:0:1','zz','0'),('3c01ce55-736c-475f-9a04-4f3da78ef6ff','2014-01-25 12:11:48','本地','周孝军','0'),('3c1eaff9-fd06-4fa4-98e5-cf3815cb2087','2014-02-08 03:42:00','127.0.0.1','zz','0'),('3c27dda1-28bf-4b97-8057-fa8279ddef37','2014-02-07 07:35:34','本地','chat007','1'),('3c9e506d-36d0-438d-be93-82259699e30f','2014-01-01 23:49:03','本地','周孝军','1'),('3d237da8-9f34-4bb8-9098-bc3ef8900ed8','2014-01-19 23:33:51','本地','周孝军','1'),('3d35ae3b-6298-4285-b2c2-19bb13a7e019','2013-09-30 17:34:43','本地','周孝军','1'),('3d4c6303-4a47-4ba9-81db-f07c09e99992','2014-01-04 17:22:11','本地','周孝军','1'),('3d8b666a-50e2-4940-8e2e-b9557f6cade3','2014-01-25 16:44:12','本地','周孝军','1'),('3dabd861-6e54-4860-b9ac-8d1d0cafa11a','2014-01-24 22:15:26','本地','周孝军','0'),('3e629ecd-c0a5-4a1c-bb3e-4fc3d41070e4','2014-01-09 20:52:53','本地','周孝军','0'),('3f15e189-f657-4747-ae67-1930106eef8e','2014-01-13 19:01:46','127.0.0.1','周孝军','1'),('3f643090-9979-4382-b918-c8fc012a1a04','2014-01-28 12:38:12','本地','周孝军','0'),('3f900558-1a5c-4b59-8ce7-c6cf9a4b3bf8','2014-02-15 11:00:06','0:0:0:0:0:0:0:1','SGB','1'),('3fc0242b-5a54-40d5-b215-b4a2bf0402b0','2014-01-03 13:47:15','本地','周孝军','0'),('3fc0bff7-001b-4397-a9ba-e3ed13306b0a','2014-02-16 15:30:02','0:0:0:0:0:0:0:1','周孝军','1'),('3fe762f5-40a8-41ce-9309-5f53e55dd424','2014-01-09 21:02:16','本地','周孝军','1'),('3ff29509-3dd8-471c-926a-7f2234d6a1fb','2014-01-02 10:54:11','本地','周孝军','0'),('403ecfa7-055a-487f-a71e-6a144afca664','2014-01-18 20:09:51','本地','周孝军','0'),('40aab66a-d9cb-4031-a52b-4febbf94011f','2014-01-09 13:42:35','本地','周孝军','0'),('412a5686-24af-4558-aa31-e8aeb86ea51e','2014-02-08 04:02:50','127.0.0.1','zz','1'),('414abf41-6931-4596-bed0-d3edcfbc6793','2014-01-13 16:39:32','127.0.0.1','周孝军','0'),('4153421b-a3b0-4280-88bf-466287ef9a9a','2013-12-31 21:14:06','本地','周孝军','1'),('419f95f3-4f1a-43db-b9c7-198471ef95da','2014-01-18 16:01:07','本地','周孝军','1'),('41b1cd8b-b000-4ebe-866f-2bb3678a9123','2014-01-14 13:18:33','127.0.0.1','周孝军','0'),('41c5eca8-e83e-4b62-9796-836b59879d20','2014-01-06 02:21:11','本地','周孝军','1'),('41fbc905-a507-43fd-8f16-86afd2478b2f','2014-02-07 19:07:31','本地','zz','0'),('420dfbd8-87f8-44e4-943d-31e7c0f81fce','2014-01-25 19:27:31','本地','周孝军','0'),('4230528b-92f7-49cb-9699-0532ffd9006c','2014-01-06 11:16:49','本地','周孝军','0'),('4302cdcb-c2e2-49fe-9477-a75db5e626c5','2014-02-08 03:42:08','127.0.0.1','GEADMIN','1'),('43ad7b31-63e1-4ab6-8b89-4797b0f28fe2','2014-01-20 08:07:05','本地','周孝军','1'),('43b06c30-6254-4d2d-b309-f439518eb03d','2014-02-12 10:54:49','0:0:0:0:0:0:0:1','SGB','0'),('44e9502f-dd00-4097-8202-1074c042aeee','2014-01-25 13:02:13','本地','周孝军','0'),('44f33b97-763c-42a3-a514-ff2287ef4d38','2014-02-07 00:00:06','127.0.0.1','周孝军','1'),('45736de8-ce5d-4ff3-ad9e-bc7e65130325','2014-01-24 13:31:33','本地','周孝军','0'),('4582ad11-3659-4a2e-88af-f53c008fa77d','2014-01-27 03:41:45','本地','周孝军','1'),('459843cc-f451-49f2-a4f2-61fbc2ce68d9','2014-01-27 06:15:45','本地','周孝军','1'),('46026de1-db7a-4c67-a6c4-5bef15cfcdc8','2014-01-02 13:39:16','本地','周孝军','1'),('46317c53-6f54-4415-98d5-81d0345198bc','2014-01-02 03:01:21','本地','周孝军','1'),('4709f315-6dde-4b5e-9030-77cedfd4cf49','2014-01-30 00:16:57','127.0.0.1','周孝军','1'),('47172576-dd3d-4e87-ad39-380db1a62bde','2013-12-29 22:27:10','本地','test','1'),('4724c1ac-3b45-41c1-aaa1-7ff1b58cf6b2','2014-01-21 16:42:22','本地','周孝军','0'),('4760eb17-842a-4bc3-999c-7378a1233954','2014-02-08 03:31:17','127.0.0.1','zhouxj','1'),('47d1dc1b-8994-409a-b91f-6670c1b23215','2014-01-21 19:00:38','本地','周孝军','1'),('47fe7ecd-47bd-49f1-9c22-10f6a07bc2ef','2014-01-22 02:33:35','本地','周孝军','1'),('49827111-8416-4c70-8c76-2dd4bf5194e0','2013-09-30 18:51:12','本地','周孝军','1'),('49f7608e-f569-4b63-a892-152c64d36a88','2014-02-09 02:58:17','127.0.0.1','zz','1'),('4a3e9c90-a479-4c55-923d-3609598a5267','2014-02-09 08:29:44','127.0.0.1','zz','1'),('4a56287a-fdd0-4c66-a442-f6af9b0c0f62','2014-01-15 20:41:17','127.0.0.1','周孝军','0'),('4aa3cc76-7cfc-47d5-8581-2d2678a20002','2014-02-08 19:06:25','127.0.0.1','zz','1'),('4b688aaa-652b-4521-984c-9b8da63964ce','2014-01-03 09:46:59','本地','周孝军','0'),('4bb219be-8efd-4105-998c-15b664966438','2014-02-09 10:35:32','127.0.0.1','SGB','1'),('4c0e5ebb-5b06-462d-85d3-8ead97fb19c0','2014-01-02 18:04:03','本地','周孝军','0'),('4c8861d7-c67d-4f79-8464-c7bb79f7a590','2013-12-30 15:57:25','本地','周孝军','0'),('4cf92fbb-ae76-4ecc-b450-0198a04d2268','2014-01-09 01:12:27','本地','周孝军','0'),('4d066ecb-d951-4bbb-a1ce-1834d1e0df6a','2013-12-31 20:32:18','本地','周孝军','1'),('4d10d01d-378b-43b0-bb20-7752cd4a2d7c','2014-01-26 01:46:44','本地','周孝军','0'),('4d4f30c8-ea5f-42f3-88b8-51027eb907df','2014-02-18 07:11:24','0:0:0:0:0:0:0:1','zz','1'),('4d7ef258-814d-423d-ae65-7c905e556d58','2014-01-14 17:54:49','127.0.0.1','周孝军','1'),('4db37af2-7d68-4b92-9cd5-b531d36dfeec','2014-01-16 17:55:31','本地','周孝军','1'),('4e3e8fd5-83ba-4f63-a91b-c16f0fb17042','2014-01-09 14:04:35','本地','周孝军','0'),('4e5c8846-3282-4051-b693-7f84e78436bc','2014-01-09 20:22:32','本地','周孝军','1'),('4e64b0e0-67a9-4482-ae8f-9a1064db4b6e','2014-01-06 15:39:53','本地','周孝军','1'),('4e919be8-eef9-4a7b-a500-acda93f20a20','2014-01-14 15:11:33','127.0.0.1','周孝军','0'),('4efc1786-f1d7-4fd7-ada5-dbda5080ce04','2014-02-08 00:46:13','本地','zz','1'),('4f4f11e9-e2af-4b27-9ce9-6e43ab958b6d','2014-01-26 15:25:00','本地','周孝军','1'),('4f627c61-104d-4b39-a5c3-84e7dc682afc','2014-01-07 18:52:24','本地','周孝军','1'),('503fbd67-4d9a-4684-8c63-9f2145055cae','2014-01-01 23:49:38','本地','test','1'),('503fd819-9f9d-460f-89d6-05f7f5eb45ae','2013-12-30 14:23:27','本地','周孝军','1'),('5059a51a-5f09-464c-ad69-02e413395d3a','2014-01-17 16:03:22','本地','周孝军','1'),('50a526f9-5d12-4168-9a20-d56f1bb0776d','2013-12-30 13:30:56','本地','周孝军','1'),('5161cefc-8caa-4871-9db0-b408015a6845','2014-01-27 05:38:31','本地','周孝军','0'),('51df6951-17e2-4ec3-a510-44744f999839','2014-02-08 03:50:04','127.0.0.1','zz','1'),('52362a6f-3afe-4736-b659-17555b37f739','2013-12-30 13:46:15','本地','周孝军','0'),('5358762e-6388-4691-a7ad-2c4ad925c83d','2014-01-28 13:31:03','本地','周孝军','1'),('5359a992-d330-4d48-a057-36c9d0d72518','2014-01-07 23:37:58','本地','周孝军','0'),('535e4bac-e6a1-4cd3-b629-ba492ec59834','2014-01-19 03:31:03','本地','周孝军','1'),('549f35c8-5920-4bb9-96b3-362899355efb','2014-01-18 20:39:51','本地','周孝军','0'),('54a94132-e842-417f-94d5-60adf1c888c0','2014-01-28 04:16:45','本地','周孝军','0'),('5557c08a-f10d-4541-9ffe-22438c8e106d','2014-02-07 17:39:51','本地','zz','1'),('55bb2d24-cf5a-4ca2-9b99-496c78ddc621','2014-01-21 22:21:16','本地','周孝军','1'),('56543729-2109-4f06-ac4b-f9dc59b743e9','2014-01-25 01:07:53','本地','周孝军','1'),('56822bd3-f1c9-41ac-b562-0c77a1b96c84','2014-01-03 12:40:14','本地','周孝军','0'),('56cdff9c-0889-44ad-89b1-94ab31fc7f69','2014-01-02 18:30:48','本地','周孝军','1'),('56edcd78-7ffc-4f1e-b5bb-905f16301137','2014-02-09 11:14:51','127.0.0.1','SGB','0'),('57070239-ffad-44b0-87ec-fb19f7f3fcea','2014-02-04 21:46:54','127.0.0.1','周孝军','0'),('5770471c-2bd0-422c-8781-4e7bbefcc0e0','2014-01-14 22:14:30','127.0.0.1','周孝军','1'),('57747564-4e37-4c2f-8f4d-6170cf348fd3','2014-02-07 09:10:11','本地','zhouxj','1'),('57884dbd-134a-48f3-a8fe-206072b3d873','2014-02-08 03:33:11','127.0.0.1','zhouxj','0'),('580cb91e-1a96-4bdc-900d-f8e3b2a57c88','2014-01-16 18:09:21','本地','周孝军','1'),('580e821e-0704-4517-9ee1-dacab517ea02','2014-02-15 11:57:14','0:0:0:0:0:0:0:1','zz','1'),('5a087db7-6c21-49fe-9e9b-87d134de0f9e','2014-01-30 00:32:22','127.0.0.1','周孝军','0'),('5ab3bb70-6c75-45bc-9c87-76246221dadb','2014-01-02 17:36:27','本地','周孝军','1'),('5ac94c25-4b3f-4aba-b51f-82e9812f7f2f','2014-02-07 04:00:52','127.0.0.1','周孝军','0'),('5b030d9d-3383-427d-8212-277624807991','2014-01-25 01:38:39','本地','周孝军','0'),('5b0429d9-c627-4270-9480-d17c0236a571','2014-01-14 22:07:25','127.0.0.1','周孝军','0'),('5b3e5aaf-dd60-4b93-ad42-9355840b04e1','2014-01-08 14:09:29','本地','周孝军','1'),('5b4bc122-7c6c-4fea-9555-4cb3ce38302d','2014-01-14 15:36:34','127.0.0.1','周孝军','0'),('5be7b252-7758-48be-bf48-6ff405fdc498','2014-01-17 11:52:48','本地','周孝军','0'),('5c07b3f4-a0f7-4d8c-aa9c-8c49eb7327a4','2013-08-01 17:42:00','本地','周孝军','1'),('5cb19d71-67f7-4ef2-84e3-08de6d41161a','2014-02-07 08:12:40','本地','周孝军','0'),('5cdd4d10-c24a-49c3-8047-90e7114bb339','2014-01-15 19:27:05','127.0.0.1','周孝军','1'),('5d336ffa-0958-41a1-bc7e-41489bf4311f','2014-02-09 02:08:11','127.0.0.1','zz','1'),('5d983ddb-0b24-4b0f-a8ec-754bf336e027','2014-02-08 03:31:40','127.0.0.1','zz','1'),('5e6f32dd-065f-44c6-8791-b308f68be4e6','2014-01-06 23:00:34','本地','周孝军','1'),('5e7ea42d-0b4e-4fed-8e5b-8f1f580628a5','2014-02-15 18:32:46','0:0:0:0:0:0:0:1','zz','0'),('5ed224ff-b5e1-427e-bc04-8104f4c1ceb6','2014-02-12 10:54:56','0:0:0:0:0:0:0:1','SGB','1'),('5ef22328-cf1c-4f04-8750-67b19c76552c','2014-01-13 22:05:21','127.0.0.1','周孝军','1'),('5f0ecb5b-07f5-4e61-bb1a-9c1570358d12','2014-01-20 08:38:54','本地','周孝军','0'),('5fb7c2bd-6084-4bfe-a33d-5f6e130b2a66','2014-01-15 21:17:17','127.0.0.1','周孝军','1'),('5fc97da0-92de-4cea-a98d-a474a52fd253','2014-01-09 21:41:04','本地','周孝军','0'),('5fd2f25c-9116-45ad-b395-e9a337205e83','2014-01-07 16:46:58','本地','周孝军','1'),('60151e01-cd41-404b-aaed-7646f86bd9e9','2014-01-10 01:37:16','本地','周孝军','1'),('6018342e-81e3-4982-9964-f8f4ef4cfaee','2014-02-07 07:35:24','本地','周孝军','0'),('60307510-a283-4454-b589-fbceebdded6a','2014-02-07 04:55:16','127.0.0.1','周孝军','1'),('604f08d0-e8b1-46c5-a1d0-c7e375cfa889','2014-01-16 04:14:51','127.0.0.1','周孝军','1'),('60866a9d-e7f2-4585-9f85-2f6e2e82df40','2014-02-07 08:50:19','本地','周孝军','1'),('613db487-407d-4a55-baa2-040b268e81f4','2014-02-17 11:18:31','0:0:0:0:0:0:0:1','zz','0'),('61865938-ffca-4f7b-b5cf-c674e5bdd181','2014-01-25 12:47:58','本地','周孝军','1'),('61dff374-402f-4b9a-a7da-ae9ce5e3e877','2014-01-09 00:50:49','本地','周孝军','1'),('6206600e-16f2-4d01-bb71-94d2e30527be','2014-01-08 20:08:55','本地','周孝军','1'),('626a16a8-759b-44c5-ba23-ef349da1dd6c','2014-01-15 03:56:53','127.0.0.1','周孝军','1'),('62859f77-49c2-4475-956a-f779053a4d6f','2014-02-07 17:29:30','本地','zz','0'),('62d4f4fe-8f2e-4777-9bbe-f33583b9ac77','2014-01-04 15:45:15','本地','周孝军','1'),('632543fe-2963-4fec-9119-8864e4c34cf6','2014-01-16 15:55:55','本地','周孝军','1'),('636c3a7d-92ae-47cf-b357-a73ccd80cfc8','2014-02-08 03:50:47','127.0.0.1','zz','0'),('639575f9-ad5f-4c6d-b24b-b7addd37be3c','2014-01-22 03:10:40','本地','周孝军','1'),('63d2f893-cee6-4f42-9853-f745dd0d6fa0','2013-12-29 22:56:42','本地','周孝军','1'),('63d65b03-2cc8-4b5d-9625-c99219b78edb','2014-01-05 21:37:12','本地','周孝军','0'),('64269e32-894a-4d07-8c8c-b38e3147a3ca','2014-01-02 12:43:17','本地','周孝军','1'),('645e8ecd-b5d6-4175-995d-75e19fbc7dd6','2014-02-08 03:44:55','127.0.0.1','GEADMIN','1'),('652eb490-8914-4273-a2bd-cf6c92f41302','2014-01-16 18:27:28','本地','周孝军','1'),('653bc39d-732c-4142-bbc4-ec7280824e98','2014-02-09 10:34:36','127.0.0.1','SGB','0'),('65d1a8ec-24ff-4271-af7a-e0f015373f89','2014-02-12 11:23:16','0:0:0:0:0:0:0:1','SGB','0'),('66970be6-f2e2-48cd-ac96-793e8ab696a0','2014-01-15 22:58:45','127.0.0.1','周孝军','1'),('66b8c97f-6bbc-43c3-a203-d848d1e72843','2014-02-08 01:49:56','127.0.0.1','zz','1'),('66e6f3bb-d2d2-4d32-886d-31cedb6d883b','2014-01-14 10:15:03','127.0.0.1','周孝军','1'),('67173653-b199-43d9-b060-924c812a7b4f','2014-01-30 13:00:35','127.0.0.1','周孝军','0'),('673087ca-0e3a-41a6-a467-6092afa1733f','2014-01-27 15:19:06','本地','周孝军','0'),('67b658c5-bcaf-4066-82ac-b85c4378f7c8','2014-01-03 12:18:36','本地','周孝军','1'),('67e1767c-9876-40dd-834c-268c4120f6ad','2014-01-15 00:30:11','127.0.0.1','周孝军','0'),('67f53351-f91c-473a-99a7-232ccf645922','2014-02-09 10:35:25','127.0.0.1','zz','0'),('6816f641-eca0-4943-b897-cf8fa74c362f','2014-01-27 15:13:15','本地','周孝军','1'),('68da29a1-f673-4e0d-9228-ad7452cf50b3','2014-01-14 19:51:05','127.0.0.1','周孝军','1'),('68e80180-c12f-41f3-b17d-dd3b1592e16e','2014-01-09 12:42:48','本地','周孝军','1'),('6930191b-69e5-43c6-b62d-3169a26f55a7','2014-01-19 22:32:22','本地','周孝军','1'),('69646a8d-75ad-4e6e-9f25-332ae064900a','2014-01-14 14:22:33','127.0.0.1','周孝军','0'),('699cbd98-999f-4e5f-aebd-bbbbaf005efb','2014-01-08 05:04:30','本地','周孝军','1'),('69c05c7e-49e7-4a9b-b9ea-d10df6c1dbea','2014-02-08 19:51:51','127.0.0.1','zz','0'),('6a18d3b8-8ecf-4414-84e1-2cc38a4b9ffb','2014-01-06 22:53:20','本地','周孝军','1'),('6a5ad18e-7e9f-4b82-9711-abc806d9c752','2014-01-17 13:42:13','本地','周孝军','1'),('6aa245e6-f5ab-4ad6-8b16-cd49b70dfaed','2014-01-20 03:23:19','本地','周孝军','1'),('6ac39e65-8032-4e9c-a2dc-5c3f49d8dc3b','2014-01-14 15:16:47','127.0.0.1','周孝军','1'),('6aea6192-de12-42d7-bb04-8a3f83aa74d4','2013-09-30 20:11:22','本地','周孝军','1'),('6b36033a-84ba-405c-9754-9a944bd86d49','2014-01-16 23:04:27','本地','周孝军','1'),('6b6100b4-7be0-413d-b50a-815eed915e37','2014-01-16 14:38:24','本地','周孝军','1'),('6b9682b2-6c8c-499b-bb1c-5af6598b6103','2014-01-08 16:14:02','本地','周孝军','0'),('6bdfa7c2-9984-4afc-bb1a-05791d76b0e4','2014-01-24 22:31:10','本地','周孝军','1'),('6beef3d3-23e8-4361-b35b-b012189235fc','2014-01-06 02:56:05','本地','周孝军','0'),('6c244638-2275-4c40-b563-262b973930ab','2014-01-02 10:27:55','本地','周孝军','1'),('6c31855b-343a-485f-a533-dfc1d91920ca','2014-01-10 10:08:38','本地','周孝军','1'),('6c4ae1aa-46c6-4dd8-a52b-347262dbcb03','2014-01-09 00:52:38','本地','周孝军','1'),('6c8db66c-73fe-4744-9f9b-af6ce20b2839','2014-01-15 18:48:07','127.0.0.1','周孝军','0'),('6c988d63-cb95-463a-9d3e-828fa45cbe43','2014-02-08 00:49:21','','zz','0'),('6cb6d4b1-471b-40ea-8812-8a3c7f137653','2014-01-07 21:21:20','本地','周孝军','0'),('6dc4fe79-6e8d-4d22-8602-3f3b4f533a2a','2014-01-19 22:30:12','本地','周孝军','1'),('6e11ab8d-9348-45c9-be75-06c3c64b49fb','2014-01-08 02:56:44','本地','周孝军','1'),('6e2629ce-8892-439c-b013-908833d23b8e','2013-12-29 21:58:45','本地','周孝军','0'),('6e688c57-592b-42d4-8ed8-b7264b3ab282','2014-02-07 01:48:23','127.0.0.1','周孝军','0'),('6e69b3ca-52a9-4109-aa3b-046392f75eb1','2014-01-16 16:42:48','本地','周孝军','1'),('6eafc3c3-2a5f-41dd-b2fb-74e9c5a228f1','2014-01-09 14:08:51','本地','周孝军','1'),('6ec2a859-407e-419a-8248-ca5e87f614ff','2014-01-15 00:41:37','127.0.0.1','周孝军','1'),('6f4db710-7702-480b-9746-09bcfd6c0252','2014-02-08 10:01:46','127.0.0.1','GEADMIN','0'),('6f84a9af-7223-4317-81e4-f428121a2b6f','2014-01-16 02:48:09','127.0.0.1','周孝军','0'),('6fbec468-2b68-4941-bd28-8b473efe54d8','2014-01-07 22:16:45','本地','周孝军','1'),('6fc73b41-f45b-4280-aeaf-5ad0753f5b7e','2014-01-14 16:54:33','127.0.0.1','周孝军','1'),('6fef65de-41f6-4f46-acce-a3db83b18b0b','2014-01-21 22:37:24','本地','周孝军','0'),('70090d4a-6a8b-4c26-984f-cca26d3c783d','2014-02-10 03:33:56','0:0:0:0:0:0:0:1','SGB','0'),('7047e2e7-dcd7-4754-8bc9-1766d2ac9172','2014-02-08 03:44:46','127.0.0.1','zz','0'),('708d3c2e-bef5-4e04-8c59-46b11cdad0a9','2014-02-12 12:28:05','0:0:0:0:0:0:0:1','zz','1'),('70b7af98-0561-4b9e-96aa-373809248517','2014-01-01 12:54:43','本地','周孝军','0'),('70ce4195-7147-487b-b63c-420dda54759c','2014-02-09 10:31:44','127.0.0.1','zz','1'),('7155bf9c-c56c-425f-bf5e-f77b5ff76be2','2014-01-08 21:35:56','本地','周孝军','1'),('71c1872e-1089-4768-bfbb-b4e84372b5f9','2014-01-02 12:51:59','本地','周孝军','1'),('71df3633-e9ed-43f7-a714-2a400e94e4a0','2014-01-08 01:48:57','本地','周孝军','1'),('72749894-009b-4b7e-8d62-91eae0727102','2014-01-21 10:30:27','本地','周孝军','1'),('72bc089c-a6f1-488d-a2bc-ef05fd8b775c','2014-02-09 17:37:36','0:0:0:0:0:0:0:1','zz','0'),('739981c1-9bfb-433c-956a-3fb808422eef','2014-01-02 00:33:05','本地','周孝军','1'),('73cdeb78-5474-429e-b5a0-bb1b1c6381ea','2014-01-27 14:31:25','本地','周孝军','1'),('74197b3e-70d4-4d61-847a-463c2450041c','2014-01-27 14:05:53','本地','周孝军','1'),('741e7095-bc13-447e-b55f-b948a0d40fe4','2014-01-02 18:25:03','本地','周孝军','0'),('743fdb2d-a41e-40fd-8281-ef44cba53d6e','2014-01-24 14:04:32','本地','周孝军','1'),('74886e47-daf5-4f69-94e5-a63aa41bf703','2015-09-24 15:00:45','127.0.0.1','zz','0'),('74b0a941-c0a0-4df9-bea2-a54590b61b9f','2014-01-08 00:33:34','本地','周孝军','1'),('752f0aee-a1ee-4ba3-af8a-3036e3c31b4b','2014-01-15 02:48:56','127.0.0.1','周孝军','0'),('7542cac5-5f3a-42ba-8bce-2baebb1cee60','2014-01-15 17:55:20','127.0.0.1','周孝军','1'),('75f68544-e776-478d-adcc-0874b53b07e6','2014-01-15 23:27:55','127.0.0.1','周孝军','1'),('76874c85-7c1a-4a22-8b62-b87b0aebeda1','2014-01-20 01:33:13','本地','周孝军','1'),('771e00ce-5d13-40e8-95da-1c1364df4803','2014-01-02 19:03:24','本地','周孝军','1'),('777b8474-f810-4cff-9d10-23e0ba29b775','2014-02-09 08:17:52','127.0.0.1','zz','1'),('77c57046-3115-4991-b129-b49438987e3c','2014-01-16 17:21:40','本地','周孝军','1'),('77cced94-f16f-4996-b90a-2a556bd77527','2014-02-08 03:32:18','127.0.0.1','zz','0'),('77f156b5-d431-4889-8693-d23daab18343','2014-01-13 16:16:32','127.0.0.1','周孝军','0'),('783f5515-e7b8-4a9c-bb53-ec6f978b829b','2014-01-27 07:12:37','本地','周孝军','0'),('7853feb2-2efb-40e0-97eb-b62ad077aeb8','2014-01-18 14:45:19','本地','周孝军','1'),('7856aa2e-c291-4acc-98cd-421ad6ab5a60','2014-01-19 23:50:22','本地','周孝军','1'),('78633dad-faab-421c-a31f-5a929ba88670','2014-01-04 13:36:47','本地','周孝军','1'),('79189d6c-0bfa-4535-b87e-923e1c2b9070','2014-01-20 00:10:48','本地','周孝军','1'),('796bdba5-cea6-4de7-a7d6-3cf25e83d053','2014-02-07 08:18:13','本地','zhouxj','1'),('79cee12e-9cb7-460c-b580-18ddc3e43d59','2014-02-16 15:44:27','0:0:0:0:0:0:0:1','周孝军','0'),('79fc2301-f7fe-4e3c-a288-5b98ad949421','2014-01-24 14:25:11','本地','user','0'),('7a19d5f5-e893-4956-8865-11c904790ead','2014-02-09 11:19:40','127.0.0.1','SGB','0'),('7a44be12-8902-4425-8f33-366beec27f7c','2014-02-08 03:49:53','127.0.0.1','GEADMIN','0'),('7a61ba9b-0b41-4bfe-87b5-510d55c1e571','2014-01-22 04:17:07','本地','周孝军','1'),('7a949bd4-b9e5-4ccd-987f-dc0ad610e553','2014-01-19 18:57:24','本地','周孝军','1'),('7aa274a1-7191-47c9-8021-3f532114ba5b','2014-01-19 19:15:18','本地','周孝军','1'),('7ab4e799-30df-431c-8420-53c4711b53fc','2014-02-07 04:01:03','127.0.0.1','chat007','1'),('7ae865f5-17a1-4121-8875-88b62b17e6a7','2014-02-09 03:47:18','127.0.0.1','zz','0'),('7b5a6f36-3e40-4e02-bde9-54558e11e7e1','2014-01-24 14:30:34','本地','周孝军','0'),('7b90b64f-61ca-4405-994b-981555a76102','2014-01-13 19:18:33','127.0.0.1','周孝军','0'),('7bf82ffc-46b4-4a2e-9444-2bb3186a9909','2014-02-09 10:32:38','127.0.0.1','SGB','0'),('7c3d1dfa-334c-49bc-a4b8-8f48fc650fee','2014-02-17 10:22:58','0:0:0:0:0:0:0:1','zz','0'),('7c6b9be9-ab95-410f-b34a-fca04e19117c','2013-12-30 15:44:38','本地','周孝军','1'),('7ca8b1e1-4aaa-43b7-b76f-9204adab9967','2014-01-02 13:37:57','本地','周孝军','0'),('7cbb05c5-8a78-4b05-bbbd-3939c3c902e6','2014-01-22 00:03:25','本地','周孝军','0'),('7cc2f4db-85bf-4718-bdf3-c3d0a2450ef4','2014-01-14 15:52:25','127.0.0.1','周孝军','1'),('7d7925ad-50c8-4fb8-be6b-f04c5900fec2','2014-02-07 04:24:40','127.0.0.1','周孝军','0'),('7e63e0f6-bd1b-4248-b6b7-16396db6305c','2014-01-01 00:59:47','本地','周孝军','0'),('7e944cac-794a-4539-99c0-af93af8e1ba2','2014-02-07 08:17:37','本地','zhouxj','0'),('7ea88c31-e63a-4fca-9094-e72d6f961b3e','2014-01-14 18:17:36','127.0.0.1','周孝军','1'),('7edf3797-4ace-495d-8a38-fa1a7d25bfbe','2014-02-08 04:02:41','127.0.0.1','zz','0'),('7eeaef3a-1a05-4037-bab9-461577848b96','2014-01-17 18:14:59','本地','周孝军','0'),('7eeff78d-b4df-4272-b456-bcd916ad402d','2014-01-25 16:48:59','本地','周孝军','1'),('7f022fd3-f03b-41e7-8466-7d261dcfc69d','2014-02-08 03:55:10','127.0.0.1','GEADMIN','1'),('7f24a401-7e7c-4303-b87d-cfb2dd56140f','2014-02-08 00:06:13','本地','zz','1'),('801c0e90-3037-4b42-ba7a-50558221a2eb','2014-01-15 05:13:30','127.0.0.1','周孝军','0'),('8053b5c0-de2e-4802-9f79-6fbc1546829a','2014-01-15 13:00:45','127.0.0.1','周孝军','1'),('8114fcd1-cc89-4233-97bd-206371fead40','2014-01-02 15:37:00','本地','周孝军','1'),('816f2c85-9774-4988-9b6d-cc6944570725','2014-01-05 21:21:19','本地','周孝军','1'),('8191be29-1043-4672-a702-7204e5f1c402','2014-01-05 23:53:04','本地','周孝军','0'),('81ceded6-58d4-4d02-96be-3b1e0633870a','2014-01-06 12:25:35','本地','周孝军','1'),('82114f81-b076-452c-9b96-114b2ed533ce','2014-01-26 14:56:20','本地','周孝军','0'),('82857657-5e73-40d0-a5b2-69711f9711ed','2014-01-25 13:38:49','本地','周孝军','0'),('82db74e0-6768-4027-9a67-a4d14aafada9','2014-01-18 15:32:10','本地','周孝军','0'),('83de9baa-dd08-4481-a611-3ad479955754','2014-01-17 15:46:49','本地','周孝军','0'),('840d0d11-55b3-4ae8-9319-0bb1d6573a11','2014-02-10 04:20:07','0:0:0:0:0:0:0:1','zz','0'),('841ec8c4-fb85-43ba-a145-6e14e13ca2d4','2014-01-10 14:56:14','本地','周孝军','0'),('84312ccc-dbb5-4512-96ae-abef777f7441','2014-01-07 17:24:54','本地','周孝军','0'),('847a4cd0-9856-4968-ae74-96f956051173','2014-02-07 05:38:41','本地','周孝军','1'),('858a2979-1563-4e5d-9ae2-b74f72ef9aff','2014-01-16 22:31:49','本地','周孝军','0'),('85b0a8e8-0a64-4dea-a4e7-db36d25f921e','2013-12-30 15:54:56','本地','周孝军','1'),('86108b96-c496-4256-b401-ffd0f09e5b29','2014-01-07 10:32:42','本地','周孝军','0'),('8611d97b-30b0-4bb1-b390-c64f121192eb','2014-01-04 17:50:24','本地','周孝军','0'),('866df5e6-8596-4156-932c-76ec9886c820','2014-02-09 11:15:35','127.0.0.1','SGB','1'),('86ca6043-53be-40cb-9867-de614c334901','2014-01-04 13:03:10','本地','周孝军','1'),('87674d1b-4b1b-49ec-bf99-9033b254fbd7','2013-09-30 17:33:06','本地','周孝军','1'),('8773b5a6-46d6-45de-a92b-17dd7141ceaf','2014-01-26 02:36:24','本地','周孝军','1'),('8782e661-7bcb-4034-8d91-febccf5520dd','2014-01-06 13:25:50','本地','周孝军','0'),('87e6f5e5-1683-48f2-b167-4dec7fcf586d','2014-01-03 11:50:19','本地','周孝军','1'),('8831aa7d-3bfe-4c54-8436-5740adb4b686','2014-01-04 13:06:58','本地','周孝军','1'),('8850fb7a-0be4-4e04-840f-9b9dbcff4c73','2014-01-17 00:33:24','本地','周孝军','0'),('88900ab2-c8e7-4b7a-b214-1b483d1d6f62','2013-12-31 21:22:22','本地','周孝军','0'),('88f6c2a5-c854-409f-afc6-a78f96496e10','2014-01-27 03:16:56','本地','周孝军','1'),('8903b1d6-e305-4887-9742-585c33342c2c','2013-12-30 15:50:18','本地','周孝军','0'),('89792c2c-b524-4654-8d61-c39fc2cea4ad','2014-01-15 17:05:06','127.0.0.1','周孝军','0'),('897f8a1d-2b3d-485d-878f-67579a8ab4b7','2014-01-16 03:52:02','127.0.0.1','周孝军','1'),('89985ddf-2403-4db5-857e-f5b50e17ca06','2014-01-09 01:14:38','本地','周孝军','1'),('89e11e85-222d-4d95-a702-9953c39c851c','2013-12-30 00:31:33','本地','周孝军','0'),('8a32afc4-8eb1-4f8a-9fdd-feb34290c9e4','2014-02-08 04:13:35','127.0.0.1','zz','0'),('8a3487a6-48cf-494e-9848-85bad6c4f546','2014-01-27 09:47:13','本地','周孝军','1'),('8a6bcf46-03ff-45ed-b367-e899d951a59b','2014-01-07 12:45:22','本地','周孝军','0'),('8acdeeaa-ee58-4f62-ac52-aab22a007993','2014-02-08 00:46:56','','zz','1'),('8b495f52-b0a9-46ab-91ec-cb43c00a595c','2013-12-30 13:24:15','本地','周孝军','0'),('8b5d0480-3aa0-4a66-8ffe-8746cad44202','2014-01-19 04:47:25','本地','周孝军','1'),('8c11f2d3-4388-4f9f-aa0b-0fe9493e2c85','2014-01-19 22:03:08','本地','周孝军','1'),('8c950f93-f2fd-41d8-a031-54e6da2282e7','2014-02-08 00:45:44','本地','zz','0'),('8cc574e8-8f4a-4d8b-ae37-504f6b76dd62','2014-01-03 00:30:49','本地','周孝军','0'),('8d4c4898-f1e3-4baa-9244-ac947f0eb28c','2014-01-19 19:13:11','本地','周孝军','0'),('8dc60af9-b111-4c2f-a4b5-908efda693c3','2013-12-30 16:00:03','本地','周孝军','1'),('8e1364e9-4a49-434d-a1ba-5f81db05570d','2014-01-15 01:43:26','127.0.0.1','周孝军','1'),('8e169c31-98f0-474f-8162-58a27d32942d','2014-01-13 22:06:27','127.0.0.1','周孝军','1'),('8e848a14-a1d5-48d9-99dd-9e9524f2ced4','2014-02-07 04:01:35','127.0.0.1','周孝军','1'),('8e901e72-4dd6-4890-896d-cfd9aee30d16','2014-01-13 22:07:26','127.0.0.1','周孝军','0'),('8ed30b61-b256-480c-b6d0-cf7b0080d57b','2014-01-04 12:46:05','本地','周孝军','1'),('8ee1b9c1-856d-4cef-adf8-6a0eafbe8f8f','2014-01-02 14:22:48','本地','周孝军','1'),('8eec3760-bade-4805-8109-59dcbda4aacc','2014-02-08 20:09:52','127.0.0.1','zz','0'),('8f143751-ffa7-4b53-8264-3e9182647730','2014-01-14 12:33:24','127.0.0.1','周孝军','1'),('8fa9754c-2b18-4ed9-a132-c2d46f0e23f8','2014-01-17 11:29:24','本地','周孝军','1'),('902621f4-79e3-48d5-b337-c58c632603f1','2014-01-04 14:14:44','本地','周孝军','1'),('9030509d-e314-4610-ae3a-9be8879cd7d6','2013-12-30 15:31:16','本地','周孝军','0'),('905e3dcb-133c-451e-ba0f-d89242e78200','2014-01-15 00:21:22','127.0.0.1','周孝军','1'),('90bac36a-d8f8-49f6-881d-bb5d2d7664ce','2014-01-02 14:46:57','本地','周孝军','1'),('90c1951f-80e3-4575-a740-5542a796f013','2014-01-02 10:59:25','本地','周孝军','1'),('90dd6725-94f0-4834-b4e5-f6fd81fc14b9','2014-02-09 03:47:18','127.0.0.1','zz','0'),('90e10d34-d6af-45fe-a2ee-ca52b9af55d3','2014-01-16 04:07:43','127.0.0.1','周孝军','1'),('911936c1-a08b-458e-8297-7f3289902494','2014-02-09 10:56:23','127.0.0.1','zz','1'),('91538e9b-925b-4a08-bee7-a579b2248d7e','2014-01-16 16:44:43','本地','周孝军','0'),('9163355a-df19-4a56-86f3-4b6592f03fd9','2014-01-25 13:50:59','本地','周孝军','1'),('91a12008-1c74-4f6a-8a3b-97c86a87d630','2014-01-01 00:43:47','本地','周孝军','1'),('91b493d6-87d5-408d-8fbc-9e2b69619c2f','2014-01-10 02:03:06','本地','周孝军','0'),('91ca3907-c663-4cb7-92fa-6e611e0a114d','2014-01-01 23:44:08','本地','周孝军','0'),('91dec6f6-9432-40d7-9f5f-8a8003bfcf29','2014-01-16 05:01:00','127.0.0.1','周孝军','1'),('91f35027-6bde-4878-ba88-5d48e0ed784b','2014-01-20 00:23:59','本地','周孝军','1'),('921085a8-b3a0-4ee3-824b-ee9cd26628eb','2014-02-07 08:50:13','本地','zhouxj','0'),('9240f98b-eab5-4e19-ba40-c43803b433ae','2014-01-15 23:03:57','127.0.0.1','周孝军','1'),('924d5bae-7084-4cfd-8999-7e7adcfbbfb9','2014-02-08 03:43:29','127.0.0.1','zz','1'),('92e4da76-9020-460a-b39a-74a2411e9d01','2014-01-28 16:00:34','本地','周孝军','0'),('92f45116-46d3-4459-81ba-875b559a851b','2014-02-08 03:32:26','127.0.0.1','zhouxj','1'),('939f31e9-7d87-4948-b2e8-0ff9a15d8a56','2014-01-25 17:08:30','本地','周孝军','0'),('93ca7e34-ceb9-48ba-adb1-98c399757b70','2014-01-27 19:32:57','本地','周孝军','1'),('93cffb34-f5ce-47ef-a4c4-ac1c8a480032','2014-02-16 16:09:46','0:0:0:0:0:0:0:1','zz','1'),('94a15e96-ec9f-4881-8995-f5447fb65469','2013-12-31 22:32:46','本地','周孝军','0'),('95075853-e59f-438e-863e-a3c55d41436f','2014-01-20 05:24:49','本地','周孝军','1'),('9507c5cf-8712-41bd-ad70-4fe155ae59e5','2013-12-30 12:55:55','本地','周孝军','1'),('950b186f-16b8-4a70-a93d-8198a660cf5f','2014-02-09 07:25:57','127.0.0.1','zz','0'),('950f9970-042f-4d38-be74-49ab0326a242','2015-09-24 15:12:33','127.0.0.1','zz','1'),('957f6277-940c-48dd-a8ef-62f787b6e36b','2014-01-03 17:00:42','本地','周孝军','1'),('9616d9d6-452d-4402-bcda-c342c09c4681','2014-01-09 14:41:44','本地','周孝军','0'),('96d7b6aa-88cc-4e0f-b878-4572407569e4','2014-01-16 04:37:06','127.0.0.1','周孝军','1'),('9753f9d9-fdcb-462b-a709-d41d8fb70d21','2014-01-03 12:18:33','本地','周孝军','0'),('9757f5b2-700b-48b2-9b3b-2bf3794886b1','2014-01-19 17:41:47','本地','周孝军','0'),('977fd4d6-cfff-4073-9ac7-9848e0d214bd','2014-02-09 05:40:18','127.0.0.1','zz','0'),('98403e79-1de9-480c-9dd9-a64e0e5bd40f','2014-01-27 15:18:27','本地','周孝军','1'),('984afd4c-9971-41ed-9356-ca0004208642','2014-01-16 16:42:40','本地','test','1'),('986ef20e-4ff6-41d1-9dfc-1a888416f793','2014-02-16 16:09:16','0:0:0:0:0:0:0:1','zz','0'),('988e0cbf-a3ea-47d1-bdb6-2a3a128fbe14','2014-01-28 03:44:41','本地','周孝军','1'),('98939305-11b0-4bc5-8c81-7cb5ea295b6d','2014-01-20 06:22:04','本地','周孝军','0'),('98b05880-8428-4e42-a684-454fceb50b94','2014-01-06 13:46:23','本地','周孝军','1'),('992989b3-44e4-4186-9c3f-040090e9ccc2','2014-01-27 10:02:45','本地','周孝军','0'),('993a69ab-f46d-4461-bf62-130380aba691','2014-01-13 22:06:20','127.0.0.1','周孝军','0'),('9a615a96-d02d-4e9e-9008-5dce8761c1c5','2014-01-25 16:24:11','本地','周孝军','1'),('9a7e8aed-2fd7-4303-87bc-7c905c402f31','2014-01-15 01:09:07','127.0.0.1','周孝军','1'),('9a829586-0c3e-4750-9fe3-3036f01e48d9','2014-01-14 20:10:11','127.0.0.1','周孝军','1'),('9a8703da-d1f7-4007-ab0d-8b54120e206a','2014-01-17 19:48:04','本地','周孝军','1'),('9b0e8e49-8798-4d9f-855d-c796dd068fc0','2014-01-27 14:31:29','本地','周孝军','0'),('9b296a9a-2c7f-4cde-bad4-d6790c83b074','2014-01-24 15:51:41','本地','周孝军','1'),('9b425428-77dd-4462-98cd-3e7b9efad492','2014-02-15 17:51:24','0:0:0:0:0:0:0:1','zz','1'),('9b70ccb4-741a-4c4f-8e31-ca37aa44b9e7','2014-01-07 16:15:25','本地','周孝军','1'),('9ba70acc-0db7-4359-8ae0-04b62b02a80c','2014-01-06 16:19:21','本地','周孝军','1'),('9bdf172d-0cc3-4ee5-b5cc-cb4e5a3e1e2d','2014-02-09 10:31:24','127.0.0.1','zz','0'),('9c56c090-2ba8-41a7-8968-fa3f79b51104','2014-01-21 20:45:26','本地','周孝军','1'),('9c5d18a7-5076-4ac5-a816-ebe978a0c057','2014-01-24 15:14:34','本地','周孝军','0'),('9c6cc4d0-157a-40aa-aaa7-ed6f585db32d','2014-02-12 13:02:06','0:0:0:0:0:0:0:1','SGB','0'),('9c7b301a-e880-4a2d-a5ed-10d92a66e01b','2014-01-06 22:26:29','本地','周孝军','0'),('9d081177-da7e-4160-9e38-08de20ed816a','2014-02-10 07:01:18','0:0:0:0:0:0:0:1','GEADMIN','1'),('9d260c64-6ab2-4b73-997f-80d8aea4d19c','2014-01-16 01:38:08','127.0.0.1','周孝军','0'),('9d367398-d49b-47e9-bcfb-01eab3e4080e','2014-02-09 04:47:47','127.0.0.1','zz','1'),('9d89eea6-67e1-4d3f-9d3b-1ad6b4ea908e','2014-01-22 01:42:15','本地','周孝军','1'),('9e1ba60f-be15-44c2-af98-f1c40abcf56b','2014-02-09 09:52:37','127.0.0.1','zz','1'),('9e2573c6-4b53-4c4b-8744-b1102b525972','2014-01-22 02:13:13','本地','周孝军','1'),('9e4e6ca7-97a2-434d-8c53-fe16fe101ef8','2014-01-16 16:44:05','本地','test','0'),('9e6facc7-81bc-474c-833f-0b010cb825e9','2014-01-17 14:58:55','本地','周孝军','1'),('9e9c3ed4-2b2d-4aa3-8923-01f88cb001ca','2013-12-30 13:06:29','本地','周孝军','0'),('9edc1b93-1104-4a28-93f6-60ec56dea5f4','2014-01-15 23:43:17','127.0.0.1','周孝军','1'),('9ef45507-88b2-4641-ae79-e480e4278650','2014-01-20 02:26:31','本地','周孝军','1'),('9f04adb0-3cc7-4371-90f0-c94f81a5495a','2014-01-27 14:31:17','本地','周孝军','0'),('9fb8c094-183e-4b26-9c69-a13a25830276','2014-01-08 21:09:45','本地','周孝军','0'),('a051b9cf-f24a-4d64-bc9f-cd3e1f066ba5','2014-02-09 11:19:47','127.0.0.1','zz','1'),('a055863a-c675-42ad-b352-53e7ea997b2d','2014-02-15 17:39:06','0:0:0:0:0:0:0:1','zz','0'),('a09be592-043d-4e62-b8d4-98846df7c8b0','2014-01-26 15:27:25','本地','周孝军','0'),('a09bf632-096e-489f-bd1f-84e5e0215d72','2014-01-24 21:59:04','本地','周孝军','1'),('a0b68675-9ac3-4496-b55b-2766f265b388','2014-02-07 04:54:04','127.0.0.1','周孝军','0'),('a0de3b2e-dfaa-4beb-99b7-97b9c390d612','2014-01-03 01:22:06','本地','周孝军','0'),('a11b8cba-fa67-4eab-aed2-17c63f0bc48f','2014-01-24 14:25:00','本地','周孝军','0'),('a11ba8ed-9b13-4e49-9061-682405f52cf7','2014-01-20 00:34:00','本地','周孝军','1'),('a11f6818-7a6c-4ffb-8097-7eb13b0fc549','2014-01-05 22:55:10','本地','周孝军','1'),('a141ff58-72d3-465d-ab70-f119ecc48eb2','2014-02-10 06:58:03','0:0:0:0:0:0:0:1','SGB','1'),('a154eaef-8ae3-4350-b277-fe456ad88c0d','2014-01-26 18:46:07','本地','周孝军','0'),('a1930981-0557-455b-a976-a78ee3c598a8','2014-01-01 23:48:50','本地','test','1'),('a1d59e76-dead-4fcf-ba95-f3a9ec46695e','2014-01-09 16:39:05','本地','周孝军','1'),('a1deaa7f-5d6e-4cee-bf55-3c30bc6b9dca','2014-01-07 00:17:05','本地','周孝军','1'),('a1e1b480-fdc2-4f02-9a21-d5ec6049c745','2014-01-09 14:52:01','本地','周孝军','1'),('a25df61f-01c3-4298-8f07-ccab6fc3ee2d','2014-02-09 08:35:10','127.0.0.1','zz','0'),('a2e7f0b5-42ad-44a9-afd7-4e0d381781ea','2014-01-07 17:50:26','本地','周孝军','1'),('a2fabc1e-c9e1-49cf-b997-c1c031bcf72e','2014-02-17 12:51:58','127.0.0.1','zz','1'),('a333ffe3-113f-4497-983e-275e80726c7e','2014-01-19 21:48:36','本地','周孝军','0'),('a3b73352-ae34-45c0-b207-e73008e73d2d','2014-01-16 22:38:13','本地','周孝军','1'),('a3c0b0da-d054-4aae-bb42-c6632b748e40','2014-01-24 15:14:34','本地','周孝军','0'),('a3dc9df2-dfee-4d55-be25-b18e79645feb','2014-01-16 13:41:50','本地','周孝军','1'),('a3f3c170-7dda-4583-937d-c1dc21ca4634','2014-01-02 00:08:45','本地','test','0'),('a4210dd5-8a40-4d55-933c-0610f6e71303','2014-01-17 14:12:48','本地','周孝军','0'),('a42bfffe-4b15-4189-b70a-2b68ebdab813','2014-01-27 11:12:38','本地','周孝军','0'),('a45d4c4d-6b4b-4fb4-9866-0426736e96ee','2013-09-30 17:52:02','本地','周孝军','0'),('a469335c-5fd1-4273-b8f2-f0148826629d','2014-02-07 08:53:14','本地','zz','1'),('a497409a-25c5-4af3-8713-223865521ff8','2014-01-16 15:47:33','本地','周孝军','0'),('a4a135a1-4cc5-4a7c-8279-10aa5a8f24ac','2014-01-02 15:36:57','本地','周孝军','0'),('a4a4abec-def9-43ea-b416-da199b9f2b1c','2014-01-02 14:19:58','本地','周孝军','0'),('a4a99790-506f-4ae3-bfba-6bb06ed375a7','2014-01-09 18:27:51','本地','周孝军','0'),('a4c9ba96-7264-4e87-be33-34d5aafd8242','2014-01-14 16:07:34','127.0.0.1','周孝军','0'),('a538e158-33e1-48b4-8c0e-e24f421d07e3','2014-01-07 14:00:00','本地','周孝军','1'),('a5de7db8-b810-4380-b32f-9e812b5bcaa3','2014-01-01 12:38:53','本地','周孝军','1'),('a6448b7f-cb3d-41bb-8baa-64dbf7dd7c13','2014-01-28 02:44:11','本地','周孝军','1'),('a6780a63-a47b-40f6-aa8b-7c50b3b29166','2014-01-07 10:33:06','本地','周孝军','1'),('a679c507-0474-414c-af42-b98082440699','2014-01-24 14:25:14','本地','周孝军','1'),('a6d5f9be-6e81-48a5-b8e6-b1eca6a6f0d5','2014-01-01 23:48:29','本地','周孝军','1'),('a6e1d9d9-2307-450b-8533-d7a503152acb','2014-02-08 04:01:26','127.0.0.1','GEADMIN','0'),('a78726d3-5332-4977-9a0a-ce1a175141bb','2014-01-03 13:30:00','本地','周孝军','1'),('a794e69d-5e10-404a-ac14-44f08c9d9b70','2014-01-30 11:41:23','127.0.0.1','周孝军','1'),('a79cb49c-a9d6-4220-b03d-dfbf473c3f53','2013-12-30 14:34:18','本地','周孝军','0'),('a8179682-1419-4253-ab20-efd6c1ab2125','2014-02-07 01:07:35','127.0.0.1','周孝军','1'),('a8361133-2b77-4c25-876b-593e6235ccff','2014-02-09 07:31:46','127.0.0.1','zz','1'),('a88b4aea-4b57-4689-b8cd-b56d95b2f01d','2014-02-09 08:17:47','127.0.0.1','zz','0'),('a894c74a-cca2-4cf7-a43e-5597f3861730','2014-01-15 02:04:33','127.0.0.1','周孝军','1'),('a8ae332f-35f6-49f4-be33-9e3c14845f98','2014-01-13 17:11:13','127.0.0.1','周孝军','1'),('a8f56d77-f06e-4a03-af3a-dab811175738','2014-02-12 13:00:06','0:0:0:0:0:0:0:1','zz','0'),('a902ec8a-9235-401f-ae28-0b7ce52b823c','2014-01-09 03:35:18','本地','周孝军','1'),('a905aa4d-28d7-4701-916b-6e86bc8fae00','2014-02-17 12:38:49','127.0.0.1','zz','1'),('a9164922-e98a-4c1e-88b2-58c6d8b8c583','2014-01-27 06:17:56','本地','周孝军','1'),('a93a1970-c355-4cbf-9f3c-48a585dc0f7c','2014-01-28 13:29:49','本地','周孝军','0'),('a9dd46be-c48c-4a76-8035-df9de42e4057','2014-01-26 03:12:24','本地','周孝军','1'),('aa0245e3-5ac9-4d89-8301-d6403be86d72','2014-01-03 00:34:01','本地','周孝军','1'),('aacbbf8d-45f8-4d0b-9926-51febac3cf4c','2014-01-16 16:43:33','本地','test','1'),('aad79293-1920-4244-ac46-0ee6c98953a7','2014-01-15 00:44:58','127.0.0.1','周孝军','0'),('ab2de47b-0e44-4bcc-b3a9-7d928ef3fc51','2014-02-09 11:22:07','127.0.0.1','SGB','1'),('ab4f5e15-a5e6-4645-8661-2c24a979eb7b','2014-01-26 01:05:57','本地','周孝军','1'),('abcf1293-d0f3-4342-8801-b40f8e5900b6','2014-01-04 21:07:58','本地','周孝军','0'),('abd9d118-89ce-4ef3-ba62-cc75fc9b1859','2014-02-17 12:01:49','0:0:0:0:0:0:0:1','zz','1'),('abfaeffb-8a62-4b32-8574-12c16bad9d69','2014-01-13 16:23:51','127.0.0.1','周孝军','1'),('ac488aa3-8693-449f-8091-15380768f4e5','2013-09-30 19:06:50','本地','周孝军','0'),('ac78c2cc-55cc-4863-8453-68c8d9202da4','2014-02-07 08:18:06','本地','周孝军','0'),('acb43b31-84ab-426c-b89b-beafa5988d87','2014-02-18 08:46:19','0:0:0:0:0:0:0:1','zz','1'),('acd6fe2c-d91b-4b7f-9864-723becd6fca7','2014-01-02 17:34:14','本地','周孝军','1'),('ad409b44-5898-4d4a-b07b-c592436a9d24','2014-01-26 14:56:51','本地','周孝军','0'),('adcddba1-2120-474c-a5d2-aa08de733fb4','2014-02-09 11:15:28','127.0.0.1','zz','0'),('ae0026c5-b28a-41b8-95e8-dc37c0a353bc','2014-01-27 10:26:38','本地','周孝军','0'),('ae00ba3a-7c04-497e-92b3-c340567bc4d7','2014-02-12 10:25:17','0:0:0:0:0:0:0:1','zz','1'),('ae36854c-fa21-4b5f-809c-8dcc7193b41d','2014-01-03 10:37:01','本地','周孝军','1'),('aeea609c-1cb0-48ef-8d32-949dd462b68f','2014-01-06 03:22:07','本地','周孝军','1'),('af433134-58c1-41af-a35a-e173f88413a4','2014-01-07 13:06:29','本地','周孝军','1'),('af52ce49-8290-424c-a10e-5844dd1ba711','2014-02-15 11:52:45','0:0:0:0:0:0:0:1','SGB','0'),('af6f8f02-db78-497f-bf5c-ffea63e6acaf','2014-02-16 16:47:16','0:0:0:0:0:0:0:1','zz','0'),('aff902e4-d352-4a62-97aa-690cfbcff831','2014-01-21 21:06:24','本地','周孝军','0'),('b04f1c55-2801-4517-bde9-4b4e512004ab','2014-01-27 06:21:16','本地','周孝军','1'),('b0627ccb-b09e-454a-a675-2d003f1103ac','2014-01-19 05:10:48','本地','周孝军','1'),('b089e658-e33c-4edd-ba39-3694ff76d5c9','2014-01-03 10:25:14','本地','周孝军','0'),('b0df31b3-d4d0-4cf6-b12f-066c8f631d2d','2014-02-09 02:58:11','127.0.0.1','zz','0'),('b124d258-7e6c-43e7-a555-3b1718aa2d42','2014-02-07 18:02:31','本地','zz','0'),('b128e020-6bff-4137-962e-0cc5bcad8449','2014-01-15 14:31:59','127.0.0.1','周孝军','1'),('b1533242-1b1b-47d1-89ff-ee720d71f886','2014-02-09 10:56:37','127.0.0.1','SGB','1'),('b1883cb6-69e2-4255-9c9f-240dbbe67e8f','2014-02-07 08:14:32','本地','周孝军','1'),('b1e90e44-658c-41b0-86b6-cd833faa979f','2014-01-27 03:43:51','本地','周孝军','1'),('b217a94a-f185-49c4-9d15-a4e4434539aa','2014-01-19 22:02:05','本地','周孝军','1'),('b27af24a-c757-4d22-9d85-574ce04c4d4a','2014-01-20 03:41:31','本地','周孝军','0'),('b2bf4f07-88f2-4539-b26f-45900116afb1','2014-02-07 20:56:20','本地','zz','1'),('b322ec86-1925-40e2-8041-db6d03b73861','2014-01-02 18:10:00','本地','周孝军','1'),('b34f9c6a-21a3-47ce-96f5-c885434f4a12','2014-01-24 23:11:53','本地','周孝军','1'),('b3653811-6558-4710-b23b-b9c7580e4de2','2014-02-08 03:50:57','127.0.0.1','GEADMIN','1'),('b387bd3a-0227-4da3-80ce-6af2caab418d','2014-01-19 03:37:59','本地','周孝军','1'),('b3b956d6-a11c-4bdd-9bc9-b5faf58a6e8e','2014-01-25 12:47:49','本地','周孝军','0'),('b40a9d04-0593-48b5-b37a-809a39ac9d5d','2014-01-06 21:05:48','本地','周孝军','1'),('b4274b08-3796-43d2-9916-f4faea0f659f','2014-02-04 21:08:25','127.0.0.1','周孝军','1'),('b4a6381b-7a37-4057-894a-7338da72ce4e','2014-01-06 01:19:16','本地','周孝军','1'),('b4a84292-7eaf-4f24-856a-54c206b432d7','2014-01-01 23:10:49','本地','周孝军','1'),('b4ead034-44b9-432c-b7a0-d4cec33728d0','2014-01-20 12:16:28','本地','周孝军','1'),('b4f76054-42bc-4e3f-a4f8-4c51a3cebc9f','2014-01-06 00:21:25','本地','周孝军','1'),('b64360ed-6745-4a06-b199-be6048814d85','2014-02-07 03:17:04','127.0.0.1','周孝军','1'),('b64949bd-c239-4de6-b78b-6fd9d00d17f7','2013-12-30 14:34:22','本地','周孝军','1'),('b667933f-f14e-4f63-b805-f3c12d58d1af','2014-01-24 14:15:34','本地','周孝军','0'),('b70f3b71-5fc9-4364-8e5e-08e9a1d4b127','2014-02-09 09:38:29','127.0.0.1','zz','0'),('b72ed73c-0c0a-4358-8f24-1e5c92942cf5','2014-01-15 00:26:38','127.0.0.1','周孝军','1'),('b7374226-1f5b-47f7-8320-15e3dafb3e55','2014-01-06 13:36:32','本地','周孝军','0'),('b7e877d3-3d3f-4c04-a12e-ffaee2ceb825','2014-01-09 02:13:36','本地','周孝军','1'),('b80df947-3909-4a5f-a33b-ff99aeb792b8','2015-09-24 15:00:34','127.0.0.1','zz','1'),('b82c7d50-5e78-43c1-8e94-efe93fbc185a','2014-01-08 03:44:17','本地','周孝军','1'),('b884284d-87c3-4922-acbe-6078f3e73f5a','2014-01-06 13:38:30','本地','周孝军','1'),('b8944714-a3fc-4070-93ef-a9b74582fb24','2014-01-09 01:27:05','本地','周孝军','1'),('b89c74ee-d19e-4683-9461-d8a4b47453c0','2013-12-31 21:40:22','本地','周孝军','1'),('b8be78c8-466e-4369-a580-d4fb1829560c','2014-01-27 14:57:40','本地','周孝军','0'),('b8d85a80-7049-49c4-ab39-ce7a51065b79','2014-01-04 20:37:45','本地','周孝军','1'),('b9088549-a036-46aa-bec9-18c14b18a056','2014-01-25 18:58:57','本地','周孝军','1'),('b91c7cba-1dcf-414c-86ed-77f042ae3c33','2014-01-21 19:16:23','本地','周孝军','0'),('b935a4cd-66e3-43e1-9673-24ac61c4d830','2014-01-14 13:57:25','127.0.0.1','周孝军','1'),('b93c594f-bacc-4a63-8552-2954f1c09d9a','2014-01-19 03:19:25','本地','周孝军','1'),('b967aa7c-4121-4da5-82fe-f72616a176ba','2014-02-07 08:17:43','本地','周孝军','1'),('b96fc250-e8fc-4cf7-b751-4ae977361587','2014-02-07 17:13:14','本地','zz','1'),('b9733a9e-9db5-4c98-af9c-c8572bf386a8','2014-01-30 12:39:00','127.0.0.1','周孝军','1'),('b99aa94a-1ce2-4cf2-9354-95244820bfad','2014-01-15 14:49:06','127.0.0.1','周孝军','0'),('b9d605f3-ed02-4fa0-acbd-7a434577c75a','2014-01-14 19:39:05','127.0.0.1','周孝军','1'),('ba25ca10-ef33-4e3c-9829-83da79357399','2014-01-24 13:03:54','本地','周孝军','1'),('ba35d982-facf-4a73-a4b1-634cc7901217','2013-12-31 23:11:46','本地','周孝军','0'),('ba59662c-0dcb-4454-9987-f71ef0443796','2014-02-07 04:38:29','127.0.0.1','周孝军','1'),('baa5a9fd-db3d-42bb-bf85-1f358e9f4698','2014-01-20 04:14:20','本地','周孝军','1'),('baeb1469-f636-4595-a681-8a80e5e388dd','2014-01-16 16:44:07','本地','周孝军','1'),('bb23b8ca-6c0b-4e50-87fa-0c2cffd604e8','2014-01-22 10:58:33','本地','周孝军','0'),('bb32ec46-bbfa-4654-9769-8771382786ef','2014-01-14 11:36:39','127.0.0.1','周孝军','1'),('bb80eaf8-5fcd-459a-aa3d-6fcbd43f1bf9','2014-01-07 15:01:12','本地','周孝军','1'),('bc263d95-0285-4b80-96e5-895569790325','2014-01-27 15:18:13','本地','周孝军','0'),('bc376203-d07d-403c-aef5-9d4d9f5df0f1','2013-12-29 22:56:39','本地','test','0'),('bc6b75eb-bbbb-4d29-8909-e17af6ea3497','2014-01-13 21:43:21','127.0.0.1','周孝军','0'),('bcb53b14-7e86-461c-9f80-499634d90e8e','2014-01-16 21:53:16','本地','周孝军','1'),('bd98cf34-8849-462f-92fd-bbc5de3b1305','2014-01-15 02:22:28','127.0.0.1','周孝军','1'),('bda5a3db-1631-49ff-83a3-f102b9a5bb60','2014-01-27 11:41:23','本地','周孝军','1'),('bdc6ae1b-98ba-4c8b-b433-50ebb0276277','2014-01-24 14:58:57','本地','周孝军','1'),('bde56530-1be4-4ba8-9a04-214629f11168','2014-01-22 10:42:41','本地','周孝军','1'),('bde5bcb8-62a4-40fc-9634-f5d2e3e01efa','2014-01-04 19:47:22','本地','周孝军','0'),('be3cdbed-e2ec-4566-b9ce-3d753e384795','2014-01-07 16:09:53','本地','周孝军','0'),('be8d83f9-9f68-4d3c-865f-39583989a15e','2014-01-02 11:16:11','本地','周孝军','0'),('beb64fa9-0f71-4669-a694-c065f120e2b0','2014-01-07 20:05:35','本地','周孝军','1'),('bec45997-6542-4523-9dea-dcbb259a6076','2014-02-17 12:08:24','0:0:0:0:0:0:0:1','zz','1'),('becc60da-f64e-4477-a70c-69e3b31eb901','2014-02-07 18:44:46','本地','zz','1'),('bf140853-f3ef-4a35-b4f4-1d26a69d498c','2014-02-16 16:55:22','0:0:0:0:0:0:0:1','zz','1'),('bf74ca16-c6c4-4136-8199-330be33586c7','2014-01-23 01:15:30','127.0.0.1','周孝军','1'),('c0085512-5dc8-4fac-b343-6cd02d55b8a9','2014-02-12 10:31:22','0:0:0:0:0:0:0:1','SGB','1'),('c02c46ca-4f7b-4f37-aa0d-e7e623fab597','2014-01-27 10:09:30','本地','周孝军','0'),('c05fffe0-b6ae-45de-b1e0-3e3d57cad97e','2014-02-08 00:49:45','','zz','1'),('c0ae375f-645b-48e1-8445-625aba19f815','2014-01-22 05:03:38','本地','周孝军','1'),('c14c186b-e64a-4ec7-9b33-d4222db3f4bc','2014-02-08 03:40:56','127.0.0.1','zz','1'),('c1589221-b435-4b94-a023-53c7b0ac39bb','2013-12-29 23:30:32','本地','周孝军','0'),('c17c5339-3c9b-43e6-b92f-50a7be0f79fb','2014-02-07 08:53:06','本地','周孝军','0'),('c188b25f-ef0f-4bb8-9eea-d7adea2c9f93','2014-01-10 12:07:56','本地','周孝军','1'),('c20486cd-50ab-4ae5-983c-aa9a997548c5','2014-01-27 14:37:10','本地','周孝军','0'),('c24ae891-e1d9-4c55-ab35-fa4c8953892c','2014-01-08 15:48:54','本地','周孝军','1'),('c24b8ef4-530c-4669-ac7c-517fe48ada25','2014-01-16 14:48:18','本地','周孝军','1'),('c26309ab-fd2c-4fcc-adba-0171d26ad76d','2014-01-16 19:38:32','本地','周孝军','1'),('c309f351-6afa-466a-bbe5-6ae399a62695','2014-02-08 10:32:08','127.0.0.1','zz','0'),('c3495ec0-7be4-4e21-8022-f1e79f4b7ba2','2014-02-09 10:33:23','127.0.0.1','SGB','1'),('c35719f4-c217-4374-abee-4b0320299630','2014-01-21 11:36:21','本地','周孝军','0'),('c384e316-15cd-4ba5-adfb-fdab6497bdfd','2014-01-27 12:19:39','本地','周孝军','0'),('c3a4e226-841d-4c00-bb0e-b9dfae136001','2014-01-08 20:45:55','本地','周孝军','1'),('c3fc3748-522e-4e40-8574-d1961905aa95','2014-02-06 23:35:22','127.0.0.1','周孝军','1'),('c4af0805-d96f-4eac-88c9-062346b08954','2014-01-16 20:06:16','本地','周孝军','0'),('c5904140-ac92-4a0e-873b-326c8780e512','2014-02-10 03:34:05','0:0:0:0:0:0:0:1','zz','1'),('c6276f24-7428-44f6-80db-188c1c8e0c16','2014-02-05 10:40:25','127.0.0.1','周孝军','1'),('c686629e-dbaa-46aa-bafa-87c43f95bf97','2014-01-03 17:57:05','本地','周孝军','0'),('c690b93c-a157-4729-832a-4b12a7ae94aa','2014-02-12 10:28:54','0:0:0:0:0:0:0:1','zz','1'),('c69984f2-6bcb-4d78-8690-392a64a86160','2014-01-16 04:33:00','127.0.0.1','周孝军','1'),('c6b8c97e-98da-4a0a-b4af-d1acceba7118','2014-01-17 02:35:19','本地','周孝军','1'),('c6c9b1d5-5636-4056-b09f-1fdd0882b2d9','2014-01-07 13:59:58','本地','周孝军','0'),('c6ec6c3e-d787-42ab-ba4a-831abb7d3fd7','2013-09-30 17:36:08','本地','周孝军','1'),('c6f9ddb3-0243-4355-a5b4-d626625df1ce','2014-01-20 06:00:30','本地','周孝军','1'),('c707c040-cb43-401d-bcc0-8a5c6158b4b5','2014-01-06 11:54:51','本地','周孝军','1'),('c7493534-56c9-4091-b628-b8f3d3f8f595','2014-01-07 14:14:22','本地','周孝军','1'),('c75ab016-24cc-4f10-a50f-9920c7b76301','2014-01-14 11:52:34','127.0.0.1','周孝军','0'),('c7f400f8-81fe-48b9-babc-0eb0bea0846e','2013-12-29 22:01:26','本地','周孝军','1'),('c80b460c-f279-407c-9804-bab8bd6cf602','2014-02-17 10:47:53','0:0:0:0:0:0:0:1','zz','1'),('c865e920-e356-49d3-b110-fc38ea44017a','2014-01-08 04:48:34','本地','周孝军','0'),('c88e751e-1d27-4313-9fd7-7a557b0d01e5','2014-01-19 05:38:17','本地','周孝军','1'),('c8cc3e82-b7bf-4529-8105-40c9a319a474','2014-01-14 17:52:35','127.0.0.1','周孝军','1'),('c915e8d7-d76a-434a-84c3-1c45f87e7f29','2014-01-02 15:52:14','本地','周孝军','0'),('c92ff2ca-5a65-4172-83c5-bb96510e07ee','2014-02-15 17:29:46','0:0:0:0:0:0:0:1','zz','0'),('c9682e38-2b16-4d79-be40-23e9de09ace1','2014-02-08 02:15:21','127.0.0.1','zz','1'),('c996b8a6-f863-4441-a3fa-183797459a1b','2014-01-26 02:21:45','本地','周孝军','0'),('c9a3e045-d21f-4428-9e91-150fe7a6f661','2014-01-19 22:31:18','本地','周孝军','0'),('ca739975-729d-4917-b2c3-1d670e7b4324','2014-01-19 20:02:18','本地','周孝军','1'),('ca85eada-2a99-4e98-b0d8-801b70a1bdad','2014-01-07 14:26:13','本地','周孝军','1'),('cab5dc26-7dc7-424b-b170-fb284b93387f','2014-01-18 01:32:56','本地','周孝军','1'),('cac70082-4c87-4631-9c04-f8e7ae9fdc20','2014-02-07 20:37:32','本地','zz','0'),('cb488bb2-c747-45cd-a4e7-a0e31d4cf860','2014-01-09 16:07:56','本地','周孝军','1'),('cb521dc4-6dbb-4c56-bfb8-ed3c87c32c76','2014-01-15 01:02:30','127.0.0.1','周孝军','0'),('cbdbe962-31dc-4fda-b1f5-6198a96f22b6','2014-01-14 19:25:21','127.0.0.1','周孝军','1'),('cbdcab33-fd7b-43eb-a5ae-c1af254aa2e1','2014-01-16 16:13:49','本地','周孝军','1'),('cbdd5ae3-41a0-4f24-bad9-4949cff7e83a','2014-01-24 13:40:14','本地','周孝军','1'),('cbe1bc1e-3f2c-49fa-b63c-f0a29a2c8966','2014-01-09 18:34:14','本地','周孝军','1'),('cbe63d30-a69f-4062-b47d-7e8c265e73ad','2014-01-14 22:36:31','127.0.0.1','周孝军','0'),('cc23adb0-0eca-49ab-83e0-6b580935ff68','2014-01-09 12:01:03','本地','周孝军','1'),('cc6aefd2-f6ca-4363-831b-1d0de8e66e94','2014-01-07 19:18:00','本地','周孝军','0'),('cd4c53cf-9412-4d0c-8d79-806ec052d437','2013-09-30 21:06:20','本地','周孝军','1'),('cd6fc2ca-f927-4db5-8946-60419a1445c9','2014-01-19 03:35:22','本地','周孝军','1'),('cd9cfcd7-bb8c-411d-b56b-f15af1cd31a1','2014-01-03 11:50:16','本地','周孝军','0'),('cde891a3-a40a-4a83-9b8e-f1c76a4b4e5e','2013-09-30 19:06:50','本地','周孝军','0'),('ce32d7c3-cea5-4afc-a1a4-fc06630868a1','2014-01-14 20:11:33','127.0.0.1','周孝军','1'),('ce4dcabe-fa94-47bc-bfa2-bd3b61d40b42','2014-01-19 03:11:58','本地','周孝军','1'),('cea98990-e66e-4096-9134-6c10991a7b26','2014-01-15 01:58:47','127.0.0.1','周孝军','0'),('cec0b2f9-8083-41a3-bada-62ffb65cc3ed','2014-01-24 14:23:44','本地','周孝军','1'),('cec9d814-a208-4477-9f54-0254a7cc9184','2014-01-15 15:08:11','127.0.0.1','周孝军','1'),('cf58d673-24d4-4209-bda6-b16dba932b07','2014-01-13 21:13:48','','周孝军','1'),('cfbf3c66-5d5a-490f-b15b-4c613e641316','2014-02-09 12:26:17','0:0:0:0:0:0:0:1','zz','1'),('d072b442-1bf7-41e5-b32c-7990c8a58592','2014-01-15 14:06:28','127.0.0.1','周孝军','1'),('d0954111-7ee7-41d2-bb39-07e672ca2ba9','2014-01-06 21:44:24','本地','周孝军','1'),('d127af5a-a7f0-4344-b202-9e09086bdf86','2014-01-04 16:11:53','本地','周孝军','1'),('d1694bdc-2531-445e-822f-00e5d4925a5c','2014-01-02 10:29:23','本地','周孝军','1'),('d1a044c6-30b8-4a48-97ca-6806da000111','2014-02-08 02:51:01','127.0.0.1','zz','1'),('d1e4ed80-1cb5-42cd-aa1d-cb395b92b425','2014-01-06 11:45:50','本地','周孝军','0'),('d1fec215-d5d6-41df-bad9-cddbd29cb0b9','2014-01-01 23:48:44','本地','周孝军','0'),('d24217fe-7f81-4e7d-ae76-155fe081537a','2014-01-24 22:47:26','本地','周孝军','0'),('d2ae9e02-1c93-4820-bb63-427f4bdc12a1','2014-02-09 18:28:43','0:0:0:0:0:0:0:1','zz','1'),('d2aef989-e91e-48b9-ae34-ea423e91bb10','2014-01-02 12:51:55','本地','周孝军','0'),('d2c77734-6a85-40e5-8a91-034056370f7f','2014-01-04 17:50:27','本地','周孝军','1'),('d311cf34-65bf-47da-ad21-020593c980c6','2014-01-25 13:02:19','本地','周孝军','1'),('d311df58-7a97-4de3-b4ec-488ddff9307b','2014-01-18 20:59:52','本地','周孝军','0'),('d3924d16-3dfc-4217-a93e-c04b1476929b','2014-01-17 00:45:45','本地','周孝军','1'),('d3caee1b-1e3d-452f-89ae-523ed28cd2d8','2014-01-27 15:19:13','本地','周孝军','1'),('d428ab2f-e0c5-4ac2-a444-471c2a595d0a','2014-02-07 03:39:52','127.0.0.1','周孝军','1'),('d44f87ab-df71-4513-84ab-e33b845bdda4','2014-01-15 18:12:07','127.0.0.1','周孝军','0'),('d45ecfd1-3f00-42f3-94f0-1919682584c1','2014-01-16 16:42:34','本地','admin2','1'),('d461f622-e336-4bfe-8011-793524a5820e','2014-01-09 10:58:29','本地','周孝军','0'),('d47d6708-661b-4f03-ac91-58d44d9aec72','2014-01-24 13:03:52','本地','周孝军','0'),('d4e3a495-1751-4938-8913-07999656b50d','2014-01-13 22:07:33','127.0.0.1','周孝军','1'),('d53ed418-6fd0-47e1-8041-0091076711da','2014-01-04 15:45:13','本地','周孝军','0'),('d599256c-3300-4230-a8a7-a88a9add6a05','2014-02-07 08:15:53','本地','zhouxj','1'),('d5ac177e-2fce-41c6-b6d9-7565b4c7f8d0','2014-02-10 02:32:54','0:0:0:0:0:0:0:1','SGB','1'),('d5eddaae-b52b-4654-acac-858339e66fe6','2014-01-16 04:48:51','127.0.0.1','周孝军','1'),('d5f17b71-b3c6-45da-9d9a-76da4e45d75a','2014-02-12 12:07:12','0:0:0:0:0:0:0:1','SGB','0'),('d5fc0830-71bb-4204-8ecf-474dd798967f','2014-01-16 20:11:51','本地','周孝军','1'),('d5fdb81b-f11a-4873-95fc-9d759ea3b0c7','2014-01-25 14:59:49','本地','周孝军','0'),('d6169223-7652-4290-b70e-441297862a0d','2014-01-07 14:08:01','本地','周孝军','0'),('d63ec254-4353-40e6-a6b5-0e84f02c3523','2014-02-08 01:18:42','127.0.0.1','zz','1'),('d63f631a-1ec8-470c-9824-96c78901ab8d','2014-01-21 17:35:23','本地','周孝军','0'),('d69bce74-3562-468e-8f99-7cc94a709cd1','2014-02-12 11:23:24','0:0:0:0:0:0:0:1','SGB','1'),('d6f035eb-bb71-46ec-818e-e0f79d8895f2','2014-02-09 11:14:58','127.0.0.1','zz','1'),('d708be64-64d6-4ce3-9df4-4b31ddc95254','2014-01-02 15:32:32','本地','周孝军','1'),('d73f30f4-728c-4f6c-9ff8-84d636bcace0','2014-01-16 01:19:14','127.0.0.1','周孝军','1'),('d755ecd0-97cf-4b99-ab60-335fe91e203b','2014-01-07 17:57:18','本地','周孝军','1'),('d7e0b293-9fef-4db6-8181-dfe403529791','2014-01-16 16:42:37','本地','admin2','0'),('d7f3618d-3ae8-495e-9346-4e10d06770b4','2014-01-27 06:03:00','本地','周孝军','1'),('d8e2b262-f576-4302-a512-ffeb206150a0','2014-01-06 01:17:04','本地','周孝军','0'),('da8cf43d-88c6-4276-9509-b97fb91638a2','2014-02-07 08:01:24','本地','chat007','0'),('daae082e-91aa-4ed8-892e-8a392613c3c1','2014-01-13 19:22:40','127.0.0.1','周孝军','1'),('daf57130-86d1-459e-8213-45a51b6ba706','2014-01-14 18:31:34','127.0.0.1','周孝军','1'),('db17917c-1cc0-4c2f-9ef7-63a26ad7e1ee','2014-01-25 00:48:39','本地','周孝军','0'),('dbd8c837-1ecc-45c4-91b4-6d7dd6f9cad2','2014-01-02 02:28:46','本地','周孝军','0'),('dbe07dde-1a2d-443d-8532-1b02e6a15cd5','2014-02-09 02:07:39','127.0.0.1','zz','0'),('dbe55469-996a-4345-9dbb-812dd97e804d','2014-01-19 20:20:18','本地','周孝军','1'),('dbf2b5ba-d16e-43f1-a3e2-76f4db49e2ff','2013-12-31 20:47:46','本地','周孝军','0'),('dbf39660-4f37-428a-962c-ac58e8aaa314','2014-02-09 12:02:09','127.0.0.1','SGB','0'),('dbf6c3a3-1eeb-4806-a8db-8537df5a08ca','2014-01-27 10:10:33','本地','周孝军','1'),('dc1a6c40-45c3-4ce8-b515-fe902dd85174','2014-01-13 22:23:55','127.0.0.1','周孝军','0'),('dc237e18-c19c-45fb-9f5a-b678e40abc5f','2014-02-09 11:47:02','127.0.0.1','zz','1'),('dc8e7412-e9d1-49c1-86bb-5382ae021533','2014-01-16 17:37:23','本地','周孝军','0'),('dcf68048-ae4b-4032-9e35-d56f30807602','2014-01-15 04:07:21','127.0.0.1','周孝军','1'),('dcfb9005-bcc8-4e82-8bef-800f751e6020','2013-09-30 19:29:57','本地','周孝军','1'),('dd13fc6d-0513-4ac8-9da3-9ec00cb31fac','2014-01-14 14:54:39','127.0.0.1','周孝军','1'),('dd27db4f-a0b9-4b84-aae0-db99880281d5','2014-02-10 03:35:06','0:0:0:0:0:0:0:1','SGB','1'),('ddb9a0f8-cd5f-4104-8019-2699fe9710c6','2014-02-17 09:36:19','0:0:0:0:0:0:0:1','zz','1'),('dddf59ef-2f93-4d51-9f75-ff72bc08b59a','2014-01-27 10:07:49','本地','周孝军','1'),('de1891f8-95ad-4e7b-bbc8-630526d013ee','2014-01-09 15:52:37','本地','周孝军','0'),('dedf8225-f4cb-4859-a9f2-ded586457bc1','2014-02-09 07:48:56','127.0.0.1','zz','1'),('def71607-ac6c-413f-958c-628bc60b185c','2014-01-25 19:35:37','本地','周孝军','1'),('df5e8090-c8bc-4ea3-aec1-0d430aeef4c3','2014-01-07 21:29:49','本地','周孝军','1'),('df66c261-4a7e-404a-b064-8a58252e4d75','2014-01-09 19:28:10','本地','周孝军','1'),('dfdfb9ba-6e1e-46a2-9049-6c3fd9f60d4b','2014-01-26 18:50:37','本地','周孝军','1'),('e05b163b-75f0-43cd-a2a3-d4169ab8b5f0','2014-01-10 15:00:03','本地','周孝军','1'),('e0781c46-9489-4a32-9ada-26438621a6bc','2014-02-09 18:40:28','0:0:0:0:0:0:0:1','zz','0'),('e0849834-1e11-4339-b4e6-d04727ffc806','2014-01-24 10:44:52','本地','周孝军','1'),('e0d2c38f-6711-4d9f-8e96-9decb50337d4','2013-12-30 14:34:22','本地','周孝军','1'),('e10873cf-f390-4801-a546-321b95876def','2014-01-27 14:31:51','本地','周孝军','1'),('e167b74a-d1f1-4581-a586-8206a0cf97fd','2014-01-16 16:46:25','本地','周孝军','1'),('e1a78404-5438-4d76-b3aa-b15c6841e64f','2014-01-07 14:40:46','本地','周孝军','0'),('e1db94b7-7612-47cd-bc92-4bfebb631ac6','2014-01-15 01:34:46','127.0.0.1','周孝军','0'),('e29a6f25-bd10-4742-80a8-143aa326b9c0','2014-02-07 00:19:37','127.0.0.1','周孝军','0'),('e358c312-b1c2-4668-b359-a8356cb8ed91','2014-01-15 18:15:37','127.0.0.1','周孝军','1'),('e36fcee8-58db-4f30-9fed-a48d5835bedf','2014-01-19 05:10:46','本地','周孝军','0'),('e38445a7-03d6-44be-8d16-2cd0873d12db','2014-01-15 14:25:05','127.0.0.1','周孝军','0'),('e3e4e501-efa9-4aef-8a41-58294a9802b1','2013-12-30 00:15:58','本地','周孝军','1'),('e4108392-c0bb-49f6-9140-cd478af9328b','2014-01-26 04:52:47','本地','周孝军','1'),('e461d9cc-7f61-45ef-92c7-a0b8dbdc9bc0','2014-01-27 07:39:42','本地','周孝军','1'),('e47d8f09-9bc6-49c3-afa4-a5f528c1becc','2014-01-16 04:22:50','127.0.0.1','周孝军','1'),('e533b472-f92b-4c72-b11d-ba9e69cbb69a','2014-01-15 13:23:05','127.0.0.1','周孝军','0'),('e5346b81-5719-401a-985e-d621af7877d1','2014-02-08 03:31:34','127.0.0.1','zhouxj','0'),('e54a5f7d-b139-4d98-865c-e11d2de10d66','2014-02-16 17:11:17','0:0:0:0:0:0:0:1','zz','0'),('e5d61c9d-1aba-4538-8a3d-9ddc0fd52cb0','2014-01-07 15:54:46','本地','周孝军','1'),('e6fa549b-58c6-41f0-ac86-eab541b59f25','2014-01-14 23:34:55','127.0.0.1','周孝军','1'),('e72f1648-f001-448e-9d79-e64e57a6dccd','2014-01-06 13:31:16','本地','周孝军','1'),('e76487b1-2dc7-4935-b813-31351b441437','2013-09-30 17:36:47','本地','周孝军','1'),('e7b5b7ba-7559-4962-9160-0e418a909f44','2014-01-15 22:42:40','127.0.0.1','周孝军','0'),('e7bd3e40-2cef-4aff-802e-729fda38bf40','2014-01-02 15:17:05','本地','周孝军','0'),('e81e1eb2-3bee-4c47-8527-c7c20a6105a1','2014-02-15 13:54:45','0:0:0:0:0:0:0:1','zz','0'),('e8764bd0-1f35-453f-8514-39cadf55e473','2014-02-09 02:08:07','127.0.0.1','GEADMIN','0'),('e88f60a6-f5e0-4ec9-925c-52db44967839','2014-01-21 10:38:47','本地','周孝军','1'),('e8c03889-5ab2-491c-8e40-3f31abdcb572','2014-01-26 18:19:28','本地','周孝军','1'),('e8e07841-93a8-4514-b20c-11871d91e048','2014-01-23 01:14:15','127.0.0.1','周孝军','1'),('e9276473-0866-4f29-b339-ec6b060ecb57','2014-01-17 11:25:44','本地','周孝军','1'),('e9886f0a-6fe8-4bcb-b7af-570e77da17fe','2014-01-08 01:16:27','本地','周孝军','0'),('e9ee8b6d-40d3-49da-a3d8-0489bc197231','2014-02-09 03:32:01','127.0.0.1','zz','1'),('ea8e73de-f7e9-4e7a-9b58-e6322d0d7481','2014-01-16 16:46:15','本地','test','1'),('ea8f965a-9e42-4a69-8e56-0b732e254174','2014-01-04 11:27:14','本地','周孝军','0'),('eafcca5e-18de-4a08-bb93-1a30c794f100','2014-01-07 11:44:00','本地','周孝军','1'),('eb66c919-1c6c-4a4e-9411-7dbba528dd46','2014-01-19 05:27:49','本地','周孝军','1'),('eb7472be-9de7-4873-a21e-6fd39a6ec139','2014-02-17 11:55:41','0:0:0:0:0:0:0:1','zz','1'),('eb85e72d-3732-4d52-93eb-02a258b75349','2014-01-26 02:03:51','本地','周孝军','1'),('eb934188-7468-43d2-882a-8bce1ae2b2ec','2014-01-26 02:52:07','本地','周孝军','0'),('ebdfcd64-dcec-42e7-a4fd-82dd83a400b9','2014-01-24 16:09:22','本地','周孝军','0'),('ebfe8e1c-c2f7-4f1b-86cd-5002b59ec42a','2014-01-02 16:24:07','本地','周孝军','1'),('ec038467-5468-49d0-8209-1b06d201a61a','2014-01-16 16:41:30','本地','周孝军','1'),('ec0dab5b-30f5-4481-bffc-76a644d905b2','2014-02-08 03:40:19','127.0.0.1','zz','0'),('ec3d1644-ba21-45f7-aa83-a06272a1b0b8','2014-02-08 03:31:06','127.0.0.1','zz','0'),('ec54003e-9aa2-447f-9324-2e088f411765','2014-01-23 01:20:16','127.0.0.1','周孝军','0'),('ec671082-017f-440f-bc73-0ddbafd193bb','2014-01-02 12:12:04','本地','周孝军','0'),('ec71d16c-bdd1-447e-86b6-53c4acda8ddb','2014-01-21 10:38:40','本地','周孝军','0'),('ecca80be-b298-41a5-b43d-0aa8ba0a60d7','2014-01-03 10:59:07','本地','周孝军','1'),('ecd33765-fe8c-49fc-ac65-ce99d318db2e','2014-01-06 21:33:28','本地','周孝军','0'),('ed23abab-9f2c-446f-aa2c-1ad6c5a2d984','2014-01-25 01:11:00','本地','周孝军','1'),('edb0f304-b493-4be1-b593-3ebea7300291','2014-01-28 03:45:03','本地','周孝军','1'),('edbcd4ff-a1c5-474e-b465-ec5bef56f9f2','2014-01-09 11:53:50','本地','周孝军','0'),('eedc3d08-13a7-4cfc-bb57-8ced6bbb312a','2014-02-09 02:07:49','127.0.0.1','GEADMIN','1'),('ef16587b-b226-4df4-a2ed-dd209393c1d0','2014-01-07 22:50:16','本地','周孝军','1'),('ef19f63b-645a-44e2-a629-fdf021dabd5d','2014-01-03 01:04:54','本地','周孝军','1'),('efd04857-01ac-4449-91a2-4a47735edb10','2013-12-30 13:06:30','本地','周孝军','1'),('effeef09-7df4-4a75-a9d9-0a7b7afc41ad','2014-01-04 15:09:50','本地','周孝军','1'),('f029edfd-3f8e-48ef-84b7-076d91522313','2014-02-17 17:30:14','0:0:0:0:0:0:0:1','zz','1'),('f04c45f6-38e7-4af7-8609-8f9241fa7ba5','2014-01-21 18:31:23','本地','周孝军','0'),('f07140d4-34a2-404a-8d4f-b9d8f9c669fe','2014-01-16 18:58:18','本地','周孝军','1'),('f07d8072-1338-445c-b522-7ce140a1e7bf','2014-01-06 19:00:28','本地','周孝军','0'),('f0fddf4b-c11a-4353-8042-3e1e24fd9744','2014-01-08 12:01:50','本地','周孝军','0'),('f109ba0d-8e4b-47b5-ab24-db975017bc66','2014-01-20 16:25:41','本地','周孝军','0'),('f2134f10-e6c1-4105-9cfd-fe33667bd069','2014-01-07 16:46:53','本地','周孝军','0'),('f27717c3-0e41-4ffc-bd52-87f0ae48f46e','2014-02-09 10:32:47','127.0.0.1','zz','1'),('f29ebc9f-ee4b-4baf-9dce-0555d334031e','2014-01-01 23:49:35','本地','周孝军','0'),('f337a004-0da0-4f07-8f98-13fd09bd5bb3','2014-01-06 13:36:35','本地','周孝军','1'),('f3384b16-7b2e-485c-80d5-d496827cdd3a','2014-01-27 05:22:59','本地','周孝军','1'),('f39ff6b9-0795-427c-8cff-be2d06963662','2014-02-15 19:35:47','0:0:0:0:0:0:0:1','zz','0'),('f3a706a6-f7c8-4ba6-8729-383274209c2d','2014-01-20 09:01:54','本地','周孝军','0'),('f3cae2fc-bd94-4f64-8567-f47656ad679c','2014-01-13 17:28:32','127.0.0.1','周孝军','0'),('f416dd18-d596-47e6-900f-b5fd03a631fa','2013-12-30 12:34:35','本地','周孝军','1'),('f544b91f-bcba-4b4a-a2ab-09816bab077d','2014-02-12 11:57:12','0:0:0:0:0:0:0:1','zz','0'),('f5567f12-c985-44af-9333-d9d1ad4ba3e0','2014-01-17 01:30:24','本地','周孝军','1'),('f571653e-a307-457e-a903-1ec2e475bcdd','2014-01-03 18:07:33','本地','周孝军','1'),('f59e04ba-804e-40fa-afd5-56035e6d7c39','2014-01-17 11:15:48','本地','周孝军','0'),('f5a78e69-07cc-46e2-89c3-126c260653e0','2014-01-07 15:32:41','本地','周孝军','1'),('f5be7ea4-8e01-4f3e-8df9-e9c774c0f322','2014-01-19 21:14:01','本地','周孝军','1'),('f60db9dc-5152-426a-8817-28ffd65b00e2','2014-01-20 08:40:43','本地','周孝军','1'),('f64dff7d-b2a6-4b8a-a79a-ddc21a69b9e4','2014-01-07 22:32:25','本地','周孝军','0'),('f73cd8c3-5a2a-4ba9-8f8d-ff3b47fba9e3','2014-01-26 19:07:07','本地','周孝军','0'),('f73ed126-c451-4e3f-9579-0cbb7b79dad9','2014-01-14 20:07:43','127.0.0.1','周孝军','1'),('f74894fd-cfed-4480-b923-8d9a2a25e2fa','2014-01-18 20:24:38','本地','周孝军','1'),('f7e63610-0717-43c9-8c8c-46e50663065b','2013-12-31 20:31:47','本地','周孝军','1'),('f818622b-0717-4384-a382-acdf5615e8e6','2014-01-07 11:21:42','本地','周孝军','0'),('f8b3c463-1771-426b-89e6-070f560e099f','2014-01-16 16:43:30','本地','周孝军','0'),('f8f12449-a6ec-487a-9ce0-a0fcf02c9358','2014-01-02 10:29:21','本地','test','0'),('f91a80b7-7072-48ec-8635-899460868f3e','2014-01-02 17:39:46','本地','周孝军','1'),('f94c79c3-d528-4278-97a3-acb77df6f32e','2014-01-27 06:36:36','本地','周孝军','0'),('f9eb53ea-c191-42f1-a4f3-6dd2a8652c0c','2014-01-16 16:42:46','本地','test','0'),('f9fd5dec-2be9-441d-aa7b-168405e9c5c5','2014-01-03 02:48:57','本地','周孝军','1'),('fa0a7ec8-a204-4365-8c92-79d223de4f70','2013-12-29 22:01:23','本地','周孝军','0'),('faae6845-e5e0-44f3-86ee-29f2919074d3','2014-02-07 05:52:46','127.0.0.1','周孝军','0'),('fab7247e-d923-499b-97a9-829b05985904','2014-01-25 17:04:30','本地','周孝军','0'),('fb5a4ecc-96d1-4f11-8045-c8d550698be3','2014-01-21 10:38:47','本地','周孝军','1'),('fb609f3c-c0c1-4941-92ea-d1f5fe2086ef','2014-01-25 11:25:18','本地','周孝军','1'),('fb8525b5-5aa3-4b6c-8bfd-ce325e0d5720','2014-01-03 01:26:41','本地','周孝军','1'),('fba8e075-404d-499f-abed-73f3792a5517','2014-01-22 05:41:32','本地','周孝军','0'),('fbaf00db-5aca-4a28-ab61-3e35db6fca85','2014-01-25 15:32:08','本地','周孝军','1'),('fbbbb806-ea8d-4daf-bfea-28c7b3a001ad','2014-02-09 01:49:04','127.0.0.1','zz','1'),('fbf1ca21-6ef3-4c59-aaf7-58782cf243e0','2014-01-28 13:02:50','本地','周孝军','1'),('fc72ce12-d127-45e7-828f-43a34df5b6af','2014-02-07 21:30:32','本地','zz','0'),('fccc96fc-55d8-4d9a-a894-750436345695','2014-01-06 02:40:05','本地','周孝军','0'),('fd91ea2a-ebfa-47c3-816c-ed1ce770e2ea','2014-01-09 12:37:34','本地','周孝军','0'),('fde1ec77-609d-4824-b27e-cfed10bbb852','2014-02-10 07:01:05','0:0:0:0:0:0:0:1','SGB','0'),('fdf3ea60-cf75-4ae6-b7b6-f621f1c327fb','2014-01-15 16:38:40','127.0.0.1','周孝军','1'),('fdfb6b3e-91d1-4f59-9188-891366557a2e','2014-01-27 06:42:29','本地','周孝军','1'),('fe3d3898-aca3-4aef-8618-7e759428228e','2014-01-17 20:04:00','本地','周孝军','0'),('fe6695e9-7a02-4f84-8869-e30e72788cf2','2014-01-21 16:50:41','本地','周孝军','1'),('fed73966-7605-47a4-8fe9-09658d0eecaa','2014-01-25 01:10:55','本地','周孝军','0'),('feecf124-8846-4d88-93bc-cff59e1a72e9','2014-02-07 01:31:47','127.0.0.1','周孝军','1'),('ff8959ca-2bde-4c54-98fc-4a0382203978','2014-01-18 01:49:01','本地','周孝军','0'),('ffc08198-c03f-487a-9669-7796e26840ac','2014-01-07 22:52:57','本地','周孝军','1'),('ffd495c7-2fea-4ef8-875e-6cfd408b02c9','2014-01-06 03:40:33','本地','周孝军','1');

/*Table structure for table `syorganization` */

DROP TABLE IF EXISTS `syorganization`;

CREATE TABLE `syorganization` (
  `ID` varchar(36) NOT NULL COMMENT '部门编号',
  `ADDRESS` varchar(200) DEFAULT NULL,
  `CODE` varchar(200) DEFAULT NULL,
  `CREATEDATETIME` datetime DEFAULT NULL,
  `ICONCLS` varchar(100) DEFAULT NULL,
  `NAME` varchar(200) DEFAULT NULL,
  `SEQ` int(11) DEFAULT NULL,
  `UPDATEDATETIME` datetime DEFAULT NULL,
  `SYORGANIZATION_ID` varchar(36) DEFAULT NULL COMMENT '上级部门编号',
  PRIMARY KEY (`ID`),
  KEY `FK_acf7qlb04quthktalwx8c7q69` (`SYORGANIZATION_ID`),
  CONSTRAINT `FK_acf7qlb04quthktalwx8c7q69` FOREIGN KEY (`SYORGANIZATION_ID`) REFERENCES `syorganization` (`ID`)
) ENGINE=InnoDB DEFAULT CHARSET=utf8;

/*Data for the table `syorganization` */

insert  into `syorganization`(`ID`,`ADDRESS`,`CODE`,`CREATEDATETIME`,`ICONCLS`,`NAME`,`SEQ`,`UPDATEDATETIME`,`SYORGANIZATION_ID`) values ('0','部门地址',NULL,'2013-12-29 21:54:46','ext-icon-brick','一级部门',0,'2013-12-29 21:54:46',NULL),('4dd306cc-dfc1-4040-a784-b9e3ef9b6287',NULL,'ddd','2013-12-29 22:25:46',NULL,'圣戈班医务室',100,'2013-12-29 22:25:46','0'),('d2203095-da2e-41b1-bf84-43d1b159e774',NULL,NULL,'2014-01-14 22:15:32',NULL,'GE',100,'2014-01-14 22:15:32',NULL);

/*Table structure for table `syorganization_syresource` */

DROP TABLE IF EXISTS `syorganization_syresource`;

CREATE TABLE `syorganization_syresource` (
  `SYRESOURCE_ID` varchar(36) NOT NULL COMMENT '资源编号',
  `SYORGANIZATION_ID` varchar(36) NOT NULL COMMENT '部门编号',
  PRIMARY KEY (`SYORGANIZATION_ID`,`SYRESOURCE_ID`),
  KEY `FK_acpjp8a7fjo0cnn02eb0ia6uf` (`SYORGANIZATION_ID`),
  KEY `FK_m4mfglk7odi78d8pk9pif44vc` (`SYRESOURCE_ID`),
  CONSTRAINT `FK_acpjp8a7fjo0cnn02eb0ia6uf` FOREIGN KEY (`SYORGANIZATION_ID`) REFERENCES `syorganization` (`ID`),
  CONSTRAINT `FK_m4mfglk7odi78d8pk9pif44vc` FOREIGN KEY (`SYRESOURCE_ID`) REFERENCES `syresource` (`ID`)
) ENGINE=InnoDB DEFAULT CHARSET=utf8;

/*Data for the table `syorganization_syresource` */

insert  into `syorganization_syresource`(`SYRESOURCE_ID`,`SYORGANIZATION_ID`) values ('100100100','0'),('100101100','0'),('100101101','0'),('100101105','0'),('100102100','0'),('100102101','0'),('100102105','0'),('100103100','0'),('100103101','0'),('100103105','0'),('100104100','0'),('100104101','0'),('100104105','0');

/*Table structure for table `syresource` */

DROP TABLE IF EXISTS `syresource`;

CREATE TABLE `syresource` (
  `ID` varchar(36) NOT NULL COMMENT '资源编号',
  `CREATEDATETIME` datetime DEFAULT NULL,
  `DESCRIPTION` varchar(200) DEFAULT NULL,
  `ICONCLS` varchar(100) DEFAULT NULL,
  `IS_OPEN` tinyint(4) NOT NULL DEFAULT '0' COMMENT '是否开启菜单，0开启，关闭',
  `NAME` varchar(100) NOT NULL,
  `SEQ` int(11) DEFAULT NULL,
  `TARGET` varchar(100) DEFAULT NULL,
  `UPDATEDATETIME` datetime DEFAULT NULL,
  `URL` varchar(200) DEFAULT NULL,
  `SYRESOURCE_ID` varchar(36) DEFAULT NULL COMMENT '上级资源编号',
  `SYRESOURCETYPE_ID` varchar(36) NOT NULL COMMENT '资源类型编号',
  `NODE_TYPE` tinyint(4) NOT NULL DEFAULT '0' COMMENT '节点类型，0客户菜单，1运营菜单',
  PRIMARY KEY (`ID`),
  KEY `FK_n8kk2inhw4y4gax3nra2etfup` (`SYRESOURCE_ID`),
  KEY `FK_93qfpiiuk3rwb32gc5mcmmlgh` (`SYRESOURCETYPE_ID`),
  CONSTRAINT `FK_93qfpiiuk3rwb32gc5mcmmlgh` FOREIGN KEY (`SYRESOURCETYPE_ID`) REFERENCES `syresourcetype` (`ID`),
  CONSTRAINT `FK_n8kk2inhw4y4gax3nra2etfup` FOREIGN KEY (`SYRESOURCE_ID`) REFERENCES `syresource` (`ID`)
) ENGINE=InnoDB DEFAULT CHARSET=utf8;

/*Data for the table `syresource` */

insert  into `syresource`(`ID`,`CREATEDATETIME`,`DESCRIPTION`,`ICONCLS`,`IS_OPEN`,`NAME`,`SEQ`,`TARGET`,`UPDATEDATETIME`,`URL`,`SYRESOURCE_ID`,`SYRESOURCETYPE_ID`,`NODE_TYPE`) values ('100100100','2013-12-29 21:54:44','管理系统的资源、角色、部门、用户等信息','ext-icon-application_view_tile',0,'系统管理',10,'','2013-12-29 21:54:44','/welcome.jsp',NULL,'0',1),('100101100','2013-12-29 21:54:44','管理系统的资源','ext-icon-newspaper_link',0,'资源管理',1,'','2013-12-29 21:54:44','/securityJsp/base/Syresource.jsp','100100100','0',1),('100101101','2013-12-29 21:54:44','查询资源','ext-icon-bullet_wrench',0,'资源列表',0,'','2013-12-29 21:54:44','/base/syresource!treeGrid','100101100','1',1),('100101102','2013-12-29 21:54:44','添加资源','ext-icon-bullet_wrench',0,'添加资源',1,'','2013-12-29 21:54:44','/base/syresource!save','100101100','1',1),('100101103','2013-12-29 21:54:44','编辑资源','ext-icon-bullet_wrench',0,'编辑资源',2,'','2013-12-29 21:54:44','/base/syresource!update','100101100','1',1),('100101104','2013-12-29 21:54:44','删除资源','ext-icon-bullet_wrench',0,'删除资源',3,'','2013-12-29 21:54:44','/base/syresource!delete','100101100','1',1),('100101105','2013-12-29 21:54:44','查看资源','ext-icon-bullet_wrench',0,'查看资源',4,'','2013-12-29 21:54:44','/base/syresource!getById','100101100','1',1),('100102100','2013-12-29 21:54:44','管理系统中用户的角色','ext-icon-tux',0,'角色管理',2,'','2013-12-29 21:54:44','/securityJsp/base/Syrole.jsp','100100100','0',1),('100102101','2013-12-29 21:54:44','查询角色列表','ext-icon-bullet_wrench',0,'角色列表',0,'','2013-12-29 21:54:44','/base/syrole!grid','100102100','1',1),('100102102','2013-12-29 21:54:44','添加角色','ext-icon-bullet_wrench',0,'添加角色',1,'','2013-12-29 21:54:44','/base/syrole!save','100102100','1',1),('100102103','2013-12-29 21:54:44','编辑角色','ext-icon-bullet_wrench',0,'编辑角色',2,'','2013-12-29 21:54:44','/base/syrole!update','100102100','1',1),('100102104','2013-12-29 21:54:44','删除角色','ext-icon-bullet_wrench',0,'删除角色',3,'','2013-12-29 21:54:44','/base/syrole!delete','100102100','1',1),('100102105','2013-12-29 21:54:44','查看角色','ext-icon-bullet_wrench',0,'查看角色',4,'','2013-12-29 21:54:44','/base/syrole!getById','100102100','1',1),('100102106','2013-12-29 21:54:44','角色授权','ext-icon-bullet_wrench',0,'角色授权',5,'','2013-12-29 21:54:44','/base/syrole!grant','100102100','1',1),('100103100','2013-12-29 21:54:44','管理系统中用户的部门','ext-icon-group_link',0,'部门管理',3,'','2013-12-29 21:54:44','/securityJsp/base/Syorganization.jsp','100100100','0',1),('100103101','2013-12-29 21:54:44','查询部门列表','ext-icon-bullet_wrench',0,'部门列表',0,'','2013-12-29 21:54:44','/base/syorganization!treeGrid','100103100','1',1),('100103102','2013-12-29 21:54:44','添加部门','ext-icon-bullet_wrench',0,'添加部门',1,'','2013-12-29 21:54:44','/base/syorganization!save','100103100','1',1),('100103103','2013-12-29 21:54:44','编辑部门','ext-icon-bullet_wrench',0,'编辑部门',2,'','2013-12-29 21:54:44','/base/syorganization!update','100103100','1',1),('100103104','2013-12-29 21:54:44','删除部门','ext-icon-bullet_wrench',0,'删除部门',3,'','2013-12-29 21:54:44','/base/syorganization!delete','100103100','1',1),('100103105','2013-12-29 21:54:44','查看部门','ext-icon-bullet_wrench',0,'查看部门',4,'','2013-12-29 21:54:44','/base/syorganization!getById','100103100','1',1),('100103106','2013-12-29 21:54:44','部门授权','ext-icon-bullet_wrench',0,'部门授权',5,'','2013-12-29 21:54:44','/base/syorganization!grant','100103100','1',1),('100104100','2013-12-29 21:54:44','管理系统中用户的用户','ext-icon-user_suit',0,'用户管理',4,'','2013-12-29 21:54:44','/securityJsp/base/Syuser.jsp','100100100','0',1),('100104101','2013-12-29 21:54:44','查询用户列表','ext-icon-bullet_wrench',0,'用户列表',0,'','2013-12-29 21:54:44','/base/syuser!grid','100104100','1',1),('100104102','2013-12-29 21:54:44','添加用户','ext-icon-bullet_wrench',0,'添加用户',1,'','2013-12-29 21:54:44','/base/syuser!save','100104100','1',1),('100104103','2013-12-29 21:54:44','编辑用户','ext-icon-bullet_wrench',0,'编辑用户',2,'','2013-12-29 21:54:44','/base/syuser!update','100104100','1',1),('100104104','2013-12-29 21:54:44','删除用户','ext-icon-bullet_wrench',0,'删除用户',3,'','2013-12-29 21:54:44','/base/syuser!delete','100104100','1',1),('100104105','2013-12-29 21:54:44','查看用户','ext-icon-bullet_wrench',0,'查看用户',4,'','2013-12-29 21:56:54','/base/syuser!getById','100104100','1',1),('100104106','2013-12-29 21:54:44','编辑用户角色','ext-icon-bullet_wrench',0,'用户角色',5,'','2013-12-29 21:54:44','/base/syuser!grantRole','100104100','1',1),('100104107','2013-12-29 21:54:44','用户所属部门','ext-icon-bullet_wrench',0,'用户所属部门',6,'','2013-12-29 21:54:44','/base/syuser!grantOrganization','100104100','1',1),('100104108','2014-02-07 03:09:37','进入聊天','ext-icon-bullet_wrench',0,'进入聊天',6,'','2014-02-07 03:09:37','/base/syuser!gotoChatIM','100104100','1',1),('100104109','2014-02-08 01:59:45','用户关联客户','ext-icon-bullet_wrench',0,'用户关联客户',6,'','2014-02-08 01:59:45','/base/syuser!grantCustomer','100104100','1',1),('100105100','2013-12-29 21:54:44','系统字典管理','ext-icon-newspaper_link',0,'系统字典',5,'','2013-12-29 21:54:44','/securityJsp/base/SysDef.jsp','100100100','0',1),('100105101','2013-12-29 21:54:44','系统字典管理列表权限','ext-icon-bullet_wrench',0,'字典列表',0,'','2013-12-29 21:54:44','/base/sys-def!treeGrid','100105100','1',1),('100105102','2013-12-29 21:54:44','字典新增权限','ext-icon-bullet_wrench',0,'字典新增',1,'','2013-12-29 21:54:44','/base/sys-def!save','100105100','1',1),('100105103','2013-12-29 21:54:44','字典修改权限','ext-icon-bullet_wrench',0,'字典修改',2,'','2013-12-29 21:54:44','/base/sys-def!update','100105100','1',1),('100105104','2013-12-29 21:54:44','查看字典权限','ext-icon-bullet_wrench',0,'查看字典',3,'','2013-12-29 21:54:44','/base/sys-def!getById','100105100','1',1),('100105105','2013-12-29 21:54:44','删除字典权限','ext-icon-bullet_wrench',0,'删除字典',4,'','2013-12-29 21:54:44','/base/sys-def!delete','100105100','1',1),('100106100','2013-12-29 21:54:44','系统功能模块开启','ext-icon-newspaper_link',0,'功能模块开启',6,'','2013-12-29 21:54:44','/securityJsp/base/SysFuncDef.jsp','100100100','0',1),('100106101','2013-12-29 21:54:44','功能模块列表权限','ext-icon-bullet_wrench',0,'功能模块列表',0,'','2013-12-29 21:54:44','/base/syresource!treeGridMenu','100106100','1',1),('100106102','2013-12-29 21:54:44','功能模块开启权限','ext-icon-bullet_wrench',0,'功能模块开启',1,'','2013-12-29 21:54:44','/base/syresource!updateOpenFlag','100106100','1',1),('100106103','2013-12-29 21:54:44','功能模块关闭权限','ext-icon-bullet_wrench',0,'功能模块关闭',2,'','2013-12-29 21:54:44','/base/syresource!updateCloseFlag','100106100','1',1),('100106104','2013-12-29 21:54:44','查看功能模块权限','ext-icon-bullet_wrench',0,'查看功能模块',3,'','2013-12-29 21:54:44','/base/syresource!getById','100106100','1',1),('100107100','2013-12-29 21:54:44','监控用户登录、注销','ext-icon-chart_line',0,'用户登录历史监控',7,'','2013-12-29 21:54:44','/securityJsp/base/Syonline.jsp','100100100','0',1),('100107101','2013-12-29 21:54:44','用户登录、注销历史记录列表','ext-icon-bullet_wrench',0,'用户登录历史列表',0,'','2013-12-29 21:54:44','/base/syonline!grid','100107100','1',1),('100108100','2014-01-09 11:54:34','自定义录入管理','ext-icon-newspaper_link',0,'自定义录入管理',5,'','2014-01-09 11:54:34','/securityJsp/app/SelfMedicalDef.jsp','100100100','0',1),('100108101','2014-01-09 11:54:35','自定义录入列表','ext-icon-bullet_wrench',0,'自定义录入列表',0,'','2014-01-09 12:21:11','/app/self-medical-def!grid','100108100','1',1),('100108102','2014-01-09 11:54:36','自定义录入新增','ext-icon-bullet_wrench',0,'自定义录入新增',1,'','2014-01-09 12:21:33','/app/self-medical-def!save','100108100','1',1),('100108103','2014-01-09 11:54:37','自定义录入修改','ext-icon-bullet_wrench',0,'自定义录入修改',2,'','2014-01-09 12:21:42','/app/self-medical-def!update','100108100','1',1),('100108104','2014-01-09 11:54:37','查看自定义录入','ext-icon-bullet_wrench',0,'查看自定义录入',3,'','2014-01-09 12:21:52','/app/self-medical-def!getById','100108100','1',1),('100108105','2014-01-09 11:54:38','删除自定义录入','ext-icon-bullet_wrench',0,'删除自定义录入',4,'','2014-01-09 12:22:00','/app/self-medical-def!delete','100108100','1',1),('101101100','2013-12-29 21:54:44','客户管理','ext-icon-monitor',0,'客户管理',1,'','2013-12-29 21:54:44','/welcome.jsp',NULL,'0',0),('101102100','2013-12-29 21:54:44','客户部门管理','ext-icon-newspaper_link',0,'客户部门管理',1,'','2013-12-29 21:54:44','/securityJsp/app/custDept.jsp?custType=0','101101100','0',0),('101102101','2013-12-29 21:54:44','部门管理列表','ext-icon-bullet_wrench',0,'部门管理列表',0,'','2013-12-29 21:54:44','/app/cust-dept!treeGrid','101102100','1',0),('101102102','2013-12-29 21:54:44','客户添加部门','ext-icon-bullet_wrench',0,'添加部门',1,'','2013-12-29 21:54:44','/app/cust-dept!save','101102100','1',0),('101102103','2013-12-29 21:54:44','客户编辑部门','ext-icon-bullet_wrench',0,'编辑部门',2,'','2013-12-29 21:54:44','/app/cust-dept!update','101102100','1',0),('101102104','2013-12-29 21:54:44','客户删除部门','ext-icon-bullet_wrench',0,'删除部门',3,'','2013-12-29 21:54:44','/app/cust-dept!delete','101102100','1',0),('101102105','2013-12-29 21:54:44','客户查看部门','ext-icon-bullet_wrench',0,'查看部门',4,'','2013-12-29 21:54:44','/app/cust-dept!getById','101102100','1',0),('101102106','2013-12-29 21:54:44','客户部门授权','ext-icon-bullet_wrench',0,'部门授权',5,'','2013-12-29 21:54:44','/base/syorganization!grant','101102100','1',0),('101103100','2013-12-29 21:54:44','客户信息管理','ext-icon-newspaper_link',0,'客户信息管理',2,'','2013-12-29 21:54:44','/securityJsp/app/custInfo.jsp?custType=0','101101100','0',0),('101103101','2013-12-29 21:54:45','客户信息管理列表','ext-icon-bullet_wrench',0,'客户信息管理列表',0,'','2013-12-29 21:54:45','/app/cust-info!grid','101103100','1',0),('101103102','2013-12-29 21:54:45','添加客户','ext-icon-bullet_wrench',0,'添加客户',1,'','2013-12-29 21:54:45','/app/cust-info!save','101103100','1',0),('101103103','2013-12-29 21:54:45','编辑客户','ext-icon-bullet_wrench',0,'编辑客户',2,'','2013-12-29 21:54:45','/app/cust-info!update','101103100','1',0),('101103104','2013-12-29 21:54:45','删除客户','ext-icon-bullet_wrench',0,'删除客户',3,'','2013-12-29 21:54:45','/app/cust-info!delete','101103100','1',0),('101103105','2013-12-29 21:54:45','查看客户','ext-icon-bullet_wrench',0,'查看客户',4,'','2013-12-29 21:54:45','/app/cust-info!getById','101103100','1',0),('101104100','2013-12-29 21:54:45','客户导入','ext-icon-newspaper_link',1,'客户信息导入',3,'','2014-01-21 20:50:38','/securityJsp/base/SysFuncDef.jsp','101101100','0',0),('101105100','2013-12-29 21:54:45','体检模板管理','ext-icon-newspaper_link',0,'体检模板管理',4,'','2013-12-29 21:54:45','/securityJsp/app/MedicalReportDef.jsp','101101100','0',0),('101105101','2013-12-29 21:54:45','体检模板列表','ext-icon-bullet_wrench',0,'体检模板列表',0,'','2013-12-29 21:54:45','/app/report-def!grid','101105100','1',0),('101105102','2013-12-29 21:54:45','体检模板新增','ext-icon-bullet_wrench',0,'体检模板新增',1,'','2013-12-29 21:54:45','/app/report-def!save','101105100','1',0),('101105103','2013-12-29 21:54:45','体检模板修改','ext-icon-bullet_wrench',0,'体检模板修改',2,'','2013-12-29 21:54:45','/app/report-def!update','101105100','1',0),('101105104','2013-12-29 21:54:45','查看体检模板','ext-icon-bullet_wrench',0,'查看体检模板',3,'','2013-12-29 21:54:45','/app/report-def!getById','101105100','1',0),('101105105','2013-12-29 21:54:45','删除体检模板','ext-icon-bullet_wrench',0,'删除体检模板',4,'','2013-12-29 21:54:45','/app/report-def!delete','101105100','1',0),('101105106','2013-12-29 21:54:45','体检模板属性列表','ext-icon-bullet_wrench',0,'体检模板属性列表',0,'','2013-12-29 21:54:45','/app/report-attr!treeGrid','101105100','1',0),('101105107','2013-12-29 21:54:45','体检模板新增','ext-icon-bullet_wrench',0,'体检模板属性新增',1,'','2013-12-29 21:54:45','/app/report-attr!save','101105100','1',0),('101105108','2013-12-29 21:54:45','体检模板属性修改','ext-icon-bullet_wrench',0,'体检模板属性修改',2,'','2013-12-29 21:54:45','/app/report-attr!update','101105100','1',0),('101105109','2013-12-29 21:54:45','查看体检模板属性','ext-icon-bullet_wrench',0,'查看体检模板属性',3,'','2013-12-29 21:54:45','/app/report-attr!getById','101105100','1',0),('101105110','2013-12-29 21:54:45','删除体检模板属性','ext-icon-bullet_wrench',0,'删除体检模板属性',4,'','2013-12-29 21:54:45','/app/report-attr!delete','101105100','1',0),('102100100','2013-12-29 21:54:45','员工管理','ext-icon-monitor',0,'员工管理',2,'','2013-12-29 21:54:45','/welcome.jsp',NULL,'0',0),('102101100','2013-12-29 21:54:45','病假管理','ext-icon-newspaper_link',0,'病假管理',1,'','2014-01-02 12:47:21','/securityJsp/app/EmpSickLeaveRecord.jsp','102100100','0',0),('102101101','2014-01-02 12:12:58','病假信息管理列表','ext-icon-bullet_wrench',0,'病假信息管理列表',0,'','2014-01-02 12:12:58','/app/sick-user!grid','102101100','1',0),('102101102','2014-01-02 12:12:59','添加病假','ext-icon-bullet_wrench',0,'添加病假',1,'','2014-01-02 12:12:59','/app/sick-user!save','102101100','1',0),('102101103','2014-01-02 12:13:00','编辑病假','ext-icon-bullet_wrench',0,'编辑病假',2,'','2014-01-02 12:13:00','/app/sick-user!update','102101100','1',0),('102101104','2014-01-02 12:13:01','删除病假','ext-icon-bullet_wrench',0,'删除病假',3,'','2014-01-02 12:13:01','/app/sick-user!delete','102101100','1',0),('102101105','2014-01-02 12:13:01','查看病假','ext-icon-bullet_wrench',0,'查看病假',4,'','2014-01-02 12:13:01','/app/sick-user!getById','102101100','1',0),('102102100','2013-12-29 21:54:45','员工管理','ext-icon-newspaper_link',0,'员工管理',2,'','2013-12-29 21:54:45','/securityJsp/app/custUser.jsp','102100100','0',0),('102102101','2013-12-29 21:54:45','员工信息管理列表','ext-icon-bullet_wrench',0,'员工信息管理列表',0,'','2013-12-29 21:54:45','/app/cust-user!grid','102102100','1',0),('102102102','2013-12-29 21:54:45','添加员工','ext-icon-bullet_wrench',0,'添加员工',1,'','2013-12-29 21:54:45','/app/cust-user!save','102102100','1',0),('102102103','2013-12-29 21:54:45','编辑员工','ext-icon-bullet_wrench',0,'编辑员工',2,'','2013-12-29 21:54:45','/app/cust-user!update','102102100','1',0),('102102104','2013-12-29 21:54:45','删除员工','ext-icon-bullet_wrench',0,'删除员工',3,'','2013-12-29 21:54:45','/app/cust-user!delete','102102100','1',0),('102102105','2013-12-29 21:54:45','查看员工','ext-icon-bullet_wrench',0,'查看员工',4,'','2013-12-29 21:54:45','/app/cust-user!getById','102102100','1',0),('102102106','2014-01-09 14:44:01','给员工分配部门','ext-icon-bullet_wrench',0,'给员工分配部门',5,'','2014-01-09 14:44:01','/app/cust-user!grantCustDept','102102100','1',0),('102102107','2014-01-09 14:44:03','查看员工病史','ext-icon-bullet_wrench',0,'查看员工病史',6,'','2014-01-09 14:44:03','/app/cust-user!gotoEmpIllHis','102102100','1',0),('102102108','2014-01-09 14:44:04','查看员工职业史','ext-icon-bullet_wrench',0,'查看员工职业史',7,'','2014-01-09 14:44:04','/app/cust-user!gotoEmpHis','102102100','1',0),('102102109','2014-01-09 14:44:06','员工病史信息管理列表','ext-icon-bullet_wrench',0,'员工病史信息管理列表',8,'','2014-01-09 14:44:06','/app/emp-ill-his!grid','102102100','1',0),('102102110','2014-01-09 14:44:08','添加员工病史','ext-icon-bullet_wrench',0,'添加员工病史',9,'','2014-01-09 14:44:08','/app/emp-ill-his!save','102102100','1',0),('102102111','2014-01-09 14:44:09','编辑员工病史','ext-icon-bullet_wrench',0,'编辑员工病史',10,'','2014-01-09 14:44:09','/app/emp-ill-his!update','102102100','1',0),('102102112','2014-01-09 14:44:10','删除员工病史','ext-icon-bullet_wrench',0,'删除员工病史',11,'','2014-01-09 14:44:10','/app/emp-ill-his!delete','102102100','1',0),('102102113','2014-01-09 14:44:12','查看员工病史','ext-icon-bullet_wrench',0,'查看员工病史',12,'','2014-01-09 14:44:12','/app/emp-ill-his!getById','102102100','1',0),('102102114','2014-01-09 14:44:14','员工职业史信息管理列表','ext-icon-bullet_wrench',0,'员工职业史信息管理列表',13,'','2014-01-09 14:44:14','/app/emp-his!grid','102102100','1',0),('102102115','2014-01-09 14:44:15','添加员工职业史','ext-icon-bullet_wrench',0,'添加员工职业史',14,'','2014-01-09 14:44:15','/app/emp-his!save','102102100','1',0),('102102116','2014-01-09 14:44:17','编辑员工职业史','ext-icon-bullet_wrench',0,'编辑员工职业史',15,'','2014-01-09 14:44:17','/app/emp-his!update','102102100','1',0),('102102117','2014-01-09 14:44:18','删除员工职业史','ext-icon-bullet_wrench',0,'删除员工职业史',16,'','2014-01-09 14:44:18','/app/emp-his!delete','102102100','1',0),('102102118','2014-01-09 14:44:20','查看员工职业史','ext-icon-bullet_wrench',0,'查看员工职业史',17,'','2014-01-09 14:44:20','/app/emp-his!getById','102102100','1',0),('102102119','2014-02-12 10:46:12','员工历史导入数据','ext-icon-bullet_wrench',0,'员工历史导入数据',18,'','2014-02-12 10:46:12','/app/imp-cust-user-data!grid','102102100','1',0),('102103100','2013-12-29 21:54:45','员工信息导入','ext-icon-newspaper_link',0,'员工信息导入',1,'','2014-01-21 16:26:26','/securityJsp/app/ImpCustUserForm.jsp','102100100','0',0),('102103101','2014-01-22 02:12:40','导入员工数据','ext-icon-bullet_wrench',0,'导入员工数据',4,'','2014-01-22 02:12:40','/app/cust-user!importUserData','102103100','1',0),('102103102','2014-01-22 02:12:42','查看员工导入数据历史记录','ext-icon-bullet_wrench',0,'查看员工导入数据历史记录',4,'','2014-01-22 02:12:42','/app/cust-user!importList','102103100','1',0),('103100100','2013-12-29 21:54:45','员工就诊','ext-icon-monitor',0,'员工就诊',3,'','2013-12-29 21:54:45','/welcome.jsp',NULL,'0',0),('103101100','2013-12-29 21:54:45','身份识别','ext-icon-newspaper_link',0,'身份识别',0,'','2013-12-29 21:54:45','/securityJsp/app/queryCustUser.jsp','103100100','0',0),('103101101','2014-01-03 11:27:06','身份识别列表','ext-icon-bullet_wrench',0,'身份识别列表',0,'','2014-01-03 11:27:06','/app/cust-user!dataGrid','103101100','1',0),('103101102','2014-01-03 11:27:07','添加身份识别','ext-icon-bullet_wrench',0,'添加身份识别',1,'','2014-01-03 11:27:07','/app/cust-user!save','103101100','1',0),('103101103','2014-01-03 11:27:07','编辑身份识别','ext-icon-bullet_wrench',0,'编辑身份识别',2,'','2014-01-03 11:27:07','/app/cust-user!update','103101100','1',0),('103101104','2014-01-03 11:27:08','删除身份识别','ext-icon-bullet_wrench',0,'删除身份识别',3,'','2014-01-03 11:27:08','/app/cust-user!delete','103101100','1',0),('103101105','2014-01-03 11:27:08','查看身份识别','ext-icon-bullet_wrench',0,'查看身份识别',4,'','2014-01-03 11:27:08','/app/cust-user!getById','103101100','1',0),('103102100','2013-12-29 21:54:45','员工就诊','ext-icon-newspaper_link',0,'员工就诊',1,'','2013-12-29 21:54:45','/securityJsp/app/EmpDiagnose.jsp','103100100','0',0),('103102101','2014-01-03 11:27:09','员工就诊列表','ext-icon-bullet_wrench',0,'员工就诊列表',0,'','2014-01-03 11:27:09','/app/cust-user!dataGrid','103102100','1',0),('103102102','2014-01-03 11:27:09','添加员工就诊','ext-icon-bullet_wrench',0,'添加员工就诊',1,'','2014-01-03 11:27:09','/app/emp-diagnose-record!save','103102100','1',0),('103102103','2014-01-03 11:27:10','编辑员工就诊','ext-icon-bullet_wrench',0,'编辑员工就诊',2,'','2014-01-03 11:27:10','/app/emp-diagnose-record!update','103102100','1',0),('103102104','2014-01-03 11:27:11','删除身份识别','ext-icon-bullet_wrench',0,'删除员工就诊',3,'','2014-01-03 11:27:11','/app/cust-user!delete','103102100','1',0),('103102105','2014-01-03 11:27:11','查看员工就诊','ext-icon-bullet_wrench',0,'查看员工就诊',4,'','2014-01-03 11:27:11','/app/emp-diagnose-record!getById','103102100','1',0),('103102106','2014-01-06 13:35:14','添加员工就诊的体格检查','ext-icon-bullet_wrench',0,'添加员工就诊的体格检查',5,'','2014-01-06 13:35:48','/app/emp-diagnose-record-detail!saveList','103102100','1',0),('103102107','2014-01-07 00:01:22','员工就诊的时候，给予员工就诊的体格检查列表权限，无此权限，无法查看就诊的体格检查数据','ext-icon-bullet_wrench',0,'员工就诊的体格检查列表',6,'','2014-01-07 00:01:22','/app/emp-diagnose-record-detail!grid','103102100','1',0),('103102108','2014-02-09 02:26:18','员工历史就诊列表','ext-icon-bullet_wrench',0,'员工历史就诊列表',7,'','2014-02-09 02:26:18','/app/emp-diagnose-record!grid','103102100','1',0),('103102109','2014-02-09 02:52:05','员工用药列表-给予该员工的用药记录列表','ext-icon-bullet_wrench',0,'员工用药列表',8,'','2014-02-09 02:52:05','/app/emp-drug-use-record!grid','103102100','1',0),('103102110','2014-02-09 03:27:00','员工用药保存列表-给予该员工的保存用药列表权限','ext-icon-bullet_wrench',0,'员工用药保存列表',9,'','2014-02-09 03:27:00','/app/emp-drug-use-record!saveList','103102100','1',0),('103103100','2013-12-29 21:54:45','体格类型定义','ext-icon-newspaper_link',0,'体格类型定义',1,'','2013-12-29 21:54:45','/securityJsp/app/PhyTypeDef.jsp','103100100','0',0),('103103101','2013-12-29 21:54:45','体格类型列表','ext-icon-bullet_wrench',0,'体格类型列表',0,'','2013-12-29 21:54:45','/app/phy-def!treeGrid','103103100','1',0),('103103102','2013-12-29 21:54:45','添加体格类型','ext-icon-bullet_wrench',0,'添加体格类型',1,'','2013-12-29 21:54:45','/app/phy-def!save','103103100','1',0),('103103103','2013-12-29 21:54:45','编辑体格类型','ext-icon-bullet_wrench',0,'编辑体格类型',2,'','2013-12-29 21:54:45','/app/phy-def!update','103103100','1',0),('103103104','2013-12-29 21:54:45','删除体格类型','ext-icon-bullet_wrench',0,'删除体格类型',3,'','2013-12-29 21:54:45','/app/phy-def!delete','103103100','1',0),('103103105','2013-12-29 21:54:45','查看体格类型','ext-icon-bullet_wrench',0,'查看体格类型',4,'','2013-12-29 21:54:45','/app/phy-def!getById','103103100','1',0),('104100100','2013-12-29 21:54:45','员工体检','ext-icon-monitor',0,'员工体检',4,'','2013-12-29 21:54:45','/welcome.jsp',NULL,'0',0),('104101100','2013-12-29 21:54:45','一般体检','ext-icon-newspaper_link',0,'一般体检',0,'','2013-12-29 21:54:45','/securityJsp/app/MedicalDetail.jsp','104100100','0',0),('104101101','2013-12-29 21:54:45','一般体检列表','ext-icon-bullet_wrench',0,'一般体检列表',0,'','2013-12-29 21:54:45','/app/medical-detail!grid','104101100','1',0),('104101102','2013-12-29 21:54:45','添加一般体检','ext-icon-bullet_wrench',0,'添加一般体检',1,'','2013-12-29 21:54:45','/app/medical-detail!save','104101100','1',0),('104101103','2013-12-29 21:54:45','编辑一般体检','ext-icon-bullet_wrench',0,'编辑一般体检',2,'','2013-12-29 21:54:45','/app/medical-detail!update','104101100','1',0),('104101104','2013-12-29 21:54:45','删除一般体检','ext-icon-bullet_wrench',0,'删除一般体检',3,'','2013-12-29 21:54:45','/app/medical-detail!delete','104101100','1',0),('104101105','2013-12-29 21:54:45','查看一般体检','ext-icon-bullet_wrench',0,'查看一般体检',4,'','2013-12-29 21:54:45','/app/medical-detail!getById','104101100','1',0),('104101106','2013-12-29 21:54:45','一般体检数据列表','ext-icon-bullet_wrench',0,'一般体检数据列表',5,'','2013-12-29 21:54:45','/app/medical-detail-data!treeGrid','104101100','1',0),('104101107','2013-12-29 21:54:45','添加一般体检数据','ext-icon-bullet_wrench',0,'添加一般体检数据(单条数据)',6,'','2013-12-29 21:54:45','/app/medical-detail-data!save','104101100','1',0),('104101108','2013-12-29 21:54:45','添加一般体检数据列表','ext-icon-bullet_wrench',0,'添加一般体检数据列表（多数据）',7,'','2013-12-29 21:54:45','/app/medical-detail-data!saveList','104101100','1',0),('104101109','2013-12-29 21:54:45','编辑一般体检数据','ext-icon-bullet_wrench',0,'编辑一般体检数据',8,'','2013-12-29 21:54:45','/app/medical-detail-data!update','104101100','1',0),('104101110','2013-12-29 21:54:45','删除一般体检数据','ext-icon-bullet_wrench',0,'删除一般体检数据',9,'','2013-12-29 21:54:45','/app/medical-detail-data!delete','104101100','1',0),('104101111','2013-12-29 21:54:45','查看一般体检数据','ext-icon-bullet_wrench',0,'查看一般体检数据',10,'','2013-12-29 21:54:45','/app/medical-detail-data!getById','104101100','1',0),('104102100','2013-12-29 21:54:45','年度体检','ext-icon-newspaper_link',0,'年度体检',1,'','2013-12-29 21:54:45','/securityJsp/app/MedicalDetail-year.jsp','104100100','0',0),('104102101','2013-12-29 21:54:45','年度体检列表','ext-icon-bullet_wrench',0,'年度体检列表',0,'','2013-12-29 21:54:45','/app/medical-detail!grid','104102100','1',0),('104102102','2013-12-29 21:54:45','添加年度体检','ext-icon-bullet_wrench',0,'添加年度体检',1,'','2013-12-29 21:54:45','/app/medical-detail!save','104102100','1',0),('104102103','2013-12-29 21:54:45','编辑年度体检','ext-icon-bullet_wrench',0,'编辑年度体检',2,'','2013-12-29 21:54:45','/app/medical-detail!update','104102100','1',0),('104102104','2013-12-29 21:54:45','删除年度体检','ext-icon-bullet_wrench',0,'删除年度体检',3,'','2013-12-29 21:54:45','/app/medical-detail!delete','104102100','1',0),('104102105','2013-12-29 21:54:45','查看年度体检','ext-icon-bullet_wrench',0,'查看年度体检',4,'','2013-12-29 21:54:45','/app/medical-detail!getById','104102100','1',0),('104102106','2014-02-09 02:38:48','年度体检数据列表','ext-icon-bullet_wrench',0,'年度体检数据列表',5,'','2014-02-09 02:38:48','/app/medical-detail-data!treeGrid','104102100','1',0),('104102107','2014-02-09 02:38:51','添加年度体检数据','ext-icon-bullet_wrench',0,'添加年度体检数据',6,'','2014-02-09 02:38:51','/app/medical-detail-data!save','104102100','1',0),('104102108','2014-02-09 02:38:55','编辑年度体检数据','ext-icon-bullet_wrench',0,'编辑年度体检数据',7,'','2014-02-09 02:38:55','/app/medical-detail-data!update','104102100','1',0),('104102109','2014-02-09 02:38:59','删除年度体检数据','ext-icon-bullet_wrench',0,'删除年度体检数据',8,'','2014-02-09 02:38:59','/app/medical-detail-data!delete','104102100','1',0),('104102110','2014-02-09 02:39:02','查看年度体检数据','ext-icon-bullet_wrench',0,'查看年度体检数据',9,'','2014-02-09 02:39:02','/app/medical-detail-data!getById','104102100','1',0),('104103100','2013-12-29 21:54:45','入职体检','ext-icon-newspaper_link',0,'入职体检',2,'','2013-12-29 21:54:45','/securityJsp/app/MedicalDetail-induty.jsp','104100100','0',0),('104103101','2013-12-29 21:54:45','入职体检列表','ext-icon-bullet_wrench',0,'入职体检列表',0,'','2013-12-29 21:54:45','/app/medical-detail!grid','104103100','1',0),('104103102','2013-12-29 21:54:45','添加入职体检','ext-icon-bullet_wrench',0,'添加入职体检',1,'','2013-12-29 21:54:45','/app/medical-detail!save','104103100','1',0),('104103103','2013-12-29 21:54:45','编辑入职体检','ext-icon-bullet_wrench',0,'编辑入职体检',2,'','2013-12-29 21:54:45','/app/medical-detail!update','104103100','1',0),('104103104','2013-12-29 21:54:45','删除入职体检','ext-icon-bullet_wrench',0,'删除入职体检',3,'','2013-12-29 21:54:45','/app/medical-detail!delete','104103100','1',0),('104103105','2013-12-29 21:54:45','查看入职体检','ext-icon-bullet_wrench',0,'查看入职体检',4,'','2013-12-29 21:54:45','/app/medical-detail!getById','104103100','1',0),('104103106','2013-12-29 21:54:45','入职体检数据列表','ext-icon-bullet_wrench',0,'入职体检数据列表',0,'','2013-12-29 21:54:45','/app/medical-detail-data!treeGrid','105103100','1',0),('104103107','2013-12-29 21:54:45','添加入职体检数据','ext-icon-bullet_wrench',0,'添加入职体检数据',1,'','2013-12-29 21:54:45','/app/medical-detail-data!save','105103100','1',0),('104103108','2013-12-29 21:54:45','编辑入职体检数据','ext-icon-bullet_wrench',0,'编辑入职体检数据',2,'','2013-12-29 21:54:45','/app/medical-detail-data!update','105103100','1',0),('104103109','2013-12-29 21:54:45','删除入职体检数据','ext-icon-bullet_wrench',0,'删除入职体检数据',3,'','2013-12-29 21:54:45','/app/medical-detail-data!delete','105103100','1',0),('104103110','2013-12-29 21:54:45','查看入职体检数据','ext-icon-bullet_wrench',0,'查看入职体检数据',4,'','2013-12-29 21:54:45','/app/medical-detail-data!getById','105103100','1',0),('105100100','2013-12-29 21:54:45','员工职业病体检','ext-icon-monitor',0,'员工职业病体检',5,'','2013-12-29 21:54:45','/securityJsp/app/MedicalDetail-zhiye-year.jsp',NULL,'0',0),('105101100','2013-12-29 21:54:45','职业病年度体检','ext-icon-newspaper_link',0,'职业病年度体检',1,'','2013-12-29 21:54:45','/securityJsp/app/MedicalDetail-zhiye-year.jsp','105100100','0',0),('105101101','2013-12-29 21:54:45','入职体检列表','ext-icon-bullet_wrench',0,'入职体检列表',0,'','2013-12-29 21:54:45','/app/medical-detail!grid','105101100','1',0),('105101102','2013-12-29 21:54:45','添加入职体检','ext-icon-bullet_wrench',0,'添加入职体检',1,'','2013-12-29 21:54:45','/app/medical-detail!save','105101100','1',0),('105101103','2013-12-29 21:54:45','编辑入职体检','ext-icon-bullet_wrench',0,'编辑入职体检',2,'','2013-12-29 21:54:45','/app/medical-detail!update','105101100','1',0),('105101104','2013-12-29 21:54:45','删除入职体检','ext-icon-bullet_wrench',0,'删除入职体检',3,'','2013-12-29 21:54:45','/app/medical-detail!delete','105101100','1',0),('105101105','2013-12-29 21:54:45','查看入职体检','ext-icon-bullet_wrench',0,'查看入职体检',4,'','2013-12-29 21:54:45','/app/medical-detail!getById','105101100','1',0),('105102100','2013-12-29 21:54:45','职业病入职体检','ext-icon-newspaper_link',0,'职业病入职体检',1,'','2013-12-29 21:54:45','/securityJsp/app/MedicalDetail-zhiye-induty.jsp','105100100','0',0),('105102101','2013-12-29 21:54:45','入职体检列表','ext-icon-bullet_wrench',0,'入职体检列表',0,'','2013-12-29 21:54:45','/app/medical-detail!grid','105102100','1',0),('105102102','2013-12-29 21:54:45','添加入职体检','ext-icon-bullet_wrench',0,'添加入职体检',1,'','2013-12-29 21:54:45','/app/medical-detail!save','105102100','1',0),('105102103','2013-12-29 21:54:45','编辑入职体检','ext-icon-bullet_wrench',0,'编辑入职体检',2,'','2013-12-29 21:54:45','/app/medical-detail!update','105102100','1',0),('105102104','2013-12-29 21:54:45','删除入职体检','ext-icon-bullet_wrench',0,'删除入职体检',3,'','2013-12-29 21:54:45','/app/medical-detail!delete','105102100','1',0),('105102105','2013-12-29 21:54:45','查看入职体检','ext-icon-bullet_wrench',0,'查看入职体检',4,'','2013-12-29 21:54:45','/app/medical-detail!getById','105102100','1',0),('105103100','2013-12-29 21:54:45','职业病离职体检','ext-icon-newspaper_link',0,'职业病离职体检',1,'','2013-12-29 21:54:45','/securityJsp/app/MedicalDetail-zhiye-outduty.jsp','105100100','0',0),('105103101','2013-12-29 21:54:45','入职体检列表','ext-icon-bullet_wrench',0,'入职体检列表',0,'','2013-12-29 21:54:45','/app/medical-detail!grid','105103100','1',0),('105103102','2013-12-29 21:54:45','添加入职体检','ext-icon-bullet_wrench',0,'添加入职体检',1,'','2013-12-29 21:54:45','/app/medical-detail!save','105103100','1',0),('105103103','2013-12-29 21:54:45','编辑入职体检','ext-icon-bullet_wrench',0,'编辑入职体检',2,'','2013-12-29 21:54:45','/app/medical-detail!update','105103100','1',0),('105103104','2013-12-29 21:54:45','删除入职体检','ext-icon-bullet_wrench',0,'删除入职体检',3,'','2013-12-29 21:54:45','/app/medical-detail!delete','105103100','1',0),('105103105','2013-12-29 21:54:45','查看入职体检','ext-icon-bullet_wrench',0,'查看入职体检',4,'','2013-12-29 21:54:45','/app/medical-detail!getById','105103100','1',0),('106100100','2013-12-29 21:54:45','学生流行病管理','ext-icon-monitor',0,'学生流行病管理',6,'','2013-12-29 21:54:45','/welcome.jsp',NULL,'0',0),('106101100','2013-12-29 21:54:45','流行病记录','ext-icon-newspaper_link',0,'流行病记录',1,'','2014-01-17 00:19:31','/securityJsp/app/EmpEpidemicRecord.jsp','106100100','0',0),('106101101','2013-12-29 21:54:45','流行病记录列表','ext-icon-bullet_wrench',0,'流行病记录列表',0,'','2013-12-29 21:54:45','/app/medical-detail!grid','106101100','1',0),('106101102','2013-12-29 21:54:45','添加流行病记录','ext-icon-bullet_wrench',0,'添加流行病记录',1,'','2013-12-29 21:54:45','/app/medical-detail!save','106101100','1',0),('106101103','2013-12-29 21:54:45','编辑流行病记录','ext-icon-bullet_wrench',0,'编辑流行病记录',2,'','2013-12-29 21:54:45','/app/medical-detail!update','106101100','1',0),('106101104','2013-12-29 21:54:45','删除流行病记录','ext-icon-bullet_wrench',0,'删除流行病记录',3,'','2013-12-29 21:54:45','/app/medical-detail!delete','106101100','1',0),('106101105','2013-12-29 21:54:45','查看流行病记录','ext-icon-bullet_wrench',0,'查看流行病记录',4,'','2013-12-29 21:54:45','/app/medical-detail!getById','106101100','1',0),('106102100','2013-12-29 21:54:45','流行病跟踪','ext-icon-newspaper_link',0,'流行病跟踪',2,'','2013-12-29 21:54:45','/securityJsp/app/EmpEpidemicRecordList.jsp','106100100','0',0),('106102101','2013-12-29 21:54:45','流行病跟踪列表','ext-icon-bullet_wrench',0,'流行病跟踪列表',0,'','2013-12-29 21:54:45','/app/emp-epidemic-record!grid','106102100','1',0),('106102102','2013-12-29 21:54:45','添加流行病跟踪','ext-icon-bullet_wrench',0,'添加流行病跟踪',1,'','2013-12-29 21:54:45','/app/emp-epidemic-record!save','106102100','1',0),('106102103','2013-12-29 21:54:45','编辑流行病跟踪','ext-icon-bullet_wrench',0,'编辑流行病跟踪',2,'','2013-12-29 21:54:45','/app/emp-epidemic-record!update','106102100','1',0),('106102104','2013-12-29 21:54:45','删除流行病跟踪','ext-icon-bullet_wrench',0,'删除流行病跟踪',3,'','2013-12-29 21:54:45','/app/emp-epidemic-record!delete','106102100','1',0),('106102105','2013-12-29 21:54:45','查看流行病跟踪','ext-icon-bullet_wrench',0,'查看流行病跟踪',4,'','2013-12-29 21:54:45','/app/emp-epidemic-record!getById','106102100','1',0),('107100100','2013-12-29 21:54:45','考勤管理','ext-icon-monitor',0,'考勤管理',0,'','2013-12-29 21:54:45','/welcome.jsp',NULL,'0',1),('107101100','2013-12-29 21:54:45','员工考勤','ext-icon-newspaper_link',0,'员工考勤',1,'','2013-12-29 21:54:45','/securityJsp/app/MedicalAttend.jsp','107100100','0',1),('107101101','2013-12-30 12:54:24','考勤列表','ext-icon-bullet_wrench',0,'考勤列表',0,'','2013-12-30 12:54:24','/app/medical-attend!grid','107101100','1',1),('107101102','2013-12-30 13:04:24','添加考勤','ext-icon-bullet_wrench',0,'添加考勤',1,'','2013-12-30 13:04:24','/app/medical-attend!save','107101100','1',1),('107101103','2013-12-30 13:04:25','编辑考勤','ext-icon-bullet_wrench',0,'编辑考勤',2,'','2013-12-30 13:04:25','/app/medical-attend!update','107101100','1',1),('107101104','2013-12-30 13:04:26','删除考勤','ext-icon-bullet_wrench',0,'删除考勤',3,'','2013-12-30 13:04:26','/app/medical-attend!delete','107101100','1',1),('107101105','2013-12-30 13:04:27','查看考勤','ext-icon-bullet_wrench',0,'查看考勤',4,'','2013-12-30 13:04:27','/app/medical-attend!getById','107101100','1',1),('107101106','2013-12-30 15:59:09','查看自己的考勤','ext-icon-bullet_wrench',0,'查看自己的考勤',5,'','2013-12-30 15:59:09','/app/medical-attend!getCurrentUserInfo','107101100','1',1),('107102100','2013-12-29 21:54:45','考勤管理','ext-icon-newspaper_link',0,'考勤管理',2,'','2013-12-29 21:54:45','/securityJsp/app/MedicalAttendListManager.jsp','107100100','0',1),('107102101','2013-12-30 13:04:28','考勤列表','ext-icon-bullet_wrench',0,'考勤列表',0,'','2013-12-30 13:04:28','/app/medical-attend!gridAll','107102100','1',1),('107102102','2013-12-30 13:04:29','添加考勤','ext-icon-bullet_wrench',0,'添加考勤',1,'','2013-12-30 13:04:29','/app/medical-attend!save','107102100','1',1),('107102103','2013-12-30 13:04:29','编辑考勤','ext-icon-bullet_wrench',0,'编辑考勤',2,'','2013-12-30 13:04:29','/app/medical-attend!update','107102100','1',1),('107102104','2013-12-30 13:04:30','删除考勤','ext-icon-bullet_wrench',0,'删除考勤',3,'','2013-12-30 13:04:30','/app/medical-attend!delete','107102100','1',1),('107102105','2013-12-30 13:04:31','查看考勤','ext-icon-bullet_wrench',0,'查看考勤',4,'','2013-12-30 13:04:31','/app/medical-attend!getById','107102100','1',1),('107103100','2013-12-31 21:24:41','我的考勤记录','ext-icon-newspaper_link',0,'我的考勤记录',2,'','2013-12-31 21:24:41','/securityJsp/app/MedicalAttendList.jsp','107100100','0',1),('107103101','2013-12-31 21:24:42','考勤列表','ext-icon-bullet_wrench',0,'考勤列表',0,'','2013-12-31 21:24:42','/app/medical-attend!grid','107103100','1',1),('107103102','2013-12-31 21:24:43','添加考勤','ext-icon-bullet_wrench',0,'添加考勤',1,'','2013-12-31 21:24:43','/app/medical-attend!save','107103100','1',1),('107103103','2013-12-31 21:24:44','编辑考勤','ext-icon-bullet_wrench',0,'编辑考勤',2,'','2013-12-31 21:24:44','/app/medical-attend!update','107103100','1',1),('107103104','2013-12-31 21:24:45','删除考勤','ext-icon-bullet_wrench',0,'删除考勤',3,'','2013-12-31 21:24:45','/app/medical-attend!delete','107103100','1',1),('107103105','2013-12-31 21:24:46','查看考勤','ext-icon-bullet_wrench',0,'查看考勤',4,'','2013-12-31 21:24:46','/app/medical-attend!getById','107103100','1',1),('107104100','2014-01-14 13:54:46','加班管理','ext-icon-newspaper_link',0,'加班管理',2,'','2014-01-14 13:54:46','/securityJsp/app/EmpJiabanRecord.jsp?opType=1','107100100','0',1),('107104101','2014-01-14 13:54:47','加班列表','ext-icon-bullet_wrench',0,'加班列表',0,'','2014-01-14 13:54:47','/app/emp-jiaban!grid','107104100','1',1),('107104102','2014-01-14 13:54:48','添加加班','ext-icon-bullet_wrench',0,'添加加班',1,'','2014-01-14 13:54:48','/app/emp-jiaban!save','107104100','1',1),('107104103','2014-01-14 13:54:49','编辑加班','ext-icon-bullet_wrench',0,'编辑加班',2,'','2014-01-14 13:54:49','/app/emp-jiaban!update','107104100','1',1),('107104104','2014-01-14 13:54:50','删除加班','ext-icon-bullet_wrench',0,'删除加班',3,'','2014-01-14 13:54:50','/app/emp-jiaban!delete','107104100','1',1),('107104105','2014-01-14 13:54:51','查看加班','ext-icon-bullet_wrench',0,'查看加班',4,'','2014-01-14 13:54:51','/app/emp-jiaban!getById','107104100','1',1),('107104106','2014-01-14 13:54:52','加班详细记录列表','ext-icon-bullet_wrench',0,'加班详细记录列表',8,'','2014-01-14 13:54:52','/app/emp-jiaban-detail!grid','107104100','1',1),('107104107','2014-01-14 13:54:53','添加加班详细记录','ext-icon-bullet_wrench',0,'添加加班详细记录',9,'','2014-01-14 13:54:53','/app/emp-jiaban-detail!save','107104100','1',1),('107104108','2014-01-14 13:54:54','编辑加班详细记录','ext-icon-bullet_wrench',0,'编辑加班详细记录',10,'','2014-01-14 13:54:54','/app/emp-jiaban-detail!update','107104100','1',1),('107104109','2014-01-14 13:54:54','删除加班详细记录','ext-icon-bullet_wrench',0,'删除加班详细记录',11,'','2014-01-14 13:54:54','/app/emp-jiaban-detail!delete','107104100','1',1),('107104110','2014-01-14 13:54:55','查看加班详细记录','ext-icon-bullet_wrench',0,'查看加班详细记录',12,'','2014-01-14 13:54:55','/app/emp-jiaban-detail!getById','107104100','1',1),('107104111','2014-01-15 00:34:09','提交加班','ext-icon-bullet_wrench',0,'提交加班',5,'','2014-01-15 00:34:09','/app/emp-jiaban!submit','107104100','1',1),('107104112','2014-01-15 03:42:45','取消加班','ext-icon-bullet_wrench',0,'取消加班',6,'','2014-01-15 03:42:45','/app/emp-jiaban!cancel','107104100','1',1),('107104113','2014-01-15 22:47:53','加班定性','ext-icon-bullet_wrench',0,'加班定性',7,'','2014-01-15 22:47:53','/app/emp-jiaban!opresult','107104100','1',1),('107105100','2014-01-14 13:54:56','请假管理','ext-icon-newspaper_link',0,'请假管理',2,'','2014-01-14 13:54:56','/securityJsp/app/EmpJiabanRecord.jsp?opType=2','107100100','0',1),('107105101','2014-01-14 13:54:57','请假列表','ext-icon-bullet_wrench',0,'请假列表',0,'','2014-01-14 13:54:57','/app/emp-jiaban!grid','107105100','1',1),('107105102','2014-01-14 13:54:58','添加请假','ext-icon-bullet_wrench',0,'添加请假',1,'','2014-01-14 13:54:58','/app/emp-jiaban!save','107105100','1',1),('107105103','2014-01-14 13:54:59','编辑请假','ext-icon-bullet_wrench',0,'编辑请假',2,'','2014-01-14 13:54:59','/app/emp-jiaban!update','107105100','1',1),('107105104','2014-01-14 13:55:00','删除请假','ext-icon-bullet_wrench',0,'删除请假',3,'','2014-01-14 13:55:00','/app/emp-jiaban!delete','107105100','1',1),('107105105','2014-01-14 13:55:01','查看请假','ext-icon-bullet_wrench',0,'查看请假',4,'','2014-01-14 13:55:01','/app/emp-jiaban!getById','107105100','1',1),('107105106','2014-01-14 13:55:02','请假记录详细列表','ext-icon-bullet_wrench',0,'请假详细记录列表',7,'','2014-01-14 13:55:02','/app/emp-jiaban-detail!grid','107105100','1',1),('107105107','2014-01-14 13:55:03','添加请假详细记录','ext-icon-bullet_wrench',0,'添加请假详细记录',8,'','2014-01-14 13:55:03','/app/emp-jiaban-detail!save','107105100','1',1),('107105108','2014-01-14 13:55:04','编辑请假详细记录','ext-icon-bullet_wrench',0,'编辑请假详细记录',9,'','2014-01-14 13:55:04','/app/emp-jiaban-detail!update','107105100','1',1),('107105109','2014-01-14 13:55:04','删除请假详细记录','ext-icon-bullet_wrench',0,'删除请假详细记录',10,'','2014-01-14 13:55:04','/app/emp-jiaban-detail!delete','107105100','1',1),('107105110','2014-01-14 13:55:05','查看请假详细记录','ext-icon-bullet_wrench',0,'查看请假详细记录',11,'','2014-01-14 13:55:05','/app/emp-jiaban-detail!getById','107105100','1',1),('107105111','2014-01-15 03:43:03','提交请假','ext-icon-bullet_wrench',0,'提交请假',5,'','2014-01-15 03:43:03','/app/emp-jiaban!submit','107105100','1',1),('107105112','2014-01-15 03:43:04','取消请假','ext-icon-bullet_wrench',0,'取消请假',6,'','2014-01-15 03:43:04','/app/emp-jiaban!cancel','107105100','1',1),('107106100','2014-01-15 03:43:15','加班审批','ext-icon-newspaper_link',0,'加班审批',2,'','2014-01-15 03:43:15','/securityJsp/app/EmpJiabanSPRecord.jsp?opType=1','107100100','0',1),('107106101','2014-01-15 03:43:17','加班列表','ext-icon-bullet_wrench',0,'加班列表',0,'','2014-01-15 03:43:17','/app/emp-jiaban!grid','107106100','1',1),('107106102','2014-01-15 03:43:18','添加加班','ext-icon-bullet_wrench',0,'添加加班',1,'','2014-01-15 03:43:18','/app/emp-jiaban!save','107106100','1',1),('107106103','2014-01-15 03:43:20','编辑加班','ext-icon-bullet_wrench',0,'编辑加班',2,'','2014-01-15 03:43:20','/app/emp-jiaban!update','107106100','1',1),('107106104','2014-01-15 03:43:21','删除加班','ext-icon-bullet_wrench',0,'删除加班',3,'','2014-01-15 03:43:21','/app/emp-jiaban!delete','107106100','1',1),('107106105','2014-01-15 03:43:23','查看加班','ext-icon-bullet_wrench',0,'查看加班',4,'','2014-01-15 03:43:23','/app/emp-jiaban!getById','107106100','1',1),('107106111','2014-01-15 03:43:24','提交加班','ext-icon-bullet_wrench',0,'提交加班',5,'','2014-01-15 03:43:24','/app/emp-jiaban!submit','107106100','1',1),('107106112','2014-01-15 03:43:26','取消加班','ext-icon-bullet_wrench',0,'取消加班',5,'','2014-01-15 03:43:26','/app/emp-jiaban!cancel','107106100','1',1),('107106113','2014-01-15 03:43:27','通过加班','ext-icon-bullet_wrench',0,'通过加班',5,'','2014-01-15 03:43:27','/app/emp-jiaban!checked','107106100','1',1),('107106114','2014-01-15 03:43:29','退回加班','ext-icon-bullet_wrench',0,'退回加班',5,'','2014-01-15 03:43:29','/app/emp-jiaban!back','107106100','1',1),('107107100','2014-01-15 03:43:30','请假审批','ext-icon-newspaper_link',0,'请假审批',2,'','2014-01-15 03:43:30','/securityJsp/app/EmpJiabanSPRecord.jsp?opType=2','107100100','0',1),('107107101','2014-01-15 03:43:32','请假列表','ext-icon-bullet_wrench',0,'请假列表',0,'','2014-01-15 03:43:32','/app/emp-jiaban!grid','107107100','1',1),('107107102','2014-01-15 03:43:34','添加请假','ext-icon-bullet_wrench',0,'添加请假',1,'','2014-01-15 03:43:34','/app/emp-jiaban!save','107107100','1',1),('107107103','2014-01-15 03:43:35','编辑请假','ext-icon-bullet_wrench',0,'编辑请假',2,'','2014-01-15 03:43:35','/app/emp-jiaban!update','107107100','1',1),('107107104','2014-01-15 03:43:37','删除请假','ext-icon-bullet_wrench',0,'删除请假',3,'','2014-01-15 03:43:37','/app/emp-jiaban!delete','107107100','1',1),('107107105','2014-01-15 03:43:38','查看请假','ext-icon-bullet_wrench',0,'查看请假',4,'','2014-01-15 03:43:38','/app/emp-jiaban!getById','107107100','1',1),('107107111','2014-01-15 03:53:45','提交请假','ext-icon-bullet_wrench',0,'提交请假',5,'','2014-01-15 03:53:45','/app/emp-jiaban!submit','107107100','1',1),('107107112','2014-01-15 03:53:46','取消请假','ext-icon-bullet_wrench',0,'取消请假',6,'','2014-01-15 03:53:46','/app/emp-jiaban!cancel','107107100','1',1),('107107113','2014-01-15 03:53:48','通过请假','ext-icon-bullet_wrench',0,'通过请假',7,'','2014-01-15 03:53:48','/app/emp-jiaban!checked','107107100','1',1),('107107114','2014-01-15 03:53:49','退回请假','ext-icon-bullet_wrench',0,'退回请假',8,'','2014-01-15 03:53:49','/app/emp-jiaban!back','107107100','1',1),('108100100','2013-12-29 21:54:45','库存管理','ext-icon-monitor',0,'库存管理',8,'','2013-12-29 21:54:45','/welcome.jsp',NULL,'0',0),('108101100','2013-12-29 21:54:45','药品信息管理','ext-icon-newspaper_link',0,'药品信息管理',1,'','2013-12-29 21:54:45','/securityJsp/app/DrugInfo.jsp','108100100','0',0),('108101101','2014-01-07 13:28:08','药品列表','ext-icon-bullet_wrench',0,'药品列表',0,'','2014-01-07 13:28:08','/app/drug-info!grid','108101100','1',0),('108101102','2014-01-07 13:35:54','添加药品','ext-icon-bullet_wrench',0,'添加药品',1,'','2014-01-07 13:35:54','/app/drug-info!save','108101100','1',0),('108101103','2014-01-07 13:35:55','编辑药品','ext-icon-bullet_wrench',0,'编辑药品',2,'','2014-01-07 13:35:55','/app/drug-info!update','108101100','1',0),('108101104','2014-01-07 13:35:56','删除药品','ext-icon-bullet_wrench',0,'删除药品',3,'','2014-01-07 13:35:56','/app/drug-info!delete','108101100','1',0),('108101105','2014-01-07 13:35:57','查看药品','ext-icon-bullet_wrench',0,'查看药品',4,'','2014-01-07 13:35:57','/app/drug-info!getById','108101100','1',0),('108101106','2014-01-19 04:42:44','添加药品规格','ext-icon-bullet_wrench',0,'添加药品规格',5,'','2014-01-19 04:42:44','/app/drug-spec-info!save','108101100','1',0),('108101107','2014-01-19 04:42:45','编辑药品规格','ext-icon-bullet_wrench',0,'编辑药品规格',6,'','2014-01-19 04:42:45','/app/drug-spec-info!update','108101100','1',0),('108101108','2014-01-19 04:42:47','删除药品规格','ext-icon-bullet_wrench',0,'删除药品规格',7,'','2014-01-19 04:42:47','/app/drug-spec-info!delete','108101100','1',0),('108101109','2014-01-19 04:42:49','查看药品规格','ext-icon-bullet_wrench',0,'查看药品规格',8,'','2014-01-19 04:42:49','/app/drug-spec-info!getById','108101100','1',0),('108101110','2014-01-19 04:42:51','药品列表规格','ext-icon-bullet_wrench',0,'药品列表规格',9,'','2014-01-19 04:42:51','/app/drug-spec-info!grid','108101100','1',0),('108102100','2013-12-29 21:54:45','药品入库','ext-icon-newspaper_link',0,'药品入库',2,'','2013-12-29 21:54:45','/securityJsp/app/DrugRecordForm.jsp','108100100','0',0),('108102101','2014-01-07 15:40:45','药品入库列表','ext-icon-bullet_wrench',0,'药品入库列表',0,'','2014-01-07 15:40:45','/app/drug-record!grid','108102100','1',0),('108102102','2014-01-07 15:40:47','添加药品入库','ext-icon-bullet_wrench',0,'添加药品入库',1,'','2014-01-07 15:40:47','/app/drug-record!save','108102100','1',0),('108102103','2014-01-07 15:40:47','编辑药品入库','ext-icon-bullet_wrench',0,'编辑药品入库',2,'','2014-01-07 15:40:47','/app/drug-record!update','108102100','1',0),('108102104','2014-01-07 15:40:48','删除药品入库','ext-icon-bullet_wrench',0,'删除药品入库',3,'','2014-01-07 15:40:48','/app/drug-record!delete','108102100','1',0),('108102105','2014-01-07 15:40:48','查看药品入库','ext-icon-bullet_wrench',1,'查看药品入库',4,'','2014-01-07 15:40:48','/app/drug-record!getById','108102100','1',0),('108103100','2013-12-29 21:54:45','库存记录查询','ext-icon-newspaper_link',0,'库存记录查询',3,'','2013-12-29 21:54:45','/securityJsp/app/DrugStore.jsp','108100100','0',0),('108103101','2014-01-07 15:40:50','库存记录列表','ext-icon-bullet_wrench',0,'库存记录列表',0,'','2014-01-07 15:40:50','/app/drug-in-record!grid','108103100','1',0),('108103102','2014-01-07 15:40:51','添加库存记录','ext-icon-bullet_wrench',0,'添加库存记录',1,'','2014-01-07 15:40:51','/app/drug-in-record!save','108103100','1',0),('108103103','2014-01-07 15:40:51','编辑库存记录','ext-icon-bullet_wrench',0,'编辑库存记录',2,'','2014-01-07 15:40:51','/app/drug-in-record!update','108103100','1',0),('108103104','2014-01-07 15:40:52','删除库存记录','ext-icon-bullet_wrench',0,'删除库存记录',3,'','2014-01-07 15:40:52','/app/drug-in-record!delete','108103100','1',0),('108103105','2014-01-07 15:40:53','查看药品资料','ext-icon-bullet_wrench',0,'查看药品资料',4,'','2014-01-07 15:40:53','/app/drug-in-record!getById','108103100','1',0),('108103106','2014-01-19 22:01:34','纠正误差','ext-icon-bullet_wrench',0,'纠正误差',5,'','2014-01-19 22:01:34','/app/drug-in-record!valid','108103100','1',0),('108103107','2014-01-19 22:01:36','库存列表','ext-icon-bullet_wrench',0,'库存列表',6,'','2014-01-19 22:01:36','/app/drug-store!grid','108103100','1',0),('108103108','2014-01-19 22:01:38','添加库存','ext-icon-bullet_wrench',0,'添加库存',7,'','2014-01-19 22:01:38','/app/drug-store!save','108103100','1',0),('108103109','2014-01-19 22:01:41','编辑库存','ext-icon-bullet_wrench',0,'编辑库存',8,'','2014-01-19 22:01:41','/app/drug-store!update','108103100','1',0),('108103110','2014-01-19 22:01:43','删除库存','ext-icon-bullet_wrench',0,'删除库存',9,'','2014-01-19 22:01:43','/app/drug-store!delete','108103100','1',0),('108103111','2014-01-19 22:01:46','查看药品资料','ext-icon-bullet_wrench',0,'查看药品资料',10,'','2014-01-19 22:01:46','/app/drug-store!getById','108103100','1',0),('108104100','2013-12-29 21:54:45','库存操作明细查询','ext-icon-newspaper_link',0,'库存操作明细查询',4,'','2013-12-29 21:54:45','/securityJsp/app/DrugRecord.jsp','108100100','0',0),('108104101','2014-01-07 15:40:55','库存入库操作明细列表','ext-icon-bullet_wrench',0,'库存入库操作明细列表',0,'','2014-01-07 15:40:55','/app/drug-in-record!grid','108104100','1',0),('108104102','2014-01-07 15:40:55','添加库存入库操作明细','ext-icon-bullet_wrench',0,'添加库存入库操作明细',1,'','2014-01-07 15:40:55','/app/drug-in-record!save','108104100','1',0),('108104103','2014-01-07 15:40:56','编辑库存入库操作明细','ext-icon-bullet_wrench',0,'编辑库存入库操作明细',2,'','2014-01-07 15:40:56','/app/drug-in-record!update','108104100','1',0),('108104104','2014-01-07 15:40:57','删除库存入库操作明细','ext-icon-bullet_wrench',0,'删除库存入库操作明细',3,'','2014-01-07 15:40:57','/app/drug-in-record!delete','108104100','1',0),('108104105','2014-01-07 15:40:57','查看库存入库操作明细','ext-icon-bullet_wrench',0,'查看库存入库操作明细',4,'','2014-01-07 15:40:57','/app/drug-in-record!getById','108104100','1',0),('108104106','2014-01-19 23:32:07','库存出库操作明细列表','ext-icon-bullet_wrench',0,'库存出库操作明细列表',5,'','2014-01-19 23:32:07','/app/drug-out-record!grid','108104100','1',0),('108104107','2014-01-19 23:32:09','添加库存出库操作明细','ext-icon-bullet_wrench',0,'添加库存出库操作明细',6,'','2014-01-19 23:32:09','/app/drug-out-record!save','108104100','1',0),('108104108','2014-01-19 23:32:12','编辑库存出库操作明细','ext-icon-bullet_wrench',0,'编辑库存出库操作明细',7,'','2014-01-19 23:32:12','/app/drug-out-record!update','108104100','1',0),('108104109','2014-01-19 23:32:14','删除库存出库操作明细','ext-icon-bullet_wrench',0,'删除库存出库操作明细',8,'','2014-01-19 23:32:14','/app/drug-out-record!delete','108104100','1',0),('108104110','2014-01-19 23:32:16','查看库存出库操作明细','ext-icon-bullet_wrench',0,'查看库存出库操作明细',9,'','2014-01-19 23:32:16','/app/drug-out-record!getById','108104100','1',0),('108104111','2014-01-19 23:32:18','库存盘点操作明细列表','ext-icon-bullet_wrench',0,'库存盘点操作明细列表',10,'','2014-01-19 23:32:18','/app/drug-pd-record!grid','108104100','1',0),('108104112','2014-01-19 23:32:20','添加库存盘点操作明细','ext-icon-bullet_wrench',0,'添加库存盘点操作明细',11,'','2014-01-19 23:32:20','/app/drug-pd-record!save','108104100','1',0),('108104113','2014-01-19 23:32:23','编辑库存盘点操作明细','ext-icon-bullet_wrench',0,'编辑库存盘点操作明细',12,'','2014-01-19 23:32:23','/app/drug-pd-record!update','108104100','1',0),('108104114','2014-01-19 23:32:25','删除库存盘点操作明细','ext-icon-bullet_wrench',0,'删除库存盘点操作明细',13,'','2014-01-19 23:32:25','/app/drug-pd-record!delete','108104100','1',0),('108104115','2014-01-19 23:32:27','查看库存盘点操作明细','ext-icon-bullet_wrench',0,'查看库存盘点操作明细',14,'','2014-01-19 23:32:27','/app/drug-pd-record!getById','108104100','1',0),('108105100','2014-01-20 02:54:53','药品盘点','ext-icon-newspaper_link',0,'药品盘点',2,'','2014-01-20 02:54:53','/securityJsp/app/DrugPdRecordForm.jsp','108100100','0',0),('108105101','2014-01-20 02:54:54','药品盘点列表','ext-icon-bullet_wrench',0,'药品盘点列表',0,'','2014-01-20 02:54:54','/app/drug-store-check!grid','108105100','1',0),('108105102','2014-01-20 02:54:56','添加药品盘点','ext-icon-bullet_wrench',0,'添加药品盘点',1,'','2014-01-20 02:54:56','/app/drug-store-check!save','108105100','1',0),('108105103','2014-01-20 02:54:57','修改药品盘点','ext-icon-bullet_wrench',0,'修改药品盘点',2,'','2014-01-20 02:54:57','/app/drug-store-check!update','108105100','1',0),('108105104','2014-01-20 02:54:58','删除药品盘点','ext-icon-bullet_wrench',0,'删除药品盘点',3,'','2014-01-20 02:54:58','/app/drug-record!delete','108105100','1',0),('108105105','2014-01-20 02:55:00','查看药品盘点','ext-icon-bullet_wrench',0,'查看药品盘点',4,'','2014-01-20 02:55:00','/app/drug-record!getById','108105100','1',0),('109100100','2013-12-29 21:54:45','知识管理','ext-icon-monitor',0,'知识管理',9,'','2013-12-29 21:54:45','/welcome.jsp',NULL,'0',1),('109101100','2013-12-29 21:54:45','文档上传','ext-icon-newspaper_link',0,'文档上传',1,'','2013-12-29 21:54:45','/securityJsp/base/SysFuncDef.jsp','109100100','0',1),('109102100','2013-12-29 21:54:45','版本更新','ext-icon-newspaper_link',0,'版本更新',2,'','2013-12-29 21:54:45','/securityJsp/base/SysFuncDef.jsp','109100100','0',1),('109103100','2013-12-29 21:54:45','知识地图','ext-icon-newspaper_link',0,'知识地图',3,'','2013-12-29 21:54:45','/securityJsp/base/SysFuncDef.jsp','109100100','0',1),('109104100','2013-12-29 21:54:45','知识分享','ext-icon-newspaper_link',0,'知识分享',4,'','2013-12-29 21:54:45','/securityJsp/base/SysFuncDef.jsp','109100100','0',1),('110100100','2013-12-29 21:54:45','在线咨询','ext-icon-monitor',0,'在线咨询',10,'','2013-12-29 21:54:45','/welcome.jsp',NULL,'0',1),('110101100','2013-12-29 21:54:45','在线咨询','ext-icon-newspaper_link',0,'在线咨询',1,'','2013-12-29 21:54:45','/securityJsp/base/SysFuncDef.jsp','110100100','0',1),('110102100','2013-12-29 21:54:45','日志记录','ext-icon-newspaper_link',0,'日志记录',2,'','2013-12-29 21:54:45','/securityJsp/base/SysFuncDef.jsp','110100100','0',1),('111100100','2013-12-29 21:54:45','统计报表','ext-icon-monitor',0,'统计报表',11,'','2013-12-29 21:54:45','/welcome.jsp',NULL,'0',0),('111101100','2013-12-29 21:54:45','体检数据分析','ext-icon-newspaper_link',0,'体检数据分析',1,'','2013-12-29 21:54:45','/securityJsp/base/SysFuncDef.jsp','111100100','0',0),('111102100','2013-12-29 21:54:45','药品进销存报表','ext-icon-newspaper_link',0,'药品进销存报表',2,'','2013-12-29 21:54:45','/securityJsp/base/SysFuncDef.jsp','111100100','0',0),('111103100','2013-12-29 21:54:45','客户数据筛选','ext-icon-newspaper_link',0,'客户数据筛选',3,'','2013-12-29 21:54:45','/securityJsp/base/SysFuncDef.jsp','111100100','0',0),('111104100','2013-12-29 21:54:45','客户分类报表','ext-icon-newspaper_link',0,'客户分类报表',4,'','2013-12-29 21:54:45','/securityJsp/base/SysFuncDef.jsp','111100100','0',0),('111105100','2013-12-29 21:54:45','就诊记录报表','ext-icon-newspaper_link',0,'就诊记录报表',5,'','2013-12-29 21:54:45','/securityJsp/base/SysFuncDef.jsp','111100100','0',0),('111106100','2013-12-29 21:54:45','用药记录分析报表','ext-icon-newspaper_link',0,'用药记录分析报表',6,'','2013-12-29 21:54:45','/securityJsp/base/SysFuncDef.jsp','111100100','0',0),('111107100','2013-12-29 21:54:45','客户服务分析报表','ext-icon-newspaper_link',0,'客户服务分析报表',7,'','2013-12-29 21:54:45','/securityJsp/base/SysFuncDef.jsp','111100100','0',0),('112100100','2013-12-29 21:54:45','监控系统运行情况等信息','ext-icon-monitor',0,'系统监控',12,'','2013-12-29 21:54:45','/welcome.jsp',NULL,'0',0),('112101100','2013-12-29 21:54:45','监控项目','ext-icon-monitor_error',0,'项目监控',1,'','2013-12-29 21:54:45','/monitoring','112100100','0',0),('112102100','2013-12-29 21:54:45','监控数据源','ext-icon-monitor_link',0,'数据源监控',2,'','2013-12-29 21:54:45','/druid','112100100','0',0),('112103100','2013-12-29 21:54:45','Action映射情况监控','ext-icon-monitor_lightning',0,'Action映射监控',3,'','2013-12-29 21:54:45','/config-browser/showConstants.sy','112100100','0',0),('113100100','2013-12-29 21:54:45','查看系统相关报表图标','ext-icon-chart_curve',0,'系统报表',2,'','2013-12-29 21:54:45','/welcome.jsp',NULL,'0',0),('113101100','2013-12-29 21:54:45','用户注册时间分布报表','ext-icon-chart_bar',0,'注册时间分布',1,'','2013-12-29 21:54:45','/securityJsp/base/chart/userCreateDatetimeChart.jsp','113100100','0',0),('113102100','2013-12-29 21:54:45','用户角色分布','ext-icon-chart_pie',0,'用户角色分布',2,'','2013-12-29 21:54:45','/securityJsp/base/chart/userRoleChart.jsp','113100100','0',0),('114100100','2013-12-29 21:54:45','EasyUI还能做到更多，只有你想不到，没有做不到！','ext-icon-asterisk_orange',0,'其他示例',13,'','2013-12-29 21:54:45','/welcome.jsp',NULL,'0',0),('114101100','2013-12-29 21:54:45','Apache CXF DEMO','ext-icon-world',0,'ApacheCXF示例',0,'CXFDemo','2013-12-29 21:54:45','/ws','114100100','0',0),('114102100','2013-12-29 21:54:45','针对EasyUI二次开发的DEMO','ext-icon-award_star_bronze_1',0,'流云的Demo',1,'_blank','2013-12-29 21:54:45','http://jqext.sinaapp.com','114100100','0',0),('114103100','2013-12-29 21:54:45','SpringMvc+Spring3+Hibernate4+Maven','ext-icon-award_star_bronze_2',0,'SyProDemo',2,'_blank','2013-12-29 21:54:45','http://sypro.jeasyuicn.com','114100100','0',0),('114104100','2013-12-29 21:54:45','夏悸的php demo','ext-icon-award_star_bronze_3',0,'phpDemo',3,'_blank','2013-12-29 21:54:45','http://php-easyui-demo.jeasyuicn.com','114100100','0',0),('114105100','2013-12-29 21:54:45','桌面演示demo','ext-icon-award_star_gold_1',0,'桌面Demo',4,'_blank','2013-12-29 21:54:45','http://app.btboys.com','114100100','0',0),('114106100','2013-12-29 21:54:45','EasyUI官方Demo','ext-icon-medal_bronze_1',0,'EasyUI官方Demo',5,'','2013-12-29 21:54:45','http://jeasyui.com/demo/main/index.php','114100100','0',0),('114107100','2013-12-29 21:54:45','EasyUI官方API','ext-icon-medal_bronze_2',0,'EasyUI官方API',6,'','2013-12-29 21:54:45','http://jeasyui.com/documentation/index.php','114100100','0',0),('114108100','2013-12-29 21:54:45','EasyUI辅导','ext-icon-medal_bronze_3',0,'EasyUI进阶DEMO',7,'','2013-12-29 21:54:45','http://jeasyui.com/tutorial/index.php','114100100','0',0),('114109100','2013-12-29 21:54:45','EasyUI官方下载','ext-icon-medal_gold_1',0,'EasyUI官方下载',8,'','2013-12-29 21:54:45','http://jeasyui.com/download/index.php','114100100','0',0),('114110100','2013-12-29 21:54:45','EasyUI其他扩展','ext-icon-medal_gold_2',0,'EasyUI其他扩展',9,'','2013-12-29 21:54:45','http://jeasyui.com/extension/index.php','114100100','0',0),('114111100','2013-12-29 21:54:45','EasyUI官方论坛','ext-icon-medal_gold_3',0,'EasyUI官方论坛',10,'','2013-12-29 21:54:45','http://www.jeasyui.com/forum/index.php','114100100','0',0),('115100100','2014-01-28 12:49:41','模板管理','ext-icon-monitor',0,'模板管理',12,'','2014-01-28 12:49:41','/welcome.jsp',NULL,'0',0),('115101100','2014-01-28 12:49:42','体检模板管理','ext-icon-newspaper_link',0,'体检模板管理',4,'','2014-01-28 12:49:42','/securityJsp/app/MedicalReportDef.jsp','115100100','0',0),('115101101','2014-01-28 12:49:45','体检模板列表','ext-icon-bullet_wrench',0,'体检模板列表',0,'','2014-01-28 12:49:45','/app/report-def!grid','115101100','1',0),('115101102','2014-01-28 12:49:47','体检模板新增','ext-icon-bullet_wrench',0,'体检模板新增',1,'','2014-01-28 12:49:47','/app/report-def!save','115101100','1',0),('115101103','2014-01-28 12:49:48','体检模板修改','ext-icon-bullet_wrench',0,'体检模板修改',2,'','2014-01-28 12:49:48','/app/report-def!update','115101100','1',0),('115101104','2014-01-28 12:49:49','查看体检模板','ext-icon-bullet_wrench',0,'查看体检模板',3,'','2014-01-28 12:49:49','/app/report-def!getById','115101100','1',0),('115101105','2014-01-28 12:49:51','删除体检模板','ext-icon-bullet_wrench',0,'删除体检模板',4,'','2014-01-28 12:49:51','/app/report-def!delete','115101100','1',0),('115101106','2014-01-28 12:49:53','体检模板属性列表','ext-icon-bullet_wrench',0,'体检模板属性列表',0,'','2014-01-28 12:49:53','/app/report-attr!treeGrid','115101100','1',0),('115101107','2014-01-28 12:49:55','体检模板新增','ext-icon-bullet_wrench',0,'体检模板属性新增',1,'','2014-01-28 12:49:55','/app/report-attr!save','115101100','1',0),('115101108','2014-01-28 12:49:57','体检模板属性修改','ext-icon-bullet_wrench',0,'体检模板属性修改',2,'','2014-01-28 12:49:57','/app/report-attr!update','115101100','1',0),('115101109','2014-01-28 12:49:58','查看体检模板属性','ext-icon-bullet_wrench',0,'查看体检模板属性',3,'','2014-01-28 12:49:58','/app/report-attr!getById','115101100','1',0),('115101110','2014-01-28 12:50:00','删除体检模板属性','ext-icon-bullet_wrench',0,'删除体检模板属性',4,'','2014-01-28 12:50:00','/app/report-attr!delete','115101100','1',0),('116100100','2014-01-28 12:50:01','学校管理','ext-icon-monitor',0,'学校管理',1,'','2014-01-28 12:50:01','/welcome.jsp',NULL,'0',0),('116101100','2014-01-28 12:50:03','学校班级年级管理','ext-icon-newspaper_link',0,'学校班级年级管理',1,'','2014-01-28 12:50:03','/securityJsp/app/custDept.jsp?custType=1','116100100','0',0),('116101101','2014-01-28 12:50:04','班级年级管理列表','ext-icon-bullet_wrench',0,'班级年级管理列表',0,'','2014-01-28 12:50:04','/app/cust-dept!treeGrid','116101100','1',0),('116101102','2014-01-28 12:50:06','添加班级年级','ext-icon-bullet_wrench',0,'添加班级年级',1,'','2014-01-28 12:50:06','/app/cust-dept!save','116101100','1',0),('116101103','2014-01-28 12:50:08','编辑班级年级','ext-icon-bullet_wrench',0,'编辑班级年级',2,'','2014-01-28 12:50:08','/app/cust-dept!update','116101100','1',0),('116101104','2014-01-28 12:50:09','删除班级年级','ext-icon-bullet_wrench',0,'删除班级年级',3,'','2014-01-28 12:50:09','/app/cust-dept!delete','116101100','1',0),('116101105','2014-01-28 12:50:11','查看班级年级','ext-icon-bullet_wrench',0,'查看班级年级',4,'','2014-01-28 12:50:11','/app/cust-dept!getById','116101100','1',0),('116101106','2014-01-28 12:50:13','班级年级授权','ext-icon-bullet_wrench',0,'班级年级授权',5,'','2014-01-28 12:50:13','/base/syorganization!grant','116101100','1',0),('116102100','2014-01-28 12:50:15','学校信息管理','ext-icon-newspaper_link',0,'学校信息管理',2,'','2014-01-28 12:50:15','/securityJsp/app/custInfo.jsp?custType=1','116100100','0',0),('116102101','2014-01-28 12:50:16','学校信息管理列表','ext-icon-bullet_wrench',0,'学校信息管理列表',0,'','2014-01-28 12:50:16','/app/cust-info!grid','116102100','1',0),('116102102','2014-01-28 12:50:18','添加学校','ext-icon-bullet_wrench',0,'添加学校',1,'','2014-01-28 12:50:18','/app/cust-info!save','116102100','1',0),('116102103','2014-01-28 12:50:20','编辑学校','ext-icon-bullet_wrench',0,'编辑学校',2,'','2014-01-28 12:50:20','/app/cust-info!update','116102100','1',0),('116102104','2014-01-28 12:50:21','删除学校','ext-icon-bullet_wrench',0,'删除学校',3,'','2014-01-28 12:50:21','/app/cust-info!delete','116102100','1',0),('116102105','2014-01-28 12:50:24','查看学校','ext-icon-bullet_wrench',0,'查看学校',4,'','2014-01-28 12:50:24','/app/cust-info!getById','116102100','1',0),('117100100','2014-01-28 12:50:26','学生管理','ext-icon-monitor',0,'学生管理',2,'','2014-01-28 12:50:26','/welcome.jsp',NULL,'0',0),('117101100','2014-01-28 12:50:27','病假管理','ext-icon-newspaper_link',0,'病假管理',1,'','2014-01-28 12:50:27','/securityJsp/app/EmpSickLeaveRecord.jsp','117100100','0',0),('117101101','2014-01-28 12:50:29','病假信息管理列表','ext-icon-bullet_wrench',0,'病假信息管理列表',0,'','2014-01-28 12:50:29','/app/sick-user!grid','117101100','1',0),('117101102','2014-01-28 12:50:30','添加病假','ext-icon-bullet_wrench',0,'添加病假',1,'','2014-01-28 12:50:30','/app/sick-user!save','117101100','1',0),('117101103','2014-01-28 12:50:32','编辑病假','ext-icon-bullet_wrench',0,'编辑病假',2,'','2014-01-28 12:50:32','/app/sick-user!update','117101100','1',0),('117101104','2014-01-28 12:50:34','删除病假','ext-icon-bullet_wrench',0,'删除病假',3,'','2014-01-28 12:50:34','/app/sick-user!delete','117101100','1',0),('117101105','2014-01-28 12:50:35','查看病假','ext-icon-bullet_wrench',0,'查看病假',4,'','2014-01-28 12:50:35','/app/sick-user!getById','117101100','1',0),('117102100','2014-01-28 12:50:37','学生管理','ext-icon-newspaper_link',0,'学生管理',2,'','2014-01-28 12:50:37','/securityJsp/app/custUser.jsp','117100100','0',0),('117102101','2014-01-28 12:50:38','学生信息管理列表','ext-icon-bullet_wrench',0,'学生信息管理列表',0,'','2014-01-28 12:50:38','/app/cust-user!grid','117102100','1',0),('117102102','2014-01-28 12:50:40','添加学生','ext-icon-bullet_wrench',0,'添加学生',1,'','2014-01-28 12:50:40','/app/cust-user!save','117102100','1',0),('117102103','2014-01-28 12:50:41','编辑学生','ext-icon-bullet_wrench',0,'编辑学生',2,'','2014-01-28 12:50:41','/app/cust-user!update','117102100','1',0),('117102104','2014-01-28 12:50:43','删除学生','ext-icon-bullet_wrench',0,'删除学生',3,'','2014-01-28 12:50:43','/app/cust-user!delete','117102100','1',0),('117102105','2014-01-28 12:50:44','查看学生','ext-icon-bullet_wrench',0,'查看学生',4,'','2014-01-28 12:50:44','/app/cust-user!getById','117102100','1',0),('117102106','2014-01-28 12:50:46','分配部门','ext-icon-bullet_wrench',0,'分配部门',4,'','2014-01-28 12:50:46','/app/cust-user!grantCustDept','117102100','1',0),('117102107','2014-01-28 12:50:47','学生病史','ext-icon-bullet_wrench',0,'学生病史',4,'','2014-01-28 12:50:47','/app/cust-user!gotoEmpIllHis','117102100','1',0),('117102108','2014-01-28 12:50:49','学生职业史','ext-icon-bullet_wrench',0,'学生职业史',4,'','2014-01-28 12:50:49','/app/cust-user!gotoEmpHis','117102100','1',0),('117102109','2014-01-28 12:50:51','学生病史信息管理列表','ext-icon-bullet_wrench',0,'学生病史信息管理列表',0,'','2014-01-28 12:50:51','/app/emp-ill-his!grid','117102100','1',0),('117102110','2014-01-28 12:50:52','添加学生病史','ext-icon-bullet_wrench',0,'添加学生病史',1,'','2014-01-28 12:50:52','/app/emp-ill-his!save','117102100','1',0),('117102111','2014-01-28 12:50:54','编辑学生病史','ext-icon-bullet_wrench',0,'编辑学生病史',2,'','2014-01-28 12:50:54','/app/emp-ill-his!update','117102100','1',0),('117102112','2014-01-28 12:50:55','删除学生病史','ext-icon-bullet_wrench',0,'删除学生病史',3,'','2014-01-28 12:50:55','/app/emp-ill-his!delete','117102100','1',0),('117102113','2014-01-28 12:50:57','查看学生病史','ext-icon-bullet_wrench',0,'查看学生病史',4,'','2014-01-28 12:50:57','/app/emp-ill-his!getById','117102100','1',0),('117102114','2014-01-28 12:50:59','学生职业史信息管理列表','ext-icon-bullet_wrench',0,'学生职业史信息管理列表',0,'','2014-01-28 12:50:59','/app/emp-his!grid','117102100','1',0),('117102115','2014-01-28 12:51:00','添加学生职业史','ext-icon-bullet_wrench',0,'添加学生职业史',1,'','2014-01-28 12:51:00','/app/emp-his!save','117102100','1',0),('117102116','2014-01-28 12:51:02','编辑学生职业史','ext-icon-bullet_wrench',0,'编辑学生职业史',2,'','2014-01-28 12:51:02','/app/emp-his!update','117102100','1',0),('117102117','2014-01-28 12:51:03','删除学生职业史','ext-icon-bullet_wrench',0,'删除学生职业史',3,'','2014-01-28 12:51:03','/app/emp-his!delete','117102100','1',0),('117102118','2014-01-28 12:51:05','查看学生职业史','ext-icon-bullet_wrench',0,'查看学生职业史',4,'','2014-01-28 12:51:05','/app/emp-his!getById','117102100','1',0),('117103100','2014-01-28 12:51:06','学生信息导入','ext-icon-newspaper_link',0,'学生信息导入',3,'','2014-01-28 12:51:06','/securityJsp/app/ImpCustUserForm.jsp','117100100','0',0),('117103101','2014-01-28 12:51:08','导入学生数据','ext-icon-bullet_wrench',0,'导入学生数据',4,'','2014-01-28 12:51:08','/app/cust-user!importUserData','117103100','1',0),('117103102','2014-01-28 12:51:10','查看学生导入数据历史记录','ext-icon-bullet_wrench',0,'查看学生导入数据历史记录',4,'','2014-01-28 12:51:10','/app/cust-user!importList','117103100','1',0);

/*Table structure for table `syresourcetype` */

DROP TABLE IF EXISTS `syresourcetype`;

CREATE TABLE `syresourcetype` (
  `ID` varchar(36) NOT NULL COMMENT '资源类型编号',
  `CREATEDATETIME` datetime DEFAULT NULL,
  `DESCRIPTION` varchar(200) DEFAULT NULL,
  `NAME` varchar(100) NOT NULL,
  `UPDATEDATETIME` datetime DEFAULT NULL,
  PRIMARY KEY (`ID`)
) ENGINE=InnoDB DEFAULT CHARSET=utf8;

/*Data for the table `syresourcetype` */

insert  into `syresourcetype`(`ID`,`CREATEDATETIME`,`DESCRIPTION`,`NAME`,`UPDATEDATETIME`) values ('0','2013-12-29 21:54:44','菜单类型会显示在系统首页左侧菜单中','菜单','2013-12-29 21:54:44'),('1','2013-12-29 21:54:44','功能类型不会显示在系统首页左侧菜单中','功能','2013-12-29 21:54:44');

/*Table structure for table `syrole` */

DROP TABLE IF EXISTS `syrole`;

CREATE TABLE `syrole` (
  `ID` varchar(36) NOT NULL COMMENT '角色编号',
  `CREATEDATETIME` datetime DEFAULT NULL,
  `DESCRIPTION` varchar(200) DEFAULT NULL,
  `ICONCLS` varchar(100) DEFAULT NULL,
  `NAME` varchar(100) NOT NULL,
  `SEQ` int(11) DEFAULT NULL,
  `UPDATEDATETIME` datetime DEFAULT NULL,
  PRIMARY KEY (`ID`)
) ENGINE=InnoDB DEFAULT CHARSET=utf8;

/*Data for the table `syrole` */

insert  into `syrole`(`ID`,`CREATEDATETIME`,`DESCRIPTION`,`ICONCLS`,`NAME`,`SEQ`,`UPDATEDATETIME`) values ('0','2013-12-29 21:54:45','拥有系统所有权限',NULL,'超管',0,'2013-12-29 21:54:45'),('1','2013-12-29 21:54:45','只有查看权限',NULL,'Guest',1,'2013-12-29 21:54:45'),('2','2013-12-29 21:54:45','只有资源管理权限',NULL,'admin1',2,'2013-12-29 21:54:45'),('21b5c847-eca9-4da9-88b5-4e33a18fac6d','2014-02-08 03:37:15','GE中国',NULL,'GE客户的管理员',100,'2014-02-08 03:38:48'),('26ad91cd-610e-483f-a732-45588a7ad4f3','2013-12-29 22:24:58','圣戈班',NULL,'圣戈班',100,'2013-12-29 22:24:58'),('3','2013-12-29 21:54:45','只有角色管理权限',NULL,'admin2',3,'2013-12-29 21:54:45'),('4','2013-12-29 21:54:45','只有部门管理权限',NULL,'admin3',4,'2013-12-29 21:54:45'),('5','2013-12-29 21:54:45','只有用户管理权限',NULL,'admin4',5,'2013-12-29 21:54:45'),('6','2013-12-29 21:54:45','只有系统监控权限',NULL,'admin5',6,'2013-12-29 21:54:45');

/*Table structure for table `syrole_syresource` */

DROP TABLE IF EXISTS `syrole_syresource`;

CREATE TABLE `syrole_syresource` (
  `SYROLE_ID` varchar(36) NOT NULL COMMENT '角色编号',
  `SYRESOURCE_ID` varchar(36) NOT NULL COMMENT '资源编号',
  PRIMARY KEY (`SYRESOURCE_ID`,`SYROLE_ID`),
  KEY `FK_kkrartsovl2frhfvriqdi7jwl` (`SYRESOURCE_ID`),
  KEY `FK_r139h669pg4ts6mbvn3ip5472` (`SYROLE_ID`),
  CONSTRAINT `FK_kkrartsovl2frhfvriqdi7jwl` FOREIGN KEY (`SYRESOURCE_ID`) REFERENCES `syresource` (`ID`),
  CONSTRAINT `FK_r139h669pg4ts6mbvn3ip5472` FOREIGN KEY (`SYROLE_ID`) REFERENCES `syrole` (`ID`)
) ENGINE=InnoDB DEFAULT CHARSET=utf8;

/*Data for the table `syrole_syresource` */

insert  into `syrole_syresource`(`SYROLE_ID`,`SYRESOURCE_ID`) values ('0','100100100'),('1','100100100'),('21b5c847-eca9-4da9-88b5-4e33a18fac6d','100100100'),('26ad91cd-610e-483f-a732-45588a7ad4f3','100100100'),('0','100101100'),('1','100101100'),('2','100101100'),('0','100101101'),('1','100101101'),('2','100101101'),('0','100101102'),('2','100101102'),('0','100101103'),('2','100101103'),('0','100101104'),('2','100101104'),('0','100101105'),('1','100101105'),('2','100101105'),('0','100102100'),('1','100102100'),('3','100102100'),('0','100102101'),('1','100102101'),('3','100102101'),('0','100102102'),('3','100102102'),('0','100102103'),('3','100102103'),('0','100102104'),('3','100102104'),('0','100102105'),('1','100102105'),('3','100102105'),('0','100102106'),('3','100102106'),('0','100103100'),('1','100103100'),('4','100103100'),('0','100103101'),('1','100103101'),('4','100103101'),('0','100103102'),('4','100103102'),('0','100103103'),('4','100103103'),('0','100103104'),('4','100103104'),('0','100103105'),('1','100103105'),('4','100103105'),('0','100103106'),('4','100103106'),('0','100104100'),('1','100104100'),('21b5c847-eca9-4da9-88b5-4e33a18fac6d','100104100'),('26ad91cd-610e-483f-a732-45588a7ad4f3','100104100'),('5','100104100'),('0','100104101'),('1','100104101'),('5','100104101'),('0','100104102'),('5','100104102'),('0','100104103'),('5','100104103'),('0','100104104'),('5','100104104'),('0','100104105'),('1','100104105'),('5','100104105'),('0','100104106'),('5','100104106'),('0','100104107'),('5','100104107'),('0','100104108'),('21b5c847-eca9-4da9-88b5-4e33a18fac6d','100104108'),('26ad91cd-610e-483f-a732-45588a7ad4f3','100104108'),('0','100104109'),('0','100105100'),('0','100105101'),('0','100105102'),('0','100105103'),('0','100105104'),('0','100105105'),('0','100106100'),('0','100106101'),('0','100106102'),('0','100106103'),('0','100106104'),('0','100107100'),('6','100107100'),('0','100107101'),('6','100107101'),('0','100108100'),('0','100108101'),('0','100108102'),('0','100108103'),('0','100108104'),('0','100108105'),('0','101101100'),('21b5c847-eca9-4da9-88b5-4e33a18fac6d','101101100'),('26ad91cd-610e-483f-a732-45588a7ad4f3','101101100'),('0','101102100'),('21b5c847-eca9-4da9-88b5-4e33a18fac6d','101102100'),('26ad91cd-610e-483f-a732-45588a7ad4f3','101102100'),('0','101102101'),('21b5c847-eca9-4da9-88b5-4e33a18fac6d','101102101'),('26ad91cd-610e-483f-a732-45588a7ad4f3','101102101'),('0','101102102'),('21b5c847-eca9-4da9-88b5-4e33a18fac6d','101102102'),('26ad91cd-610e-483f-a732-45588a7ad4f3','101102102'),('0','101102103'),('21b5c847-eca9-4da9-88b5-4e33a18fac6d','101102103'),('26ad91cd-610e-483f-a732-45588a7ad4f3','101102103'),('0','101102104'),('21b5c847-eca9-4da9-88b5-4e33a18fac6d','101102104'),('26ad91cd-610e-483f-a732-45588a7ad4f3','101102104'),('0','101102105'),('21b5c847-eca9-4da9-88b5-4e33a18fac6d','101102105'),('26ad91cd-610e-483f-a732-45588a7ad4f3','101102105'),('0','101102106'),('21b5c847-eca9-4da9-88b5-4e33a18fac6d','101102106'),('0','101103100'),('21b5c847-eca9-4da9-88b5-4e33a18fac6d','101103100'),('0','101103101'),('21b5c847-eca9-4da9-88b5-4e33a18fac6d','101103101'),('0','101103102'),('0','101103103'),('0','101103104'),('0','101103105'),('21b5c847-eca9-4da9-88b5-4e33a18fac6d','101103105'),('0','101104100'),('26ad91cd-610e-483f-a732-45588a7ad4f3','101104100'),('0','101105100'),('26ad91cd-610e-483f-a732-45588a7ad4f3','101105100'),('0','101105101'),('26ad91cd-610e-483f-a732-45588a7ad4f3','101105101'),('0','101105102'),('26ad91cd-610e-483f-a732-45588a7ad4f3','101105102'),('0','101105103'),('26ad91cd-610e-483f-a732-45588a7ad4f3','101105103'),('0','101105104'),('26ad91cd-610e-483f-a732-45588a7ad4f3','101105104'),('0','101105105'),('26ad91cd-610e-483f-a732-45588a7ad4f3','101105105'),('0','101105106'),('26ad91cd-610e-483f-a732-45588a7ad4f3','101105106'),('0','101105107'),('26ad91cd-610e-483f-a732-45588a7ad4f3','101105107'),('0','101105108'),('26ad91cd-610e-483f-a732-45588a7ad4f3','101105108'),('0','101105109'),('26ad91cd-610e-483f-a732-45588a7ad4f3','101105109'),('0','101105110'),('26ad91cd-610e-483f-a732-45588a7ad4f3','101105110'),('0','102100100'),('21b5c847-eca9-4da9-88b5-4e33a18fac6d','102100100'),('26ad91cd-610e-483f-a732-45588a7ad4f3','102100100'),('0','102101100'),('21b5c847-eca9-4da9-88b5-4e33a18fac6d','102101100'),('0','102101101'),('21b5c847-eca9-4da9-88b5-4e33a18fac6d','102101101'),('0','102101102'),('21b5c847-eca9-4da9-88b5-4e33a18fac6d','102101102'),('0','102101103'),('21b5c847-eca9-4da9-88b5-4e33a18fac6d','102101103'),('0','102101104'),('21b5c847-eca9-4da9-88b5-4e33a18fac6d','102101104'),('0','102101105'),('21b5c847-eca9-4da9-88b5-4e33a18fac6d','102101105'),('0','102102100'),('21b5c847-eca9-4da9-88b5-4e33a18fac6d','102102100'),('26ad91cd-610e-483f-a732-45588a7ad4f3','102102100'),('0','102102101'),('21b5c847-eca9-4da9-88b5-4e33a18fac6d','102102101'),('26ad91cd-610e-483f-a732-45588a7ad4f3','102102101'),('0','102102102'),('21b5c847-eca9-4da9-88b5-4e33a18fac6d','102102102'),('26ad91cd-610e-483f-a732-45588a7ad4f3','102102102'),('0','102102103'),('21b5c847-eca9-4da9-88b5-4e33a18fac6d','102102103'),('26ad91cd-610e-483f-a732-45588a7ad4f3','102102103'),('0','102102104'),('21b5c847-eca9-4da9-88b5-4e33a18fac6d','102102104'),('26ad91cd-610e-483f-a732-45588a7ad4f3','102102104'),('0','102102105'),('21b5c847-eca9-4da9-88b5-4e33a18fac6d','102102105'),('26ad91cd-610e-483f-a732-45588a7ad4f3','102102105'),('0','102102106'),('21b5c847-eca9-4da9-88b5-4e33a18fac6d','102102106'),('0','102102107'),('21b5c847-eca9-4da9-88b5-4e33a18fac6d','102102107'),('26ad91cd-610e-483f-a732-45588a7ad4f3','102102107'),('0','102102108'),('21b5c847-eca9-4da9-88b5-4e33a18fac6d','102102108'),('26ad91cd-610e-483f-a732-45588a7ad4f3','102102108'),('0','102102109'),('21b5c847-eca9-4da9-88b5-4e33a18fac6d','102102109'),('0','102102110'),('21b5c847-eca9-4da9-88b5-4e33a18fac6d','102102110'),('0','102102111'),('21b5c847-eca9-4da9-88b5-4e33a18fac6d','102102111'),('0','102102112'),('21b5c847-eca9-4da9-88b5-4e33a18fac6d','102102112'),('0','102102113'),('21b5c847-eca9-4da9-88b5-4e33a18fac6d','102102113'),('0','102102114'),('21b5c847-eca9-4da9-88b5-4e33a18fac6d','102102114'),('0','102102115'),('21b5c847-eca9-4da9-88b5-4e33a18fac6d','102102115'),('0','102102116'),('21b5c847-eca9-4da9-88b5-4e33a18fac6d','102102116'),('0','102102117'),('21b5c847-eca9-4da9-88b5-4e33a18fac6d','102102117'),('0','102102118'),('21b5c847-eca9-4da9-88b5-4e33a18fac6d','102102118'),('26ad91cd-610e-483f-a732-45588a7ad4f3','102102118'),('0','102102119'),('0','102103100'),('21b5c847-eca9-4da9-88b5-4e33a18fac6d','102103100'),('0','102103101'),('21b5c847-eca9-4da9-88b5-4e33a18fac6d','102103101'),('0','102103102'),('21b5c847-eca9-4da9-88b5-4e33a18fac6d','102103102'),('0','103100100'),('21b5c847-eca9-4da9-88b5-4e33a18fac6d','103100100'),('26ad91cd-610e-483f-a732-45588a7ad4f3','103100100'),('0','103101100'),('21b5c847-eca9-4da9-88b5-4e33a18fac6d','103101100'),('26ad91cd-610e-483f-a732-45588a7ad4f3','103101100'),('0','103101101'),('21b5c847-eca9-4da9-88b5-4e33a18fac6d','103101101'),('26ad91cd-610e-483f-a732-45588a7ad4f3','103101101'),('0','103101102'),('21b5c847-eca9-4da9-88b5-4e33a18fac6d','103101102'),('26ad91cd-610e-483f-a732-45588a7ad4f3','103101102'),('0','103101103'),('21b5c847-eca9-4da9-88b5-4e33a18fac6d','103101103'),('26ad91cd-610e-483f-a732-45588a7ad4f3','103101103'),('0','103101104'),('21b5c847-eca9-4da9-88b5-4e33a18fac6d','103101104'),('26ad91cd-610e-483f-a732-45588a7ad4f3','103101104'),('0','103101105'),('21b5c847-eca9-4da9-88b5-4e33a18fac6d','103101105'),('26ad91cd-610e-483f-a732-45588a7ad4f3','103101105'),('0','103102100'),('21b5c847-eca9-4da9-88b5-4e33a18fac6d','103102100'),('26ad91cd-610e-483f-a732-45588a7ad4f3','103102100'),('0','103102101'),('21b5c847-eca9-4da9-88b5-4e33a18fac6d','103102101'),('26ad91cd-610e-483f-a732-45588a7ad4f3','103102101'),('0','103102102'),('21b5c847-eca9-4da9-88b5-4e33a18fac6d','103102102'),('26ad91cd-610e-483f-a732-45588a7ad4f3','103102102'),('0','103102103'),('21b5c847-eca9-4da9-88b5-4e33a18fac6d','103102103'),('26ad91cd-610e-483f-a732-45588a7ad4f3','103102103'),('0','103102104'),('21b5c847-eca9-4da9-88b5-4e33a18fac6d','103102104'),('26ad91cd-610e-483f-a732-45588a7ad4f3','103102104'),('0','103102105'),('21b5c847-eca9-4da9-88b5-4e33a18fac6d','103102105'),('26ad91cd-610e-483f-a732-45588a7ad4f3','103102105'),('0','103102106'),('21b5c847-eca9-4da9-88b5-4e33a18fac6d','103102106'),('26ad91cd-610e-483f-a732-45588a7ad4f3','103102106'),('0','103102107'),('21b5c847-eca9-4da9-88b5-4e33a18fac6d','103102107'),('26ad91cd-610e-483f-a732-45588a7ad4f3','103102107'),('0','103102108'),('26ad91cd-610e-483f-a732-45588a7ad4f3','103102108'),('0','103102109'),('26ad91cd-610e-483f-a732-45588a7ad4f3','103102109'),('0','103102110'),('26ad91cd-610e-483f-a732-45588a7ad4f3','103102110'),('0','103103100'),('21b5c847-eca9-4da9-88b5-4e33a18fac6d','103103100'),('26ad91cd-610e-483f-a732-45588a7ad4f3','103103100'),('0','103103101'),('21b5c847-eca9-4da9-88b5-4e33a18fac6d','103103101'),('26ad91cd-610e-483f-a732-45588a7ad4f3','103103101'),('0','103103102'),('21b5c847-eca9-4da9-88b5-4e33a18fac6d','103103102'),('26ad91cd-610e-483f-a732-45588a7ad4f3','103103102'),('0','103103103'),('21b5c847-eca9-4da9-88b5-4e33a18fac6d','103103103'),('26ad91cd-610e-483f-a732-45588a7ad4f3','103103103'),('0','103103104'),('21b5c847-eca9-4da9-88b5-4e33a18fac6d','103103104'),('26ad91cd-610e-483f-a732-45588a7ad4f3','103103104'),('0','103103105'),('21b5c847-eca9-4da9-88b5-4e33a18fac6d','103103105'),('26ad91cd-610e-483f-a732-45588a7ad4f3','103103105'),('0','104100100'),('21b5c847-eca9-4da9-88b5-4e33a18fac6d','104100100'),('26ad91cd-610e-483f-a732-45588a7ad4f3','104100100'),('0','104101100'),('21b5c847-eca9-4da9-88b5-4e33a18fac6d','104101100'),('26ad91cd-610e-483f-a732-45588a7ad4f3','104101100'),('0','104101101'),('21b5c847-eca9-4da9-88b5-4e33a18fac6d','104101101'),('26ad91cd-610e-483f-a732-45588a7ad4f3','104101101'),('0','104101102'),('21b5c847-eca9-4da9-88b5-4e33a18fac6d','104101102'),('26ad91cd-610e-483f-a732-45588a7ad4f3','104101102'),('0','104101103'),('21b5c847-eca9-4da9-88b5-4e33a18fac6d','104101103'),('26ad91cd-610e-483f-a732-45588a7ad4f3','104101103'),('0','104101104'),('21b5c847-eca9-4da9-88b5-4e33a18fac6d','104101104'),('26ad91cd-610e-483f-a732-45588a7ad4f3','104101104'),('0','104101105'),('21b5c847-eca9-4da9-88b5-4e33a18fac6d','104101105'),('26ad91cd-610e-483f-a732-45588a7ad4f3','104101105'),('0','104101106'),('21b5c847-eca9-4da9-88b5-4e33a18fac6d','104101106'),('26ad91cd-610e-483f-a732-45588a7ad4f3','104101106'),('0','104101107'),('21b5c847-eca9-4da9-88b5-4e33a18fac6d','104101107'),('26ad91cd-610e-483f-a732-45588a7ad4f3','104101107'),('0','104101108'),('21b5c847-eca9-4da9-88b5-4e33a18fac6d','104101108'),('26ad91cd-610e-483f-a732-45588a7ad4f3','104101108'),('0','104101109'),('21b5c847-eca9-4da9-88b5-4e33a18fac6d','104101109'),('26ad91cd-610e-483f-a732-45588a7ad4f3','104101109'),('0','104101110'),('21b5c847-eca9-4da9-88b5-4e33a18fac6d','104101110'),('26ad91cd-610e-483f-a732-45588a7ad4f3','104101110'),('0','104101111'),('21b5c847-eca9-4da9-88b5-4e33a18fac6d','104101111'),('26ad91cd-610e-483f-a732-45588a7ad4f3','104101111'),('0','104102100'),('21b5c847-eca9-4da9-88b5-4e33a18fac6d','104102100'),('26ad91cd-610e-483f-a732-45588a7ad4f3','104102100'),('0','104102101'),('21b5c847-eca9-4da9-88b5-4e33a18fac6d','104102101'),('26ad91cd-610e-483f-a732-45588a7ad4f3','104102101'),('0','104102102'),('21b5c847-eca9-4da9-88b5-4e33a18fac6d','104102102'),('26ad91cd-610e-483f-a732-45588a7ad4f3','104102102'),('0','104102103'),('21b5c847-eca9-4da9-88b5-4e33a18fac6d','104102103'),('26ad91cd-610e-483f-a732-45588a7ad4f3','104102103'),('0','104102104'),('21b5c847-eca9-4da9-88b5-4e33a18fac6d','104102104'),('26ad91cd-610e-483f-a732-45588a7ad4f3','104102104'),('0','104102105'),('21b5c847-eca9-4da9-88b5-4e33a18fac6d','104102105'),('26ad91cd-610e-483f-a732-45588a7ad4f3','104102105'),('0','104102106'),('0','104102107'),('0','104102108'),('0','104102109'),('0','104102110'),('0','104103100'),('21b5c847-eca9-4da9-88b5-4e33a18fac6d','104103100'),('26ad91cd-610e-483f-a732-45588a7ad4f3','104103100'),('0','104103101'),('21b5c847-eca9-4da9-88b5-4e33a18fac6d','104103101'),('26ad91cd-610e-483f-a732-45588a7ad4f3','104103101'),('0','104103102'),('21b5c847-eca9-4da9-88b5-4e33a18fac6d','104103102'),('26ad91cd-610e-483f-a732-45588a7ad4f3','104103102'),('0','104103103'),('21b5c847-eca9-4da9-88b5-4e33a18fac6d','104103103'),('26ad91cd-610e-483f-a732-45588a7ad4f3','104103103'),('0','104103104'),('21b5c847-eca9-4da9-88b5-4e33a18fac6d','104103104'),('26ad91cd-610e-483f-a732-45588a7ad4f3','104103104'),('0','104103105'),('21b5c847-eca9-4da9-88b5-4e33a18fac6d','104103105'),('26ad91cd-610e-483f-a732-45588a7ad4f3','104103105'),('0','104103106'),('21b5c847-eca9-4da9-88b5-4e33a18fac6d','104103106'),('26ad91cd-610e-483f-a732-45588a7ad4f3','104103106'),('0','104103107'),('21b5c847-eca9-4da9-88b5-4e33a18fac6d','104103107'),('26ad91cd-610e-483f-a732-45588a7ad4f3','104103107'),('0','104103108'),('21b5c847-eca9-4da9-88b5-4e33a18fac6d','104103108'),('26ad91cd-610e-483f-a732-45588a7ad4f3','104103108'),('0','104103109'),('21b5c847-eca9-4da9-88b5-4e33a18fac6d','104103109'),('26ad91cd-610e-483f-a732-45588a7ad4f3','104103109'),('0','104103110'),('21b5c847-eca9-4da9-88b5-4e33a18fac6d','104103110'),('26ad91cd-610e-483f-a732-45588a7ad4f3','104103110'),('0','105100100'),('21b5c847-eca9-4da9-88b5-4e33a18fac6d','105100100'),('26ad91cd-610e-483f-a732-45588a7ad4f3','105100100'),('0','105101100'),('21b5c847-eca9-4da9-88b5-4e33a18fac6d','105101100'),('26ad91cd-610e-483f-a732-45588a7ad4f3','105101100'),('0','105101101'),('21b5c847-eca9-4da9-88b5-4e33a18fac6d','105101101'),('26ad91cd-610e-483f-a732-45588a7ad4f3','105101101'),('0','105101102'),('21b5c847-eca9-4da9-88b5-4e33a18fac6d','105101102'),('26ad91cd-610e-483f-a732-45588a7ad4f3','105101102'),('0','105101103'),('21b5c847-eca9-4da9-88b5-4e33a18fac6d','105101103'),('26ad91cd-610e-483f-a732-45588a7ad4f3','105101103'),('0','105101104'),('21b5c847-eca9-4da9-88b5-4e33a18fac6d','105101104'),('26ad91cd-610e-483f-a732-45588a7ad4f3','105101104'),('0','105101105'),('21b5c847-eca9-4da9-88b5-4e33a18fac6d','105101105'),('26ad91cd-610e-483f-a732-45588a7ad4f3','105101105'),('0','105102100'),('21b5c847-eca9-4da9-88b5-4e33a18fac6d','105102100'),('26ad91cd-610e-483f-a732-45588a7ad4f3','105102100'),('0','105102101'),('21b5c847-eca9-4da9-88b5-4e33a18fac6d','105102101'),('26ad91cd-610e-483f-a732-45588a7ad4f3','105102101'),('0','105102102'),('21b5c847-eca9-4da9-88b5-4e33a18fac6d','105102102'),('26ad91cd-610e-483f-a732-45588a7ad4f3','105102102'),('0','105102103'),('21b5c847-eca9-4da9-88b5-4e33a18fac6d','105102103'),('26ad91cd-610e-483f-a732-45588a7ad4f3','105102103'),('0','105102104'),('21b5c847-eca9-4da9-88b5-4e33a18fac6d','105102104'),('26ad91cd-610e-483f-a732-45588a7ad4f3','105102104'),('0','105102105'),('21b5c847-eca9-4da9-88b5-4e33a18fac6d','105102105'),('26ad91cd-610e-483f-a732-45588a7ad4f3','105102105'),('0','105103100'),('21b5c847-eca9-4da9-88b5-4e33a18fac6d','105103100'),('26ad91cd-610e-483f-a732-45588a7ad4f3','105103100'),('0','105103101'),('21b5c847-eca9-4da9-88b5-4e33a18fac6d','105103101'),('26ad91cd-610e-483f-a732-45588a7ad4f3','105103101'),('0','105103102'),('21b5c847-eca9-4da9-88b5-4e33a18fac6d','105103102'),('26ad91cd-610e-483f-a732-45588a7ad4f3','105103102'),('0','105103103'),('21b5c847-eca9-4da9-88b5-4e33a18fac6d','105103103'),('26ad91cd-610e-483f-a732-45588a7ad4f3','105103103'),('0','105103104'),('21b5c847-eca9-4da9-88b5-4e33a18fac6d','105103104'),('26ad91cd-610e-483f-a732-45588a7ad4f3','105103104'),('0','105103105'),('21b5c847-eca9-4da9-88b5-4e33a18fac6d','105103105'),('26ad91cd-610e-483f-a732-45588a7ad4f3','105103105'),('0','106100100'),('0','106101100'),('0','106101101'),('0','106101102'),('0','106101103'),('0','106101104'),('0','106101105'),('0','106102100'),('0','106102101'),('0','106102102'),('0','106102103'),('0','106102104'),('0','106102105'),('0','107100100'),('26ad91cd-610e-483f-a732-45588a7ad4f3','107100100'),('0','107101100'),('0','107101101'),('0','107101102'),('0','107101103'),('0','107101104'),('0','107101105'),('0','107101106'),('0','107102100'),('26ad91cd-610e-483f-a732-45588a7ad4f3','107102100'),('0','107102101'),('26ad91cd-610e-483f-a732-45588a7ad4f3','107102101'),('0','107102102'),('26ad91cd-610e-483f-a732-45588a7ad4f3','107102102'),('0','107102103'),('26ad91cd-610e-483f-a732-45588a7ad4f3','107102103'),('0','107102104'),('26ad91cd-610e-483f-a732-45588a7ad4f3','107102104'),('0','107102105'),('26ad91cd-610e-483f-a732-45588a7ad4f3','107102105'),('0','107103100'),('0','107103101'),('0','107103102'),('0','107103103'),('0','107103104'),('0','107103105'),('0','107104100'),('0','107104101'),('0','107104102'),('0','107104103'),('0','107104104'),('0','107104105'),('0','107104106'),('0','107104107'),('0','107104108'),('0','107104109'),('0','107104110'),('0','107104111'),('0','107104112'),('0','107104113'),('0','107105100'),('0','107105101'),('0','107105102'),('0','107105103'),('0','107105104'),('0','107105105'),('0','107105106'),('0','107105107'),('0','107105108'),('0','107105109'),('0','107105110'),('0','107105111'),('0','107105112'),('0','107106100'),('0','107106101'),('0','107106102'),('0','107106103'),('0','107106104'),('0','107106105'),('0','107106111'),('0','107106112'),('0','107106113'),('0','107106114'),('0','107107100'),('0','107107101'),('0','107107102'),('0','107107103'),('0','107107104'),('0','107107105'),('0','107107111'),('0','107107112'),('0','107107113'),('0','107107114'),('0','108100100'),('21b5c847-eca9-4da9-88b5-4e33a18fac6d','108100100'),('26ad91cd-610e-483f-a732-45588a7ad4f3','108100100'),('0','108101100'),('21b5c847-eca9-4da9-88b5-4e33a18fac6d','108101100'),('26ad91cd-610e-483f-a732-45588a7ad4f3','108101100'),('0','108101101'),('21b5c847-eca9-4da9-88b5-4e33a18fac6d','108101101'),('26ad91cd-610e-483f-a732-45588a7ad4f3','108101101'),('0','108101102'),('21b5c847-eca9-4da9-88b5-4e33a18fac6d','108101102'),('26ad91cd-610e-483f-a732-45588a7ad4f3','108101102'),('0','108101103'),('21b5c847-eca9-4da9-88b5-4e33a18fac6d','108101103'),('26ad91cd-610e-483f-a732-45588a7ad4f3','108101103'),('0','108101104'),('21b5c847-eca9-4da9-88b5-4e33a18fac6d','108101104'),('26ad91cd-610e-483f-a732-45588a7ad4f3','108101104'),('0','108101105'),('21b5c847-eca9-4da9-88b5-4e33a18fac6d','108101105'),('26ad91cd-610e-483f-a732-45588a7ad4f3','108101105'),('0','108101106'),('21b5c847-eca9-4da9-88b5-4e33a18fac6d','108101106'),('26ad91cd-610e-483f-a732-45588a7ad4f3','108101106'),('0','108101107'),('21b5c847-eca9-4da9-88b5-4e33a18fac6d','108101107'),('26ad91cd-610e-483f-a732-45588a7ad4f3','108101107'),('0','108101108'),('21b5c847-eca9-4da9-88b5-4e33a18fac6d','108101108'),('26ad91cd-610e-483f-a732-45588a7ad4f3','108101108'),('0','108101109'),('21b5c847-eca9-4da9-88b5-4e33a18fac6d','108101109'),('26ad91cd-610e-483f-a732-45588a7ad4f3','108101109'),('0','108101110'),('21b5c847-eca9-4da9-88b5-4e33a18fac6d','108101110'),('26ad91cd-610e-483f-a732-45588a7ad4f3','108101110'),('0','108102100'),('21b5c847-eca9-4da9-88b5-4e33a18fac6d','108102100'),('26ad91cd-610e-483f-a732-45588a7ad4f3','108102100'),('0','108102101'),('21b5c847-eca9-4da9-88b5-4e33a18fac6d','108102101'),('0','108102102'),('21b5c847-eca9-4da9-88b5-4e33a18fac6d','108102102'),('0','108102103'),('21b5c847-eca9-4da9-88b5-4e33a18fac6d','108102103'),('0','108102104'),('21b5c847-eca9-4da9-88b5-4e33a18fac6d','108102104'),('0','108102105'),('21b5c847-eca9-4da9-88b5-4e33a18fac6d','108102105'),('26ad91cd-610e-483f-a732-45588a7ad4f3','108102105'),('0','108103100'),('21b5c847-eca9-4da9-88b5-4e33a18fac6d','108103100'),('26ad91cd-610e-483f-a732-45588a7ad4f3','108103100'),('0','108103101'),('21b5c847-eca9-4da9-88b5-4e33a18fac6d','108103101'),('26ad91cd-610e-483f-a732-45588a7ad4f3','108103101'),('0','108103102'),('21b5c847-eca9-4da9-88b5-4e33a18fac6d','108103102'),('26ad91cd-610e-483f-a732-45588a7ad4f3','108103102'),('0','108103103'),('21b5c847-eca9-4da9-88b5-4e33a18fac6d','108103103'),('26ad91cd-610e-483f-a732-45588a7ad4f3','108103103'),('0','108103104'),('21b5c847-eca9-4da9-88b5-4e33a18fac6d','108103104'),('26ad91cd-610e-483f-a732-45588a7ad4f3','108103104'),('0','108103105'),('21b5c847-eca9-4da9-88b5-4e33a18fac6d','108103105'),('26ad91cd-610e-483f-a732-45588a7ad4f3','108103105'),('0','108103106'),('21b5c847-eca9-4da9-88b5-4e33a18fac6d','108103106'),('26ad91cd-610e-483f-a732-45588a7ad4f3','108103106'),('0','108103107'),('21b5c847-eca9-4da9-88b5-4e33a18fac6d','108103107'),('26ad91cd-610e-483f-a732-45588a7ad4f3','108103107'),('0','108103108'),('21b5c847-eca9-4da9-88b5-4e33a18fac6d','108103108'),('26ad91cd-610e-483f-a732-45588a7ad4f3','108103108'),('0','108103109'),('21b5c847-eca9-4da9-88b5-4e33a18fac6d','108103109'),('26ad91cd-610e-483f-a732-45588a7ad4f3','108103109'),('0','108103110'),('21b5c847-eca9-4da9-88b5-4e33a18fac6d','108103110'),('26ad91cd-610e-483f-a732-45588a7ad4f3','108103110'),('0','108103111'),('21b5c847-eca9-4da9-88b5-4e33a18fac6d','108103111'),('26ad91cd-610e-483f-a732-45588a7ad4f3','108103111'),('0','108104100'),('21b5c847-eca9-4da9-88b5-4e33a18fac6d','108104100'),('26ad91cd-610e-483f-a732-45588a7ad4f3','108104100'),('0','108104101'),('21b5c847-eca9-4da9-88b5-4e33a18fac6d','108104101'),('26ad91cd-610e-483f-a732-45588a7ad4f3','108104101'),('0','108104102'),('21b5c847-eca9-4da9-88b5-4e33a18fac6d','108104102'),('26ad91cd-610e-483f-a732-45588a7ad4f3','108104102'),('0','108104103'),('21b5c847-eca9-4da9-88b5-4e33a18fac6d','108104103'),('26ad91cd-610e-483f-a732-45588a7ad4f3','108104103'),('0','108104104'),('21b5c847-eca9-4da9-88b5-4e33a18fac6d','108104104'),('26ad91cd-610e-483f-a732-45588a7ad4f3','108104104'),('0','108104105'),('21b5c847-eca9-4da9-88b5-4e33a18fac6d','108104105'),('26ad91cd-610e-483f-a732-45588a7ad4f3','108104105'),('0','108104106'),('21b5c847-eca9-4da9-88b5-4e33a18fac6d','108104106'),('26ad91cd-610e-483f-a732-45588a7ad4f3','108104106'),('0','108104107'),('21b5c847-eca9-4da9-88b5-4e33a18fac6d','108104107'),('26ad91cd-610e-483f-a732-45588a7ad4f3','108104107'),('0','108104108'),('21b5c847-eca9-4da9-88b5-4e33a18fac6d','108104108'),('26ad91cd-610e-483f-a732-45588a7ad4f3','108104108'),('0','108104109'),('21b5c847-eca9-4da9-88b5-4e33a18fac6d','108104109'),('26ad91cd-610e-483f-a732-45588a7ad4f3','108104109'),('0','108104110'),('21b5c847-eca9-4da9-88b5-4e33a18fac6d','108104110'),('26ad91cd-610e-483f-a732-45588a7ad4f3','108104110'),('0','108104111'),('21b5c847-eca9-4da9-88b5-4e33a18fac6d','108104111'),('26ad91cd-610e-483f-a732-45588a7ad4f3','108104111'),('0','108104112'),('21b5c847-eca9-4da9-88b5-4e33a18fac6d','108104112'),('26ad91cd-610e-483f-a732-45588a7ad4f3','108104112'),('0','108104113'),('21b5c847-eca9-4da9-88b5-4e33a18fac6d','108104113'),('26ad91cd-610e-483f-a732-45588a7ad4f3','108104113'),('0','108104114'),('21b5c847-eca9-4da9-88b5-4e33a18fac6d','108104114'),('26ad91cd-610e-483f-a732-45588a7ad4f3','108104114'),('0','108104115'),('21b5c847-eca9-4da9-88b5-4e33a18fac6d','108104115'),('26ad91cd-610e-483f-a732-45588a7ad4f3','108104115'),('0','108105100'),('21b5c847-eca9-4da9-88b5-4e33a18fac6d','108105100'),('26ad91cd-610e-483f-a732-45588a7ad4f3','108105100'),('0','108105101'),('21b5c847-eca9-4da9-88b5-4e33a18fac6d','108105101'),('26ad91cd-610e-483f-a732-45588a7ad4f3','108105101'),('0','108105102'),('21b5c847-eca9-4da9-88b5-4e33a18fac6d','108105102'),('26ad91cd-610e-483f-a732-45588a7ad4f3','108105102'),('0','108105103'),('21b5c847-eca9-4da9-88b5-4e33a18fac6d','108105103'),('26ad91cd-610e-483f-a732-45588a7ad4f3','108105103'),('0','108105104'),('21b5c847-eca9-4da9-88b5-4e33a18fac6d','108105104'),('26ad91cd-610e-483f-a732-45588a7ad4f3','108105104'),('0','108105105'),('21b5c847-eca9-4da9-88b5-4e33a18fac6d','108105105'),('26ad91cd-610e-483f-a732-45588a7ad4f3','108105105'),('0','109100100'),('0','109101100'),('0','109102100'),('0','109103100'),('0','109104100'),('0','110100100'),('0','110101100'),('0','110102100'),('0','111100100'),('0','111101100'),('0','111102100'),('0','111103100'),('0','111104100'),('0','111105100'),('0','111106100'),('0','111107100'),('0','112100100'),('6','112100100'),('0','112101100'),('6','112101100'),('0','112102100'),('6','112102100'),('0','112103100'),('6','112103100'),('0','113100100'),('0','113101100'),('0','113102100'),('0','114100100'),('1','114100100'),('0','114101100'),('0','114102100'),('1','114102100'),('0','114103100'),('1','114103100'),('0','114104100'),('1','114104100'),('0','114105100'),('1','114105100'),('0','114106100'),('1','114106100'),('0','114107100'),('1','114107100'),('0','114108100'),('1','114108100'),('0','114109100'),('1','114109100'),('0','114110100'),('1','114110100'),('0','114111100'),('1','114111100'),('0','115100100'),('0','115101100'),('0','115101101'),('0','115101102'),('0','115101103'),('0','115101104'),('0','115101105'),('0','115101106'),('0','115101107'),('0','115101108'),('0','115101109'),('0','115101110'),('0','116100100'),('0','116101100'),('0','116101101'),('21b5c847-eca9-4da9-88b5-4e33a18fac6d','116101101'),('0','116101102'),('21b5c847-eca9-4da9-88b5-4e33a18fac6d','116101102'),('0','116101103'),('21b5c847-eca9-4da9-88b5-4e33a18fac6d','116101103'),('0','116101104'),('21b5c847-eca9-4da9-88b5-4e33a18fac6d','116101104'),('0','116101105'),('21b5c847-eca9-4da9-88b5-4e33a18fac6d','116101105'),('0','116101106'),('21b5c847-eca9-4da9-88b5-4e33a18fac6d','116101106'),('0','116102100'),('0','116102101'),('21b5c847-eca9-4da9-88b5-4e33a18fac6d','116102101'),('0','116102102'),('0','116102103'),('0','116102104'),('0','116102105'),('21b5c847-eca9-4da9-88b5-4e33a18fac6d','116102105'),('0','117100100'),('0','117101100'),('0','117101101'),('0','117101102'),('0','117101103'),('0','117101104'),('0','117101105'),('0','117102100'),('0','117102101'),('0','117102102'),('0','117102103'),('0','117102104'),('0','117102105'),('0','117102106'),('0','117102107'),('0','117102108'),('0','117102109'),('0','117102110'),('0','117102111'),('0','117102112'),('0','117102113'),('0','117102114'),('0','117102115'),('0','117102116'),('0','117102117'),('0','117102118'),('0','117103100'),('0','117103101'),('0','117103102');

/*Table structure for table `sys_about_software` */

DROP TABLE IF EXISTS `sys_about_software`;

CREATE TABLE `sys_about_software` (
  `ID` varchar(36) NOT NULL COMMENT '软件笨笨id',
  `CONTENT` varchar(255) DEFAULT NULL,
  `CREATE_TIME` datetime DEFAULT NULL,
  `UPDATE_TIME` datetime DEFAULT NULL,
  PRIMARY KEY (`ID`)
) ENGINE=InnoDB DEFAULT CHARSET=utf8;

/*Data for the table `sys_about_software` */

insert  into `sys_about_software`(`ID`,`CONTENT`,`CREATE_TIME`,`UPDATE_TIME`) values ('0','系统基础框架系统基础框架系统基础框架系统基础框架系统基础框架系统基础框架系统基础框架','2013-12-29 21:54:47','2013-12-29 21:54:47');

/*Table structure for table `sys_def` */

DROP TABLE IF EXISTS `sys_def`;

CREATE TABLE `sys_def` (
  `SYS_CODE` int(11) NOT NULL,
  `CREATE_TIME` datetime DEFAULT NULL,
  `EXT1` varchar(255) DEFAULT NULL,
  `EXT2` varchar(255) DEFAULT NULL,
  `EXT3` varchar(255) DEFAULT NULL,
  `EXT4` varchar(255) DEFAULT NULL,
  `IS_LEAF` smallint(6) DEFAULT NULL,
  `LEVEL` smallint(6) DEFAULT NULL,
  `S_NAME` varchar(30) DEFAULT NULL COMMENT '简称',
  `SYS_NAME` varchar(255) DEFAULT NULL,
  `TYPE` smallint(6) DEFAULT NULL,
  `UID` varchar(255) DEFAULT NULL,
  `UPDATE_TIME` datetime DEFAULT NULL,
  `PARENT_CODE` int(11) DEFAULT NULL,
  PRIMARY KEY (`SYS_CODE`),
  KEY `FK_o6pb3agdtycymlhowlv448ltf` (`PARENT_CODE`),
  CONSTRAINT `FK_o6pb3agdtycymlhowlv448ltf` FOREIGN KEY (`PARENT_CODE`) REFERENCES `sys_def` (`SYS_CODE`)
) ENGINE=InnoDB DEFAULT CHARSET=utf8;

/*Data for the table `sys_def` */

insert  into `sys_def`(`SYS_CODE`,`CREATE_TIME`,`EXT1`,`EXT2`,`EXT3`,`EXT4`,`IS_LEAF`,`LEVEL`,`S_NAME`,`SYS_NAME`,`TYPE`,`UID`,`UPDATE_TIME`,`PARENT_CODE`) values (10100100,'2013-12-15 19:29:41','证件类型',NULL,NULL,NULL,1,0,'USER_CERTIFICAT_TYPE','证件类型',0,'0','2013-12-15 19:29:51',NULL),(10100101,'2013-12-15 20:02:36','身份证',NULL,NULL,NULL,0,1,'','身份证',1,'0','2013-12-15 20:03:35',10100100),(10100102,'2013-12-15 20:02:36','护照',NULL,NULL,NULL,0,1,'','护照',1,'0','2013-12-15 20:03:35',10100100),(10101100,'2013-12-15 19:29:41','所属科室',NULL,NULL,NULL,1,0,'ATTR_KESHI','所属科室',0,'0','2013-12-15 19:29:51',NULL),(10101101,'2013-12-15 20:02:36','--无--',NULL,NULL,NULL,0,1,'','--无--',1,'0','2013-12-15 20:03:35',10101100),(10101102,'2013-12-15 20:02:36','内科',NULL,NULL,NULL,0,1,'','内科',1,'0','2013-12-15 20:03:35',10101100),(10101103,'2013-12-15 20:02:36','外科',NULL,NULL,NULL,0,1,'','外科',1,'0','2013-12-15 20:03:35',10101100),(10102100,'2013-12-15 19:29:41','属性检查类型',NULL,NULL,NULL,1,0,'ATTR_CHECK','属性检查类型',0,'0','2013-12-15 19:29:51',NULL),(10102101,'2013-12-15 20:02:36','一般情况',NULL,NULL,NULL,0,1,'','一般情况',1,'0','2013-12-15 20:03:35',10102100),(10102102,'2013-12-15 20:02:36','内科',NULL,NULL,NULL,0,1,'','内科',1,'0','2013-12-15 20:03:35',10102100),(10102103,'2013-12-15 20:02:36','肺功能测试',NULL,NULL,NULL,0,1,'','肺功能测试',1,'0','2013-12-15 20:03:35',10102100),(10102104,'2013-12-15 20:02:36','电测听',NULL,NULL,NULL,0,1,'','电测听',1,'0','2013-12-15 20:03:35',10102100),(10102105,'2013-12-15 20:02:36','听力诊断',NULL,NULL,NULL,0,1,'','听力诊断',1,'0','2013-12-15 20:03:35',10102100),(10102106,'2013-12-15 20:02:36','X线胸片',NULL,NULL,NULL,0,1,'','X线胸片',1,'0','2013-12-15 20:03:35',10102100),(10102107,'2013-12-15 20:02:36','心电图',NULL,NULL,NULL,0,1,'','心电图',1,'0','2013-12-15 20:03:35',10102100),(10102108,'2013-12-15 20:02:36','生化',NULL,NULL,NULL,0,1,'','生化',1,'0','2013-12-15 20:03:35',10102100),(10102109,'2013-12-15 20:02:36','血常规',NULL,NULL,NULL,0,1,'','血常规',1,'0','2013-12-15 20:03:35',10102100),(10102110,'2013-12-15 20:02:36','尿常规',NULL,NULL,NULL,0,1,'','尿常规',1,'0','2013-12-15 20:03:35',10102100),(10103100,'2013-12-15 19:29:41','属性单位',NULL,NULL,NULL,1,0,'ATTR_UNIT','属性单位',0,'0','2013-12-15 19:29:51',NULL),(10103101,'2013-12-15 20:02:36','次数',NULL,NULL,NULL,0,1,'','血液',1,'0','2013-12-15 20:03:35',10103100),(10103102,'2013-12-15 20:02:36','XXXX',NULL,NULL,NULL,0,1,'','XXXX',1,'0','2013-12-15 20:03:35',10103100),(10104100,'2013-12-15 19:29:41','体检报告分类',NULL,NULL,NULL,1,0,'TJ_REPORT_TYPE','体检报告分类',0,'0','2013-12-15 19:29:51',NULL),(10104101,'2013-12-15 20:02:36','年度体检(一般)',NULL,NULL,NULL,0,1,'TJ_REPORT_TYPE_YEAR','年度体检(一般)',0,'0','2013-12-15 20:03:35',10104100),(10104102,'2013-12-15 20:02:36','入职体检(一般)',NULL,NULL,NULL,0,1,'','入职体检(一般)',0,'0','2013-12-15 20:03:35',10104100),(10104103,'2013-12-15 20:02:36','复查(一般)',NULL,NULL,NULL,0,1,'','复查(一般)',0,'0','2013-12-15 20:03:35',10104100),(10104104,'2013-12-15 20:02:36','离职体检(职业病)',NULL,NULL,NULL,0,1,'','离职体检(职业病)',0,'0','2013-12-15 20:03:35',10104100),(10104105,'2013-12-15 20:02:36','入职体检(职业病)',NULL,NULL,NULL,0,1,'','入职体检(职业病)',0,'0','2013-12-15 20:03:35',10104100),(10104106,'2013-12-15 20:02:36','年度体检(职业病)',NULL,NULL,NULL,0,1,'','年度体检(职业病)',0,'0','2013-12-15 20:03:35',10104100),(10104107,'2013-12-15 20:02:36','职业病复查(职业病)',NULL,NULL,NULL,0,1,'','职业病复查(职业病)',0,'0','2013-12-15 20:03:35',10104100),(10105100,'2013-12-15 19:29:41','属性数值类型',NULL,NULL,NULL,1,0,'ATTR_VALUE_TYPE','属性数值类型',0,'0','2013-12-15 19:29:51',NULL),(10105101,'2013-12-15 20:02:36','数值属性',NULL,NULL,NULL,0,1,'','数值属性',0,'0','2013-12-15 20:03:35',10105100),(10105102,'2013-12-15 20:02:36','描述类型',NULL,NULL,NULL,0,1,'','描述类型',0,'0','2013-12-15 20:03:35',10105100),(10105103,'2013-12-15 20:02:36','类型',NULL,NULL,NULL,0,1,'','类型',0,'0','2013-12-15 20:03:35',10105100),(10105104,'2013-12-15 20:02:36','列表',NULL,NULL,NULL,0,1,'','列表',0,'0','2013-12-15 20:03:35',10105100),(10106100,'2013-12-15 19:29:41','病假类型',NULL,NULL,NULL,1,0,'SICK_LEAVE_TYPE','病假类型',0,'0','2013-12-15 19:29:51',NULL),(10106101,'2013-12-15 20:02:36','病',NULL,NULL,NULL,0,1,'','病',0,'0','2013-12-15 20:03:35',10106100),(10106102,'2013-12-15 20:02:36','工',NULL,NULL,NULL,0,1,'','工',0,'0','2013-12-15 20:03:35',10106100),(10106103,'2013-12-15 20:02:36','职',NULL,NULL,NULL,0,1,'','职',0,'0','2013-12-15 20:03:35',10106100),(10107100,'2013-12-15 19:29:41','就诊医院',NULL,NULL,NULL,1,0,'HOSPITAL','就诊医院',0,'0','2013-12-15 19:29:51',NULL),(10107101,'2013-12-15 20:02:36','闸北中心医院',NULL,NULL,NULL,0,1,'','闸北中心医院',0,'0','2013-12-15 20:03:35',10107100),(10107102,'2013-12-15 20:02:36','第五人民医院',NULL,NULL,NULL,0,1,'','第五人民医院',0,'0','2013-12-15 20:03:35',10107100),(10107103,'2013-12-15 20:02:36','第六人民医院',NULL,NULL,NULL,0,1,'','第六人民医院',0,'0','2013-12-15 20:03:35',10107100),(10107104,'2013-12-15 20:02:36','松江中心医院',NULL,NULL,NULL,0,1,'','松江中心医院',0,'0','2013-12-15 20:03:35',10107100),(10107105,'2013-12-15 20:02:36','金山区亭林医院',NULL,NULL,NULL,0,1,'','金山区亭林医院',0,'0','2013-12-15 20:03:35',10107100),(10107106,'2013-12-15 20:02:36','上海市肺科（职业病）医院',NULL,NULL,NULL,0,1,'','上海市肺科（职业病）医院',0,'0','2013-12-15 20:03:35',10107100),(10107107,'2013-12-15 20:02:36','松江区乐都医院',NULL,NULL,NULL,0,1,'','松江区乐都医院',0,'0','2013-12-15 20:03:35',10107100),(10107108,'2013-12-15 20:02:36','松江中心医院',NULL,NULL,NULL,0,1,'','松江中心医院',0,'0','2013-12-15 20:03:35',10107100),(10107109,'2013-12-15 20:02:36','奉贤中医医院',NULL,NULL,NULL,0,1,'','奉贤中医医院',0,'0','2013-12-15 20:03:35',10107100),(10107110,'2013-12-15 20:02:36','金山亭林',NULL,NULL,NULL,0,1,'','金山亭林',0,'0','2013-12-15 20:03:35',10107100),(10107111,'2013-12-15 20:02:36','复旦大学附属金山医院',NULL,NULL,NULL,0,1,'','复旦大学附属金山医院',0,'0','2013-12-15 20:03:35',10107100),(10108100,'2013-12-15 19:29:41','请假单位',NULL,NULL,NULL,1,0,'SICK_UNIT','请假单位',0,'0','2013-12-15 19:29:51',NULL),(10108101,'2013-12-15 20:02:36','天',NULL,NULL,NULL,0,1,'','天',0,'0','2013-12-15 20:03:35',10108100),(10108102,'2013-12-15 20:02:36','小时',NULL,NULL,NULL,0,1,'','小时',0,'0','2013-12-15 20:03:35',10108100),(10109100,'2013-12-15 19:29:41','加班类型',NULL,NULL,NULL,1,0,'JIABAN_TYPE','加班类型',0,'0','2013-12-15 19:29:51',NULL),(10109101,'2013-12-15 20:02:36','延时加班',NULL,NULL,NULL,0,1,'','延时加班',0,'0','2013-12-15 20:03:35',10109100),(10109102,'2013-12-15 20:02:36','周末加班',NULL,NULL,NULL,0,1,'','周末加班',0,'0','2013-12-15 20:03:35',10109100),(10109103,'2013-12-15 20:02:36','节假日加班',NULL,NULL,NULL,0,1,'','节假日加班',0,'0','2013-12-15 20:03:35',10109100),(10110100,'2013-12-15 19:29:41','请假类型',NULL,NULL,NULL,1,0,'QINGJIA_TYPE','请假类型',0,'0','2013-12-15 19:29:51',NULL),(10110101,'2013-12-15 20:02:36','病假',NULL,NULL,NULL,0,1,'','病假',0,'0','2013-12-15 20:03:35',10110100),(10110102,'2013-12-15 20:02:36','事假',NULL,NULL,NULL,0,1,'','事假',0,'0','2013-12-15 20:03:35',10110100),(10110103,'2013-12-15 20:02:36','调休',NULL,NULL,NULL,0,1,'','调休',0,'0','2013-12-15 20:03:35',10110100),(10110104,'2013-12-15 20:02:36','公休',NULL,NULL,NULL,0,1,'','公休',0,'0','2013-12-15 20:03:35',10110100),(10110105,'2013-12-15 20:02:36','产假',NULL,NULL,NULL,0,1,'','产假',0,'0','2013-12-15 20:03:35',10110100),(10111100,'2013-12-15 19:29:41','流行病的类型',NULL,NULL,NULL,1,0,'LIUXINGBING_TYPE','流行病的类型',0,'0','2013-12-15 19:29:51',NULL),(10111101,'2013-12-15 20:02:36','流行性感冒',NULL,NULL,NULL,0,1,'','流行性感冒',0,'0','2013-12-15 20:03:35',10111100),(10111102,'2013-12-15 20:02:36','水痘',NULL,NULL,NULL,0,1,'','水痘',0,'0','2013-12-15 20:03:35',10111100),(10111103,'2013-12-15 20:02:36','流行性腮腺炎',NULL,NULL,NULL,0,1,'','流行性腮腺炎',0,'0','2013-12-15 20:03:35',10111100),(10111104,'2013-12-15 20:02:36','其他',NULL,NULL,NULL,0,1,'','其他',0,'0','2013-12-15 20:03:35',10111100);

/*Table structure for table `sys_feedback` */

DROP TABLE IF EXISTS `sys_feedback`;

CREATE TABLE `sys_feedback` (
  `ID` varchar(36) NOT NULL COMMENT '反馈id',
  `CREATE_TIME` datetime DEFAULT NULL COMMENT '创建时间',
  `feedback_content` varchar(500) DEFAULT NULL COMMENT '反馈内容',
  `feedback_email` varchar(50) DEFAULT NULL COMMENT '反馈邮箱',
  `UPDATE_TIME` datetime DEFAULT NULL COMMENT '修改时间',
  `EXT1` varchar(400) DEFAULT NULL COMMENT 'EXT1',
  `STATUS` tinyint(4) DEFAULT NULL COMMENT '状态',
  `TYPE` int(8) DEFAULT '0' COMMENT '模块类型',
  `OP_USER_ID` varchar(36) DEFAULT NULL COMMENT '用户编号',
  PRIMARY KEY (`ID`)
) ENGINE=InnoDB DEFAULT CHARSET=utf8;

/*Data for the table `sys_feedback` */

/*Table structure for table `sys_message` */

DROP TABLE IF EXISTS `sys_message`;

CREATE TABLE `sys_message` (
  `ID` int(10) NOT NULL COMMENT '消息编号',
  `CREATEDATETIME` datetime DEFAULT NULL,
  `IP` varchar(100) DEFAULT NULL,
  `MESSAGE_BODY` varchar(300) DEFAULT '0' COMMENT '消息体',
  `MESSAGE_FROM` varchar(100) DEFAULT '0' COMMENT '消息来源',
  `MESSAGE_SUBJECT` varchar(200) DEFAULT '0' COMMENT '消息主题',
  `MESSAGE_TO` varchar(100) DEFAULT '0' COMMENT '消息来源',
  `STATUS` tinyint(4) DEFAULT '0' COMMENT '状态',
  `UPDATE_TIME` datetime DEFAULT NULL COMMENT '修改时间',
  `USER_ID` varchar(36) DEFAULT '0' COMMENT '创建人',
  PRIMARY KEY (`ID`)
) ENGINE=InnoDB DEFAULT CHARSET=utf8;

/*Data for the table `sys_message` */

insert  into `sys_message`(`ID`,`CREATEDATETIME`,`IP`,`MESSAGE_BODY`,`MESSAGE_FROM`,`MESSAGE_SUBJECT`,`MESSAGE_TO`,`STATUS`,`UPDATE_TIME`,`USER_ID`) values (2,'2014-02-17 12:08:45',NULL,'11','boy@zhouxj-pc/Spark 2.6.3','','zz@zhouxj-pc',1,'2014-02-17 12:08:45','0'),(3,'2014-02-17 12:09:04',NULL,'222','boy@zhouxj-pc/Spark 2.6.3','','zz@zhouxj-pc',1,'2014-02-17 12:09:04','0'),(4,'2014-02-17 12:18:22',NULL,'www','boy@zhouxj-pc/Spark 2.6.3','','zz@zhouxj-pc',1,'2014-02-17 12:18:22','0'),(5,'2014-02-17 13:25:52',NULL,'222','boy@zhouxj-pc/Spark 2.6.3','','zz@zhouxj-pc',1,'2014-02-17 13:25:52','0'),(6,'2014-02-17 13:34:08',NULL,'你好吗','boy@zhouxj-pc/Spark 2.6.3','','zz@zhouxj-pc',1,'2014-02-17 13:34:08','0'),(7,'2014-02-17 13:36:58',NULL,'阿斯顿发','boy@zhouxj-pc/Spark 2.6.3','','zz@zhouxj-pc',1,'2014-02-17 13:36:58','0'),(8,'2014-02-17 13:38:23',NULL,'?','boy@zhouxj-pc/Spark 2.6.3','','zz@zhouxj-pc',1,'2014-02-17 13:38:23','0'),(9,'2014-02-17 13:39:23',NULL,'的','boy@zhouxj-pc/Spark 2.6.3','','zz@zhouxj-pc',1,'2014-02-17 13:39:23','0'),(10,'2014-02-17 13:44:26',NULL,'阿斯顿发','boy@zhouxj-pc/Spark 2.6.3','','zz@zhouxj-pc',1,'2014-02-17 13:44:26','0'),(11,'2014-02-17 13:44:31',NULL,'地对地导弹','boy@zhouxj-pc/Spark 2.6.3','','zz@zhouxj-pc',1,'2014-02-17 13:44:31','0'),(12,'2014-02-17 13:44:36',NULL,'啊的地方','boy@zhouxj-pc/Spark 2.6.3','','zz@zhouxj-pc',1,'2014-02-17 13:44:36','0'),(13,'2014-02-17 13:44:46',NULL,'暗室逢灯反反复','boy@zhouxj-pc/Spark 2.6.3','','zz@zhouxj-pc',1,'2014-02-17 13:44:46','0'),(14,'2014-02-17 13:45:01',NULL,'阿斯顿发撒旦法','boy@zhouxj-pc/Spark 2.6.3','','zz@zhouxj-pc',1,'2014-02-17 13:45:01','0'),(15,'2014-02-17 13:45:11',NULL,'收拾收拾','boy@zhouxj-pc/Spark 2.6.3','','zz@zhouxj-pc',1,'2014-02-17 13:45:11','0'),(16,'2014-02-17 13:45:26',NULL,'fff','boy@zhouxj-pc/Spark 2.6.3','','zz@zhouxj-pc',1,'2014-02-17 13:45:26','0'),(17,'2014-02-17 13:46:11',NULL,'运营','boy@zhouxj-pc/Spark 2.6.3','','zz@zhouxj-pc',1,'2014-02-17 13:46:11','0'),(18,'2014-02-17 13:46:26',NULL,'yy','boy@zhouxj-pc/Spark 2.6.3','','zz@zhouxj-pc',1,'2014-02-17 13:46:26','0'),(19,'2014-02-17 14:13:06',NULL,'地对地导弹','boy@zhouxj-pc/Spark 2.6.3','','zz@zhouxj-pc',1,'2014-02-17 14:13:06','0'),(20,'2014-02-17 14:13:30',NULL,'2222','boy@zhouxj-pc/Spark 2.6.3','','zz@zhouxj-pc',1,'2014-02-17 14:13:30','0'),(21,'2014-02-17 14:13:35',NULL,'烦烦烦','boy@zhouxj-pc/Spark 2.6.3','','zz@zhouxj-pc',1,'2014-02-17 14:13:35','0'),(22,'2014-02-17 14:14:45',NULL,'ddd','boy@zhouxj-pc/Spark 2.6.3','','zz@zhouxj-pc',1,'2014-02-17 14:14:45','0'),(23,'2014-02-17 14:15:10',NULL,'uuuu','boy@zhouxj-pc/Spark 2.6.3','','zz@zhouxj-pc',1,'2014-02-17 14:15:10','0'),(24,'2014-02-17 15:07:32',NULL,'点点滴滴','boy@zhouxj-pc/Spark 2.6.3','','zz@zhouxj-pc',0,'2014-02-17 15:07:32','0'),(25,'2014-02-17 15:08:01',NULL,'5555','boy@zhouxj-pc/Spark 2.6.3','','zz@zhouxj-pc',0,'2014-02-17 15:08:01','0');

/*Table structure for table `sys_op_record` */

DROP TABLE IF EXISTS `sys_op_record`;

CREATE TABLE `sys_op_record` (
  `OP_ID` varchar(20) NOT NULL COMMENT '操作流水',
  `CREATE_TIME` datetime DEFAULT NULL COMMENT '创建时间',
  `EXT` varchar(300) DEFAULT NULL COMMENT '备注',
  `OP_TYPE` tinyint(4) NOT NULL COMMENT '见系统字典表',
  `OP_USER_ID` int(8) NOT NULL COMMENT '操作人',
  `UPDATE_TIME` datetime DEFAULT NULL COMMENT '修改时间',
  PRIMARY KEY (`OP_ID`)
) ENGINE=InnoDB DEFAULT CHARSET=utf8;

/*Data for the table `sys_op_record` */

/*Table structure for table `sys_soft_version` */

DROP TABLE IF EXISTS `sys_soft_version`;

CREATE TABLE `sys_soft_version` (
  `ID` varchar(36) NOT NULL COMMENT '编号',
  `CREATE_TIME` datetime DEFAULT NULL COMMENT '创建时间',
  `UPDATE_TIME` datetime DEFAULT NULL COMMENT '修改时间',
  `VERSION` varchar(100) DEFAULT NULL COMMENT '版本',
  `VERSION_DESC` varchar(1000) DEFAULT NULL COMMENT '版本描述',
  PRIMARY KEY (`ID`)
) ENGINE=InnoDB DEFAULT CHARSET=utf8;

/*Data for the table `sys_soft_version` */

insert  into `sys_soft_version`(`ID`,`CREATE_TIME`,`UPDATE_TIME`,`VERSION`,`VERSION_DESC`) values ('0','2013-12-29 21:54:47','2013-12-29 21:54:47','1.0.0','1.0.0版本发布'),('1','2013-12-29 21:54:47','2013-12-29 21:54:47','1.0.1','1.0.1版本发布');

/*Table structure for table `syuser` */

DROP TABLE IF EXISTS `syuser`;

CREATE TABLE `syuser` (
  `ID` varchar(36) NOT NULL COMMENT '用户编号',
  `AGE` int(11) DEFAULT NULL,
  `CREATEDATETIME` datetime DEFAULT NULL,
  `LOGINNAME` varchar(100) NOT NULL,
  `NAME` varchar(100) DEFAULT NULL,
  `PHOTO` varchar(200) DEFAULT NULL,
  `PWD` varchar(100) DEFAULT NULL,
  `SEX` varchar(1) DEFAULT NULL,
  `UPDATEDATETIME` datetime DEFAULT NULL,
  `PHY_ADDR` varchar(20) DEFAULT NULL COMMENT '员工绑定的物理地址',
  `IS_SYN_CHAT` tinyint(4) DEFAULT '0' COMMENT '同步到聊天系统；1同步，0 没有',
  `ORI_PWD` varchar(100) DEFAULT NULL,
  PRIMARY KEY (`ID`)
) ENGINE=InnoDB DEFAULT CHARSET=utf8;

/*Data for the table `syuser` */

insert  into `syuser`(`ID`,`AGE`,`CREATEDATETIME`,`LOGINNAME`,`NAME`,`PHOTO`,`PWD`,`SEX`,`UPDATEDATETIME`,`PHY_ADDR`,`IS_SYN_CHAT`,`ORI_PWD`) values ('0',30,'2013-12-29 21:54:46','zz','zz',NULL,'e10adc3949ba59abbe56e057f20f883e','1','2014-02-07 08:50:30','00-50-56-C0-00-08',1,'123456'),('1',30,'2013-12-29 21:54:47','guest','guest',NULL,'e10adc3949ba59abbe56e057f20f883e','1','2013-12-29 21:54:47',NULL,0,NULL),('180bcb92-7786-4811-a1d0-77cbcae23594',NULL,'2014-02-08 03:38:13','GEADMIN','GE管理员',NULL,'e10adc3949ba59abbe56e057f20f883e','1','2014-02-08 03:38:13','44444444',1,'123456'),('1bff11c2-c4ed-42cb-ac1f-c7080e0f9b16',NULL,'2014-02-08 19:09:54','SGB0','圣戈班操作者0',NULL,'e10adc3949ba59abbe56e057f20f883e','1','2014-02-08 19:09:54','0000',1,'123456'),('2',30,'2013-12-29 21:54:47','admin1','admin1','/ssheUploadFile/userPhoto/2014/01/21/2a03e5da609b4db5869f043be442edc6.jpg','e10adc3949ba59abbe56e057f20f883e','0','2014-02-07 07:38:16','sdfasdffffffffffffff',1,NULL),('3',30,'2013-12-29 21:54:47','admin2','admin2',NULL,'e10adc3949ba59abbe56e057f20f883e','0','2013-12-29 21:54:47',NULL,0,NULL),('4',30,'2013-12-29 21:54:47','admin3','admin3',NULL,'e10adc3949ba59abbe56e057f20f883e','0','2013-12-29 21:54:47',NULL,0,NULL),('5',30,'2013-12-29 21:54:47','admin4','admin4',NULL,'e10adc3949ba59abbe56e057f20f883e','0','2013-12-29 21:54:47',NULL,0,NULL),('5596fdbc-b0d1-41e7-81a1-3b568ab1dd5f',20,'2013-12-29 22:24:26','test','test',NULL,'e10adc3949ba59abbe56e057f20f883e','1','2013-12-29 22:24:26',NULL,0,NULL),('6',30,'2013-12-29 21:54:47','admin5','admin5',NULL,'e10adc3949ba59abbe56e057f20f883e','0','2013-12-29 21:54:47',NULL,0,NULL),('7cf484f7-795e-4abe-a289-1d6ac514a3c8',20,'2014-02-07 01:08:24','chat005','chat005',NULL,'e10adc3949ba59abbe56e057f20f883e','1','2014-02-07 01:08:24','chat005',0,NULL),('827796e7-9d7c-49d4-a003-c901c24dab79',20,'2014-02-07 01:14:11','chat007','chat007',NULL,'e10adc3949ba59abbe56e057f20f883e','1','2014-02-07 04:01:16','chat007',1,'123456'),('8f756866-d4c2-44eb-8ca6-7a4ecb04ae0b',20,'2014-01-24 14:24:58','user','user',NULL,'e10adc3949ba59abbe56e057f20f883e','1','2014-01-24 14:24:58','ssssss',0,NULL),('b1f79df6-9a6d-4072-9380-14319de04d93',20,'2014-02-07 00:00:36','chat003','chat003',NULL,'e10adc3949ba59abbe56e057f20f883e','1','2014-02-07 00:00:36','chat003',0,NULL),('b8406c86-b391-4534-93ba-6147da4682fd',20,'2014-02-06 23:38:02','chat002','chat002',NULL,'e10adc3949ba59abbe56e057f20f883e','1','2014-02-06 23:38:02','chat002',0,NULL),('c04379ec-f571-4e4a-9f92-d9731b2ba1d0',20,'2014-02-07 08:12:33','zhouxj','zhouxj',NULL,'e10adc3949ba59abbe56e057f20f883e','1','2014-02-07 08:29:09','zhouxj',1,'123456'),('e9cea2d9-3aca-45a7-93c4-267ebd606a68',NULL,'2014-02-09 10:32:07','SGB','SGB',NULL,'e10adc3949ba59abbe56e057f20f883e','1','2014-02-09 10:32:07','ssssss',1,'123456'),('f33cb222-2313-4178-8f78-56913cd7cf04',20,'2014-02-07 01:10:28','chat006','chat006',NULL,'e10adc3949ba59abbe56e057f20f883e','1','2014-02-07 01:10:28','chat006',0,NULL),('f83c7a63-2179-4ce8-9929-ea8eded1a1eb',20,'2014-02-07 00:02:39','chat004','chat004',NULL,'e10adc3949ba59abbe56e057f20f883e','1','2014-02-07 00:02:39','chat004',0,NULL);

/*Table structure for table `syuser_customer` */

DROP TABLE IF EXISTS `syuser_customer`;

CREATE TABLE `syuser_customer` (
  `CUSTOMER_ID` int(10) NOT NULL COMMENT '客户编号',
  `SYUSER_ID` varchar(36) NOT NULL COMMENT '用户编号',
  PRIMARY KEY (`SYUSER_ID`,`CUSTOMER_ID`),
  KEY `FK_59qp3819bilxew26typc1ihl6` (`SYUSER_ID`),
  KEY `FK_43hwn3mwyxcn6ux0vpndqtjcj` (`CUSTOMER_ID`),
  CONSTRAINT `FK_43hwn3mwyxcn6ux0vpndqtjcj` FOREIGN KEY (`CUSTOMER_ID`) REFERENCES `customer_info` (`CUSTOMER_ID`),
  CONSTRAINT `FK_59qp3819bilxew26typc1ihl6` FOREIGN KEY (`SYUSER_ID`) REFERENCES `syuser` (`ID`)
) ENGINE=InnoDB DEFAULT CHARSET=utf8;

/*Data for the table `syuser_customer` */

insert  into `syuser_customer`(`CUSTOMER_ID`,`SYUSER_ID`) values (2,'0'),(2,'c04379ec-f571-4e4a-9f92-d9731b2ba1d0'),(2,'e9cea2d9-3aca-45a7-93c4-267ebd606a68'),(3,'0'),(3,'180bcb92-7786-4811-a1d0-77cbcae23594'),(4,'0'),(5,'0'),(6,'0'),(7,'0'),(7,'1bff11c2-c4ed-42cb-ac1f-c7080e0f9b16'),(7,'5');

/*Table structure for table `syuser_syorganization` */

DROP TABLE IF EXISTS `syuser_syorganization`;

CREATE TABLE `syuser_syorganization` (
  `SYUSER_ID` varchar(36) NOT NULL COMMENT '用户编号',
  `SYORGANIZATION_ID` varchar(36) NOT NULL COMMENT '部门编号',
  PRIMARY KEY (`SYORGANIZATION_ID`,`SYUSER_ID`),
  KEY `FK_14ewqc5wtscac0dd5rswrm5j2` (`SYORGANIZATION_ID`),
  KEY `FK_63bdmtxwlk259id13rp4iryy` (`SYUSER_ID`),
  CONSTRAINT `FK_14ewqc5wtscac0dd5rswrm5j2` FOREIGN KEY (`SYORGANIZATION_ID`) REFERENCES `syorganization` (`ID`),
  CONSTRAINT `FK_63bdmtxwlk259id13rp4iryy` FOREIGN KEY (`SYUSER_ID`) REFERENCES `syuser` (`ID`)
) ENGINE=InnoDB DEFAULT CHARSET=utf8;

/*Data for the table `syuser_syorganization` */

insert  into `syuser_syorganization`(`SYUSER_ID`,`SYORGANIZATION_ID`) values ('0','0'),('1','0'),('0','4dd306cc-dfc1-4040-a784-b9e3ef9b6287'),('5596fdbc-b0d1-41e7-81a1-3b568ab1dd5f','4dd306cc-dfc1-4040-a784-b9e3ef9b6287'),('0','d2203095-da2e-41b1-bf84-43d1b159e774');

/*Table structure for table `syuser_syrole` */

DROP TABLE IF EXISTS `syuser_syrole`;

CREATE TABLE `syuser_syrole` (
  `SYUSER_ID` varchar(36) NOT NULL COMMENT '用户编号',
  `SYROLE_ID` varchar(36) NOT NULL COMMENT '角色编号',
  PRIMARY KEY (`SYROLE_ID`,`SYUSER_ID`),
  KEY `FK_j7iwtgslc2esrjx0ptieleoko` (`SYROLE_ID`),
  KEY `FK_1pi4p5h4y5ghbs5f4gdlgn620` (`SYUSER_ID`),
  CONSTRAINT `FK_1pi4p5h4y5ghbs5f4gdlgn620` FOREIGN KEY (`SYUSER_ID`) REFERENCES `syuser` (`ID`),
  CONSTRAINT `FK_j7iwtgslc2esrjx0ptieleoko` FOREIGN KEY (`SYROLE_ID`) REFERENCES `syrole` (`ID`)
) ENGINE=InnoDB DEFAULT CHARSET=utf8;

/*Data for the table `syuser_syrole` */

insert  into `syuser_syrole`(`SYUSER_ID`,`SYROLE_ID`) values ('0','0'),('0','1'),('1','1'),('0','2'),('2','2'),('0','21b5c847-eca9-4da9-88b5-4e33a18fac6d'),('180bcb92-7786-4811-a1d0-77cbcae23594','21b5c847-eca9-4da9-88b5-4e33a18fac6d'),('0','26ad91cd-610e-483f-a732-45588a7ad4f3'),('1bff11c2-c4ed-42cb-ac1f-c7080e0f9b16','26ad91cd-610e-483f-a732-45588a7ad4f3'),('5596fdbc-b0d1-41e7-81a1-3b568ab1dd5f','26ad91cd-610e-483f-a732-45588a7ad4f3'),('c04379ec-f571-4e4a-9f92-d9731b2ba1d0','26ad91cd-610e-483f-a732-45588a7ad4f3'),('e9cea2d9-3aca-45a7-93c4-267ebd606a68','26ad91cd-610e-483f-a732-45588a7ad4f3'),('0','3'),('3','3'),('0','4'),('4','4'),('0','5'),('5','5'),('0','6'),('6','6');

/*!40101 SET SQL_MODE=@OLD_SQL_MODE */;
/*!40014 SET FOREIGN_KEY_CHECKS=@OLD_FOREIGN_KEY_CHECKS */;
/*!40014 SET UNIQUE_CHECKS=@OLD_UNIQUE_CHECKS */;
/*!40111 SET SQL_NOTES=@OLD_SQL_NOTES */;
