<?xml version="1.0" encoding="UTF-8" ?>
<!DOCTYPE mapper
PUBLIC "-//mybatis.org//DTD Mapper 3.0//EN"
"http://mybatis.org/dtd/mybatis-3-mapper.dtd">
<mapper namespace="jar.open1111.dao.JarDao">

	<resultMap type="Jar" id="JarResult">
		<result property="uuid" column="uuid"/>
		<result property="name" column="name"/>
		<result property="path" column="path"/>
		<result property="updateDate" column="updateDate"/>
		<result property="type" column="type"/>
		<result property="click" column="click"/>
		<result property="downHit" column="downHit"/>
		<result property="indexState" column="indexState"/>
		<result property="tagState" column="tagState"/>
	</resultMap>

	<select id="findById" parameterType="String" resultMap="JarResult">
		select * from t_jar where uuid=#{uuid}
	</select>
	
	<insert id="add" parameterType="Jar">
		insert into t_jar values(#{uuid},#{name},#{path},now(),#{type},0,0,0,0);
	</insert>
	
	<update id="update" parameterType="Jar">
		update t_jar
		<set>
			<if test="name!=null and name!='' ">
				name=#{name},
			</if>
			<if test="path!=null and path!='' ">
				path=#{path},
			</if>
			<if test="type!=null and type!='' ">
				type=#{type},
			</if>
			<if test="click!=null">
				click=#{click},
			</if>
			<if test="downHit!=null">
				downHit=#{downHit},
			</if>
		</set>
		where uuid=#{uuid}
	</update>
	
	<select id="list" parameterType="Map" resultMap="JarResult">
		select * from t_jar
		<where>
			<if test="name!=null and name!='' ">
				and name like #{name}
			</if>
		</where>
		order by updateDate desc
		<if test="start!=null and size!=null">
			limit #{start},#{size}
		</if>
	</select>
	
	<select id="getTotal" parameterType="Map" resultType="Long">
		select count(*) from t_jar
		<where>
			<if test="name!=null and name!='' ">
				and name like #{name}
			</if>
		</where>
	</select>
	
	<delete id="delete" parameterType="String">
		delete from t_jar where uuid=#{uuid}
	</delete>
	
</mapper> 