<?xml version="1.0" encoding="UTF-8" ?>
<!DOCTYPE mapper
PUBLIC "-//mybatis.org//DTD Mapper 3.0//EN"
"http://mybatis.org/dtd/mybatis-3-mapper.dtd">
<mapper namespace="jar.open1111.dao.ManagerDao">

	<resultMap type="Manager" id="ManagerResult">
		<result property="id" column="id"/>
		<result property="userName" column="userName"/>
		<result property="password" column="password"/>
	</resultMap>

	<select id="getByUserName" parameterType="String" resultMap="ManagerResult">
		select * from t_manager where userName=#{userName}
	</select>
	
	<update id="update" parameterType="Manager">
		update t_manager
		<set>
			<if test="password!=null and password!='' ">
				password=#{password},
			</if>
		</set>
		where id=1
	</update>
	
</mapper> 