<?xml version="1.0" encoding="UTF-8" ?>
<!DOCTYPE mapper
PUBLIC "-//mybatis.org//DTD Mapper 3.0//EN"
"http://mybatis.org/dtd/mybatis-3-mapper.dtd">
<mapper namespace="com.open1111.dao.ArcTypeDao">

	<resultMap type="ArcType" id="ArcTypeResult">
		<result property="id" column="id"/>
		<result property="typeName" column="typeName"/>
		<result property="sortNo" column="sortNo"/>
		<result property="keywords" column="keywords"/>
		<result property="description" column="description"/>
	</resultMap>
		
	<select id="list" parameterType="Map" resultMap="ArcTypeResult">
		select * from t_arcType
		order by sortNo asc
		<if test="start!=null and size!=null">
			limit #{start},#{size}
		</if>
	</select>
	
	<select id="getTotal" parameterType="Map" resultType="Long">
		select count(*) from t_arcType
	</select>
	
	<select id="findById" parameterType="Integer" resultMap="ArcTypeResult">
		select * from t_arcType where id=#{id}
	</select>
	
	<insert id="add" parameterType="ArcType">
		insert into t_arcType values(null,#{typeName},#{sortNo},#{keywords},#{description})
	</insert>
	
	<update id="update" parameterType="ArcType">
		update t_arcType
			<set>
				<if test="typeName!=null and typeName!='' ">
					typeName=#{typeName},
				</if>
				<if test="sortNo!=null">
				    sortNo=#{sortNo},
				</if>
				<if test="keywords!=null and keywords!='' ">
					keywords=#{keywords},
				</if>
				<if test="description!=null and description!='' ">
					description=#{description},
				</if>
			</set>
		where id=#{id}
	</update>
	
	<delete id="delete" parameterType="Integer">
		delete from t_arcType where id=#{id}
	</delete>
	
</mapper> 