<?xml version="1.0" encoding="UTF-8" ?>
<!DOCTYPE mapper
PUBLIC "-//mybatis.org//DTD Mapper 3.0//EN"
"http://mybatis.org/dtd/mybatis-3-mapper.dtd">
<mapper namespace="com.open1111.dao.ArticleDao">

	<resultMap type="Article" id="ArticleResult">
		<result property="id" column="id"/>
		<result property="title" column="title"/>
		<result property="publishDate" column="publishDate"/>
		<result property="content" column="content"/>
		<result property="summary" column="summary"/>
		<result property="titleColor" column="titleColor"/>
		<result property="click" column="click"/>
		<result property="isRecommend" column="isRecommend"/>
		<result property="isSlide" column="isSlide"/>
		<result property="keyWords" column="keyWords"/>
		
		<association property="arcType" column="typeId" select="com.open1111.dao.ArcTypeDao.findById"></association>
	</resultMap>
		
	<select id="getNewest"  resultMap="ArticleResult">
		select * from t_article order by publishDate desc limit 0,7
	</select>
	
	<select id="getRecommend"  resultMap="ArticleResult">
		select * from t_article where isRecommend=1 order by publishDate desc limit 0,7
	</select>
	
	<select id="getSlide"  resultMap="ArticleResult">
		select * from t_article where isSlide=1 order by publishDate desc limit 0,5
	</select>
	
	<select id="getIndex" parameterType="Integer" resultMap="ArticleResult">
		select * from t_article where typeId=#{typeId} order by publishDate desc limit 0,8
	</select>
	
	<select id="findById" parameterType="Integer" resultMap="ArticleResult">
		select * from t_article where id=#{id}
	</select>
	
	<select id="getLastArticle" parameterType="Integer" resultMap="ArticleResult">
		SELECT * FROM t_article WHERE id &lt; #{id} ORDER BY id DESC LIMIT 1;
	</select>
	
	<select id="getNextArticle" parameterType="Integer" resultMap="ArticleResult">
		SELECT * FROM t_article WHERE id &gt; #{id} ORDER BY id ASC LIMIT 1;
	</select>
	
	<insert id="add" parameterType="Article">
		insert into t_article values(null,#{title},#{publishDate},#{content},#{summary},#{titleColor},#{click},#{isRecommend},#{isSlide},#{slideImage},#{arcType.id},#{keyWords})
	</insert>
	
	<update id="update" parameterType="Article">
		update t_article
			<set>
				<if test="title!=null and title!='' ">
					title=#{title},
				</if>
				<if test="publishDate!=null">
				    publishDate=#{publishDate},
				</if>
				<if test="content!=null and content!='' ">
					content=#{content},
				</if>
				<if test="summary!=null and summary!='' ">
					summary=#{summary},
				</if>
				<if test="titleColor!=null and titleColor!='' ">
					titleColor=#{titleColor},
				</if>
				<if test="isRecommend!=null ">
					isRecommend=#{isRecommend},
				</if>
				<if test="isSlide!=null ">
					isSlide=#{isSlide},
				</if>
				<if test="arcType.id!=null ">
					typeId=#{arcType.id},
				</if>
				<if test="keyWords!=null and keyWords!='' ">
					keyWords=#{keyWords},
				</if>
				<if test="click!=0">
					click=#{click},
				</if>
			</set>
		where id=#{id}
	</update>
	
	<select id="list" parameterType="Map" resultMap="ArticleResult">
		select * from t_article
		<where>
			<if test="title!=null and title!='' ">
				and title like #{title}
			</if>
			<if test="typeId!=null">
				and typeId=#{typeId}
			</if>
		</where>
		order by publishDate desc
		<if test="start!=null and size!=null">
			limit #{start},#{size}
		</if>
	</select>
	
	<select id="getTotal" parameterType="Map" resultType="Long">
		select count(*) from t_article
		<where>
		    <if test="title!=null and title!='' ">
				and title like #{title}
			</if>
			<if test="typeId!=null">
				and typeId=#{typeId}
			</if>
		</where>
	</select>
	
	<delete id="delete" parameterType="Integer">
		delete from t_article where id=#{id}
	</delete>
	
	<select id="getNumByTypeId" parameterType="Integer" resultType="Integer">
		select count(*) from t_article where typeId=#{typeId}
	</select>
</mapper> 