<?xml version="1.0" encoding="UTF-8"?>
<beans xmlns="http://www.springframework.org/schema/beans"
       xmlns:context="http://www.springframework.org/schema/context"
       xmlns:tx="http://www.springframework.org/schema/tx"
       xmlns:xsi="http://www.w3.org/2001/XMLSchema-instance"
       xsi:schemaLocation="http://www.springframework.org/schema/beans   http://www.springframework.org/schema/beans/spring-beans.xsd
                           http://www.springframework.org/schema/context http://www.springframework.org/schema/context/spring-context-2.5.xsd
                           http://www.springframework.org/schema/tx      http://www.springframework.org/schema/tx/spring-tx-3.0.xsd">
  
 
  
  <!-- 定义流程引擎配置 -->
  <bean id="processEngineConfiguration" class="org.activiti.spring.SpringProcessEngineConfiguration">
    <property name="dataSource" ref="dataSource" />
    <property name="transactionManager" ref="transactionManager" />
    <property name="databaseSchemaUpdate" value="true" />
    <property name="jobExecutorActivate" value="false" />
  </bean>
  
  <!-- 定义流程引擎 -->
  <bean id="processEngine" class="org.activiti.spring.ProcessEngineFactoryBean">
    <property name="processEngineConfiguration" ref="processEngineConfiguration" />
  </bean>
  
  <!-- 定义Service服务 -->
  <bean id="repositoryService" factory-bean="processEngine" factory-method="getRepositoryService" />
  <bean id="runtimeService" factory-bean="processEngine" factory-method="getRuntimeService" />
  <bean id="taskService" factory-bean="processEngine" factory-method="getTaskService" />
  <bean id="historyService" factory-bean="processEngine" factory-method="getHistoryService" />
  <bean id="managementService" factory-bean="processEngine" factory-method="getManagementService" />
  <bean id="identityService" factory-bean="processEngine" factory-method="getIdentityService"/>
  <bean id="formService" factory-bean="processEngine" factory-method="getFormService"></bean>
 
</beans>
