<?xml version="1.0" encoding="UTF-8" ?>
<!DOCTYPE mapper
PUBLIC "-//mybatis.org//DTD Mapper 3.0//EN"
"http://mybatis.org/dtd/mybatis-3-mapper.dtd">
<mapper namespace="blog.open1111.dao.ArcTypeDao">

	<resultMap type="ArcType" id="ArcTypeResult">
		<result property="id" column="id"/>
		<result property="typeName" column="typeName"/>
		<result property="sortNo" column="sortNo"/>
	</resultMap>
	
	<select id="list" parameterType="Map" resultMap="ArcTypeResult">
		select * from t_arcType
		<if test="start!=null and size!=null">
			limit #{start},#{size}
		</if>
	</select>
	
	<select id="getTotal" parameterType="Map" resultType="Long">
		select count(*) from t_arcType
	</select>
	
	<insert id="add" parameterType="ArcType">
		insert into t_arcType values(null,#{typeName},#{sortNo});
	</insert>
	
	<update id="update" parameterType="ArcType">
		update t_arcType
		<set>
			<if test="typeName!=null and typeName!='' ">
				typeName=#{typeName},
			</if>
			<if test="sortNo!=null">
				sortNo=#{sortNo},
			</if>
		</set>
		where id=#{id}
	</update>
	
	<select id="findById" parameterType="Integer" resultMap="ArcTypeResult">
		select * from t_arcType where id=#{id}
	</select>
	
	<delete id="delete" parameterType="Integer">
		delete from t_arcType where id=#{id}
	</delete>
	
</mapper> 