<?xml version="1.0" encoding="UTF-8" ?>
<!DOCTYPE mapper
PUBLIC "-//mybatis.org//DTD Mapper 3.0//EN"
"http://mybatis.org/dtd/mybatis-3-mapper.dtd">
<mapper namespace="blog.open1111.dao.LinkDao">

	<resultMap type="Link" id="LinkResult">
		<result property="id" column="id"/>
		<result property="name" column="name"/>
		<result property="url" column="url"/>
		<result property="sortNo" column="sortNo"/>
	</resultMap>
	
	<select id="list" parameterType="Map" resultMap="LinkResult">
		select * from t_link
		<if test="start!=null and size!=null">
			limit #{start},#{size}
		</if>
	</select>
	
	<select id="getTotal" parameterType="Map" resultType="Long">
		select count(*) from t_link
	</select>
	
	<insert id="add" parameterType="Link">
		insert into t_link values(null,#{name},#{url},#{sortNo});
	</insert>
	
	<update id="update" parameterType="Link">
		update t_link
		<set>
			<if test="name!=null and name!='' ">
				name=#{name},
			</if>
			<if test="url!=null and url!='' ">
				url=#{url},
			</if>
			<if test="sortNo!=null">
				sortNo=#{sortNo},
			</if>
		</set>
		where id=#{id}
	</update>
	
	<delete id="delete" parameterType="Integer">
		delete from t_link where id=#{id}
	</delete>
</mapper> 