<?xml version="1.0" encoding="UTF-8" ?>
<!DOCTYPE mapper
        PUBLIC "-//mybatis.org//DTD Mapper 3.0//EN"
        "http://mybatis.org/dtd/mybatis-3-mapper.dtd">
<mapper namespace="com.java1234.mapper.ArticleMapper">

    <resultMap type="Article" id="ArticleResult">
        <result property="id" column="id"/>
        <result property="title" column="title"/>
        <result property="content" column="content"/>
    </resultMap>

    <select id="list" parameterType="Map"  resultMap="ArticleResult">
        select * from t_article
        <if test="start!=null and size!=null">
            limit #{start},#{size}
        </if>
    </select>

    <select id="getTotal" parameterType="Map" resultType="Long">
        select count(*) from t_article
    </select>

    <select id="findById" parameterType="Integer" resultMap="ArticleResult">
		select * from t_article where id=#{id}
	</select>

    <insert id="add" parameterType="Article">
		insert into t_article values(null,#{title},#{content});
	</insert>

    <update id="update" parameterType="Article">
        update t_article
        <set>
            <if test="title!=null and title!=''">
                title=#{title},
            </if>
            <if test="content!=null and content!=''">
                content=#{content},
            </if>
        </set>
        where id=#{id}
    </update>

    <delete id="delete" parameterType="Integer">
		delete from t_article where id=#{id}
	</delete>




</mapper>