<?xml version="1.0" encoding="UTF-8" ?>
<!DOCTYPE mapper
        PUBLIC "-//mybatis.org//DTD Mapper 3.0//EN"
        "http://mybatis.org/dtd/mybatis-3-mapper.dtd">
<mapper namespace="com.java1234.mapper.CarouselArticleMapper">

    <resultMap type="CarouselArticle" id="CarouselArticleResult">
        <result property="id" column="id"/>
        <result property="name" column="name"/>
        <result property="url" column="url"/>
        <result property="imageName" column="imageName"/>
        <result property="sort" column="sort"/>
    </resultMap>

    <select id="list"  resultMap="CarouselArticleResult">
        select * from t_carousel_article order by sort
    </select>

    <select id="findById" parameterType="Integer" resultMap="CarouselArticleResult">
		select * from t_carousel_article where id=#{id}
	</select>

    <insert id="add" parameterType="CarouselArticle">
		insert into t_carousel_article values(null,#{name},#{url},#{imageName},#{sort});
	</insert>

    <update id="update" parameterType="CarouselArticle">
        update t_carousel_article
        <set>
            <if test="name!=null and name!=''">
                name=#{name},
            </if>
            <if test="url!=null and url!=''">
                url=#{url},
            </if>
            <if test="imageName!=null and imageName!=''">
                imageName=#{imageName},
            </if>
            <if test="sort!=null">
                sort=#{sort},
            </if>
        </set>
        where id=#{id}
    </update>

    <delete id="delete" parameterType="Integer">
		delete from t_carousel_article where id=#{id}
	</delete>


</mapper>