<?xml version="1.0" encoding="UTF-8" ?>
<!DOCTYPE mapper
        PUBLIC "-//mybatis.org//DTD Mapper 3.0//EN"
        "http://mybatis.org/dtd/mybatis-3-mapper.dtd">
<mapper namespace="com.java1234.mapper.CourseTypeMapper">

    <resultMap type="CourseType" id="CourseTypeResult">
        <result property="id" column="id"/>
        <result property="name" column="name"/>
        <result property="sort" column="sort"/>
        <result property="remark" column="remark"/>
    </resultMap>

    <select id="findById" parameterType="Integer"  resultMap="CourseTypeResult">
        select * from t_course_type where id=#{id}
    </select>

    <select id="list"  resultMap="CourseTypeResult">
        select * from t_course_type order by sort
    </select>


    <insert id="add" parameterType="CourseType">
		insert into t_course_type values(null,#{name},#{sort},#{remark});
	</insert>

    <update id="update" parameterType="CourseType">
        update t_course_type
        <set>
            <if test="name!=null and name!=''">
                name=#{name},
            </if>
            <if test="sort!=null">
                sort=#{sort},
            </if>
            <if test="remark!=null and remark!=''">
                remark=#{remark},
            </if>
        </set>
        where id=#{id}
    </update>

    <delete id="delete" parameterType="Integer">
		delete from t_course_type where id=#{id}
	</delete>

</mapper>