<?xml version="1.0" encoding="UTF-8" ?>
<!DOCTYPE mapper
        PUBLIC "-//mybatis.org//DTD Mapper 3.0//EN"
        "http://mybatis.org/dtd/mybatis-3-mapper.dtd">
<mapper namespace="com.java1234.mapper.CourseMapper">

    <resultMap type="Course" id="CourseResult">
        <result property="id" column="id"/>
        <result property="name" column="name"/>
        <result property="imageName" column="imageName"/>
        <result property="type" column="type"/>
        <result property="view" column="view"/>
        <result property="introduction" column="introduction"/>
        <result property="catalog" column="catalog"/>
        <result property="download" column="download"/>
        <result property="url" column="url"/>
        <result property="hktj" column="hktj"/>
        <result property="sort1" column="sort1"/>
        <result property="zxkc" column="zxkc"/>
        <result property="sort2" column="sort2"/>
        <result property="mfkc" column="mfkc"/>
        <result property="sort3" column="sort3"/>
        <result property="szkc" column="szkc"/>
        <result property="sort4" column="sort4"/>

        <association property="courseType" column="typeId" select="com.java1234.mapper.CourseTypeMapper.findById"></association>
        <association property="teacher" column="teacherId" select="com.java1234.mapper.TeacherMapper.findById"></association>
    </resultMap>

    <select id="search" parameterType="Map" resultMap="CourseResult">
        select * from t_course
        <where>
            <if test="name!=null and name!='' ">
                and name like concat('%',#{name},'%')
            </if>
            <if test="typeId!=null and typeId!=0 ">
                and typeId=#{typeId}
            </if>
            <if test="type!=null and type!='all' ">
                and type=#{type}
            </if>
        </where>
        order by id desc
        <if test="start!=null and size!=null">
            limit #{start},#{size}
        </if>
    </select>

    <select id="getTotal" parameterType="Map" resultType="Long">
        select count(*) from t_course
        <where>
            <if test="name!=null and name!='' ">
                and name like concat('%',#{name},'%')
            </if>
            <if test="typeId!=null and typeId!=0 ">
                and typeId=#{typeId}
            </if>
            <if test="type!=null and type!='all' ">
                and type=#{type}
            </if>
        </where>
    </select>

    <select id="findById" parameterType="Integer"  resultMap="CourseResult">
        select * from t_course where id=#{id}
    </select>

    <select id="listHktj"  resultMap="CourseResult">
        select * from t_course where hktj=true  order by sort1 limit 0,10
    </select>

    <select id="listAllHktj"  resultMap="CourseResult">
        select * from t_course where hktj=true  order by sort1 asc
    </select>

    <select id="listZxkc"  resultMap="CourseResult">
        select * from t_course where zxkc=true  order by sort2 limit 0,10
    </select>

    <select id="listAllZxkc"  resultMap="CourseResult">
        select * from t_course where zxkc=true  order by sort2 asc
    </select>

    <select id="listMfkc"  resultMap="CourseResult">
        select * from t_course where mfkc=true and type='free' order by sort3 limit 0,10
    </select>

    <select id="listAllMfkc"  resultMap="CourseResult">
        select * from t_course where mfkc=true and type='free' order by sort3 asc
    </select>

    <select id="listSzkc"  resultMap="CourseResult">
         select * from t_course where szkc=true and type='vip' order by sort4 limit 0,10
    </select>


    <select id="listAllSzkc"  resultMap="CourseResult">
         select * from t_course where szkc=true and type='vip' order by sort4 asc
    </select>

<select id="listRecommend"  resultMap="CourseResult">
        select * from t_course ORDER BY RAND() LIMIT 10;
    </select>

    <insert id="add" parameterType="Course">
		insert into t_course values(null,#{name},#{imageName},#{type},#{view},#{introduction},#{catalog},#{download},#{url},#{hktj},#{sort1},#{zxkc},#{sort2},#{mfkc},#{sort3},#{szkc},#{sort4},#{courseType.id},#{teacher.id});
	</insert>

    <update id="updateHktj" parameterType="Course">
        update t_course
        <set>
            <if test="hktj!=null">
                hktj=#{hktj},
            </if>
            <if test="sort1!=null">
                sort1=#{sort1},
            </if>
        </set>
        where id=#{id}
    </update>

    <update id="updateZxkc" parameterType="Course">
        update t_course
        <set>
            <if test="zxkc!=null">
                zxkc=#{zxkc},
            </if>
            <if test="sort2!=null">
                sort2=#{sort2},
            </if>
        </set>
        where id=#{id}
    </update>

    <update id="updateMfkc" parameterType="Course">
        update t_course
        <set>
            <if test="mfkc!=null">
                mfkc=#{mfkc},
            </if>
            <if test="sort3!=null">
                sort3=#{sort3},
            </if>
        </set>
        where id=#{id}
    </update>

    <update id="updateSzkc" parameterType="Course">
        update t_course
        <set>
            <if test="szkc!=null">
                szkc=#{szkc},
            </if>
            <if test="sort4!=null">
                sort4=#{sort4},
            </if>
        </set>
        where id=#{id}
    </update>

    <update id="update" parameterType="Course">
        update t_course
        <set>
            <if test="name!=null and name!=''">
                name=#{name},
            </if>
            <if test="teacher.id!=null">
                teacherId=#{teacher.id},
            </if>
            <if test="courseType.id!=null">
                typeId=#{courseType.id},
            </if>
            <if test="imageName!=null and imageName!=''">
                imageName=#{imageName},
            </if>
            <if test="type!=null and type!=''">
                type=#{type},
            </if>
            <if test="view!=null">
                view=#{view},
            </if>
            <if test="introduction!=null and introduction!=''">
                introduction=#{introduction},
            </if>
            <if test="catalog!=null and catalog!=''">
                catalog=#{catalog},
            </if>
            <if test="download!=null and download!=''">
                download=#{download},
            </if>
            <if test="url!=null and url!=''">
                url=#{url},
            </if>
        </set>
        where id=#{id}
    </update>

    <delete id="delete" parameterType="Integer">
		delete from t_course where id=#{id}
	</delete>



</mapper>