<?xml version="1.0" encoding="UTF-8" ?>
<!DOCTYPE mapper
        PUBLIC "-//mybatis.org//DTD Mapper 3.0//EN"
        "http://mybatis.org/dtd/mybatis-3-mapper.dtd">
<mapper namespace="com.java1234.mapper.FootMenuMapper">

    <resultMap type="FootMenu" id="FootMenuResult">
        <result property="id" column="id"/>
        <result property="name" column="name"/>
        <result property="url" column="url"/>
        <result property="sort" column="sort"/>
    </resultMap>

    <select id="list" resultMap="FootMenuResult">
        select * from t_footmenu order by sort
    </select>

    <select id="getTotal"  resultType="Long">
        select count(*) from t_footmenu
    </select>

    <select id="findById" parameterType="Integer" resultMap="FootMenuResult">
		select * from t_footmenu where id=#{id}
	</select>

    <insert id="add" parameterType="FootMenu">
		insert into t_footmenu values(null,#{name},#{url},#{sort});
	</insert>

    <update id="update" parameterType="FootMenu">
        update t_footmenu
        <set>
            <if test="name!=null and name!=''">
                name=#{name},
            </if>
            <if test="url!=null and url!=''">
                url=#{url},
            </if>
            <if test="sort!=null">
                sort=#{sort},
            </if>
        </set>
        where id=#{id}
    </update>

    <delete id="delete" parameterType="Integer">
		delete from t_footmenu where id=#{id}
	</delete>




</mapper>