<?xml version="1.0" encoding="UTF-8" ?>
<!DOCTYPE mapper
        PUBLIC "-//mybatis.org//DTD Mapper 3.0//EN"
        "http://mybatis.org/dtd/mybatis-3-mapper.dtd">
<mapper namespace="com.java1234.mapper.MenuMapper">

    <resultMap type="Menu" id="MenuResult">
        <result property="id" column="id"/>
        <result property="name" column="name"/>
        <result property="url" column="url"/>
        <result property="color" column="color"/>
        <result property="strong" column="strong"/>
        <result property="sort" column="sort"/>
    </resultMap>

    <select id="list" resultMap="MenuResult">
        select * from t_menu order by sort
    </select>

    <select id="getTotal"  resultType="Long">
        select count(*) from t_menu
    </select>

    <select id="findById" parameterType="Integer" resultMap="MenuResult">
		select * from t_menu where id=#{id}
	</select>

    <insert id="add" parameterType="Menu">
		insert into t_menu values(null,#{name},#{url},#{color},#{strong},#{sort});
	</insert>

    <update id="update" parameterType="Menu">
        update t_menu
        <set>
            <if test="name!=null and name!=''">
                name=#{name},
            </if>
            <if test="url!=null and url!=''">
                url=#{url},
            </if>
            <if test="color!=null and color!=''">
                color=#{color},
            </if>
            <if test="strong!=null">
                strong=#{strong},
            </if>
            <if test="sort!=null">
                sort=#{sort},
            </if>
        </set>
        where id=#{id}
    </update>

    <delete id="delete" parameterType="Integer">
		delete from t_menu where id=#{id}
	</delete>




</mapper>