<?xml version="1.0" encoding="UTF-8" ?>
<!DOCTYPE mapper
        PUBLIC "-//mybatis.org//DTD Mapper 3.0//EN"
        "http://mybatis.org/dtd/mybatis-3-mapper.dtd">
<mapper namespace="com.java1234.mapper.OrderMapper">

    <resultMap type="Order" id="OrderResult">
        <result property="orderNo" column="orderNo"/>
        <result property="subject" column="subject"/>
        <result property="totalAmount" column="totalAmount"/>
        <result property="buyTime" column="buyTime"/>
        <result property="way" column="way"/>
        <result property="pay" column="pay"/>

        <association property="user" column="openid" select="com.java1234.mapper.UserMapper.findById"></association>
    </resultMap>

    <select id="list" parameterType="Map" resultMap="OrderResult">
        select * from t_order
        <where>
            <if test="orderNo!=null and orderNo!='' ">
                and orderNo like concat('%',#{orderNo},'%')
            </if>
            <if test="openid!=null and openid!='' ">
                and openid like concat('%',#{openid},'%')
            </if>
        </where>
        order by buyTime desc
        <if test="start!=null and size!=null">
            limit #{start},#{size}
        </if>
    </select>

    <select id="getTotal" parameterType="Map" resultType="Long">
        select count(*) from t_order
        <where>
            <if test="orderNo!=null and orderNo!='' ">
                and orderNo like concat('%',#{orderNo},'%')
            </if>
            <if test="openid!=null and openid!='' ">
                and openid like concat('%',#{openid},'%')
            </if>
        </where>
    </select>

    <select id="findById" parameterType="String"  resultMap="OrderResult">
        select * from t_order where orderNo=#{orderNo}
    </select>


    <insert id="add" parameterType="Order">
		insert into t_order values(#{orderNo},#{user.openid},#{subject},#{totalAmount},#{buyTime},#{way},#{pay});
	</insert>


    <update id="update" parameterType="Order">
        update t_order
        <set>
            <if test="pay!=null">
                pay=#{pay},
            </if>
            <if test="buyTime!=null">
                buyTime=#{buyTime},
            </if>
        </set>
        where orderNo=#{orderNo}
    </update>

    <delete id="delete" parameterType="String">
		delete from t_order where orderNo=#{orderNo}
	</delete>



</mapper>