<?xml version="1.0" encoding="UTF-8" ?>
<!DOCTYPE mapper
        PUBLIC "-//mybatis.org//DTD Mapper 3.0//EN"
        "http://mybatis.org/dtd/mybatis-3-mapper.dtd">
<mapper namespace="com.java1234.mapper.PropertyMapper">

    <resultMap type="Property" id="PropertyResult">
        <result property="id" column="id"/>
        <result property="name" column="name"/>
        <result property="value" column="value"/>
        <result property="defaultValue" column="defaultValue"/>
        <result property="remark" column="remark"/>
    </resultMap>

    <select id="list"  resultMap="PropertyResult">
        select * from t_property
    </select>

    <update id="update" parameterType="Property">
        update t_property
        <set>
            <if test="value!=null and value!=''">
                value=#{value},
            </if>
            <if test="remark!=null and remark!=''">
                remark=#{remark},
            </if>
        </set>
        where id=#{id}
    </update>

    <select id="findById" parameterType="Integer" resultMap="PropertyResult">
		select * from t_property where id=#{id}
	</select>

</mapper>