<?xml version="1.0" encoding="UTF-8" ?>
<!DOCTYPE mapper
        PUBLIC "-//mybatis.org//DTD Mapper 3.0//EN"
        "http://mybatis.org/dtd/mybatis-3-mapper.dtd">
<mapper namespace="com.java1234.mapper.TeacherMapper">

    <resultMap type="Teacher" id="TeacherResult">
        <result property="id" column="id"/>
        <result property="nickName" column="nickName"/>
        <result property="remark" column="remark"/>
        <result property="imageName" column="imageName"/>
    </resultMap>

    <select id="list"  resultMap="TeacherResult">
        select * from t_teacher
    </select>

    <select id="findById" parameterType="Integer"  resultMap="TeacherResult">
        select * from t_teacher where id=#{id}
    </select>
    
    <insert id="add" parameterType="Teacher">
		insert into t_teacher values(null,#{nickName},#{remark},#{imageName});
	</insert>

    <update id="update" parameterType="Teacher">
        update t_teacher
        <set>
            <if test="nickName!=null and nickName!=''">
                nickName=#{nickName},
            </if>
            <if test="remark!=null and remark!=''">
                remark=#{remark},
            </if>
            <if test="imageName!=null and imageName!=''">
                imageName=#{imageName},
            </if>
        </set>
        where id=#{id}
    </update>

    <delete id="delete" parameterType="Integer">
		delete from t_teacher where id=#{id}
	</delete>

</mapper>