<?xml version="1.0" encoding="UTF-8" ?>
<!DOCTYPE mapper
        PUBLIC "-//mybatis.org//DTD Mapper 3.0//EN"
        "http://mybatis.org/dtd/mybatis-3-mapper.dtd">
<mapper namespace="com.java1234.mapper.UserMapper">

    <resultMap type="User" id="UserResult">
        <result property="openid" column="openid"/>
        <result property="type" column="type"/>
        <result property="nickName" column="nickName"/>
        <result property="userImage" column="userImage"/>
        <result property="level" column="level"/>
        <result property="registerDate" column="registerDate"/>
        <result property="lastLoginDate" column="lastLoginDate"/>
    </resultMap>

    <select id="list" parameterType="Map"  resultMap="UserResult">
        select * from t_user
        <where>
            <if test="openid!=null and openid!='' ">
                and openid like concat('%',#{openid},'%')
            </if>
        </where>
        order by registerDate desc
        <if test="start!=null and size!=null">
            limit #{start},#{size}
        </if>
    </select>

    <select id="getTotal" parameterType="Map" resultType="Long">
        select count(*) from t_user
        <where>
            <if test="openid!=null and openid!='' ">
                and openid like concat('%',#{openid},'%')
            </if>
        </where>
    </select>

    <select id="findById" parameterType="String" resultMap="UserResult">
		select * from t_user where openid=#{openid}
	</select>

    <insert id="add" parameterType="User">
		insert into t_user values(#{openid},#{type},#{nickName},#{userImage},#{level},#{registerDate},#{lastLoginDate});
	</insert>

    <update id="update" parameterType="User">
        update t_user
        <set>
            <if test="type!=null and type!=''">
                type=#{type},
            </if>
            <if test="nickName!=null and nickName!=''">
                nickName=#{nickName},
            </if>
            <if test="userImage!=null and userImage!=''">
                userImage=#{userImage},
            </if>
            <if test="level!=null and level!=''">
                level=#{level},
            </if>
            <if test="registerDate!=null">
                registerDate=#{registerDate},
            </if>
            <if test="lastLoginDate!=null">
                lastLoginDate=#{lastLoginDate},
            </if>
        </set>
        where openid=#{openid}
    </update>

    <delete id="delete" parameterType="String">
		delete from t_user where openid=#{openid}
	</delete>




</mapper>