/*
 Navicat Premium Data Transfer

 Source Server         : 127.0.0.1
 Source Server Type    : MySQL
 Source Server Version : 50725
 Source Host           : 127.0.0.1:3306
 Source Schema         : febs_shiro_jwt

 Target Server Type    : MySQL
 Target Server Version : 50725
 File Encoding         : 65001

 Date: 05/05/2020 13:34:07
*/

SET NAMES utf8mb4;
SET FOREIGN_KEY_CHECKS = 0;

-- ----------------------------
-- Table structure for qrtz_blob_triggers
-- ----------------------------
DROP TABLE IF EXISTS `qrtz_blob_triggers`;
CREATE TABLE `qrtz_blob_triggers`  (
  `SCHED_NAME` varchar(120) CHARACTER SET utf8mb4 COLLATE utf8mb4_general_ci NOT NULL,
  `TRIGGER_NAME` varchar(200) CHARACTER SET utf8mb4 COLLATE utf8mb4_general_ci NOT NULL,
  `TRIGGER_GROUP` varchar(200) CHARACTER SET utf8mb4 COLLATE utf8mb4_general_ci NOT NULL,
  `BLOB_DATA` blob NULL,
  PRIMARY KEY (`SCHED_NAME`, `TRIGGER_NAME`, `TRIGGER_GROUP`) USING BTREE,
  CONSTRAINT `qrtz_blob_triggers_ibfk_1` FOREIGN KEY (`SCHED_NAME`, `TRIGGER_NAME`, `TRIGGER_GROUP`) REFERENCES `qrtz_triggers` (`SCHED_NAME`, `TRIGGER_NAME`, `TRIGGER_GROUP`) ON DELETE RESTRICT ON UPDATE RESTRICT
) ENGINE = InnoDB CHARACTER SET = utf8mb4 COLLATE = utf8mb4_general_ci ROW_FORMAT = Dynamic;

-- ----------------------------
-- Table structure for qrtz_calendars
-- ----------------------------
DROP TABLE IF EXISTS `qrtz_calendars`;
CREATE TABLE `qrtz_calendars`  (
  `SCHED_NAME` varchar(120) CHARACTER SET utf8mb4 COLLATE utf8mb4_general_ci NOT NULL,
  `CALENDAR_NAME` varchar(200) CHARACTER SET utf8mb4 COLLATE utf8mb4_general_ci NOT NULL,
  `CALENDAR` blob NOT NULL,
  PRIMARY KEY (`SCHED_NAME`, `CALENDAR_NAME`) USING BTREE
) ENGINE = InnoDB CHARACTER SET = utf8mb4 COLLATE = utf8mb4_general_ci ROW_FORMAT = Dynamic;

-- ----------------------------
-- Table structure for qrtz_cron_triggers
-- ----------------------------
DROP TABLE IF EXISTS `qrtz_cron_triggers`;
CREATE TABLE `qrtz_cron_triggers`  (
  `SCHED_NAME` varchar(120) CHARACTER SET utf8mb4 COLLATE utf8mb4_general_ci NOT NULL,
  `TRIGGER_NAME` varchar(200) CHARACTER SET utf8mb4 COLLATE utf8mb4_general_ci NOT NULL,
  `TRIGGER_GROUP` varchar(200) CHARACTER SET utf8mb4 COLLATE utf8mb4_general_ci NOT NULL,
  `CRON_EXPRESSION` varchar(200) CHARACTER SET utf8mb4 COLLATE utf8mb4_general_ci NOT NULL,
  `TIME_ZONE_ID` varchar(80) CHARACTER SET utf8mb4 COLLATE utf8mb4_general_ci NULL DEFAULT NULL,
  PRIMARY KEY (`SCHED_NAME`, `TRIGGER_NAME`, `TRIGGER_GROUP`) USING BTREE,
  CONSTRAINT `qrtz_cron_triggers_ibfk_1` FOREIGN KEY (`SCHED_NAME`, `TRIGGER_NAME`, `TRIGGER_GROUP`) REFERENCES `qrtz_triggers` (`SCHED_NAME`, `TRIGGER_NAME`, `TRIGGER_GROUP`) ON DELETE RESTRICT ON UPDATE RESTRICT
) ENGINE = InnoDB CHARACTER SET = utf8mb4 COLLATE = utf8mb4_general_ci ROW_FORMAT = Dynamic;

-- ----------------------------
-- Records of qrtz_cron_triggers
-- ----------------------------
INSERT INTO `qrtz_cron_triggers` VALUES ('MyScheduler', 'TASK_1', 'DEFAULT', '0/1 * * * * ?1', 'Asia/Shanghai');
INSERT INTO `qrtz_cron_triggers` VALUES ('MyScheduler', 'TASK_11', 'DEFAULT', '0/5 * * * * ?', 'Asia/Shanghai');
INSERT INTO `qrtz_cron_triggers` VALUES ('MyScheduler', 'TASK_2', 'DEFAULT', '0/10 * * * * ?', 'Asia/Shanghai');
INSERT INTO `qrtz_cron_triggers` VALUES ('MyScheduler', 'TASK_3', 'DEFAULT', '0/1 * * * * ?', 'Asia/Shanghai');

-- ----------------------------
-- Table structure for qrtz_fired_triggers
-- ----------------------------
DROP TABLE IF EXISTS `qrtz_fired_triggers`;
CREATE TABLE `qrtz_fired_triggers`  (
  `SCHED_NAME` varchar(120) CHARACTER SET utf8mb4 COLLATE utf8mb4_general_ci NOT NULL,
  `ENTRY_ID` varchar(95) CHARACTER SET utf8mb4 COLLATE utf8mb4_general_ci NOT NULL,
  `TRIGGER_NAME` varchar(200) CHARACTER SET utf8mb4 COLLATE utf8mb4_general_ci NOT NULL,
  `TRIGGER_GROUP` varchar(200) CHARACTER SET utf8mb4 COLLATE utf8mb4_general_ci NOT NULL,
  `INSTANCE_NAME` varchar(200) CHARACTER SET utf8mb4 COLLATE utf8mb4_general_ci NOT NULL,
  `FIRED_TIME` bigint(13) NOT NULL,
  `SCHED_TIME` bigint(13) NOT NULL,
  `PRIORITY` int(11) NOT NULL,
  `STATE` varchar(16) CHARACTER SET utf8mb4 COLLATE utf8mb4_general_ci NOT NULL,
  `JOB_NAME` varchar(200) CHARACTER SET utf8mb4 COLLATE utf8mb4_general_ci NULL DEFAULT NULL,
  `JOB_GROUP` varchar(200) CHARACTER SET utf8mb4 COLLATE utf8mb4_general_ci NULL DEFAULT NULL,
  `IS_NONCONCURRENT` varchar(1) CHARACTER SET utf8mb4 COLLATE utf8mb4_general_ci NULL DEFAULT NULL,
  `REQUESTS_RECOVERY` varchar(1) CHARACTER SET utf8mb4 COLLATE utf8mb4_general_ci NULL DEFAULT NULL,
  PRIMARY KEY (`SCHED_NAME`, `ENTRY_ID`) USING BTREE
) ENGINE = InnoDB CHARACTER SET = utf8mb4 COLLATE = utf8mb4_general_ci ROW_FORMAT = Dynamic;

-- ----------------------------
-- Table structure for qrtz_job_details
-- ----------------------------
DROP TABLE IF EXISTS `qrtz_job_details`;
CREATE TABLE `qrtz_job_details`  (
  `SCHED_NAME` varchar(120) CHARACTER SET utf8mb4 COLLATE utf8mb4_general_ci NOT NULL,
  `JOB_NAME` varchar(200) CHARACTER SET utf8mb4 COLLATE utf8mb4_general_ci NOT NULL,
  `JOB_GROUP` varchar(200) CHARACTER SET utf8mb4 COLLATE utf8mb4_general_ci NOT NULL,
  `DESCRIPTION` varchar(250) CHARACTER SET utf8mb4 COLLATE utf8mb4_general_ci NULL DEFAULT NULL,
  `JOB_CLASS_NAME` varchar(250) CHARACTER SET utf8mb4 COLLATE utf8mb4_general_ci NOT NULL,
  `IS_DURABLE` varchar(1) CHARACTER SET utf8mb4 COLLATE utf8mb4_general_ci NOT NULL,
  `IS_NONCONCURRENT` varchar(1) CHARACTER SET utf8mb4 COLLATE utf8mb4_general_ci NOT NULL,
  `IS_UPDATE_DATA` varchar(1) CHARACTER SET utf8mb4 COLLATE utf8mb4_general_ci NOT NULL,
  `REQUESTS_RECOVERY` varchar(1) CHARACTER SET utf8mb4 COLLATE utf8mb4_general_ci NOT NULL,
  `JOB_DATA` blob NULL,
  PRIMARY KEY (`SCHED_NAME`, `JOB_NAME`, `JOB_GROUP`) USING BTREE
) ENGINE = InnoDB CHARACTER SET = utf8mb4 COLLATE = utf8mb4_general_ci ROW_FORMAT = Dynamic;

-- ----------------------------
-- Records of qrtz_job_details
-- ----------------------------
INSERT INTO `qrtz_job_details` VALUES ('MyScheduler', 'TASK_1', 'DEFAULT', NULL, 'cc.mrbird.febs.job.util.ScheduleJob', '0', '0', '0', '0', 0xACED0005737200156F72672E71756172747A2E4A6F62446174614D61709FB083E8BFA9B0CB020000787200266F72672E71756172747A2E7574696C732E537472696E674B65794469727479466C61674D61708208E8C3FBC55D280200015A0013616C6C6F77735472616E7369656E74446174617872001D6F72672E71756172747A2E7574696C732E4469727479466C61674D617013E62EAD28760ACE0200025A000564697274794C00036D617074000F4C6A6176612F7574696C2F4D61703B787001737200116A6176612E7574696C2E486173684D61700507DAC1C31660D103000246000A6C6F6164466163746F724900097468726573686F6C6478703F4000000000000C7708000000100000000174000D4A4F425F504152414D5F4B45597372001D63632E6D72626972642E666562732E6A6F622E646F6D61696E2E4A6F62058D52AC1093A3040200084C00086265616E4E616D657400124C6A6176612F6C616E672F537472696E673B4C000A63726561746554696D657400104C6A6176612F7574696C2F446174653B4C000E63726F6E45787072657373696F6E71007E00094C00056A6F6249647400104C6A6176612F6C616E672F4C6F6E673B4C000A6D6574686F644E616D6571007E00094C0006706172616D7371007E00094C000672656D61726B71007E00094C000673746174757371007E00097870740008746573745461736B7372000E6A6176612E7574696C2E44617465686A81014B5974190300007870770800000161C6EB70707874000E302F31202A202A202A202A203F317372000E6A6176612E6C616E672E4C6F6E673B8BE490CC8F23DF0200014A000576616C7565787200106A6176612E6C616E672E4E756D62657286AC951D0B94E08B02000078700000000000000001740004746573747400066D7262697264740018E69C89E58F82E4BBBBE58AA1E8B083E5BAA6E6B58BE8AF95740001317800);
INSERT INTO `qrtz_job_details` VALUES ('MyScheduler', 'TASK_11', 'DEFAULT', NULL, 'cc.mrbird.febs.job.util.ScheduleJob', '0', '0', '0', '0', 0xACED0005737200156F72672E71756172747A2E4A6F62446174614D61709FB083E8BFA9B0CB020000787200266F72672E71756172747A2E7574696C732E537472696E674B65794469727479466C61674D61708208E8C3FBC55D280200015A0013616C6C6F77735472616E7369656E74446174617872001D6F72672E71756172747A2E7574696C732E4469727479466C61674D617013E62EAD28760ACE0200025A000564697274794C00036D617074000F4C6A6176612F7574696C2F4D61703B787001737200116A6176612E7574696C2E486173684D61700507DAC1C31660D103000246000A6C6F6164466163746F724900097468726573686F6C6478703F4000000000000C7708000000100000000174000D4A4F425F504152414D5F4B45597372001D63632E6D72626972642E666562732E6A6F622E646F6D61696E2E4A6F62058D52AC1093A3040200084C00086265616E4E616D657400124C6A6176612F6C616E672F537472696E673B4C000A63726561746554696D657400104C6A6176612F7574696C2F446174653B4C000E63726F6E45787072657373696F6E71007E00094C00056A6F6249647400104C6A6176612F6C616E672F4C6F6E673B4C000A6D6574686F644E616D6571007E00094C0006706172616D7371007E00094C000672656D61726B71007E00094C000673746174757371007E00097870740008746573745461736B7372000E6A6176612E7574696C2E44617465686A81014B5974190300007870770800000161D01BAC507874000D302F35202A202A202A202A203F7372000E6A6176612E6C616E672E4C6F6E673B8BE490CC8F23DF0200014A000576616C7565787200106A6176612E6C616E672E4E756D62657286AC951D0B94E08B0200007870000000000000000B74000574657374327074000CE6B58BE8AF95E5BC82E5B8B8740001317800);
INSERT INTO `qrtz_job_details` VALUES ('MyScheduler', 'TASK_2', 'DEFAULT', NULL, 'cc.mrbird.febs.job.util.ScheduleJob', '0', '0', '0', '0', 0xACED0005737200156F72672E71756172747A2E4A6F62446174614D61709FB083E8BFA9B0CB020000787200266F72672E71756172747A2E7574696C732E537472696E674B65794469727479466C61674D61708208E8C3FBC55D280200015A0013616C6C6F77735472616E7369656E74446174617872001D6F72672E71756172747A2E7574696C732E4469727479466C61674D617013E62EAD28760ACE0200025A000564697274794C00036D617074000F4C6A6176612F7574696C2F4D61703B787001737200116A6176612E7574696C2E486173684D61700507DAC1C31660D103000246000A6C6F6164466163746F724900097468726573686F6C6478703F4000000000000C7708000000100000000174000D4A4F425F504152414D5F4B45597372001D63632E6D72626972642E666562732E6A6F622E646F6D61696E2E4A6F62058D52AC1093A3040200084C00086265616E4E616D657400124C6A6176612F6C616E672F537472696E673B4C000A63726561746554696D657400104C6A6176612F7574696C2F446174653B4C000E63726F6E45787072657373696F6E71007E00094C00056A6F6249647400104C6A6176612F6C616E672F4C6F6E673B4C000A6D6574686F644E616D6571007E00094C0006706172616D7371007E00094C000672656D61726B71007E00094C000673746174757371007E00097870740008746573745461736B7372000E6A6176612E7574696C2E44617465686A81014B5974190300007870770800000161C71032987874000E302F3130202A202A202A202A203F7372000E6A6176612E6C616E672E4C6F6E673B8BE490CC8F23DF0200014A000576616C7565787200106A6176612E6C616E672E4E756D62657286AC951D0B94E08B02000078700000000000000002740005746573743170740018E697A0E58F82E4BBBBE58AA1E8B083E5BAA6E6B58BE8AF95740001317800);
INSERT INTO `qrtz_job_details` VALUES ('MyScheduler', 'TASK_3', 'DEFAULT', NULL, 'cc.mrbird.febs.job.util.ScheduleJob', '0', '0', '0', '0', 0xACED0005737200156F72672E71756172747A2E4A6F62446174614D61709FB083E8BFA9B0CB020000787200266F72672E71756172747A2E7574696C732E537472696E674B65794469727479466C61674D61708208E8C3FBC55D280200015A0013616C6C6F77735472616E7369656E74446174617872001D6F72672E71756172747A2E7574696C732E4469727479466C61674D617013E62EAD28760ACE0200025A000564697274794C00036D617074000F4C6A6176612F7574696C2F4D61703B787001737200116A6176612E7574696C2E486173684D61700507DAC1C31660D103000246000A6C6F6164466163746F724900097468726573686F6C6478703F4000000000000C7708000000100000000174000D4A4F425F504152414D5F4B45597372001D63632E6D72626972642E666562732E6A6F622E646F6D61696E2E4A6F62058D52AC1093A3040200084C00086265616E4E616D657400124C6A6176612F6C616E672F537472696E673B4C000A63726561746554696D657400104C6A6176612F7574696C2F446174653B4C000E63726F6E45787072657373696F6E71007E00094C00056A6F6249647400104C6A6176612F6C616E672F4C6F6E673B4C000A6D6574686F644E616D6571007E00094C0006706172616D7371007E00094C000672656D61726B71007E00094C000673746174757371007E00097870740008746573745461736B7372000E6A6176612E7574696C2E44617465686A81014B5974190300007870770800000161CFB9A6907874000D302F31202A202A202A202A203F7372000E6A6176612E6C616E672E4C6F6E673B8BE490CC8F23DF0200014A000576616C7565787200106A6176612E6C616E672E4E756D62657286AC951D0B94E08B020000787000000000000000037400047465737474000B68656C6C6F20776F726C6474002BE69C89E58F82E4BBBBE58AA1E8B083E5BAA6E6B58BE8AF952CE6AF8FE99A94E4B880E7A792E8A7A6E58F91740001317800);

-- ----------------------------
-- Table structure for qrtz_locks
-- ----------------------------
DROP TABLE IF EXISTS `qrtz_locks`;
CREATE TABLE `qrtz_locks`  (
  `SCHED_NAME` varchar(120) CHARACTER SET utf8mb4 COLLATE utf8mb4_general_ci NOT NULL,
  `LOCK_NAME` varchar(40) CHARACTER SET utf8mb4 COLLATE utf8mb4_general_ci NOT NULL,
  PRIMARY KEY (`SCHED_NAME`, `LOCK_NAME`) USING BTREE
) ENGINE = InnoDB CHARACTER SET = utf8mb4 COLLATE = utf8mb4_general_ci ROW_FORMAT = Dynamic;

-- ----------------------------
-- Records of qrtz_locks
-- ----------------------------
INSERT INTO `qrtz_locks` VALUES ('MyScheduler', 'STATE_ACCESS');
INSERT INTO `qrtz_locks` VALUES ('MyScheduler', 'TRIGGER_ACCESS');

-- ----------------------------
-- Table structure for qrtz_paused_trigger_grps
-- ----------------------------
DROP TABLE IF EXISTS `qrtz_paused_trigger_grps`;
CREATE TABLE `qrtz_paused_trigger_grps`  (
  `SCHED_NAME` varchar(120) CHARACTER SET utf8mb4 COLLATE utf8mb4_general_ci NOT NULL,
  `TRIGGER_GROUP` varchar(200) CHARACTER SET utf8mb4 COLLATE utf8mb4_general_ci NOT NULL,
  PRIMARY KEY (`SCHED_NAME`, `TRIGGER_GROUP`) USING BTREE
) ENGINE = InnoDB CHARACTER SET = utf8mb4 COLLATE = utf8mb4_general_ci ROW_FORMAT = Dynamic;

-- ----------------------------
-- Table structure for qrtz_scheduler_state
-- ----------------------------
DROP TABLE IF EXISTS `qrtz_scheduler_state`;
CREATE TABLE `qrtz_scheduler_state`  (
  `SCHED_NAME` varchar(120) CHARACTER SET utf8mb4 COLLATE utf8mb4_general_ci NOT NULL,
  `INSTANCE_NAME` varchar(200) CHARACTER SET utf8mb4 COLLATE utf8mb4_general_ci NOT NULL,
  `LAST_CHECKIN_TIME` bigint(13) NOT NULL,
  `CHECKIN_INTERVAL` bigint(13) NOT NULL,
  PRIMARY KEY (`SCHED_NAME`, `INSTANCE_NAME`) USING BTREE
) ENGINE = InnoDB CHARACTER SET = utf8mb4 COLLATE = utf8mb4_general_ci ROW_FORMAT = Dynamic;

-- ----------------------------
-- Records of qrtz_scheduler_state
-- ----------------------------
INSERT INTO `qrtz_scheduler_state` VALUES ('MyScheduler', 'wx-PC1588655825716', 1588656834722, 15000);

-- ----------------------------
-- Table structure for qrtz_simple_triggers
-- ----------------------------
DROP TABLE IF EXISTS `qrtz_simple_triggers`;
CREATE TABLE `qrtz_simple_triggers`  (
  `SCHED_NAME` varchar(120) CHARACTER SET utf8mb4 COLLATE utf8mb4_general_ci NOT NULL,
  `TRIGGER_NAME` varchar(200) CHARACTER SET utf8mb4 COLLATE utf8mb4_general_ci NOT NULL,
  `TRIGGER_GROUP` varchar(200) CHARACTER SET utf8mb4 COLLATE utf8mb4_general_ci NOT NULL,
  `REPEAT_COUNT` bigint(7) NOT NULL,
  `REPEAT_INTERVAL` bigint(12) NOT NULL,
  `TIMES_TRIGGERED` bigint(10) NOT NULL,
  PRIMARY KEY (`SCHED_NAME`, `TRIGGER_NAME`, `TRIGGER_GROUP`) USING BTREE,
  CONSTRAINT `qrtz_simple_triggers_ibfk_1` FOREIGN KEY (`SCHED_NAME`, `TRIGGER_NAME`, `TRIGGER_GROUP`) REFERENCES `qrtz_triggers` (`SCHED_NAME`, `TRIGGER_NAME`, `TRIGGER_GROUP`) ON DELETE RESTRICT ON UPDATE RESTRICT
) ENGINE = InnoDB CHARACTER SET = utf8mb4 COLLATE = utf8mb4_general_ci ROW_FORMAT = Dynamic;

-- ----------------------------
-- Table structure for qrtz_simprop_triggers
-- ----------------------------
DROP TABLE IF EXISTS `qrtz_simprop_triggers`;
CREATE TABLE `qrtz_simprop_triggers`  (
  `SCHED_NAME` varchar(120) CHARACTER SET utf8mb4 COLLATE utf8mb4_general_ci NOT NULL,
  `TRIGGER_NAME` varchar(200) CHARACTER SET utf8mb4 COLLATE utf8mb4_general_ci NOT NULL,
  `TRIGGER_GROUP` varchar(200) CHARACTER SET utf8mb4 COLLATE utf8mb4_general_ci NOT NULL,
  `STR_PROP_1` varchar(512) CHARACTER SET utf8mb4 COLLATE utf8mb4_general_ci NULL DEFAULT NULL,
  `STR_PROP_2` varchar(512) CHARACTER SET utf8mb4 COLLATE utf8mb4_general_ci NULL DEFAULT NULL,
  `STR_PROP_3` varchar(512) CHARACTER SET utf8mb4 COLLATE utf8mb4_general_ci NULL DEFAULT NULL,
  `INT_PROP_1` int(11) NULL DEFAULT NULL,
  `INT_PROP_2` int(11) NULL DEFAULT NULL,
  `LONG_PROP_1` bigint(20) NULL DEFAULT NULL,
  `LONG_PROP_2` bigint(20) NULL DEFAULT NULL,
  `DEC_PROP_1` decimal(13, 4) NULL DEFAULT NULL,
  `DEC_PROP_2` decimal(13, 4) NULL DEFAULT NULL,
  `BOOL_PROP_1` varchar(1) CHARACTER SET utf8mb4 COLLATE utf8mb4_general_ci NULL DEFAULT NULL,
  `BOOL_PROP_2` varchar(1) CHARACTER SET utf8mb4 COLLATE utf8mb4_general_ci NULL DEFAULT NULL,
  PRIMARY KEY (`SCHED_NAME`, `TRIGGER_NAME`, `TRIGGER_GROUP`) USING BTREE,
  CONSTRAINT `qrtz_simprop_triggers_ibfk_1` FOREIGN KEY (`SCHED_NAME`, `TRIGGER_NAME`, `TRIGGER_GROUP`) REFERENCES `qrtz_triggers` (`SCHED_NAME`, `TRIGGER_NAME`, `TRIGGER_GROUP`) ON DELETE RESTRICT ON UPDATE RESTRICT
) ENGINE = InnoDB CHARACTER SET = utf8mb4 COLLATE = utf8mb4_general_ci ROW_FORMAT = Dynamic;

-- ----------------------------
-- Table structure for qrtz_triggers
-- ----------------------------
DROP TABLE IF EXISTS `qrtz_triggers`;
CREATE TABLE `qrtz_triggers`  (
  `SCHED_NAME` varchar(120) CHARACTER SET utf8mb4 COLLATE utf8mb4_general_ci NOT NULL,
  `TRIGGER_NAME` varchar(200) CHARACTER SET utf8mb4 COLLATE utf8mb4_general_ci NOT NULL,
  `TRIGGER_GROUP` varchar(200) CHARACTER SET utf8mb4 COLLATE utf8mb4_general_ci NOT NULL,
  `JOB_NAME` varchar(200) CHARACTER SET utf8mb4 COLLATE utf8mb4_general_ci NOT NULL,
  `JOB_GROUP` varchar(200) CHARACTER SET utf8mb4 COLLATE utf8mb4_general_ci NOT NULL,
  `DESCRIPTION` varchar(250) CHARACTER SET utf8mb4 COLLATE utf8mb4_general_ci NULL DEFAULT NULL,
  `NEXT_FIRE_TIME` bigint(13) NULL DEFAULT NULL,
  `PREV_FIRE_TIME` bigint(13) NULL DEFAULT NULL,
  `PRIORITY` int(11) NULL DEFAULT NULL,
  `TRIGGER_STATE` varchar(16) CHARACTER SET utf8mb4 COLLATE utf8mb4_general_ci NOT NULL,
  `TRIGGER_TYPE` varchar(8) CHARACTER SET utf8mb4 COLLATE utf8mb4_general_ci NOT NULL,
  `START_TIME` bigint(13) NOT NULL,
  `END_TIME` bigint(13) NULL DEFAULT NULL,
  `CALENDAR_NAME` varchar(200) CHARACTER SET utf8mb4 COLLATE utf8mb4_general_ci NULL DEFAULT NULL,
  `MISFIRE_INSTR` smallint(2) NULL DEFAULT NULL,
  `JOB_DATA` blob NULL,
  PRIMARY KEY (`SCHED_NAME`, `TRIGGER_NAME`, `TRIGGER_GROUP`) USING BTREE,
  INDEX `SCHED_NAME`(`SCHED_NAME`, `JOB_NAME`, `JOB_GROUP`) USING BTREE,
  CONSTRAINT `qrtz_triggers_ibfk_1` FOREIGN KEY (`SCHED_NAME`, `JOB_NAME`, `JOB_GROUP`) REFERENCES `qrtz_job_details` (`SCHED_NAME`, `JOB_NAME`, `JOB_GROUP`) ON DELETE RESTRICT ON UPDATE RESTRICT
) ENGINE = InnoDB CHARACTER SET = utf8mb4 COLLATE = utf8mb4_general_ci ROW_FORMAT = Dynamic;

-- ----------------------------
-- Records of qrtz_triggers
-- ----------------------------
INSERT INTO `qrtz_triggers` VALUES ('MyScheduler', 'TASK_1', 'DEFAULT', 'TASK_1', 'DEFAULT', NULL, 1588396206000, -1, 5, 'PAUSED', 'CRON', 1588396206000, 0, NULL, 2, 0xACED0005737200156F72672E71756172747A2E4A6F62446174614D61709FB083E8BFA9B0CB020000787200266F72672E71756172747A2E7574696C732E537472696E674B65794469727479466C61674D61708208E8C3FBC55D280200015A0013616C6C6F77735472616E7369656E74446174617872001D6F72672E71756172747A2E7574696C732E4469727479466C61674D617013E62EAD28760ACE0200025A000564697274794C00036D617074000F4C6A6176612F7574696C2F4D61703B787001737200116A6176612E7574696C2E486173684D61700507DAC1C31660D103000246000A6C6F6164466163746F724900097468726573686F6C6478703F4000000000000C7708000000100000000174000D4A4F425F504152414D5F4B45597372001D63632E6D72626972642E666562732E6A6F622E646F6D61696E2E4A6F62058D52AC1093A3040200084C00086265616E4E616D657400124C6A6176612F6C616E672F537472696E673B4C000A63726561746554696D657400104C6A6176612F7574696C2F446174653B4C000E63726F6E45787072657373696F6E71007E00094C00056A6F6249647400104C6A6176612F6C616E672F4C6F6E673B4C000A6D6574686F644E616D6571007E00094C0006706172616D7371007E00094C000672656D61726B71007E00094C000673746174757371007E00097870740008746573745461736B7372000E6A6176612E7574696C2E44617465686A81014B5974190300007870770800000161C6EB70707874000E302F31202A202A202A202A203F317372000E6A6176612E6C616E672E4C6F6E673B8BE490CC8F23DF0200014A000576616C7565787200106A6176612E6C616E672E4E756D62657286AC951D0B94E08B02000078700000000000000001740004746573747400066D7262697264740018E69C89E58F82E4BBBBE58AA1E8B083E5BAA6E6B58BE8AF95740001317800);
INSERT INTO `qrtz_triggers` VALUES ('MyScheduler', 'TASK_11', 'DEFAULT', 'TASK_11', 'DEFAULT', NULL, 1588396210000, -1, 5, 'PAUSED', 'CRON', 1588396206000, 0, NULL, 2, 0xACED0005737200156F72672E71756172747A2E4A6F62446174614D61709FB083E8BFA9B0CB020000787200266F72672E71756172747A2E7574696C732E537472696E674B65794469727479466C61674D61708208E8C3FBC55D280200015A0013616C6C6F77735472616E7369656E74446174617872001D6F72672E71756172747A2E7574696C732E4469727479466C61674D617013E62EAD28760ACE0200025A000564697274794C00036D617074000F4C6A6176612F7574696C2F4D61703B787001737200116A6176612E7574696C2E486173684D61700507DAC1C31660D103000246000A6C6F6164466163746F724900097468726573686F6C6478703F4000000000000C7708000000100000000174000D4A4F425F504152414D5F4B45597372001D63632E6D72626972642E666562732E6A6F622E646F6D61696E2E4A6F62058D52AC1093A3040200084C00086265616E4E616D657400124C6A6176612F6C616E672F537472696E673B4C000A63726561746554696D657400104C6A6176612F7574696C2F446174653B4C000E63726F6E45787072657373696F6E71007E00094C00056A6F6249647400104C6A6176612F6C616E672F4C6F6E673B4C000A6D6574686F644E616D6571007E00094C0006706172616D7371007E00094C000672656D61726B71007E00094C000673746174757371007E00097870740008746573745461736B7372000E6A6176612E7574696C2E44617465686A81014B5974190300007870770800000161D01BAC507874000D302F35202A202A202A202A203F7372000E6A6176612E6C616E672E4C6F6E673B8BE490CC8F23DF0200014A000576616C7565787200106A6176612E6C616E672E4E756D62657286AC951D0B94E08B0200007870000000000000000B74000574657374327074000CE6B58BE8AF95E5BC82E5B8B8740001317800);
INSERT INTO `qrtz_triggers` VALUES ('MyScheduler', 'TASK_2', 'DEFAULT', 'TASK_2', 'DEFAULT', NULL, 1588396210000, -1, 5, 'PAUSED', 'CRON', 1588396206000, 0, NULL, 2, 0xACED0005737200156F72672E71756172747A2E4A6F62446174614D61709FB083E8BFA9B0CB020000787200266F72672E71756172747A2E7574696C732E537472696E674B65794469727479466C61674D61708208E8C3FBC55D280200015A0013616C6C6F77735472616E7369656E74446174617872001D6F72672E71756172747A2E7574696C732E4469727479466C61674D617013E62EAD28760ACE0200025A000564697274794C00036D617074000F4C6A6176612F7574696C2F4D61703B787001737200116A6176612E7574696C2E486173684D61700507DAC1C31660D103000246000A6C6F6164466163746F724900097468726573686F6C6478703F4000000000000C7708000000100000000174000D4A4F425F504152414D5F4B45597372001D63632E6D72626972642E666562732E6A6F622E646F6D61696E2E4A6F62058D52AC1093A3040200084C00086265616E4E616D657400124C6A6176612F6C616E672F537472696E673B4C000A63726561746554696D657400104C6A6176612F7574696C2F446174653B4C000E63726F6E45787072657373696F6E71007E00094C00056A6F6249647400104C6A6176612F6C616E672F4C6F6E673B4C000A6D6574686F644E616D6571007E00094C0006706172616D7371007E00094C000672656D61726B71007E00094C000673746174757371007E00097870740008746573745461736B7372000E6A6176612E7574696C2E44617465686A81014B5974190300007870770800000161C71032987874000E302F3130202A202A202A202A203F7372000E6A6176612E6C616E672E4C6F6E673B8BE490CC8F23DF0200014A000576616C7565787200106A6176612E6C616E672E4E756D62657286AC951D0B94E08B02000078700000000000000002740005746573743170740018E697A0E58F82E4BBBBE58AA1E8B083E5BAA6E6B58BE8AF95740001317800);
INSERT INTO `qrtz_triggers` VALUES ('MyScheduler', 'TASK_3', 'DEFAULT', 'TASK_3', 'DEFAULT', NULL, 1588396206000, -1, 5, 'PAUSED', 'CRON', 1588396206000, 0, NULL, 2, 0xACED0005737200156F72672E71756172747A2E4A6F62446174614D61709FB083E8BFA9B0CB020000787200266F72672E71756172747A2E7574696C732E537472696E674B65794469727479466C61674D61708208E8C3FBC55D280200015A0013616C6C6F77735472616E7369656E74446174617872001D6F72672E71756172747A2E7574696C732E4469727479466C61674D617013E62EAD28760ACE0200025A000564697274794C00036D617074000F4C6A6176612F7574696C2F4D61703B787001737200116A6176612E7574696C2E486173684D61700507DAC1C31660D103000246000A6C6F6164466163746F724900097468726573686F6C6478703F4000000000000C7708000000100000000174000D4A4F425F504152414D5F4B45597372001D63632E6D72626972642E666562732E6A6F622E646F6D61696E2E4A6F62058D52AC1093A3040200084C00086265616E4E616D657400124C6A6176612F6C616E672F537472696E673B4C000A63726561746554696D657400104C6A6176612F7574696C2F446174653B4C000E63726F6E45787072657373696F6E71007E00094C00056A6F6249647400104C6A6176612F6C616E672F4C6F6E673B4C000A6D6574686F644E616D6571007E00094C0006706172616D7371007E00094C000672656D61726B71007E00094C000673746174757371007E00097870740008746573745461736B7372000E6A6176612E7574696C2E44617465686A81014B5974190300007870770800000161CFB9A6907874000D302F31202A202A202A202A203F7372000E6A6176612E6C616E672E4C6F6E673B8BE490CC8F23DF0200014A000576616C7565787200106A6176612E6C616E672E4E756D62657286AC951D0B94E08B020000787000000000000000037400047465737474000B68656C6C6F20776F726C6474002BE69C89E58F82E4BBBBE58AA1E8B083E5BAA6E6B58BE8AF952CE6AF8FE99A94E4B880E7A792E8A7A6E58F91740001317800);

-- ----------------------------
-- Table structure for t_dept
-- ----------------------------
DROP TABLE IF EXISTS `t_dept`;
CREATE TABLE `t_dept`  (
  `DEPT_ID` bigint(20) NOT NULL AUTO_INCREMENT COMMENT '部门ID',
  `PARENT_ID` bigint(20) NOT NULL COMMENT '上级部门ID',
  `DEPT_NAME` varchar(100) CHARACTER SET utf8mb4 COLLATE utf8mb4_general_ci NOT NULL COMMENT '部门名称',
  `ORDER_NUM` bigint(20) NULL DEFAULT NULL COMMENT '排序',
  `CREATE_TIME` datetime(0) NULL DEFAULT NULL COMMENT '创建时间',
  `MODIFY_TIME` datetime(0) NULL DEFAULT NULL COMMENT '修改时间',
  `STATUS` char(1) CHARACTER SET utf8mb4 COLLATE utf8mb4_general_ci NOT NULL DEFAULT '1',
  `CREATE_USERNAME` varchar(100) CHARACTER SET utf8mb4 COLLATE utf8mb4_general_ci NULL DEFAULT NULL,
  `CREATE_USER_ID` bigint(20) NULL DEFAULT NULL,
  `MODIFY_USERNAME` varchar(100) CHARACTER SET utf8mb4 COLLATE utf8mb4_general_ci NULL DEFAULT NULL,
  `MODIFY_USER_ID` bigint(20) NULL DEFAULT NULL,
  PRIMARY KEY (`DEPT_ID`) USING BTREE
) ENGINE = InnoDB AUTO_INCREMENT = 7 CHARACTER SET = utf8mb4 COLLATE = utf8mb4_general_ci ROW_FORMAT = Dynamic;

-- ----------------------------
-- Records of t_dept
-- ----------------------------
INSERT INTO `t_dept` VALUES (1, 0, '开发部', 1, '2018-01-04 15:42:26', '2019-01-05 21:08:27', '1', NULL, NULL, NULL, NULL);
INSERT INTO `t_dept` VALUES (2, 1, '开发一部', 1, '2018-01-04 15:42:34', '2019-01-18 00:59:37', '1', NULL, NULL, NULL, NULL);
INSERT INTO `t_dept` VALUES (3, 1, '开发二部', 2, '2018-01-04 15:42:29', '2019-01-05 14:09:39', '1', NULL, NULL, NULL, NULL);
INSERT INTO `t_dept` VALUES (4, 0, '市场部', 2, '2018-01-04 15:42:36', '2019-01-23 06:27:56', '1', NULL, NULL, NULL, NULL);
INSERT INTO `t_dept` VALUES (5, 0, '人事部', 3, '2018-01-04 15:42:32', '2019-01-23 06:27:59', '1', NULL, NULL, NULL, NULL);
INSERT INTO `t_dept` VALUES (6, 0, '测试部', 4, '2018-01-04 15:42:38', '2019-01-17 08:15:47', '1', NULL, NULL, NULL, NULL);

-- ----------------------------
-- Table structure for t_dict
-- ----------------------------
DROP TABLE IF EXISTS `t_dict`;
CREATE TABLE `t_dict`  (
  `DICT_ID` bigint(20) NOT NULL AUTO_INCREMENT COMMENT '字典ID',
  `KEYY` bigint(20) NOT NULL COMMENT '键',
  `VALUEE` varchar(100) CHARACTER SET utf8mb4 COLLATE utf8mb4_general_ci NOT NULL COMMENT '值',
  `FIELD_NAME` varchar(100) CHARACTER SET utf8mb4 COLLATE utf8mb4_general_ci NOT NULL COMMENT '字段名称',
  `TABLE_NAME` varchar(100) CHARACTER SET utf8mb4 COLLATE utf8mb4_general_ci NOT NULL COMMENT '表名',
  `CREATE_TIME` datetime(0) NULL DEFAULT NULL COMMENT '创建时间',
  `CREATE_USERNAME` varchar(200) CHARACTER SET utf8mb4 COLLATE utf8mb4_general_ci NULL DEFAULT NULL COMMENT '创建人名称',
  `CREATE_USER_ID` int(11) NULL DEFAULT NULL COMMENT '创建人ID',
  `MODIFY_TIME` datetime(0) NULL DEFAULT NULL COMMENT '最后一次修改时间',
  `MODIFY_USERNAME` varchar(200) CHARACTER SET utf8mb4 COLLATE utf8mb4_general_ci NULL DEFAULT NULL COMMENT '最后一次修改人名称',
  `MODIFY_USER_ID` int(11) NULL DEFAULT NULL COMMENT '最后一次修改人ID',
  `STATUS` char(1) CHARACTER SET utf8mb4 COLLATE utf8mb4_general_ci NULL DEFAULT '1' COMMENT '逻辑删除：1：生效0：失效',
  `OTHER_KEYY` varchar(100) CHARACTER SET utf8mb4 COLLATE utf8mb4_general_ci NULL DEFAULT NULL COMMENT '其他判断依据',
  PRIMARY KEY (`DICT_ID`) USING BTREE
) ENGINE = InnoDB AUTO_INCREMENT = 37 CHARACTER SET = utf8mb4 COLLATE = utf8mb4_general_ci ROW_FORMAT = Dynamic;

-- ----------------------------
-- Records of t_dict
-- ----------------------------
INSERT INTO `t_dict` VALUES (1, 0, '男', 'ssex', 't_user', NULL, NULL, NULL, NULL, NULL, NULL, '1', NULL);
INSERT INTO `t_dict` VALUES (2, 1, '女', 'ssex', 't_user', NULL, NULL, NULL, NULL, NULL, NULL, '1', NULL);
INSERT INTO `t_dict` VALUES (3, 2, '保密', 'ssex', 't_user', NULL, NULL, NULL, NULL, NULL, NULL, '1', NULL);
INSERT INTO `t_dict` VALUES (4, 1, '有效', 'status', 't_user', NULL, NULL, NULL, NULL, NULL, NULL, '1', 'cyan');
INSERT INTO `t_dict` VALUES (5, 0, '锁定', 'status', 't_user', NULL, NULL, NULL, NULL, NULL, NULL, '1', 'red');
INSERT INTO `t_dict` VALUES (6, 0, '菜单', 'type', 't_menu', NULL, NULL, NULL, NULL, NULL, NULL, '1', NULL);
INSERT INTO `t_dict` VALUES (7, 1, '按钮', 'type', 't_menu', NULL, NULL, NULL, NULL, NULL, NULL, '1', NULL);
INSERT INTO `t_dict` VALUES (30, 0, '正常', 'status', 't_job', NULL, NULL, NULL, NULL, NULL, NULL, '1', NULL);
INSERT INTO `t_dict` VALUES (31, 1, '暂停', 'status', 't_job', NULL, NULL, NULL, NULL, NULL, NULL, '1', NULL);
INSERT INTO `t_dict` VALUES (32, 0, '成功', 'status', 't_job_log', NULL, NULL, NULL, NULL, NULL, NULL, '1', NULL);
INSERT INTO `t_dict` VALUES (33, 1, '失败', 'status', 't_job_log', NULL, NULL, NULL, NULL, NULL, NULL, '1', NULL);
INSERT INTO `t_dict` VALUES (34, 0, '全部数据', 'data_scope', 't_role', NULL, NULL, NULL, NULL, NULL, NULL, '1', NULL);
INSERT INTO `t_dict` VALUES (35, 1, '部门数据', 'data_scope', 't_role', NULL, NULL, NULL, NULL, NULL, NULL, '1', NULL);
INSERT INTO `t_dict` VALUES (36, 2, '个人数据', 'data_scope', 't_role', NULL, NULL, NULL, NULL, NULL, NULL, '1', NULL);

-- ----------------------------
-- Table structure for t_job
-- ----------------------------
DROP TABLE IF EXISTS `t_job`;
CREATE TABLE `t_job`  (
  `JOB_ID` bigint(20) NOT NULL AUTO_INCREMENT COMMENT '任务id',
  `BEAN_NAME` varchar(100) CHARACTER SET utf8mb4 COLLATE utf8mb4_general_ci NOT NULL COMMENT 'spring bean名称',
  `METHOD_NAME` varchar(100) CHARACTER SET utf8mb4 COLLATE utf8mb4_general_ci NOT NULL COMMENT '方法名',
  `PARAMS` varchar(200) CHARACTER SET utf8mb4 COLLATE utf8mb4_general_ci NULL DEFAULT NULL COMMENT '参数',
  `CRON_EXPRESSION` varchar(100) CHARACTER SET utf8mb4 COLLATE utf8mb4_general_ci NOT NULL COMMENT 'cron表达式',
  `STATUS` char(2) CHARACTER SET utf8mb4 COLLATE utf8mb4_general_ci NOT NULL COMMENT '任务状态  0：正常  1：暂停',
  `REMARK` varchar(200) CHARACTER SET utf8mb4 COLLATE utf8mb4_general_ci NULL DEFAULT NULL COMMENT '备注',
  `CREATE_TIME` datetime(0) NULL DEFAULT NULL COMMENT '创建时间',
  `MODIFY_TIME` datetime(0) NULL DEFAULT NULL,
  `CREATE_USERNAME` varchar(100) CHARACTER SET utf8mb4 COLLATE utf8mb4_general_ci NULL DEFAULT NULL,
  `CREATE_USER_ID` bigint(20) NULL DEFAULT NULL,
  `MODIFY_USERNAME` varchar(100) CHARACTER SET utf8mb4 COLLATE utf8mb4_general_ci NULL DEFAULT NULL,
  `MODIFY_USER_ID` bigint(20) NULL DEFAULT NULL,
  PRIMARY KEY (`JOB_ID`) USING BTREE
) ENGINE = InnoDB AUTO_INCREMENT = 12 CHARACTER SET = utf8mb4 COLLATE = utf8mb4_general_ci ROW_FORMAT = Dynamic;

-- ----------------------------
-- Records of t_job
-- ----------------------------
INSERT INTO `t_job` VALUES (1, 'testTask', 'test', 'mrbird', '0/1 * * * * ?1', '1', '有参任务调度测试', '2018-02-24 16:26:14', NULL, NULL, NULL, NULL, NULL);
INSERT INTO `t_job` VALUES (2, 'testTask', 'test1', NULL, '0/10 * * * * ?', '1', '无参任务调度测试', '2018-02-24 17:06:23', NULL, NULL, NULL, NULL, NULL);
INSERT INTO `t_job` VALUES (3, 'testTask', 'test', 'hello world', '0/1 * * * * ?', '1', '有参任务调度测试,每隔一秒触发', '2018-02-26 09:28:26', NULL, NULL, NULL, NULL, NULL);
INSERT INTO `t_job` VALUES (11, 'testTask', 'test2', NULL, '0/5 * * * * ?', '1', '测试异常', '2018-02-26 11:15:30', NULL, NULL, NULL, NULL, NULL);

-- ----------------------------
-- Table structure for t_job_log
-- ----------------------------
DROP TABLE IF EXISTS `t_job_log`;
CREATE TABLE `t_job_log`  (
  `LOG_ID` bigint(20) NOT NULL AUTO_INCREMENT COMMENT '任务日志id',
  `JOB_ID` bigint(20) NOT NULL COMMENT '任务id',
  `BEAN_NAME` varchar(100) CHARACTER SET utf8mb4 COLLATE utf8mb4_general_ci NOT NULL COMMENT 'spring bean名称',
  `METHOD_NAME` varchar(100) CHARACTER SET utf8mb4 COLLATE utf8mb4_general_ci NOT NULL COMMENT '方法名',
  `PARAMS` varchar(200) CHARACTER SET utf8mb4 COLLATE utf8mb4_general_ci NULL DEFAULT NULL COMMENT '参数',
  `STATUS` char(2) CHARACTER SET utf8mb4 COLLATE utf8mb4_general_ci NOT NULL COMMENT '任务状态    0：成功    1：失败',
  `ERROR` text CHARACTER SET utf8mb4 COLLATE utf8mb4_general_ci NULL COMMENT '失败信息',
  `TIMES` decimal(11, 0) NULL DEFAULT NULL COMMENT '耗时(单位：毫秒)',
  `CREATE_TIME` datetime(0) NULL DEFAULT NULL COMMENT '创建时间',
  PRIMARY KEY (`LOG_ID`) USING BTREE
) ENGINE = InnoDB AUTO_INCREMENT = 1 CHARACTER SET = utf8mb4 COLLATE = utf8mb4_general_ci ROW_FORMAT = Dynamic;

-- ----------------------------
-- Table structure for t_log
-- ----------------------------
DROP TABLE IF EXISTS `t_log`;
CREATE TABLE `t_log`  (
  `ID` bigint(20) NOT NULL AUTO_INCREMENT COMMENT '日志ID',
  `USERNAME` varchar(50) CHARACTER SET utf8mb4 COLLATE utf8mb4_general_ci NULL DEFAULT NULL COMMENT '操作用户',
  `OPERATION` text CHARACTER SET utf8mb4 COLLATE utf8mb4_general_ci NULL COMMENT '操作内容',
  `TIME` decimal(11, 0) NULL DEFAULT NULL COMMENT '耗时',
  `METHOD` text CHARACTER SET utf8mb4 COLLATE utf8mb4_general_ci NULL COMMENT '操作方法',
  `PARAMS` text CHARACTER SET utf8mb4 COLLATE utf8mb4_general_ci NULL COMMENT '方法参数',
  `IP` varchar(64) CHARACTER SET utf8mb4 COLLATE utf8mb4_general_ci NULL DEFAULT NULL COMMENT '操作者IP',
  `CREATE_TIME` datetime(0) NULL DEFAULT NULL COMMENT '创建时间',
  `location` varchar(50) CHARACTER SET utf8mb4 COLLATE utf8mb4_general_ci NULL DEFAULT NULL COMMENT '操作地点',
  `RESPONSE_CODE` int(11) NULL DEFAULT NULL COMMENT '应答码',
  `RESPONSE_TEXT` varchar(4000) CHARACTER SET utf8mb4 COLLATE utf8mb4_general_ci NULL DEFAULT NULL COMMENT '应答内容',
  `TYPE` char(1) CHARACTER SET utf8mb4 COLLATE utf8mb4_general_ci NOT NULL COMMENT '0系统内部操作日志, 1系统外部请求日志',
  PRIMARY KEY (`ID`) USING BTREE
) ENGINE = InnoDB AUTO_INCREMENT = 1 CHARACTER SET = utf8mb4 COLLATE = utf8mb4_general_ci ROW_FORMAT = Dynamic;

-- ----------------------------
-- Table structure for t_login_log
-- ----------------------------
DROP TABLE IF EXISTS `t_login_log`;
CREATE TABLE `t_login_log`  (
  `USERNAME` varchar(100) CHARACTER SET utf8mb4 COLLATE utf8mb4_general_ci NOT NULL COMMENT '用户名',
  `LOGIN_TIME` datetime(0) NOT NULL COMMENT '登录时间',
  `LOCATION` varchar(255) CHARACTER SET utf8mb4 COLLATE utf8mb4_general_ci NULL DEFAULT NULL COMMENT '登录地点',
  `IP` varchar(100) CHARACTER SET utf8mb4 COLLATE utf8mb4_general_ci NULL DEFAULT NULL COMMENT 'IP地址'
) ENGINE = InnoDB CHARACTER SET = utf8mb4 COLLATE = utf8mb4_general_ci ROW_FORMAT = Dynamic;

-- ----------------------------
-- Table structure for t_menu
-- ----------------------------
DROP TABLE IF EXISTS `t_menu`;
CREATE TABLE `t_menu`  (
  `MENU_ID` bigint(20) NOT NULL AUTO_INCREMENT COMMENT '菜单/按钮ID',
  `PARENT_ID` bigint(20) NOT NULL COMMENT '上级菜单ID',
  `MENU_NAME` varchar(50) CHARACTER SET utf8mb4 COLLATE utf8mb4_general_ci NOT NULL COMMENT '菜单/按钮名称',
  `PATH` varchar(255) CHARACTER SET utf8mb4 COLLATE utf8mb4_general_ci NULL DEFAULT NULL COMMENT '对应路由path',
  `COMPONENT` varchar(255) CHARACTER SET utf8mb4 COLLATE utf8mb4_general_ci NULL DEFAULT NULL COMMENT '对应路由组件component',
  `PERMS` varchar(50) CHARACTER SET utf8mb4 COLLATE utf8mb4_general_ci NULL DEFAULT NULL COMMENT '权限标识',
  `ICON` varchar(50) CHARACTER SET utf8mb4 COLLATE utf8mb4_general_ci NULL DEFAULT NULL COMMENT '图标',
  `TYPE` char(2) CHARACTER SET utf8mb4 COLLATE utf8mb4_general_ci NOT NULL COMMENT '类型 0菜单 1按钮',
  `ORDER_NUM` bigint(20) NULL DEFAULT NULL,
  `CREATE_TIME` datetime(0) NOT NULL COMMENT '创建时间',
  `MODIFY_TIME` datetime(0) NULL DEFAULT NULL COMMENT '修改时间',
  `STATUS` char(1) CHARACTER SET utf8mb4 COLLATE utf8mb4_general_ci NOT NULL DEFAULT '1',
  `CREATE_USERNAME` varchar(100) CHARACTER SET utf8mb4 COLLATE utf8mb4_general_ci NULL DEFAULT NULL,
  `CREATE_USER_ID` bigint(20) NULL DEFAULT NULL,
  `MODIFY_USERNAME` varchar(100) CHARACTER SET utf8mb4 COLLATE utf8mb4_general_ci NULL DEFAULT NULL,
  `MODIFY_USER_ID` bigint(20) NULL DEFAULT NULL,
  PRIMARY KEY (`MENU_ID`) USING BTREE
) ENGINE = InnoDB AUTO_INCREMENT = 203 CHARACTER SET = utf8mb4 COLLATE = utf8mb4_general_ci ROW_FORMAT = Dynamic;

-- ----------------------------
-- Records of t_menu
-- ----------------------------
INSERT INTO `t_menu` VALUES (1, 0, '系统管理', '/system', 'PageView', NULL, 'appstore-o', '0', 1, '2017-12-27 16:39:07', '2019-01-05 11:13:14', '1', NULL, NULL, NULL, NULL);
INSERT INTO `t_menu` VALUES (2, 0, '系统监控', '/monitor', 'PageView', NULL, 'dashboard', '0', 2, '2017-12-27 16:45:51', '2019-01-23 06:27:12', '1', NULL, NULL, NULL, NULL);
INSERT INTO `t_menu` VALUES (3, 1, '用户管理', '/system/user', 'system/user/User', 'user:view', '', '0', 1, '2017-12-27 16:47:13', '2019-01-22 06:45:55', '1', NULL, NULL, NULL, NULL);
INSERT INTO `t_menu` VALUES (4, 1, '角色管理', '/system/role', 'system/role/Role', 'role:view', '', '0', 2, '2017-12-27 16:48:09', '2018-04-25 09:01:12', '1', NULL, NULL, NULL, NULL);
INSERT INTO `t_menu` VALUES (5, 1, '菜单管理', '/system/menu', 'system/menu/Menu', 'menu:view', '', '0', 3, '2017-12-27 16:48:57', '2018-04-25 09:01:30', '1', NULL, NULL, NULL, NULL);
INSERT INTO `t_menu` VALUES (6, 1, '部门管理', '/system/dept', 'system/dept/Dept', 'dept:view', '', '0', 4, '2017-12-27 16:57:33', '2018-04-25 09:01:40', '1', NULL, NULL, NULL, NULL);
INSERT INTO `t_menu` VALUES (8, 2, '在线用户', '/monitor/online', 'monitor/Online', 'user:online', '', '0', 1, '2017-12-27 16:59:33', '2018-04-25 09:02:04', '1', NULL, NULL, NULL, NULL);
INSERT INTO `t_menu` VALUES (10, 2, '系统日志', '/monitor/systemlog', 'monitor/SystemLog', 'log:view', '', '0', 2, '2017-12-27 17:00:50', '2018-04-25 09:02:18', '1', NULL, NULL, NULL, NULL);
INSERT INTO `t_menu` VALUES (11, 3, '新增用户', '', '', 'user:add', NULL, '1', NULL, '2017-12-27 17:02:58', NULL, '1', NULL, NULL, NULL, NULL);
INSERT INTO `t_menu` VALUES (12, 3, '修改用户', '', '', 'user:update', NULL, '1', NULL, '2017-12-27 17:04:07', NULL, '1', NULL, NULL, NULL, NULL);
INSERT INTO `t_menu` VALUES (13, 3, '删除用户', '', '', 'user:delete', NULL, '1', NULL, '2017-12-27 17:04:58', NULL, '1', NULL, NULL, NULL, NULL);
INSERT INTO `t_menu` VALUES (14, 4, '新增角色', '', '', 'role:add', NULL, '1', NULL, '2017-12-27 17:06:38', NULL, '1', NULL, NULL, NULL, NULL);
INSERT INTO `t_menu` VALUES (15, 4, '修改角色', '', '', 'role:update', NULL, '1', NULL, '2017-12-27 17:06:38', NULL, '1', NULL, NULL, NULL, NULL);
INSERT INTO `t_menu` VALUES (16, 4, '删除角色', '', '', 'role:delete', NULL, '1', NULL, '2017-12-27 17:06:38', NULL, '1', NULL, NULL, NULL, NULL);
INSERT INTO `t_menu` VALUES (17, 5, '新增菜单', '', '', 'menu:add', NULL, '1', NULL, '2017-12-27 17:08:02', NULL, '1', NULL, NULL, NULL, NULL);
INSERT INTO `t_menu` VALUES (18, 5, '修改菜单', '', '', 'menu:update', NULL, '1', NULL, '2017-12-27 17:08:02', NULL, '1', NULL, NULL, NULL, NULL);
INSERT INTO `t_menu` VALUES (19, 5, '删除菜单', '', '', 'menu:delete', NULL, '1', NULL, '2017-12-27 17:08:02', NULL, '1', NULL, NULL, NULL, NULL);
INSERT INTO `t_menu` VALUES (20, 6, '新增部门', '', '', 'dept:add', NULL, '1', NULL, '2017-12-27 17:09:24', NULL, '1', NULL, NULL, NULL, NULL);
INSERT INTO `t_menu` VALUES (21, 6, '修改部门', '', '', 'dept:update', NULL, '1', NULL, '2017-12-27 17:09:24', NULL, '1', NULL, NULL, NULL, NULL);
INSERT INTO `t_menu` VALUES (22, 6, '删除部门', '', '', 'dept:delete', NULL, '1', NULL, '2017-12-27 17:09:24', NULL, '1', NULL, NULL, NULL, NULL);
INSERT INTO `t_menu` VALUES (23, 8, '踢出用户', '', '', 'user:kickout', NULL, '1', NULL, '2017-12-27 17:11:13', NULL, '1', NULL, NULL, NULL, NULL);
INSERT INTO `t_menu` VALUES (24, 10, '删除日志', '', '', 'log:delete', NULL, '1', NULL, '2017-12-27 17:11:45', NULL, '1', NULL, NULL, NULL, NULL);
INSERT INTO `t_menu` VALUES (58, 0, '网络资源', '/web', 'PageView', NULL, 'compass', '0', 4, '2018-01-12 15:28:48', '2019-12-23 11:09:34', '0', NULL, NULL, 'mrbird', 1);
INSERT INTO `t_menu` VALUES (59, 58, '天气查询', '/web/weather', 'web/Weather', 'weather:view', '', '0', 1, '2018-01-12 15:40:02', '2019-12-23 11:09:34', '0', NULL, NULL, 'mrbird', 1);
INSERT INTO `t_menu` VALUES (61, 58, '每日一文', '/web/dailyArticle', 'web/DailyArticle', 'article:view', '', '0', 2, '2018-01-15 17:17:14', '2019-12-23 11:09:34', '0', NULL, NULL, 'mrbird', 1);
INSERT INTO `t_menu` VALUES (64, 1, '字典管理', '/system/dict', 'system/dict/Dict', 'dict:view', '', '0', 5, '2018-01-18 10:38:25', '2019-12-23 11:15:24', '0', NULL, NULL, 'admin', 35);
INSERT INTO `t_menu` VALUES (65, 64, '新增字典', '', '', 'dict:add', NULL, '1', NULL, '2018-01-18 19:10:08', '2019-12-23 11:15:24', '0', NULL, NULL, 'admin', 35);
INSERT INTO `t_menu` VALUES (66, 64, '修改字典', '', '', 'dict:update', NULL, '1', NULL, '2018-01-18 19:10:27', '2019-12-23 11:15:24', '0', NULL, NULL, 'admin', 35);
INSERT INTO `t_menu` VALUES (67, 64, '删除字典', '', '', 'dict:delete', NULL, '1', NULL, '2018-01-18 19:10:47', '2019-12-23 11:15:24', '0', NULL, NULL, 'admin', 35);
INSERT INTO `t_menu` VALUES (81, 58, '影视资讯', '/web/movie', 'EmptyPageView', NULL, NULL, '0', 3, '2018-01-22 14:12:59', '2019-12-23 11:09:34', '0', NULL, NULL, 'mrbird', 1);
INSERT INTO `t_menu` VALUES (82, 81, '正在热映', '/web/movie/hot', 'web/MovieHot', 'movie:hot', '', '0', 1, '2018-01-22 14:13:47', '2019-12-23 11:09:34', '0', NULL, NULL, 'mrbird', 1);
INSERT INTO `t_menu` VALUES (83, 81, '即将上映', '/web/movie/coming', 'web/MovieComing', 'movie:coming', '', '0', 2, '2018-01-22 14:14:36', '2019-12-23 11:09:34', '0', NULL, NULL, 'mrbird', 1);
INSERT INTO `t_menu` VALUES (101, 0, '任务调度', '/job', 'PageView', NULL, 'clock-circle-o', '0', 3, '2018-01-11 15:52:57', '2019-12-23 11:09:39', '0', NULL, NULL, 'mrbird', 1);
INSERT INTO `t_menu` VALUES (102, 101, '定时任务', '/job/job', 'quartz/job/Job', 'job:view', '', '0', 1, '2018-02-24 15:53:53', '2019-12-23 11:09:39', '0', NULL, NULL, 'mrbird', 1);
INSERT INTO `t_menu` VALUES (103, 102, '新增任务', '', '', 'job:add', NULL, '1', NULL, '2018-02-24 15:55:10', '2019-12-23 11:09:39', '0', NULL, NULL, 'mrbird', 1);
INSERT INTO `t_menu` VALUES (104, 102, '修改任务', '', '', 'job:update', NULL, '1', NULL, '2018-02-24 15:55:53', '2019-12-23 11:09:39', '0', NULL, NULL, 'mrbird', 1);
INSERT INTO `t_menu` VALUES (105, 102, '删除任务', '', '', 'job:delete', NULL, '1', NULL, '2018-02-24 15:56:18', '2019-12-23 11:09:39', '0', NULL, NULL, 'mrbird', 1);
INSERT INTO `t_menu` VALUES (106, 102, '暂停任务', '', '', 'job:pause', NULL, '1', NULL, '2018-02-24 15:57:08', '2019-12-23 11:09:39', '0', NULL, NULL, 'mrbird', 1);
INSERT INTO `t_menu` VALUES (107, 102, '恢复任务', '', '', 'job:resume', NULL, '1', NULL, '2018-02-24 15:58:21', '2019-12-23 11:09:39', '0', NULL, NULL, 'mrbird', 1);
INSERT INTO `t_menu` VALUES (108, 102, '立即执行任务', '', '', 'job:run', NULL, '1', NULL, '2018-02-24 15:59:45', '2019-12-23 11:09:39', '0', NULL, NULL, 'mrbird', 1);
INSERT INTO `t_menu` VALUES (109, 101, '调度日志', '/job/log', 'quartz/log/JobLog', 'jobLog:view', '', '0', 2, '2018-02-24 16:00:45', '2019-12-23 11:09:39', '0', NULL, NULL, 'mrbird', 1);
INSERT INTO `t_menu` VALUES (110, 109, '删除日志', '', '', 'jobLog:delete', NULL, '1', NULL, '2018-02-24 16:01:21', '2019-12-23 11:09:39', '0', NULL, NULL, 'mrbird', 1);
INSERT INTO `t_menu` VALUES (113, 2, 'Redis监控', '/monitor/redis/info', 'monitor/RedisInfo', 'redis:view', '', '0', 3, '2018-06-28 14:29:42', NULL, '1', NULL, NULL, NULL, NULL);
INSERT INTO `t_menu` VALUES (121, 2, '请求追踪', '/monitor/httptrace', 'monitor/Httptrace', NULL, NULL, '0', 4, '2019-01-18 02:30:29', NULL, '1', NULL, NULL, NULL, NULL);
INSERT INTO `t_menu` VALUES (122, 2, '系统信息', '/monitor/system', 'EmptyPageView', NULL, NULL, '0', 5, '2019-01-18 02:31:48', '2019-12-10 11:53:56', '1', NULL, NULL, NULL, NULL);
INSERT INTO `t_menu` VALUES (123, 122, 'Tomcat信息', '/monitor/system/tomcat/info', 'monitor/TomcatInfo', NULL, NULL, '0', 2, '2019-01-18 02:32:53', '2019-01-18 02:46:57', '1', NULL, NULL, NULL, NULL);
INSERT INTO `t_menu` VALUES (124, 122, 'JVM信息', '/monitor/system/jvm/info', 'monitor/JvmInfo', NULL, NULL, '0', 1, '2019-01-18 02:33:30', '2019-01-18 02:46:51', '1', NULL, NULL, NULL, NULL);
INSERT INTO `t_menu` VALUES (127, 122, '服务器信息', '/monitor/system/system/info', 'monitor/SystemInfo', NULL, NULL, '0', 3, '2019-01-21 07:53:43', '2019-01-21 07:57:00', '1', NULL, NULL, NULL, NULL);
INSERT INTO `t_menu` VALUES (128, 0, '其他模块', '/others', 'PageView', NULL, 'coffee', '0', 5, '2019-01-22 06:49:59', '2019-12-23 11:09:34', '0', NULL, NULL, 'mrbird', 1);
INSERT INTO `t_menu` VALUES (129, 128, '导入导出', '/others/excel', 'others/Excel', NULL, NULL, '0', 1, '2019-01-22 06:51:36', '2019-12-23 11:09:34', '0', NULL, NULL, 'mrbird', 1);
INSERT INTO `t_menu` VALUES (130, 3, '导出Excel', NULL, NULL, 'user:export', NULL, '1', NULL, '2019-01-23 06:35:16', NULL, '1', NULL, NULL, NULL, NULL);
INSERT INTO `t_menu` VALUES (131, 4, '导出Excel', NULL, NULL, 'role:export', NULL, '1', NULL, '2019-01-23 06:35:36', NULL, '1', NULL, NULL, NULL, NULL);
INSERT INTO `t_menu` VALUES (132, 5, '导出Excel', NULL, NULL, 'menu:export', NULL, '1', NULL, '2019-01-23 06:36:05', NULL, '1', NULL, NULL, NULL, NULL);
INSERT INTO `t_menu` VALUES (133, 6, '导出Excel', NULL, NULL, 'dept:export', NULL, '1', NULL, '2019-01-23 06:36:25', NULL, '1', NULL, NULL, NULL, NULL);
INSERT INTO `t_menu` VALUES (134, 64, '导出Excel', NULL, NULL, 'dict:export', NULL, '1', NULL, '2019-01-23 06:36:43', '2019-12-23 11:15:24', '0', NULL, NULL, 'admin', 35);
INSERT INTO `t_menu` VALUES (135, 3, '密码重置', NULL, NULL, 'user:reset', NULL, '1', NULL, '2019-01-23 06:37:00', NULL, '1', NULL, NULL, NULL, NULL);
INSERT INTO `t_menu` VALUES (136, 10, '导出Excel', NULL, NULL, 'log:export', NULL, '1', NULL, '2019-01-23 06:37:27', NULL, '1', NULL, NULL, NULL, NULL);
INSERT INTO `t_menu` VALUES (137, 102, '导出Excel', NULL, NULL, 'job:export', NULL, '1', NULL, '2019-01-23 06:37:59', '2019-12-23 11:09:39', '0', NULL, NULL, 'mrbird', 1);
INSERT INTO `t_menu` VALUES (138, 109, '导出Excel', NULL, NULL, 'jobLog:export', NULL, '1', NULL, '2019-01-23 06:38:32', '2019-12-23 11:09:39', '0', NULL, NULL, 'mrbird', 1);
INSERT INTO `t_menu` VALUES (200, 2, '请求外部日志', '/monitor/requestlog', 'monitor/RequestLog', 'log:view', '', '0', 6, '2017-12-27 16:47:13', NULL, '1', NULL, NULL, NULL, NULL);
INSERT INTO `t_menu` VALUES (201, 200, '删除日志', '', '', 'log:delete', NULL, '1', NULL, '2019-12-11 17:04:58', NULL, '1', NULL, NULL, NULL, NULL);
INSERT INTO `t_menu` VALUES (202, 200, '导出Excel', '', '', 'log:export', NULL, '1', NULL, '2019-12-11 17:04:59', NULL, '1', NULL, NULL, NULL, NULL);

-- ----------------------------
-- Table structure for t_role
-- ----------------------------
DROP TABLE IF EXISTS `t_role`;
CREATE TABLE `t_role`  (
  `ROLE_ID` bigint(20) NOT NULL AUTO_INCREMENT COMMENT '角色ID',
  `ROLE_NAME` varchar(10) CHARACTER SET utf8mb4 COLLATE utf8mb4_general_ci NOT NULL COMMENT '角色名称',
  `REMARK` varchar(100) CHARACTER SET utf8mb4 COLLATE utf8mb4_general_ci NULL DEFAULT NULL COMMENT '角色描述',
  `CREATE_TIME` datetime(0) NOT NULL COMMENT '创建时间',
  `MODIFY_TIME` datetime(0) NULL DEFAULT NULL COMMENT '修改时间',
  `STATUS` char(1) CHARACTER SET utf8mb4 COLLATE utf8mb4_general_ci NOT NULL DEFAULT '1',
  `CREATE_USERNAME` varchar(100) CHARACTER SET utf8mb4 COLLATE utf8mb4_general_ci NULL DEFAULT NULL,
  `CREATE_USER_ID` bigint(20) NULL DEFAULT NULL,
  `MODIFY_USERNAME` varchar(100) CHARACTER SET utf8mb4 COLLATE utf8mb4_general_ci NULL DEFAULT NULL,
  `MODIFY_USER_ID` bigint(20) NULL DEFAULT NULL,
  `DATA_SCOPE` tinyint(1) UNSIGNED ZEROFILL NOT NULL,
  PRIMARY KEY (`ROLE_ID`) USING BTREE
) ENGINE = InnoDB AUTO_INCREMENT = 80 CHARACTER SET = utf8mb4 COLLATE = utf8mb4_general_ci ROW_FORMAT = Dynamic;

-- ----------------------------
-- Records of t_role
-- ----------------------------
INSERT INTO `t_role` VALUES (1, '管理员', '管理员', '2017-12-27 16:23:11', '2020-05-02 19:05:56', '1', NULL, NULL, 'admin', 35, 0);
INSERT INTO `t_role` VALUES (2, '注册用户', '可查看，新增，导出', '2019-01-04 14:11:28', '2020-05-02 19:04:34', '0', NULL, NULL, 'mrbird', 1, 2);
INSERT INTO `t_role` VALUES (72, '普通用户', '普通用户', '2019-01-23 07:33:20', '2019-12-23 11:13:32', '1', NULL, NULL, 'mrbird', 1, 0);
INSERT INTO `t_role` VALUES (74, '自定义', '自定义菜单信息\n自定义菜单信息自定义菜单信息\n自定义菜单信息\n自定义菜单信息\n自定义菜单信息自定义菜', '2019-09-09 07:57:33', '2019-12-23 11:12:30', '0', NULL, NULL, 'mrbird', 1, 0);
INSERT INTO `t_role` VALUES (79, 'test', 'test', '2019-12-12 18:12:54', '2019-12-23 11:12:26', '0', NULL, NULL, 'mrbird', 1, 0);

-- ----------------------------
-- Table structure for t_role_menu
-- ----------------------------
DROP TABLE IF EXISTS `t_role_menu`;
CREATE TABLE `t_role_menu`  (
  `ROLE_ID` bigint(20) NOT NULL,
  `MENU_ID` bigint(20) NOT NULL
) ENGINE = InnoDB CHARACTER SET = utf8mb4 COLLATE = utf8mb4_general_ci ROW_FORMAT = Dynamic;

-- ----------------------------
-- Records of t_role_menu
-- ----------------------------
INSERT INTO `t_role_menu` VALUES (72, 113);
INSERT INTO `t_role_menu` VALUES (72, 121);
INSERT INTO `t_role_menu` VALUES (72, 124);
INSERT INTO `t_role_menu` VALUES (72, 122);
INSERT INTO `t_role_menu` VALUES (72, 123);
INSERT INTO `t_role_menu` VALUES (72, 127);
INSERT INTO `t_role_menu` VALUES (72, 2);
INSERT INTO `t_role_menu` VALUES (72, 8);
INSERT INTO `t_role_menu` VALUES (72, 23);
INSERT INTO `t_role_menu` VALUES (72, 10);
INSERT INTO `t_role_menu` VALUES (72, 24);
INSERT INTO `t_role_menu` VALUES (72, 136);
INSERT INTO `t_role_menu` VALUES (72, 200);
INSERT INTO `t_role_menu` VALUES (72, 201);
INSERT INTO `t_role_menu` VALUES (72, 202);
INSERT INTO `t_role_menu` VALUES (2, 58);
INSERT INTO `t_role_menu` VALUES (1, 11);
INSERT INTO `t_role_menu` VALUES (1, 3);
INSERT INTO `t_role_menu` VALUES (1, 1);
INSERT INTO `t_role_menu` VALUES (1, 12);
INSERT INTO `t_role_menu` VALUES (1, 13);
INSERT INTO `t_role_menu` VALUES (1, 14);
INSERT INTO `t_role_menu` VALUES (1, 4);
INSERT INTO `t_role_menu` VALUES (1, 15);
INSERT INTO `t_role_menu` VALUES (1, 16);
INSERT INTO `t_role_menu` VALUES (1, 17);
INSERT INTO `t_role_menu` VALUES (1, 5);
INSERT INTO `t_role_menu` VALUES (1, 18);
INSERT INTO `t_role_menu` VALUES (1, 19);
INSERT INTO `t_role_menu` VALUES (1, 20);
INSERT INTO `t_role_menu` VALUES (1, 6);
INSERT INTO `t_role_menu` VALUES (1, 21);
INSERT INTO `t_role_menu` VALUES (1, 22);
INSERT INTO `t_role_menu` VALUES (1, 130);
INSERT INTO `t_role_menu` VALUES (1, 135);
INSERT INTO `t_role_menu` VALUES (1, 131);
INSERT INTO `t_role_menu` VALUES (1, 132);
INSERT INTO `t_role_menu` VALUES (1, 133);
INSERT INTO `t_role_menu` VALUES (1, 2);
INSERT INTO `t_role_menu` VALUES (1, 8);
INSERT INTO `t_role_menu` VALUES (1, 23);
INSERT INTO `t_role_menu` VALUES (1, 10);
INSERT INTO `t_role_menu` VALUES (1, 24);
INSERT INTO `t_role_menu` VALUES (1, 136);
INSERT INTO `t_role_menu` VALUES (1, 113);
INSERT INTO `t_role_menu` VALUES (1, 121);
INSERT INTO `t_role_menu` VALUES (1, 122);
INSERT INTO `t_role_menu` VALUES (1, 123);
INSERT INTO `t_role_menu` VALUES (1, 124);
INSERT INTO `t_role_menu` VALUES (1, 127);
INSERT INTO `t_role_menu` VALUES (1, 200);
INSERT INTO `t_role_menu` VALUES (1, 201);
INSERT INTO `t_role_menu` VALUES (1, 202);
INSERT INTO `t_role_menu` VALUES (1, 58);
INSERT INTO `t_role_menu` VALUES (1, 128);
INSERT INTO `t_role_menu` VALUES (1, 59);
INSERT INTO `t_role_menu` VALUES (1, 61);
INSERT INTO `t_role_menu` VALUES (1, 81);
INSERT INTO `t_role_menu` VALUES (1, 102);
INSERT INTO `t_role_menu` VALUES (1, 109);
INSERT INTO `t_role_menu` VALUES (1, 129);
INSERT INTO `t_role_menu` VALUES (1, 64);
INSERT INTO `t_role_menu` VALUES (1, 103);
INSERT INTO `t_role_menu` VALUES (1, 104);
INSERT INTO `t_role_menu` VALUES (1, 105);
INSERT INTO `t_role_menu` VALUES (1, 65);
INSERT INTO `t_role_menu` VALUES (1, 66);
INSERT INTO `t_role_menu` VALUES (1, 67);
INSERT INTO `t_role_menu` VALUES (1, 134);
INSERT INTO `t_role_menu` VALUES (1, 106);
INSERT INTO `t_role_menu` VALUES (1, 107);
INSERT INTO `t_role_menu` VALUES (1, 108);
INSERT INTO `t_role_menu` VALUES (1, 137);
INSERT INTO `t_role_menu` VALUES (1, 110);
INSERT INTO `t_role_menu` VALUES (1, 138);
INSERT INTO `t_role_menu` VALUES (1, 101);

-- ----------------------------
-- Table structure for t_test
-- ----------------------------
DROP TABLE IF EXISTS `t_test`;
CREATE TABLE `t_test`  (
  `ID` bigint(11) NOT NULL AUTO_INCREMENT,
  `FIELD1` varchar(20) CHARACTER SET utf8mb4 COLLATE utf8mb4_general_ci NOT NULL,
  `FIELD2` int(11) NOT NULL,
  `FIELD3` varchar(100) CHARACTER SET utf8mb4 COLLATE utf8mb4_general_ci NOT NULL,
  `CREATE_TIME` datetime(0) NOT NULL,
  PRIMARY KEY (`ID`) USING BTREE
) ENGINE = InnoDB AUTO_INCREMENT = 55 CHARACTER SET = utf8mb4 COLLATE = utf8mb4_general_ci ROW_FORMAT = Dynamic;

-- ----------------------------
-- Records of t_test
-- ----------------------------
INSERT INTO `t_test` VALUES (1, '字段1', 1, 'mrbird@gmail.com', '2019-01-22 16:26:51');
INSERT INTO `t_test` VALUES (2, '字段1', 1, 'mrbird0@gmail.com', '2019-01-23 03:01:03');
INSERT INTO `t_test` VALUES (3, '字段1', 2, 'mrbird1@gmail.com', '2019-01-23 03:01:03');
INSERT INTO `t_test` VALUES (4, '字段1', 3, 'mrbird2@gmail.com', '2019-01-23 03:01:03');
INSERT INTO `t_test` VALUES (5, '字段1', 4, 'mrbird3@gmail.com', '2019-01-23 03:01:03');
INSERT INTO `t_test` VALUES (6, '字段1', 5, 'mrbird4@gmail.com', '2019-01-23 03:01:03');
INSERT INTO `t_test` VALUES (7, '字段1', 10, 'mrbird9@gmail.com', '2019-01-23 03:01:03');
INSERT INTO `t_test` VALUES (8, '字段1', 1, 'mrbird0@gmail.com', '2019-01-23 03:03:49');
INSERT INTO `t_test` VALUES (9, '字段1', 2, 'mrbird1@gmail.com', '2019-01-23 03:03:49');
INSERT INTO `t_test` VALUES (10, '字段1', 3, 'mrbird2@gmail.com', '2019-01-23 03:03:49');
INSERT INTO `t_test` VALUES (11, '字段1', 4, 'mrbird3@gmail.com', '2019-01-23 03:03:49');
INSERT INTO `t_test` VALUES (12, '字段1', 5, 'mrbird4@gmail.com', '2019-01-23 03:03:49');
INSERT INTO `t_test` VALUES (13, '字段1', 10, 'mrbird9@gmail.com', '2019-01-23 03:03:49');
INSERT INTO `t_test` VALUES (14, '字段1', 1, 'mrbird0@gmail.com', '2019-01-23 03:07:47');
INSERT INTO `t_test` VALUES (15, '字段1', 2, 'mrbird1@gmail.com', '2019-01-23 03:07:47');
INSERT INTO `t_test` VALUES (16, '字段1', 3, 'mrbird2@gmail.com', '2019-01-23 03:07:47');
INSERT INTO `t_test` VALUES (17, '字段1', 4, 'mrbird3@gmail.com', '2019-01-23 03:07:47');
INSERT INTO `t_test` VALUES (18, '字段1', 5, 'mrbird4@gmail.com', '2019-01-23 03:07:47');
INSERT INTO `t_test` VALUES (19, '字段1', 6, 'mrbird5@gmail.com', '2019-01-23 03:07:47');
INSERT INTO `t_test` VALUES (20, '字段1', 1, 'mrbird0@gmail.com', '2019-01-23 03:08:09');
INSERT INTO `t_test` VALUES (21, '字段1', 2, 'mrbird1@gmail.com', '2019-01-23 03:08:09');
INSERT INTO `t_test` VALUES (22, '字段1', 3, 'mrbird2@gmail.com', '2019-01-23 03:08:09');
INSERT INTO `t_test` VALUES (23, '字段1', 4, 'mrbird3@gmail.com', '2019-01-23 03:08:09');
INSERT INTO `t_test` VALUES (24, '字段1', 5, 'mrbird4@gmail.com', '2019-01-23 03:08:09');
INSERT INTO `t_test` VALUES (25, '字段1', 10, 'mrbird9@gmail.com', '2019-01-23 03:08:09');
INSERT INTO `t_test` VALUES (26, '字段1', 1, 'mrbird0@gmail.com', '2019-01-23 03:19:52');
INSERT INTO `t_test` VALUES (27, '字段1', 2, 'mrbird1@gmail.com', '2019-01-23 03:19:52');
INSERT INTO `t_test` VALUES (28, '字段1', 3, 'mrbird2@gmail.com', '2019-01-23 03:19:52');
INSERT INTO `t_test` VALUES (29, '字段1', 4, 'mrbird3@gmail.com', '2019-01-23 03:19:52');
INSERT INTO `t_test` VALUES (30, '字段1', 5, 'mrbird4@gmail.com', '2019-01-23 03:19:52');
INSERT INTO `t_test` VALUES (31, '字段1', 6, 'mrbird5@gmail.com', '2019-01-23 03:19:52');
INSERT INTO `t_test` VALUES (32, '字段1', 1, 'mrbird0@gmail.com', '2019-01-23 03:20:56');
INSERT INTO `t_test` VALUES (33, '字段1', 2, 'mrbird1@gmail.com', '2019-01-23 03:20:56');
INSERT INTO `t_test` VALUES (34, '字段1', 3, 'mrbird2@gmail.com', '2019-01-23 03:20:56');
INSERT INTO `t_test` VALUES (35, '字段1', 4, 'mrbird3@gmail.com', '2019-01-23 03:20:56');
INSERT INTO `t_test` VALUES (36, '字段1', 5, 'mrbird4@gmail.com', '2019-01-23 03:20:56');
INSERT INTO `t_test` VALUES (37, '字段1', 6, 'mrbird5@gmail.com', '2019-01-23 03:20:56');
INSERT INTO `t_test` VALUES (38, '字段1', 1, 'mrbird0@gmail.com', '2019-01-23 06:12:38');
INSERT INTO `t_test` VALUES (39, '字段1', 2, 'mrbird1@gmail.com', '2019-01-23 06:12:38');
INSERT INTO `t_test` VALUES (40, '字段1', 3, 'mrbird2@gmail.com', '2019-01-23 06:12:38');
INSERT INTO `t_test` VALUES (41, '字段1', 4, 'mrbird3@gmail.com', '2019-01-23 06:12:38');
INSERT INTO `t_test` VALUES (42, '字段1', 5, 'mrbird4@gmail.com', '2019-01-23 06:12:38');
INSERT INTO `t_test` VALUES (43, '字段1', 6, 'mrbird5@gmail.com', '2019-01-23 06:12:38');
INSERT INTO `t_test` VALUES (44, '字段1', 7, 'mrbird6@gmail.com', '2019-01-23 06:12:38');
INSERT INTO `t_test` VALUES (45, '字段1', 8, 'mrbird7@gmail.com', '2019-01-23 06:12:38');
INSERT INTO `t_test` VALUES (46, '字段1', 9, 'mrbird8@gmail.com', '2019-01-23 06:12:38');
INSERT INTO `t_test` VALUES (47, '字段1', 11, 'mrbird10@gmail.com', '2019-01-23 06:12:38');
INSERT INTO `t_test` VALUES (48, '字段1', 12, 'mrbird11@gmail.com', '2019-01-23 06:12:38');
INSERT INTO `t_test` VALUES (49, '字段1', 14, 'mrbird13@gmail.com', '2019-01-23 06:12:38');
INSERT INTO `t_test` VALUES (50, '字段1', 15, 'mrbird14@gmail.com', '2019-01-23 06:12:38');
INSERT INTO `t_test` VALUES (51, '字段1', 16, 'mrbird15@gmail.com', '2019-01-23 06:12:38');
INSERT INTO `t_test` VALUES (52, '字段1', 18, 'mrbird17@gmail.com', '2019-01-23 06:12:38');
INSERT INTO `t_test` VALUES (53, '字段1', 19, 'mrbird18@gmail.com', '2019-01-23 06:12:38');
INSERT INTO `t_test` VALUES (54, '字段1', 20, 'mrbird19@gmail.com', '2019-01-23 06:12:38');

-- ----------------------------
-- Table structure for t_user
-- ----------------------------
DROP TABLE IF EXISTS `t_user`;
CREATE TABLE `t_user`  (
  `USER_ID` bigint(10) NOT NULL AUTO_INCREMENT COMMENT '用户ID',
  `USERNAME` varchar(50) CHARACTER SET utf8mb4 COLLATE utf8mb4_general_ci NOT NULL COMMENT '用户名',
  `PASSWORD` varchar(128) CHARACTER SET utf8mb4 COLLATE utf8mb4_general_ci NOT NULL COMMENT '密码',
  `DEPT_ID` bigint(20) NULL DEFAULT NULL COMMENT '部门ID',
  `EMAIL` varchar(128) CHARACTER SET utf8mb4 COLLATE utf8mb4_general_ci NULL DEFAULT NULL COMMENT '邮箱',
  `MOBILE` varchar(20) CHARACTER SET utf8mb4 COLLATE utf8mb4_general_ci NULL DEFAULT NULL COMMENT '联系电话',
  `STATUS` char(1) CHARACTER SET utf8mb4 COLLATE utf8mb4_general_ci NOT NULL DEFAULT '1' COMMENT '状态 0无效 1有效',
  `CREATE_TIME` datetime(0) NOT NULL COMMENT '创建时间',
  `MODIFY_TIME` datetime(0) NULL DEFAULT NULL COMMENT '修改时间',
  `LAST_LOGIN_TIME` datetime(0) NULL DEFAULT NULL COMMENT '最近访问时间',
  `SSEX` char(1) CHARACTER SET utf8mb4 COLLATE utf8mb4_general_ci NULL DEFAULT NULL COMMENT '性别 0男 1女 2保密',
  `DESCRIPTION` varchar(100) CHARACTER SET utf8mb4 COLLATE utf8mb4_general_ci NULL DEFAULT NULL COMMENT '描述',
  `AVATAR` varchar(100) CHARACTER SET utf8mb4 COLLATE utf8mb4_general_ci NULL DEFAULT NULL COMMENT '用户头像',
  `CREATE_USERNAME` varchar(100) CHARACTER SET utf8mb4 COLLATE utf8mb4_general_ci NULL DEFAULT NULL,
  `CREATE_USER_ID` bigint(20) NULL DEFAULT NULL,
  `MODIFY_USERNAME` varchar(100) CHARACTER SET utf8mb4 COLLATE utf8mb4_general_ci NULL DEFAULT NULL,
  `MODIFY_USER_ID` bigint(20) NULL DEFAULT NULL,
  PRIMARY KEY (`USER_ID`) USING BTREE
) ENGINE = InnoDB AUTO_INCREMENT = 37 CHARACTER SET = utf8mb4 COLLATE = utf8mb4_general_ci ROW_FORMAT = Dynamic;

-- ----------------------------
-- Records of t_user
-- ----------------------------
INSERT INTO `t_user` VALUES (1, 'mrbird', '94f860c4bbfeb2f49c84e321fdda4b07', 1, 'mrbird12111111123@hotmail.com', '13455533233', '1', '2017-12-27 15:47:19', '2020-05-03 00:24:17', '2020-05-02 18:27:31', '0', '开发部的小红帽\n开发部的小红帽开发部的小红帽\n开发部的小红帽开发部的小红帽开发部的小红帽开发部的小红帽开发部的小红帽开发部的小红帽开发部的小红帽开发部的小红帽开发', '964e40b005724165b8cf772355796c8c.jpeg', NULL, NULL, 'mrbird', 1);
INSERT INTO `t_user` VALUES (2, 'scott', '7b44a5363e3fd52435beb472e1d2b91f', 6, 'scott@qq.com', '15134627380', '1', '2017-12-29 16:16:39', '2019-12-23 11:13:55', '2019-01-28 01:54:09', '0', '我是scott，嗯嗯', 'jZUIxmJycoymBprLOUbT.png', NULL, NULL, 'mrbird', 1);
INSERT INTO `t_user` VALUES (12, 'jack', '552649f10640385d0728a80a4242893e', 6, 'jack@hotmail.com', NULL, '0', '2019-01-23 07:34:05', '2020-05-03 00:20:53', '2019-01-24 08:52:03', '0', NULL, 'default.jpg', NULL, NULL, 'mrbird', 1);
INSERT INTO `t_user` VALUES (13, 'xiaoduan', 'dd3de68a6c00fed6168f8371233a6f7a', 5, 'test@163.com', NULL, '0', '2019-09-06 03:31:25', '2019-12-20 18:37:21', '2019-09-26 11:36:16', '2', NULL, '496b3ace787342f7954b7045b8b06804.jpeg', NULL, NULL, 'mrbird', 1);
INSERT INTO `t_user` VALUES (16, 'test', '1c9a231a07da290d3286500bdd5fe8a9', 6, 'sdfsdf@qq.com', '18811445654', '0', '2019-09-16 10:09:22', '2019-12-20 18:37:21', NULL, '2', NULL, 'default.jpg', NULL, NULL, 'mrbird', 1);
INSERT INTO `t_user` VALUES (33, 'ddmtest14', '54b9e629dc5e6c8f13c076d397f0723c', 6, '45116365@qq.com', '18856345234', '0', '2019-09-26 17:25:29', '2019-12-20 18:37:21', '2019-12-04 13:57:26', '2', NULL, 'default.jpg', NULL, NULL, 'mrbird', 1);
INSERT INTO `t_user` VALUES (34, 'test1', 'ec69baa6c7505fd94d0f5061804d00ca', 4, 'test1@qq.com', '18811487981', '0', '2019-11-15 14:37:28', '2019-12-20 18:37:21', NULL, '2', NULL, 'default.jpg', NULL, NULL, 'mrbird', 1);
INSERT INTO `t_user` VALUES (35, 'admin', '3ee4a28b103216fa2d140d1979297910', 5, 'admin@admin.com', '18246544545', '1', '2019-12-23 11:12:13', NULL, '2020-05-05 13:17:21', '2', NULL, 'default.jpg', 'mrbird', 1, NULL, NULL);
INSERT INTO `t_user` VALUES (36, 'test33333', '78b8011fa4d77888f331646926bf5a12', 4, 'sdasdas@adas.com', '18658273808', '1', '2020-05-02 19:00:10', NULL, NULL, '2', NULL, 'default.jpg', NULL, NULL, NULL, NULL);

-- ----------------------------
-- Table structure for t_user_config
-- ----------------------------
DROP TABLE IF EXISTS `t_user_config`;
CREATE TABLE `t_user_config`  (
  `USER_ID` bigint(20) NOT NULL COMMENT '用户ID',
  `THEME` varchar(10) CHARACTER SET utf8mb4 COLLATE utf8mb4_general_ci NULL DEFAULT NULL COMMENT '系统主题 dark暗色风格，light明亮风格',
  `LAYOUT` varchar(10) CHARACTER SET utf8mb4 COLLATE utf8mb4_general_ci NULL DEFAULT NULL COMMENT '系统布局 side侧边栏，head顶部栏',
  `MULTI_PAGE` char(1) CHARACTER SET utf8mb4 COLLATE utf8mb4_general_ci NULL DEFAULT NULL COMMENT '页面风格 1多标签页 0单页',
  `FIX_SIDERBAR` char(1) CHARACTER SET utf8mb4 COLLATE utf8mb4_general_ci NULL DEFAULT NULL COMMENT '页面滚动是否固定侧边栏 1固定 0不固定',
  `FIX_HEADER` char(1) CHARACTER SET utf8mb4 COLLATE utf8mb4_general_ci NULL DEFAULT NULL COMMENT '页面滚动是否固定顶栏 1固定 0不固定',
  `COLOR` varchar(20) CHARACTER SET utf8mb4 COLLATE utf8mb4_general_ci NULL DEFAULT NULL COMMENT '主题颜色 RGB值',
  PRIMARY KEY (`USER_ID`) USING BTREE
) ENGINE = InnoDB CHARACTER SET = utf8mb4 COLLATE = utf8mb4_general_ci ROW_FORMAT = Dynamic;

-- ----------------------------
-- Records of t_user_config
-- ----------------------------
INSERT INTO `t_user_config` VALUES (1, 'dark', 'side', '0', '1', '1', 'rgb(24, 144, 255)');
INSERT INTO `t_user_config` VALUES (2, 'light', 'head', '0', '1', '1', 'rgb(24, 144, 255)');
INSERT INTO `t_user_config` VALUES (35, 'dark', 'side', '0', '1', '1', 'rgb(66, 185, 131)');
INSERT INTO `t_user_config` VALUES (36, 'dark', 'side', '0', '1', '1', 'rgb(66, 185, 131)');

-- ----------------------------
-- Table structure for t_user_role
-- ----------------------------
DROP TABLE IF EXISTS `t_user_role`;
CREATE TABLE `t_user_role`  (
  `USER_ID` bigint(20) NOT NULL COMMENT '用户ID',
  `ROLE_ID` bigint(20) NOT NULL COMMENT '角色ID'
) ENGINE = InnoDB CHARACTER SET = utf8mb4 COLLATE = utf8mb4_general_ci ROW_FORMAT = Dynamic;

-- ----------------------------
-- Records of t_user_role
-- ----------------------------
INSERT INTO `t_user_role` VALUES (35, 1);
INSERT INTO `t_user_role` VALUES (2, 72);
INSERT INTO `t_user_role` VALUES (36, 2);
INSERT INTO `t_user_role` VALUES (12, 2);
INSERT INTO `t_user_role` VALUES (1, 72);

SET FOREIGN_KEY_CHECKS = 1;
