<?xml version="1.0" encoding="UTF-8" ?>
<!DOCTYPE mapper
PUBLIC "-//mybatis.org//DTD Mapper 3.0//EN"
"http://mybatis.org/dtd/mybatis-3-mapper.dtd">
<mapper namespace="com.java1234.dao.ContactDao">

	<resultMap type="Contact" id="ContactResult">
		<result property="id" column="id"/>
		<result property="contactTime" column="contactTime"/>
		<result property="address" column="address"/>
		<result property="overView" column="overView"/>
		<association property="customer" column="cusId" select="com.java1234.dao.CustomerDao.findById"></association>
	</resultMap>
	
	<select id="find" parameterType="Map" resultMap="ContactResult">
		select * from t_customer_contact
		<where>
			<if test="cusId!=null and cusId!='' ">
				and cusId = #{cusId}
			</if>
		</where>
		<if test="start!=null and size!=null">
			limit #{start},#{size}
		</if>
	</select>

	
	<select id="getTotal" parameterType="Map" resultType="Long">
		select count(*) from t_customer_contact
		<where>
			<if test="cusId!=null and cusId!='' ">
				and cusId = #{cusId}
			</if>
		</where>
	</select>
	
	<insert id="add" parameterType="Contact">
		insert into t_customer_contact values(null,#{customer.id},#{contactTime},#{address},#{overView})
	</insert>
	
	<update id="update" parameterType="Contact">
		update t_customer_contact
		<set>
			<if test="contactTime!=null">
				contactTime=#{contactTime},
			</if>
			<if test="address!=null and address!='' ">
				address=#{address},
			</if>
			<if test="overView!=null and overView!='' ">
				overView=#{overView},
			</if>
		</set>
		where id=#{id}
	</update>
	
	<delete id="delete" parameterType="Integer">
		delete from t_customer_contact where id=#{id}
	</delete>
	
</mapper> 