<?xml version="1.0" encoding="UTF-8" ?>
<!DOCTYPE mapper
PUBLIC "-//mybatis.org//DTD Mapper 3.0//EN"
"http://mybatis.org/dtd/mybatis-3-mapper.dtd">
<mapper namespace="com.java1234.dao.CusDevPlanDao">

	<resultMap type="CusDevPlan" id="CusDevPlanResult">
		<result property="id" column="id"/>
		<result property="planItem" column="planItem"/>
		<result property="planDate" column="planDate"/>
		<result property="exeAffect" column="exeAffect"/>
		<association property="saleChance" column="saleChanceId" select="com.java1234.dao.SaleChanceDao.findById"></association>
	</resultMap>
	
	<select id="find" parameterType="Map" resultMap="CusDevPlanResult">
		select * from t_cus_dev_plan
		<where>
			<if test="saleChanceId!=null and saleChanceId!='' ">
				and saleChanceId = #{saleChanceId}
			</if>
		</where>
		<if test="start!=null and size!=null">
			limit #{start},#{size}
		</if>
	</select>

	
	<select id="getTotal" parameterType="Map" resultType="Long">
		select count(*) from t_cus_dev_plan
		<where>
			<if test="saleChanceId!=null and saleChanceId!='' ">
				and saleChanceId = #{saleChanceId}
			</if>
		</where>
	</select>
	
	<insert id="add" parameterType="CusDevPlan">
		insert into t_cus_dev_plan values(null,#{saleChance.id},#{planItem},#{planDate},#{exeAffect})
	</insert>
	
	<update id="update" parameterType="CusDevPlan">
		update t_cus_dev_plan
		<set>
			<if test="planItem!=null and planItem!='' ">
				planItem=#{planItem},
			</if>
			<if test="planDate!=null">
				planDate=#{planDate},
			</if>
			<if test="exeAffect!=null and exeAffect!='' ">
				exeAffect=#{exeAffect},
			</if>
		</set>
		where id=#{id}
	</update>
	
	<delete id="delete" parameterType="Integer">
		delete from t_cus_dev_plan where id=#{id}
	</delete>
	
</mapper> 