<?xml version="1.0" encoding="UTF-8" ?>
<!DOCTYPE mapper
PUBLIC "-//mybatis.org//DTD Mapper 3.0//EN"
"http://mybatis.org/dtd/mybatis-3-mapper.dtd">
<mapper namespace="com.java1234.dao.CustomerLossDao">

	<resultMap type="CustomerLoss" id="CustomerLossResult">
		<result property="id" column="id"/>
		<result property="cusNo" column="cusNo"/>
		<result property="cusName" column="cusName"/>
		<result property="cusManager" column="cusManager"/>
		<result property="lastOrderTime" column="lastOrderTime"/>
		<result property="confirmLossTime" column="confirmLossTime"/>
		<result property="state" column="state"/>
		<result property="lossReason" column="lossReason"/>
	</resultMap>
	
	<select id="find" parameterType="Map" resultMap="CustomerLossResult">
		select * from t_customer_loss
		<where>
			<if test="cusName!=null and cusName!='' ">
				and cusName like #{cusName}
			</if>
			<if test="cusManager!=null and cusManager!='' ">
				and cusManager like #{cusManager}
			</if>
			<if test="state!=null">
				and state = #{state}
			</if>
		</where>
		<if test="start!=null and size!=null">
			limit #{start},#{size}
		</if>
	</select>

	
	<select id="getTotal" parameterType="Map" resultType="Long">
		select count(*) from t_customer_loss
		<where>
			<if test="cusName!=null and cusName!='' ">
				and cusName like #{cusName}
			</if>
			<if test="cusManager!=null and cusManager!='' ">
				and cusManager like #{cusManager}
			</if>
			<if test="state!=null">
				and state = #{state}
			</if>
		</where>
	</select>

	<insert id="add" parameterType="CustomerLoss">
		insert into t_customer_loss values(null,#{cusNo},#{cusName},#{cusManager},#{lastOrderTime},null,0,null);
	</insert>
	
	<select id="findById" parameterType="Integer" resultMap="CustomerLossResult">
		select * from t_customer_loss where id=#{id}
	</select>
	
	<update id="update" parameterType="CustomerLoss">
		update t_customer_loss
		<set>
			<if test="confirmLossTime!=null">
				confirmLossTime=#{confirmLossTime},
			</if>
			<if test="lossReason!=null and lossReason!='' ">
				lossReason=#{lossReason},
			</if>
			<if test="state!=null ">
				state=#{state},
			</if>
		</set>
		where id=#{id}
	</update>
	
	
</mapper> 