<?xml version="1.0" encoding="UTF-8" ?>
<!DOCTYPE mapper
PUBLIC "-//mybatis.org//DTD Mapper 3.0//EN"
"http://mybatis.org/dtd/mybatis-3-mapper.dtd">
<mapper namespace="com.java1234.dao.LinkManDao">

	<resultMap type="LinkMan" id="LinkManResult">
		<result property="id" column="id"/>
		<result property="linkName" column="linkName"/>
		<result property="sex" column="sex"/>
		<result property="zhiwei" column="zhiwei"/>
		<result property="officePhone" column="officePhone"/>
		<result property="phone" column="phone"/>
		<association property="customer" column="cusId" select="com.java1234.dao.CustomerDao.findById"></association>
	</resultMap>
	
	<select id="find" parameterType="Map" resultMap="LinkManResult">
		select * from t_customer_linkman
		<where>
			<if test="cusId!=null and cusId!='' ">
				and cusId = #{cusId}
			</if>
		</where>
		<if test="start!=null and size!=null">
			limit #{start},#{size}
		</if>
	</select>

	
	<select id="getTotal" parameterType="Map" resultType="Long">
		select count(*) from t_customer_linkman
		<where>
			<if test="cusId!=null and cusId!='' ">
				and cusId = #{cusId}
			</if>
		</where>
	</select>
	
	<insert id="add" parameterType="LinkMan">
		insert into t_customer_linkman values(null,#{customer.id},#{linkName},#{sex},#{zhiwei},#{officePhone},#{phone})
	</insert>
	
	<update id="update" parameterType="LinkMan">
		update t_customer_linkman
		<set>
			<if test="linkName!=null and linkName!='' ">
				linkName=#{linkName},
			</if>
			<if test="sex!=null and sex!='' ">
				sex=#{sex},
			</if>
			<if test="zhiwei!=null and zhiwei!='' ">
				zhiwei=#{zhiwei},
			</if>
			<if test="officePhone!=null and officePhone!='' ">
				officePhone=#{officePhone},
			</if>
			<if test="phone!=null and phone!='' ">
				phone=#{phone},
			</if>
		</set>
		where id=#{id}
	</update>
	
	<delete id="delete" parameterType="Integer">
		delete from t_customer_linkman where id=#{id}
	</delete>
	
</mapper> 