<?xml version="1.0" encoding="UTF-8" ?>
<!DOCTYPE mapper
PUBLIC "-//mybatis.org//DTD Mapper 3.0//EN"
"http://mybatis.org/dtd/mybatis-3-mapper.dtd">
<mapper namespace="com.java1234.dao.UserDao">

	<resultMap type="User" id="UserResult">
		<result property="id" column="id"/>
		<result property="userName" column="userName"/>
		<result property="password" column="password"/>
		<result property="trueName" column="trueName"/>
		<result property="email" column="email"/>
		<result property="phone" column="phone"/>
		<result property="roleName" column="roleName"/>
	</resultMap>
	
	<select id="login" parameterType="User" resultMap="UserResult">
		select * from t_user where userName=#{userName} and password=#{password} and roleName=#{roleName}
	</select>
	
	<select id="find" parameterType="Map" resultMap="UserResult">
		select * from t_user
		<where>
			<if test="userName!=null and userName!='' ">
				and userName like #{userName}
			</if>
			<if test="roleName!=null and roleName!='' ">
				and roleName like #{roleName}
			</if>
		</where>
		<if test="start!=null and size!=null">
			limit #{start},#{size}
		</if>
	</select>
	
	<select id="getTotal" parameterType="Map" resultType="Long">
		select count(*) from t_user
		<where>
			<if test="userName!=null and userName!='' ">
				and userName like #{userName}
			</if>
			<if test="roleName!=null and roleName!='' ">
				and roleName like #{roleName}
			</if>
		</where>
	</select>
	
	<insert id="add" parameterType="User">
		insert into t_user values(null,#{userName},#{password},#{trueName},#{email},#{phone},#{roleName})
	</insert>
	
	<update id="update" parameterType="User">
		update t_user
		<set>
			<if test="userName!=null and userName!='' ">
				userName=#{userName},
			</if>
			<if test="password!=null and password!='' ">
				password=#{password},
			</if>
			<if test="trueName!=null and trueName!='' ">
				trueName=#{trueName},
			</if>
			<if test="email!=null and email!='' ">
				email=#{email},
			</if>
			<if test="phone!=null and phone!='' ">
				phone=#{phone},
			</if>
			<if test="roleName!=null and roleName!='' ">
				roleName=#{roleName},
			</if>
		</set>
		where id=#{id}
	</update>
	
	<delete id="delete" parameterType="Integer">
		delete from t_user where id=#{id}
	</delete>
</mapper> 