-- MySQL dump 10.13  Distrib 5.7.29, for Win64 (x86_64)
--
-- Host: 10.84.3.239    Database: garbagesort
-- ------------------------------------------------------
-- Server version	8.0.21

/*!40101 SET @OLD_CHARACTER_SET_CLIENT=@@CHARACTER_SET_CLIENT */;
/*!40101 SET @OLD_CHARACTER_SET_RESULTS=@@CHARACTER_SET_RESULTS */;
/*!40101 SET @OLD_COLLATION_CONNECTION=@@COLLATION_CONNECTION */;
/*!40101 SET NAMES utf8 */;
/*!40103 SET @OLD_TIME_ZONE=@@TIME_ZONE */;
/*!40103 SET TIME_ZONE='+00:00' */;
/*!40014 SET @OLD_UNIQUE_CHECKS=@@UNIQUE_CHECKS, UNIQUE_CHECKS=0 */;
/*!40014 SET @OLD_FOREIGN_KEY_CHECKS=@@FOREIGN_KEY_CHECKS, FOREIGN_KEY_CHECKS=0 */;
/*!40101 SET @OLD_SQL_MODE=@@SQL_MODE, SQL_MODE='NO_AUTO_VALUE_ON_ZERO' */;
/*!40111 SET @OLD_SQL_NOTES=@@SQL_NOTES, SQL_NOTES=0 */;

--
-- Table structure for table `challenge_detail`
--

DROP TABLE IF EXISTS `challenge_detail`;
/*!40101 SET @saved_cs_client     = @@character_set_client */;
/*!40101 SET character_set_client = utf8 */;
CREATE TABLE `challenge_detail` (
  `id` int NOT NULL AUTO_INCREMENT,
  `whether` tinyint DEFAULT '0' COMMENT '是否正确；1:正确；0:错误',
  `question_id` int DEFAULT NULL COMMENT '问题id\n',
  `garbage_name` varchar(100) CHARACTER SET utf8 COLLATE utf8_general_ci DEFAULT NULL,
  `garbage_type` tinyint DEFAULT NULL,
  `selected_type` tinyint DEFAULT NULL,
  PRIMARY KEY (`id`) USING BTREE,
  UNIQUE KEY `challenge_detail_id_uindex` (`id`) USING BTREE
) ENGINE=InnoDB AUTO_INCREMENT=2651 DEFAULT CHARSET=utf8 ROW_FORMAT=DYNAMIC COMMENT='挑战明细记录';
/*!40101 SET character_set_client = @saved_cs_client */;

--
-- Dumping data for table `challenge_detail`
--

LOCK TABLES `challenge_detail` WRITE;
/*!40000 ALTER TABLE `challenge_detail` DISABLE KEYS */;
/*!40000 ALTER TABLE `challenge_detail` ENABLE KEYS */;
UNLOCK TABLES;

--
-- Table structure for table `challenge_result`
--

DROP TABLE IF EXISTS `challenge_result`;
/*!40101 SET @saved_cs_client     = @@character_set_client */;
/*!40101 SET character_set_client = utf8 */;
CREATE TABLE `challenge_result` (
  `id` int NOT NULL AUTO_INCREMENT,
  `score` int DEFAULT NULL COMMENT '得分',
  `result` json DEFAULT NULL COMMENT '结果集',
  `times` timestamp NOT NULL DEFAULT CURRENT_TIMESTAMP COMMENT '时间',
  `user_name` varchar(100) CHARACTER SET utf8 COLLATE utf8_general_ci DEFAULT NULL,
  PRIMARY KEY (`id`) USING BTREE,
  UNIQUE KEY `challenge_result_id_uindex` (`id`) USING BTREE
) ENGINE=InnoDB AUTO_INCREMENT=267 DEFAULT CHARSET=utf8 ROW_FORMAT=DYNAMIC COMMENT='挑战结果+详情记录表';
/*!40101 SET character_set_client = @saved_cs_client */;

--
-- Dumping data for table `challenge_result`
--

LOCK TABLES `challenge_result` WRITE;
/*!40000 ALTER TABLE `challenge_result` DISABLE KEYS */;
/*!40000 ALTER TABLE `challenge_result` ENABLE KEYS */;
UNLOCK TABLES;

--
-- Table structure for table `gen_table`
--

DROP TABLE IF EXISTS `gen_table`;
/*!40101 SET @saved_cs_client     = @@character_set_client */;
/*!40101 SET character_set_client = utf8 */;
CREATE TABLE `gen_table` (
  `table_id` bigint NOT NULL AUTO_INCREMENT COMMENT '编号',
  `table_name` varchar(200) COLLATE utf8mb4_bin DEFAULT '' COMMENT '表名称',
  `table_comment` varchar(500) COLLATE utf8mb4_bin DEFAULT '' COMMENT '表描述',
  `sub_table_name` varchar(64) COLLATE utf8mb4_bin DEFAULT NULL COMMENT '关联子表的表名',
  `sub_table_fk_name` varchar(64) COLLATE utf8mb4_bin DEFAULT NULL COMMENT '子表关联的外键名',
  `class_name` varchar(100) COLLATE utf8mb4_bin DEFAULT '' COMMENT '实体类名称',
  `tpl_category` varchar(200) COLLATE utf8mb4_bin DEFAULT 'crud' COMMENT '使用的模板（crud单表操作 tree树表操作 sub主子表操作）',
  `package_name` varchar(100) COLLATE utf8mb4_bin DEFAULT NULL COMMENT '生成包路径',
  `module_name` varchar(30) COLLATE utf8mb4_bin DEFAULT NULL COMMENT '生成模块名',
  `business_name` varchar(30) COLLATE utf8mb4_bin DEFAULT NULL COMMENT '生成业务名',
  `function_name` varchar(50) COLLATE utf8mb4_bin DEFAULT NULL COMMENT '生成功能名',
  `function_author` varchar(50) COLLATE utf8mb4_bin DEFAULT NULL COMMENT '生成功能作者',
  `gen_type` char(1) COLLATE utf8mb4_bin DEFAULT '0' COMMENT '生成代码方式（0zip压缩包 1自定义路径）',
  `gen_path` varchar(200) COLLATE utf8mb4_bin DEFAULT '/' COMMENT '生成路径（不填默认项目路径）',
  `options` varchar(1000) COLLATE utf8mb4_bin DEFAULT NULL COMMENT '其它生成选项',
  `create_by` varchar(64) COLLATE utf8mb4_bin DEFAULT '' COMMENT '创建者',
  `create_time` datetime DEFAULT NULL COMMENT '创建时间',
  `update_by` varchar(64) COLLATE utf8mb4_bin DEFAULT '' COMMENT '更新者',
  `update_time` datetime DEFAULT NULL COMMENT '更新时间',
  `remark` varchar(500) COLLATE utf8mb4_bin DEFAULT NULL COMMENT '备注',
  PRIMARY KEY (`table_id`)
) ENGINE=InnoDB AUTO_INCREMENT=9 DEFAULT CHARSET=utf8mb4 COLLATE=utf8mb4_bin COMMENT='代码生成业务表';
/*!40101 SET character_set_client = @saved_cs_client */;

--
-- Dumping data for table `gen_table`
--

LOCK TABLES `gen_table` WRITE;
/*!40000 ALTER TABLE `gen_table` DISABLE KEYS */;
INSERT INTO `gen_table` VALUES (1,'challenge_detail','挑战明细记录','',NULL,'ChallengeDetail','crud','com.ruoyi.project.garbagesort','garbagesort','challengeDetail','挑战明细记录','luoxiang','0','/','{\"parentMenuId\":\"2000\",\"treeName\":\"\",\"treeParentCode\":\"\",\"parentMenuName\":\"垃圾分类\",\"treeCode\":\"\"}','admin','2021-06-08 10:11:04','','2021-06-08 10:34:41',''),(2,'challenge_result','挑战结果+详情记录表','',NULL,'ChallengeResult','crud','com.ruoyi.project.garbagesort','garbagesort','challengeResult','挑战结果+详情记录','luoxiang','0','/','{\"parentMenuId\":\"2000\",\"treeName\":\"\",\"treeParentCode\":\"\",\"parentMenuName\":\"垃圾分类\",\"treeCode\":\"\"}','admin','2021-06-08 10:11:04','','2021-06-08 10:34:55',''),(3,'image_classify','图像识别记录','',NULL,'ImageClassify','crud','com.ruoyi.project.garbagesort','garbagesort','imageClassify','图像识别记录','luoxiang','0','/','{\"parentMenuId\":\"2000\",\"treeName\":\"\",\"treeParentCode\":\"\",\"parentMenuName\":\"垃圾分类\",\"treeCode\":\"\"}','admin','2021-06-08 10:11:04','','2021-06-08 10:35:06',''),(4,'keyword_result','关键词+结果记录表','',NULL,'KeywordResult','crud','com.ruoyi.project.garbagesort','garbagesort','keywordResult','关键词+结果记录','luoxiang','0','/','{\"parentMenuId\":\"2000\",\"treeName\":\"\",\"treeParentCode\":\"\",\"parentMenuName\":\"垃圾分类\",\"treeCode\":\"\"}','admin','2021-06-08 10:11:05','','2021-06-08 12:27:18',''),(5,'keyword_search_num','搜索关键词+次数记录表','',NULL,'KeywordSearchNum','crud','com.ruoyi.project.garbagesort','garbagesort','keywordSearchNum','搜索关键词+次数记录','luoxiang','0','/','{\"parentMenuId\":\"2000\",\"treeName\":\"\",\"treeParentCode\":\"\",\"parentMenuName\":\"垃圾分类\",\"treeCode\":\"\"}','admin','2021-06-08 10:11:05','','2021-06-08 10:33:33',''),(6,'question_bank','题库表','',NULL,'QuestionBank','crud','com.ruoyi.project.garbagesort','garbagesort','questionBank','题库','luoxiang','0','/','{\"parentMenuId\":\"2000\",\"treeName\":\"\",\"treeParentCode\":\"\",\"parentMenuName\":\"垃圾分类\",\"treeCode\":\"\"}','admin','2021-06-08 10:11:05','','2021-06-08 12:26:47',''),(7,'slide_show','幻灯片播放表','',NULL,'SlideShow','crud','com.ruoyi.project.garbagesort','garbagesort','slideShow','幻灯片播放','luoxiang','0','/','{\"parentMenuId\":\"2000\",\"treeName\":\"\",\"treeParentCode\":\"\",\"parentMenuName\":\"垃圾分类\",\"treeCode\":\"\"}','admin','2021-06-08 10:11:05','','2021-06-08 10:34:06',''),(8,'speech_classify','语音识别记录','',NULL,'SpeechClassify','crud','com.ruoyi.project.garbagesort','garbagesort','speechClassify','语音识别记录','luoxiang','0','/','{\"parentMenuId\":\"2000\",\"treeName\":\"\",\"treeParentCode\":\"\",\"parentMenuName\":\"垃圾分类\",\"treeCode\":\"\"}','admin','2021-06-08 10:11:05','','2021-06-08 10:34:25','');
/*!40000 ALTER TABLE `gen_table` ENABLE KEYS */;
UNLOCK TABLES;

--
-- Table structure for table `gen_table_column`
--

DROP TABLE IF EXISTS `gen_table_column`;
/*!40101 SET @saved_cs_client     = @@character_set_client */;
/*!40101 SET character_set_client = utf8 */;
CREATE TABLE `gen_table_column` (
  `column_id` bigint NOT NULL AUTO_INCREMENT COMMENT '编号',
  `table_id` varchar(64) COLLATE utf8mb4_bin DEFAULT NULL COMMENT '归属表编号',
  `column_name` varchar(200) COLLATE utf8mb4_bin DEFAULT NULL COMMENT '列名称',
  `column_comment` varchar(500) COLLATE utf8mb4_bin DEFAULT NULL COMMENT '列描述',
  `column_type` varchar(100) COLLATE utf8mb4_bin DEFAULT NULL COMMENT '列类型',
  `java_type` varchar(500) COLLATE utf8mb4_bin DEFAULT NULL COMMENT 'JAVA类型',
  `java_field` varchar(200) COLLATE utf8mb4_bin DEFAULT NULL COMMENT 'JAVA字段名',
  `is_pk` char(1) COLLATE utf8mb4_bin DEFAULT NULL COMMENT '是否主键（1是）',
  `is_increment` char(1) COLLATE utf8mb4_bin DEFAULT NULL COMMENT '是否自增（1是）',
  `is_required` char(1) COLLATE utf8mb4_bin DEFAULT NULL COMMENT '是否必填（1是）',
  `is_insert` char(1) COLLATE utf8mb4_bin DEFAULT NULL COMMENT '是否为插入字段（1是）',
  `is_edit` char(1) COLLATE utf8mb4_bin DEFAULT NULL COMMENT '是否编辑字段（1是）',
  `is_list` char(1) COLLATE utf8mb4_bin DEFAULT NULL COMMENT '是否列表字段（1是）',
  `is_query` char(1) COLLATE utf8mb4_bin DEFAULT NULL COMMENT '是否查询字段（1是）',
  `query_type` varchar(200) COLLATE utf8mb4_bin DEFAULT 'EQ' COMMENT '查询方式（等于、不等于、大于、小于、范围）',
  `html_type` varchar(200) COLLATE utf8mb4_bin DEFAULT NULL COMMENT '显示类型（文本框、文本域、下拉框、复选框、单选框、日期控件）',
  `dict_type` varchar(200) COLLATE utf8mb4_bin DEFAULT '' COMMENT '字典类型',
  `sort` int DEFAULT NULL COMMENT '排序',
  `create_by` varchar(64) COLLATE utf8mb4_bin DEFAULT '' COMMENT '创建者',
  `create_time` datetime DEFAULT NULL COMMENT '创建时间',
  `update_by` varchar(64) COLLATE utf8mb4_bin DEFAULT '' COMMENT '更新者',
  `update_time` datetime DEFAULT NULL COMMENT '更新时间',
  PRIMARY KEY (`column_id`)
) ENGINE=InnoDB AUTO_INCREMENT=46 DEFAULT CHARSET=utf8mb4 COLLATE=utf8mb4_bin COMMENT='代码生成业务表字段';
/*!40101 SET character_set_client = @saved_cs_client */;

--
-- Dumping data for table `gen_table_column`
--

LOCK TABLES `gen_table_column` WRITE;
/*!40000 ALTER TABLE `gen_table_column` DISABLE KEYS */;
INSERT INTO `gen_table_column` VALUES (1,'1','id','','int','Long','id','1','1',NULL,'1',NULL,NULL,NULL,'EQ','input','',1,'admin','2021-06-08 10:11:04',NULL,'2021-06-08 10:34:41'),(2,'1','whether','是否正确；1:正确；0:错误','tinyint','Long','whether','0','0',NULL,'1','1','1','1','EQ','input','',2,'admin','2021-06-08 10:11:04',NULL,'2021-06-08 10:34:41'),(3,'1','question_id','问题id','int','Long','questionId','0','0',NULL,'1','1','1','1','EQ','input','',3,'admin','2021-06-08 10:11:04',NULL,'2021-06-08 10:34:41'),(4,'1','garbage_name','','varchar(100)','String','garbageName','0','0',NULL,'1','1','1','1','LIKE','input','',4,'admin','2021-06-08 10:11:04',NULL,'2021-06-08 10:34:41'),(5,'1','garbage_type','','tinyint','Long','garbageType','0','0',NULL,'1','1','1','1','EQ','select','',5,'admin','2021-06-08 10:11:04',NULL,'2021-06-08 10:34:41'),(6,'1','selected_type','','tinyint','Long','selectedType','0','0',NULL,'1','1','1','1','EQ','select','',6,'admin','2021-06-08 10:11:04',NULL,'2021-06-08 10:34:41'),(7,'2','id','','int','Long','id','1','1',NULL,'1',NULL,NULL,NULL,'EQ','input','',1,'admin','2021-06-08 10:11:04',NULL,'2021-06-08 10:34:55'),(8,'2','score','','int','Long','score','0','0',NULL,'1','1','1','1','EQ','input','',2,'admin','2021-06-08 10:11:04',NULL,'2021-06-08 10:34:55'),(9,'2','result','','json','String','result','0','0',NULL,'1','1','1','1','EQ','input','',3,'admin','2021-06-08 10:11:04',NULL,'2021-06-08 10:34:55'),(10,'2','times','','timestamp','Date','times','0','0','1','1','1','1','1','EQ','datetime','',4,'admin','2021-06-08 10:11:04',NULL,'2021-06-08 10:34:55'),(11,'2','user_name','','varchar(100)','String','userName','0','0',NULL,'1','1','1','1','LIKE','input','',5,'admin','2021-06-08 10:11:04',NULL,'2021-06-08 10:34:55'),(12,'3','id','','int','Long','id','1','1',NULL,'1',NULL,NULL,NULL,'EQ','input','',1,'admin','2021-06-08 10:11:04',NULL,'2021-06-08 10:35:06'),(13,'3','filepath','','varchar(200)','String','filepath','0','0',NULL,'1','1','1','1','EQ','input','',2,'admin','2021-06-08 10:11:04',NULL,'2021-06-08 10:35:06'),(14,'3','one_keyword','','varchar(100)','String','oneKeyword','0','0',NULL,'1','1','1','1','EQ','input','',3,'admin','2021-06-08 10:11:04',NULL,'2021-06-08 10:35:06'),(15,'3','one_result','','json','String','oneResult','0','0',NULL,'1','1','1','1','EQ','input','',4,'admin','2021-06-08 10:11:05',NULL,'2021-06-08 10:35:06'),(16,'3','all_keyword','','varchar(500)','String','allKeyword','0','0',NULL,'1','1','1','1','EQ','textarea','',5,'admin','2021-06-08 10:11:05',NULL,'2021-06-08 10:35:06'),(17,'3','all_result','','json','String','allResult','0','0',NULL,'1','1','1','1','EQ','input','',6,'admin','2021-06-08 10:11:05',NULL,'2021-06-08 10:35:06'),(18,'3','user_name','','varchar(100)','String','userName','0','0',NULL,'1','1','1','1','LIKE','input','',7,'admin','2021-06-08 10:11:05',NULL,'2021-06-08 10:35:06'),(19,'3','times','','timestamp','Date','times','0','0','1','1','1','1','1','EQ','datetime','',8,'admin','2021-06-08 10:11:05',NULL,'2021-06-08 10:35:06'),(20,'4','id','','int','Long','id','1','1',NULL,'1',NULL,NULL,NULL,'EQ','input','',1,'admin','2021-06-08 10:11:05',NULL,'2021-06-08 12:27:18'),(21,'4','keyword','','varchar(100)','String','keyword','0','0',NULL,'1','1','1','1','EQ','input','',2,'admin','2021-06-08 10:11:05',NULL,'2021-06-08 12:27:18'),(22,'4','result','','json','String','result','0','0',NULL,'1','1','1','1','EQ','input','',3,'admin','2021-06-08 10:11:05',NULL,'2021-06-08 12:27:18'),(23,'4','times','','timestamp','Date','times','0','0',NULL,'1','1','1','1','EQ','datetime','',4,'admin','2021-06-08 10:11:05',NULL,'2021-06-08 12:27:18'),(24,'5','id','','int','Long','id','1','1',NULL,'1',NULL,NULL,NULL,'EQ','input','',1,'admin','2021-06-08 10:11:05',NULL,'2021-06-08 10:33:33'),(25,'5','keyword','','varchar(100)','String','keyword','0','0','1','1','1','1','1','EQ','input','',2,'admin','2021-06-08 10:11:05',NULL,'2021-06-08 10:33:33'),(26,'5','num','','int','Long','num','0','0',NULL,'1','1','1','1','EQ','input','',3,'admin','2021-06-08 10:11:05',NULL,'2021-06-08 10:33:33'),(27,'5','times','','timestamp','Date','times','0','0','1','1','1','1','1','EQ','datetime','',4,'admin','2021-06-08 10:11:05',NULL,'2021-06-08 10:33:34'),(28,'6','question_id','id','int','Long','questionId','1','1',NULL,'1',NULL,NULL,NULL,'EQ','input','',2,'admin','2021-06-08 10:11:05',NULL,'2021-06-08 12:26:47'),(29,'6','garbage_type','','tinyint','Long','garbageType','0','0',NULL,'1','1','1','1','EQ','select','garbage_type',1,'admin','2021-06-08 10:11:05',NULL,'2021-06-08 12:26:47'),(30,'6','garbage_name','垃圾名称','varchar(50)','String','garbageName','0','0',NULL,'1','1','1','1','LIKE','input','',3,'admin','2021-06-08 10:11:05',NULL,'2021-06-08 12:26:47'),(31,'6','analysis','解析','varchar(255)','String','analysis','0','0',NULL,'1','1','1','1','EQ','input','',4,'admin','2021-06-08 10:11:05',NULL,'2021-06-08 12:26:47'),(32,'6','remark','备注','varchar(200)','String','remark','0','0',NULL,'1','1','1',NULL,'EQ','input','',5,'admin','2021-06-08 10:11:05',NULL,'2021-06-08 12:26:47'),(33,'7','slide','id','int','Long','slide','1','1',NULL,'1',NULL,NULL,NULL,'EQ','input','',1,'admin','2021-06-08 10:11:05',NULL,'2021-06-08 10:34:06'),(34,'7','user_id','是否启用','tinyint(1)','Integer','userId','0','0',NULL,'1','1','1','1','EQ','input','',2,'admin','2021-06-08 10:11:05',NULL,'2021-06-08 10:34:06'),(35,'7','sort_id','排序id','int','Long','sortId','0','0',NULL,'1','1','1','1','EQ','input','',3,'admin','2021-06-08 10:11:05',NULL,'2021-06-08 10:34:06'),(36,'7','image_url','图片地址','varchar(200)','String','imageUrl','0','0',NULL,'1','1','1','1','EQ','input','',4,'admin','2021-06-08 10:11:05',NULL,'2021-06-08 10:34:06'),(37,'7','skip_url','跳转的链接地址','varchar(200)','String','skipUrl','0','0',NULL,'1','1','1','1','EQ','input','',5,'admin','2021-06-08 10:11:05',NULL,'2021-06-08 10:34:06'),(38,'8','id','','int','Long','id','1','1',NULL,'1',NULL,NULL,NULL,'EQ','input','',1,'admin','2021-06-08 10:11:05',NULL,'2021-06-08 10:34:25'),(39,'8','filepath','','varchar(200)','String','filepath','0','0',NULL,'1','1','1','1','EQ','input','',2,'admin','2021-06-08 10:11:05',NULL,'2021-06-08 10:34:25'),(40,'8','one_keyword','','varchar(100)','String','oneKeyword','0','0',NULL,'1','1','1','1','EQ','input','',3,'admin','2021-06-08 10:11:05',NULL,'2021-06-08 10:34:25'),(41,'8','one_result','','json','String','oneResult','0','0',NULL,'1','1','1','1','EQ','input','',4,'admin','2021-06-08 10:11:05',NULL,'2021-06-08 10:34:25'),(42,'8','all_keyword','','varchar(500)','String','allKeyword','0','0',NULL,'1','1','1','1','EQ','textarea','',5,'admin','2021-06-08 10:11:05',NULL,'2021-06-08 10:34:25'),(43,'8','all_result','','json','String','allResult','0','0',NULL,'1','1','1','1','EQ','input','',6,'admin','2021-06-08 10:11:05',NULL,'2021-06-08 10:34:25'),(44,'8','user_name','','varchar(100)','String','userName','0','0',NULL,'1','1','1','1','LIKE','input','',7,'admin','2021-06-08 10:11:05',NULL,'2021-06-08 10:34:25'),(45,'8','times','','timestamp','Date','times','0','0','1','1','1','1','1','EQ','datetime','',8,'admin','2021-06-08 10:11:05',NULL,'2021-06-08 10:34:25');
/*!40000 ALTER TABLE `gen_table_column` ENABLE KEYS */;
UNLOCK TABLES;

--
-- Table structure for table `image_classify`
--

DROP TABLE IF EXISTS `image_classify`;
/*!40101 SET @saved_cs_client     = @@character_set_client */;
/*!40101 SET character_set_client = utf8 */;
CREATE TABLE `image_classify` (
  `id` int NOT NULL AUTO_INCREMENT,
  `filepath` varchar(200) CHARACTER SET utf8 COLLATE utf8_general_ci DEFAULT NULL COMMENT '文件存储路径',
  `one_keyword` varchar(100) CHARACTER SET utf8 COLLATE utf8_general_ci DEFAULT NULL COMMENT '一个关键字',
  `one_result` json DEFAULT NULL COMMENT '一个结果',
  `all_keyword` varchar(500) CHARACTER SET utf8 COLLATE utf8_general_ci DEFAULT NULL COMMENT '总关键字',
  `all_result` json DEFAULT NULL COMMENT '总结果',
  `user_name` varchar(100) CHARACTER SET utf8 COLLATE utf8_general_ci DEFAULT NULL COMMENT '用户名',
  `times` timestamp NOT NULL DEFAULT CURRENT_TIMESTAMP COMMENT '时间',
  PRIMARY KEY (`id`) USING BTREE,
  UNIQUE KEY `image_classify_id_uindex` (`id`) USING BTREE
) ENGINE=InnoDB AUTO_INCREMENT=331 DEFAULT CHARSET=utf8 ROW_FORMAT=DYNAMIC COMMENT='图像识别记录';
/*!40101 SET character_set_client = @saved_cs_client */;

--
-- Dumping data for table `image_classify`
--

LOCK TABLES `image_classify` WRITE;
/*!40000 ALTER TABLE `image_classify` DISABLE KEYS */;
/*!40000 ALTER TABLE `image_classify` ENABLE KEYS */;
UNLOCK TABLES;

--
-- Table structure for table `keyword_result`
--

DROP TABLE IF EXISTS `keyword_result`;
/*!40101 SET @saved_cs_client     = @@character_set_client */;
/*!40101 SET character_set_client = utf8 */;
CREATE TABLE `keyword_result` (
  `id` int NOT NULL AUTO_INCREMENT,
  `keyword` varchar(100) CHARACTER SET utf8 COLLATE utf8_general_ci DEFAULT NULL,
  `result` json DEFAULT NULL,
  `times` timestamp NULL DEFAULT CURRENT_TIMESTAMP,
  PRIMARY KEY (`id`) USING BTREE,
  UNIQUE KEY `keyword_result_id_uindex` (`id`) USING BTREE
) ENGINE=InnoDB AUTO_INCREMENT=2256 DEFAULT CHARSET=utf8 ROW_FORMAT=DYNAMIC COMMENT='关键词+结果记录表';
/*!40101 SET character_set_client = @saved_cs_client */;

--
-- Dumping data for table `keyword_result`
--

LOCK TABLES `keyword_result` WRITE;
/*!40000 ALTER TABLE `keyword_result` DISABLE KEYS */;
INSERT INTO `keyword_result` VALUES (912,'教室','null','2019-07-24 07:42:00'),(913,'男孩','[]','2019-07-24 07:42:04'),(914,'污损纸张','[{\"questionId\": 10, \"garbageName\": \"污损纸张\", \"garbageType\": 1}]','2019-07-24 07:42:09'),(915,'教室','null','2019-07-24 07:42:11'),(916,'教室','[]','2019-07-24 07:42:13'),(917,'糖果','null','2019-07-24 07:42:15'),(918,'米线','null','2019-07-24 07:42:27'),(919,'人物特写','null','2019-07-24 07:42:31'),(920,'米线','[]','2019-07-24 07:42:32'),(921,'人物特写','[]','2019-07-24 07:42:33'),(922,'米线','[]','2019-07-24 07:42:35'),(923,'人物特写','null','2019-07-24 07:42:38'),(924,'头发','[{\"questionId\": 196, \"garbageName\": \"头发\", \"garbageType\": 1}]','2019-07-24 07:42:40'),(925,'剩饭残渣','[{\"questionId\": 2, \"garbageName\": \"剩饭残渣\", \"garbageType\": 2}]','2019-07-24 07:42:56'),(926,'人物特写','null','2019-07-24 07:42:59'),(927,'头','[{\"questionId\": 17, \"garbageName\": \"大骨头\", \"garbageType\": 1}, {\"questionId\": 27, \"garbageName\": \"牛骨头\", \"garbageType\": 1}, {\"questionId\": 81, \"garbageName\": \"虾头\", \"garbageType\": 2}, {\"questionId\": 196, \"garbageName\": \"头发\", \"garbageType\": 1}, {\"questionId\": 218, \"garbageName\": \"骨头\", \"garbageType\": 2}, {\"questionId\": 219, \"garbageName\": \"鸡鹅鸭骨头\", \"garbageType\": 2}, {\"questionId\": 310, \"garbageName\": \"枕头\", \"garbageType\": 3}, {\"questionId\": 324, \"garbageName\": \"插头\", \"garbageType\": 3}, {\"questionId\": 329, \"garbageName\": \"食品罐头\", \"garbageType\": 3}, {\"questionId\": 344, \"garbageName\": \"废锁头\", \"garbageType\": 3}]','2019-07-24 07:43:04'),(928,'头','[{\"questionId\": 17, \"garbageName\": \"大骨头\", \"garbageType\": 1}, {\"questionId\": 27, \"garbageName\": \"牛骨头\", \"garbageType\": 1}, {\"questionId\": 81, \"garbageName\": \"虾头\", \"garbageType\": 2}, {\"questionId\": 196, \"garbageName\": \"头发\", \"garbageType\": 1}, {\"questionId\": 218, \"garbageName\": \"骨头\", \"garbageType\": 2}, {\"questionId\": 219, \"garbageName\": \"鸡鹅鸭骨头\", \"garbageType\": 2}, {\"questionId\": 310, \"garbageName\": \"枕头\", \"garbageType\": 3}, {\"questionId\": 324, \"garbageName\": \"插头\", \"garbageType\": 3}, {\"questionId\": 329, \"garbageName\": \"食品罐头\", \"garbageType\": 3}, {\"questionId\": 344, \"garbageName\": \"废锁头\", \"garbageType\": 3}]','2019-07-24 07:43:06'),(929,'牛骨头','[{\"questionId\": 27, \"garbageName\": \"牛骨头\", \"garbageType\": 1}]','2019-07-24 07:43:55'),(930,'简笔画','null','2019-07-24 07:46:21'),(931,'简笔画','[]','2019-07-24 07:46:27'),(932,'纸品湿巾','null','2019-07-24 07:55:31'),(933,'维达','[]','2019-07-24 07:55:35'),(934,'键盘','null','2019-07-24 07:55:53'),(935,'饮料瓶','[{\"questionId\": 259, \"garbageName\": \"饮料瓶\", \"garbageType\": 3}]','2019-07-24 08:03:40'),(936,'笔','[{\"questionId\": 48, \"garbageName\": \"笔\", \"garbageType\": 1}, {\"questionId\": 49, \"garbageName\": \"铅笔\", \"garbageType\": 1}, {\"questionId\": 50, \"garbageName\": \"毛笔\", \"garbageType\": 1}, {\"questionId\": 129, \"garbageName\": \"笔盖\", \"garbageType\": 1}, {\"questionId\": 137, \"garbageName\": \"钢笔\", \"garbageType\": 1}, {\"questionId\": 145, \"garbageName\": \"圆珠笔\", \"garbageType\": 1}, {\"questionId\": 388, \"garbageName\": \"水彩笔\", \"garbageType\": 4}]','2019-07-24 08:07:51'),(937,'污损纸张','[{\"questionId\": 10, \"garbageName\": \"污损纸张\", \"garbageType\": 1}]','2019-07-24 08:08:03'),(938,'污损纸张','[{\"questionId\": 10, \"garbageName\": \"污损纸张\", \"garbageType\": 1}]','2019-07-24 08:08:03'),(939,'污损纸张','[{\"questionId\": 10, \"garbageName\": \"污损纸张\", \"garbageType\": 1}]','2019-07-24 08:08:03'),(940,'玉米衣','[{\"questionId\": 23, \"garbageName\": \"玉米衣\", \"garbageType\": 1}]','2019-07-24 08:08:09'),(941,'污损纸张','[{\"questionId\": 10, \"garbageName\": \"污损纸张\", \"garbageType\": 1}]','2019-07-24 08:08:12'),(942,'美女','null','2019-07-24 08:15:05'),(943,'电脑','[{\"remark\": \"可回收哟\", \"questionId\": 3, \"garbageName\": \"电脑\", \"garbageType\": 3}]','2019-07-24 08:15:19'),(944,'熊猫卡通','null','2019-07-24 08:15:35'),(945,'书本','null','2019-07-24 08:16:01'),(946,'书本','[{\"questionId\": 251, \"garbageName\": \"废弃书本\", \"garbageType\": 3}]','2019-07-24 08:16:06'),(947,'书本','[{\"questionId\": 251, \"garbageName\": \"废弃书本\", \"garbageType\": 3}]','2019-07-24 08:16:09'),(948,'书本','[{\"questionId\": 251, \"garbageName\": \"废弃书本\", \"garbageType\": 3}]','2019-07-24 08:16:11'),(949,'书本','[{\"questionId\": 251, \"garbageName\": \"废弃书本\", \"garbageType\": 3}]','2019-07-24 08:16:13'),(950,'书本','[{\"questionId\": 251, \"garbageName\": \"废弃书本\", \"garbageType\": 3}]','2019-07-24 08:16:13'),(951,'书本','[{\"questionId\": 251, \"garbageName\": \"废弃书本\", \"garbageType\": 3}]','2019-07-24 08:16:14'),(952,'书本','[{\"questionId\": 251, \"garbageName\": \"废弃书本\", \"garbageType\": 3}]','2019-07-24 08:16:14'),(953,'书本','[{\"questionId\": 251, \"garbageName\": \"废弃书本\", \"garbageType\": 3}]','2019-07-24 08:16:14'),(954,'书本','[{\"questionId\": 251, \"garbageName\": \"废弃书本\", \"garbageType\": 3}]','2019-07-24 08:16:14'),(955,'书本','[{\"questionId\": 251, \"garbageName\": \"废弃书本\", \"garbageType\": 3}]','2019-07-24 08:16:14'),(956,'书本','[{\"questionId\": 251, \"garbageName\": \"废弃书本\", \"garbageType\": 3}]','2019-07-24 08:16:15'),(957,'书本','[{\"questionId\": 251, \"garbageName\": \"废弃书本\", \"garbageType\": 3}]','2019-07-24 08:16:15'),(958,'书本','[{\"questionId\": 251, \"garbageName\": \"废弃书本\", \"garbageType\": 3}]','2019-07-24 08:16:16'),(959,'苹果','[{\"remark\": \"苹果好吃，可不能乱丢哟苹果好吃，可不能乱丢哟苹果好吃，可不能乱丢哟苹果好吃，可不能乱丢哟苹果好吃，可不能乱丢哟\", \"questionId\": 111, \"garbageName\": \"苹果\", \"garbageType\": 2}, {\"questionId\": 118, \"garbageName\": \"苹果皮\", \"garbageType\": 2}, {\"questionId\": 239, \"garbageName\": \"苹果核\", \"garbageType\": 2}]','2019-07-24 08:16:44'),(960,'女朋友','[{\"remark\": \"ta 生气的时候朵小花哄哄试试，说不定能给你一个大大的拥抱\", \"questionId\": 422, \"garbageName\": \"女朋友\", \"garbageType\": 3}]','2019-07-24 08:17:05'),(961,'男朋友','[{\"remark\": \"有时偶尔不听话，大概是皮了，需要好好教育才能更懂你\", \"questionId\": 421, \"garbageName\": \"男朋友\", \"garbageType\": 3}]','2019-07-24 08:17:21'),(962,'女仆','[]','2019-07-24 08:17:37'),(963,'女朋友','[{\"remark\": \"ta 生气的时候朵小花哄哄试试，说不定能给你一个大大的拥抱\", \"questionId\": 422, \"garbageName\": \"女朋友\", \"garbageType\": 3}]','2019-07-24 08:17:42'),(964,'雨伞','[{\"questionId\": 46, \"garbageName\": \"雨伞\", \"garbageType\": 1}, {\"questionId\": 346, \"garbageName\": \"雨伞骨架\", \"garbageType\": 3}]','2019-07-24 08:22:19'),(965,'剩饭残渣','[{\"questionId\": 2, \"garbageName\": \"剩饭残渣\", \"garbageType\": 2}]','2019-07-24 08:34:25'),(966,'尿不湿','[{\"questionId\": 7, \"garbageName\": \"尿不湿\", \"garbageType\": 1}]','2019-07-24 08:36:08'),(967,'尿不湿','[{\"questionId\": 7, \"garbageName\": \"尿不湿\", \"garbageType\": 1}]','2019-07-24 08:36:13'),(968,'菠萝蜜核','[{\"questionId\": 26, \"garbageName\": \"菠萝蜜核\", \"garbageType\": 1}]','2019-07-24 08:36:28'),(969,'炉渣','[{\"questionId\": 30, \"garbageName\": \"炉渣\", \"garbageType\": 1}]','2019-07-24 08:36:31'),(970,'胶水','[{\"questionId\": 33, \"garbageName\": \"胶水\", \"garbageType\": 1}]','2019-07-24 08:36:50'),(971,'胶水','[{\"questionId\": 33, \"garbageName\": \"胶水\", \"garbageType\": 1}]','2019-07-24 08:37:01'),(972,'胶水','[{\"questionId\": 33, \"garbageName\": \"胶水\", \"garbageType\": 1}]','2019-07-24 08:42:11'),(973,'面膜','null','2019-07-24 08:51:16'),(974,'光疗甲','null','2019-07-24 08:52:02'),(975,'彩色动漫','null','2019-07-24 08:52:16'),(976,'雕像','null','2019-07-24 08:52:58'),(977,'橡胶','[]','2019-07-24 08:56:54'),(978,'橡胶','[]','2019-07-24 08:56:58'),(979,'枕头','[{\"questionId\": 310, \"garbageName\": \"枕头\", \"garbageType\": 3}]','2019-07-24 08:57:16'),(980,'饮料/饮品','null','2019-07-24 08:59:20'),(981,'啤酒瓶','[]','2019-07-24 09:04:04'),(982,'纸巾','[{\"remark\": \"纸巾不要乱丢呀，会污染环境\", \"analysis\": \"\", \"questionId\": 1, \"garbageName\": \"纸巾\", \"garbageType\": 1}]','2019-07-24 09:04:16'),(983,'榴莲核','[{\"questionId\": 25, \"garbageName\": \"榴莲核\", \"garbageType\": 1}]','2019-07-24 09:06:43'),(984,'编织袋','[{\"questionId\": 15, \"garbageName\": \"编织袋\", \"garbageType\": 1}]','2019-07-24 09:11:27'),(985,'雨伞','[{\"questionId\": 46, \"garbageName\": \"雨伞\", \"garbageType\": 1}, {\"questionId\": 346, \"garbageName\": \"雨伞骨架\", \"garbageType\": 3}]','2019-07-24 09:18:28'),(986,'雨伞','[{\"questionId\": 46, \"garbageName\": \"雨伞\", \"garbageType\": 1}, {\"questionId\": 346, \"garbageName\": \"雨伞骨架\", \"garbageType\": 3}]','2019-07-24 09:23:57'),(987,'椰子壳','[{\"questionId\": 20, \"garbageName\": \"椰子壳\", \"garbageType\": 1}]','2019-07-24 09:26:40'),(988,'编织袋','[{\"questionId\": 15, \"garbageName\": \"编织袋\", \"garbageType\": 1}]','2019-07-24 09:50:25'),(989,'鼠标','null','2019-07-24 09:51:09'),(990,'竹篮','[{\"questionId\": 41, \"garbageName\": \"竹篮\", \"garbageType\": 1}]','2019-07-24 09:51:20'),(991,'苹果','[{\"remark\": \"苹果好吃，可不能乱丢哟苹果好吃，可不能乱丢哟苹果好吃，可不能乱丢哟苹果好吃，可不能乱丢哟苹果好吃，可不能乱丢哟\", \"questionId\": 111, \"garbageName\": \"苹果\", \"garbageType\": 2}, {\"questionId\": 118, \"garbageName\": \"苹果皮\", \"garbageType\": 2}, {\"questionId\": 239, \"garbageName\": \"苹果核\", \"garbageType\": 2}]','2019-07-24 09:51:25'),(992,'天堂伞','[{\"questionId\": 47, \"garbageName\": \"天堂伞\", \"garbageType\": 1}]','2019-07-24 09:51:35'),(993,'鼠标','null','2019-07-24 09:57:09'),(994,'触控板','null','2019-07-24 09:57:16'),(995,'平板手机','[]','2019-07-24 09:57:27'),(996,'伞','[{\"questionId\": 45, \"garbageName\": \"伞\", \"garbageType\": 1}, {\"questionId\": 46, \"garbageName\": \"雨伞\", \"garbageType\": 1}, {\"questionId\": 47, \"garbageName\": \"天堂伞\", \"garbageType\": 1}, {\"questionId\": 346, \"garbageName\": \"雨伞骨架\", \"garbageType\": 3}]','2019-07-24 09:59:16'),(997,'苹果','[{\"remark\": \"苹果好吃，可不能乱丢哟苹果好吃，可不能乱丢哟苹果好吃，可不能乱丢哟苹果好吃，可不能乱丢哟苹果好吃，可不能乱丢哟\", \"questionId\": 111, \"garbageName\": \"苹果\", \"garbageType\": 2}, {\"questionId\": 118, \"garbageName\": \"苹果皮\", \"garbageType\": 2}, {\"questionId\": 239, \"garbageName\": \"苹果核\", \"garbageType\": 2}]','2019-07-24 10:01:37'),(998,'苹果','[{\"remark\": \"苹果好吃，可不能乱丢哟苹果好吃，可不能乱丢哟苹果好吃，可不能乱丢哟苹果好吃，可不能乱丢哟苹果好吃，可不能乱丢哟\", \"questionId\": 111, \"garbageName\": \"苹果\", \"garbageType\": 2}, {\"questionId\": 118, \"garbageName\": \"苹果皮\", \"garbageType\": 2}, {\"questionId\": 239, \"garbageName\": \"苹果核\", \"garbageType\": 2}]','2019-07-24 10:02:35'),(999,'我觉得','[]','2019-07-24 10:02:55'),(1000,'','[]','2019-07-24 10:02:59'),(1001,'电脑','[{\"remark\": \"可回收哟\", \"questionId\": 3, \"garbageName\": \"电脑\", \"garbageType\": 3}]','2019-07-24 10:03:08'),(1002,'电脑','[{\"remark\": \"可回收哟\", \"questionId\": 3, \"garbageName\": \"电脑\", \"garbageType\": 3}]','2019-07-24 10:03:20'),(1003,'耳机','[]','2019-07-24 10:16:56'),(1004,'耳机','[]','2019-07-24 10:17:00'),(1005,'餐巾纸','[{\"questionId\": 5, \"garbageName\": \"餐巾纸\", \"garbageType\": 1}]','2019-07-24 10:17:37'),(1006,'手表','[]','2019-07-24 10:17:45'),(1007,'手表','[]','2019-07-24 10:17:47'),(1008,'污损纸张','[{\"questionId\": 10, \"garbageName\": \"污损纸张\", \"garbageType\": 1}]','2019-07-24 10:18:02'),(1009,'鼠标','[{\"questionId\": 426, \"garbageName\": \"鼠标\", \"garbageType\": 3}]','2019-07-24 10:18:14'),(1010,'陶瓷制品','[{\"questionId\": 40, \"garbageName\": \"陶瓷制品\", \"garbageType\": 1}]','2019-07-24 10:18:14'),(1011,'硬贝壳','[{\"questionId\": 18, \"garbageName\": \"硬贝壳\", \"garbageType\": 1}]','2019-07-24 10:19:52'),(1012,'苹果','[{\"remark\": \"苹果好吃，可不能乱丢哟苹果好吃，可不能乱丢哟苹果好吃，可不能乱丢哟苹果好吃，可不能乱丢哟苹果好吃，可不能乱丢哟\", \"questionId\": 111, \"garbageName\": \"苹果\", \"garbageType\": 2}, {\"questionId\": 118, \"garbageName\": \"苹果皮\", \"garbageType\": 2}, {\"questionId\": 239, \"garbageName\": \"苹果核\", \"garbageType\": 2}]','2019-07-24 10:20:00'),(1013,'一次性杯子','[{\"questionId\": 38, \"garbageName\": \"一次性杯子\", \"garbageType\": 1}]','2019-07-24 10:20:23'),(1014,'榴莲壳','[{\"questionId\": 21, \"garbageName\": \"榴莲壳\", \"garbageType\": 1}]','2019-07-24 10:20:27'),(1015,'金鱼','[]','2019-07-24 10:21:23'),(1016,'死鱼','[]','2019-07-24 10:21:33'),(1017,'笔','[{\"questionId\": 48, \"garbageName\": \"笔\", \"garbageType\": 1}, {\"questionId\": 49, \"garbageName\": \"铅笔\", \"garbageType\": 1}, {\"questionId\": 50, \"garbageName\": \"毛笔\", \"garbageType\": 1}, {\"questionId\": 129, \"garbageName\": \"笔盖\", \"garbageType\": 1}, {\"questionId\": 137, \"garbageName\": \"钢笔\", \"garbageType\": 1}, {\"questionId\": 145, \"garbageName\": \"圆珠笔\", \"garbageType\": 1}, {\"questionId\": 388, \"garbageName\": \"水彩笔\", \"garbageType\": 4}, {\"questionId\": 653, \"garbageName\": \"笔芯\", \"garbageType\": 1}]','2019-07-24 10:21:47'),(1018,'木鱼','[]','2019-07-24 10:21:52'),(1019,'飞机','[]','2019-07-24 10:22:08'),(1020,'手机','[{\"questionId\": 533, \"garbageName\": \"手机电池\", \"garbageType\": 4}]','2019-07-24 10:22:12'),(1021,'手机','[{\"questionId\": 533, \"garbageName\": \"手机电池\", \"garbageType\": 4}]','2019-07-24 10:22:15'),(1022,'女朋友','[{\"remark\": \"ta 生气的时候朵小花哄哄试试，说不定能给你一个大大的拥抱\", \"questionId\": 422, \"garbageName\": \"女朋友\", \"garbageType\": 3}]','2019-07-24 10:22:16'),(1023,'手机电池','[{\"questionId\": 533, \"garbageName\": \"手机电池\", \"garbageType\": 4}]','2019-07-24 10:22:16'),(1024,'茶叶','[{\"questionId\": 98, \"garbageName\": \"茶叶\", \"garbageType\": 2}, {\"questionId\": 600, \"garbageName\": \"茶叶渣\", \"garbageType\": 2}, {\"questionId\": 656, \"garbageName\": \"茶叶包\", \"garbageType\": 1}]','2019-07-24 10:22:30'),(1025,'盆栽植物','null','2019-07-24 10:22:48'),(1026,'灵芝','[]','2019-07-24 10:23:02'),(1027,'男朋友','[{\"remark\": \"有时偶尔不听话，大概是皮了，需要好好教育才能更懂你\", \"questionId\": 421, \"garbageName\": \"男朋友\", \"garbageType\": 3}]','2019-07-24 10:23:09'),(1028,'键盘','null','2019-07-24 10:23:24'),(1029,'纸品湿巾','null','2019-07-24 10:23:44'),(1030,'胶水','[{\"questionId\": 33, \"garbageName\": \"胶水\", \"garbageType\": 1}]','2019-07-24 10:23:46'),(1031,'狗屎','[{\"remark\": \"属于宠物粪便，不建议归入到当前垃圾分类当中；实在不便时，可包裹后投入干垃圾桶内\", \"questionId\": 429, \"garbageName\": \"狗屎\", \"garbageType\": 1}]','2019-07-24 10:23:47'),(1032,'耳机','[{\"remark\": \"耳机是个好东西，戴上它，感觉全世界都是自己的\", \"questionId\": 662, \"garbageName\": \"耳机\", \"garbageType\": 3}]','2019-07-24 10:23:51'),(1033,'狗屎','[{\"remark\": \"属于宠物粪便，不建议归入到当前垃圾分类当中；实在不便时，可包裹后投入干垃圾桶内\", \"questionId\": 429, \"garbageName\": \"狗屎\", \"garbageType\": 1}]','2019-07-24 10:23:52'),(1034,'纸巾','[{\"remark\": \"纸巾不要乱丢呀，会污染环境\", \"analysis\": \"\", \"questionId\": 1, \"garbageName\": \"纸巾\", \"garbageType\": 1}, {\"questionId\": 620, \"garbageName\": \"湿纸巾\", \"garbageType\": 1}]','2019-07-24 10:23:53'),(1035,'干电池','[{\"remark\": \"有害垃圾哟\", \"questionId\": 4, \"garbageName\": \"干电池\", \"garbageType\": 4}]','2019-07-24 10:24:13'),(1036,'编织袋','[{\"questionId\": 15, \"garbageName\": \"编织袋\", \"garbageType\": 1}]','2019-07-24 10:24:56'),(1037,'核桃壳','[{\"questionId\": 22, \"garbageName\": \"核桃壳\", \"garbageType\": 1}]','2019-07-24 10:25:10'),(1038,'死鱼','[]','2019-07-24 10:25:21'),(1039,'死鱼','[]','2019-07-24 10:25:31'),(1040,'图像素材','null','2019-07-24 10:25:46'),(1041,'污损纸张','[{\"questionId\": 10, \"garbageName\": \"污损纸张\", \"garbageType\": 1}]','2019-07-24 10:26:03'),(1042,'甘蔗皮','[{\"questionId\": 24, \"garbageName\": \"甘蔗皮\", \"garbageType\": 1}]','2019-07-24 10:27:30'),(1043,'甘蔗','[{\"questionId\": 24, \"garbageName\": \"甘蔗皮\", \"garbageType\": 1}, {\"questionId\": 216, \"garbageName\": \"甘蔗\", \"garbageType\": 2}]','2019-07-24 10:27:49'),(1044,'动物尸体','[]','2019-07-24 10:28:15'),(1045,'碗','null','2019-07-24 10:28:27'),(1046,'烟灰缸','null','2019-07-24 10:29:44'),(1047,'水壶','null','2019-07-24 10:30:13'),(1048,'椅子','null','2019-07-24 10:30:29'),(1049,'人物特写','null','2019-07-24 10:30:46'),(1050,'轿车','null','2019-07-24 10:31:29'),(1051,'榴莲壳','[{\"questionId\": 21, \"garbageName\": \"榴莲壳\", \"garbageType\": 1}]','2019-07-24 10:32:21'),(1052,'核桃壳','[{\"questionId\": 22, \"garbageName\": \"核桃壳\", \"garbageType\": 1}]','2019-07-24 10:32:24'),(1053,'尼龙制品','[{\"questionId\": 14, \"garbageName\": \"尼龙制品\", \"garbageType\": 1}]','2019-07-24 10:32:49'),(1054,'菠萝蜜核','[{\"questionId\": 26, \"garbageName\": \"菠萝蜜核\", \"garbageType\": 1}]','2019-07-24 10:34:04'),(1055,'菠萝蜜核','[{\"questionId\": 26, \"garbageName\": \"菠萝蜜核\", \"garbageType\": 1}]','2019-07-24 10:35:17'),(1056,'苹果','[{\"remark\": \"苹果好吃，可不能乱丢哟苹果好吃，可不能乱丢哟苹果好吃，可不能乱丢哟苹果好吃，可不能乱丢哟苹果好吃，可不能乱丢哟\", \"questionId\": 111, \"garbageName\": \"苹果\", \"garbageType\": 2}, {\"questionId\": 118, \"garbageName\": \"苹果皮\", \"garbageType\": 2}, {\"questionId\": 239, \"garbageName\": \"苹果核\", \"garbageType\": 2}]','2019-07-24 10:35:31'),(1057,'','[]','2019-07-24 10:36:18'),(1058,'可以可以可以可以','[]','2019-07-24 10:36:28'),(1059,'防碎气泡膜','[{\"questionId\": 16, \"garbageName\": \"防碎气泡膜\", \"garbageType\": 1}]','2019-07-24 10:36:42'),(1060,'核桃壳','[{\"questionId\": 22, \"garbageName\": \"核桃壳\", \"garbageType\": 1}]','2019-07-24 10:36:49'),(1061,'黄豆','[{\"questionId\": 62, \"garbageName\": \"黄豆\", \"garbageType\": 2}]','2019-07-24 10:39:06'),(1062,'剩菜','[{\"questionId\": 234, \"garbageName\": \"剩饭剩菜\", \"garbageType\": 2}]','2019-07-24 10:39:37'),(1063,'天堂伞','[{\"questionId\": 47, \"garbageName\": \"天堂伞\", \"garbageType\": 1}]','2019-07-24 10:39:41'),(1064,'餐巾纸','[{\"questionId\": 5, \"garbageName\": \"餐巾纸\", \"garbageType\": 1}]','2019-07-24 10:40:13'),(1065,'生蚝壳','[{\"questionId\": 53, \"garbageName\": \"生蚝壳\", \"garbageType\": 1}]','2019-07-24 10:40:51'),(1066,'尼龙制品','[{\"questionId\": 14, \"garbageName\": \"尼龙制品\", \"garbageType\": 1}]','2019-07-24 10:41:08'),(1067,'菠萝蜜核','[{\"questionId\": 26, \"garbageName\": \"菠萝蜜核\", \"garbageType\": 1}]','2019-07-24 10:41:51'),(1068,'烟蒂','[{\"questionId\": 11, \"garbageName\": \"烟蒂\", \"garbageType\": 1}]','2019-07-24 10:42:03'),(1069,'毛发','[{\"questionId\": 28, \"garbageName\": \"毛发\", \"garbageType\": 1}]','2019-07-24 10:42:06'),(1070,'灰土','[{\"questionId\": 29, \"garbageName\": \"灰土\", \"garbageType\": 1}]','2019-07-24 10:42:17'),(1071,'胶带','[{\"questionId\": 34, \"garbageName\": \"胶带\", \"garbageType\": 1}]','2019-07-24 10:42:26'),(1072,'玉米衣','[{\"questionId\": 23, \"garbageName\": \"玉米衣\", \"garbageType\": 1}]','2019-07-24 10:42:27'),(1073,'硬贝壳','[{\"questionId\": 18, \"garbageName\": \"硬贝壳\", \"garbageType\": 1}]','2019-07-24 10:42:29'),(1074,'编织袋','[{\"questionId\": 15, \"garbageName\": \"编织袋\", \"garbageType\": 1}]','2019-07-24 10:42:44'),(1075,'太空沙','[{\"questionId\": 32, \"garbageName\": \"太空沙\", \"garbageType\": 1}]','2019-07-24 10:42:57'),(1076,'榴莲核','[{\"questionId\": 25, \"garbageName\": \"榴莲核\", \"garbageType\": 1}]','2019-07-24 10:43:01'),(1077,'硬贝壳','[{\"questionId\": 18, \"garbageName\": \"硬贝壳\", \"garbageType\": 1}]','2019-07-24 10:44:07'),(1078,'胶水','[{\"questionId\": 33, \"garbageName\": \"胶水\", \"garbageType\": 1}]','2019-07-24 10:44:26'),(1079,'小龙虾','[{\"questionId\": 557, \"garbageName\": \"小龙虾\", \"garbageType\": 2}, {\"questionId\": 564, \"garbageName\": \"小龙虾壳\", \"garbageType\": 2}, {\"questionId\": 594, \"garbageName\": \"小龙虾头\", \"garbageType\": 2}]','2019-07-24 10:44:33'),(1080,'尼龙制品','[{\"questionId\": 14, \"garbageName\": \"尼龙制品\", \"garbageType\": 1}]','2019-07-24 10:44:55'),(1081,'水','[{\"questionId\": 33, \"garbageName\": \"胶水\", \"garbageType\": 1}, {\"questionId\": 112, \"garbageName\": \"水果\", \"garbageType\": 2}, {\"questionId\": 114, \"garbageName\": \"水果皮\", \"garbageType\": 2}, {\"questionId\": 172, \"garbageName\": \"旧水槽\", \"garbageType\": 1}, {\"questionId\": 261, \"garbageName\": \"洗发水瓶\", \"garbageType\": 3}, {\"questionId\": 282, \"garbageName\": \"水果网套\", \"garbageType\": 3}, {\"questionId\": 366, \"garbageName\": \"洗甲水\", \"garbageType\": 4}, {\"questionId\": 369, \"garbageName\": \"水银血压计\", \"garbageType\": 4}, {\"questionId\": 370, \"garbageName\": \"水银体温计\", \"garbageType\": 4}, {\"questionId\": 371, \"garbageName\": \"水银温度计\", \"garbageType\": 4}, {\"questionId\": 388, \"garbageName\": \"水彩笔\", \"garbageType\": 4}, {\"questionId\": 392, \"garbageName\": \"香水瓶\", \"garbageType\": 4}, {\"questionId\": 411, \"garbageName\": \"过期指甲油水银温度计\", \"garbageType\": 4}, {\"questionId\": 445, \"garbageName\": \"矿泉水瓶\", \"garbageType\": 3}, {\"questionId\": 514, \"garbageName\": \"眼药水\", \"garbageType\": 4}, {\"questionId\": 528, \"garbageName\": \"眼药水瓶\", \"garbageType\": 4}, {\"questionId\": 545, \"garbageName\": \"水银\", \"garbageType\": 4}]','2019-07-24 10:44:59'),(1082,'硬贝壳','[{\"questionId\": 18, \"garbageName\": \"硬贝壳\", \"garbageType\": 1}]','2019-07-24 10:48:37'),(1083,'葵花','null','2019-07-24 10:49:02'),(1084,'剩饭残渣','[{\"questionId\": 2, \"garbageName\": \"剩饭残渣\", \"garbageType\": 2}]','2019-07-24 10:49:07'),(1085,'花盆','[{\"questionId\": 35, \"garbageName\": \"花盆\", \"garbageType\": 1}, {\"questionId\": 187, \"garbageName\": \"坏的花盆\", \"garbageType\": 1}]','2019-07-24 10:49:13'),(1086,'剩饭残渣','[{\"questionId\": 2, \"garbageName\": \"剩饭残渣\", \"garbageType\": 2}]','2019-07-24 10:49:15'),(1087,'瓶子','null','2019-07-24 10:49:35'),(1088,'沐浴露','[]','2019-07-24 10:49:45'),(1089,'猫','null','2019-07-24 10:50:03'),(1090,'猫','[{\"questionId\": 8, \"garbageName\": \"猫砂\", \"garbageType\": 1}, {\"questionId\": 109, \"garbageName\": \"猫粮\", \"garbageType\": 2}]','2019-07-24 10:50:05'),(1091,'猫','[{\"questionId\": 8, \"garbageName\": \"猫砂\", \"garbageType\": 1}, {\"questionId\": 109, \"garbageName\": \"猫粮\", \"garbageType\": 2}]','2019-07-24 10:50:09'),(1092,'猫','[{\"questionId\": 8, \"garbageName\": \"猫砂\", \"garbageType\": 1}, {\"questionId\": 109, \"garbageName\": \"猫粮\", \"garbageType\": 2}]','2019-07-24 10:50:13'),(1093,'烟灰缸','null','2019-07-24 10:51:02'),(1094,'串串香','[]','2019-07-24 10:51:04'),(1095,'剩饭残渣','[{\"questionId\": 2, \"garbageName\": \"剩饭残渣\", \"garbageType\": 2}]','2019-07-24 10:51:07'),(1096,'剩饭残渣','[{\"questionId\": 2, \"garbageName\": \"剩饭残渣\", \"garbageType\": 2}]','2019-07-24 10:51:14'),(1097,'珍珠','[]','2019-07-24 10:53:57'),(1098,'奶茶','[{\"remark\": \"喝完好喝的奶茶，记得把奶茶杯放进干垃圾桶哟\", \"questionId\": 427, \"garbageName\": \"奶茶杯\", \"garbageType\": 1}]','2019-07-24 10:54:03'),(1099,'珍珠奶茶','[]','2019-07-24 10:54:11'),(1100,'避孕套','[{\"questionId\": 607, \"garbageName\": \"避孕套\", \"garbageType\": 1}]','2019-07-24 10:57:28'),(1101,'鲸鱼','[]','2019-07-24 10:57:39'),(1102,'鲸鱼','[]','2019-07-24 10:57:40'),(1103,'沙发','[]','2019-07-24 10:57:53'),(1104,'粘上猫尿的猫砂','[]','2019-07-24 10:58:59'),(1105,'鸡蛋壳','[{\"questionId\": 424, \"garbageName\": \"鸡蛋壳\", \"garbageType\": 2}]','2019-07-24 11:00:26'),(1106,'核桃壳','[{\"questionId\": 22, \"garbageName\": \"核桃壳\", \"garbageType\": 1}]','2019-07-24 11:01:27'),(1107,'核桃壳','[{\"questionId\": 22, \"garbageName\": \"核桃壳\", \"garbageType\": 1}]','2019-07-24 11:01:28'),(1108,'男孩','null','2019-07-24 11:02:12'),(1109,'瓶子','[]','2019-07-24 11:02:25'),(1110,'男孩','[]','2019-07-24 11:02:29'),(1111,'污损纸张','[{\"questionId\": 10, \"garbageName\": \"污损纸张\", \"garbageType\": 1}]','2019-07-24 11:02:31'),(1112,'手提袋','[]','2019-07-24 11:02:35'),(1113,'美女','null','2019-07-24 11:02:56'),(1114,'编织袋','[{\"questionId\": 15, \"garbageName\": \"编织袋\", \"garbageType\": 1}]','2019-07-24 11:03:08'),(1115,'男孩','null','2019-07-24 11:05:59'),(1116,'尿不湿','[{\"questionId\": 7, \"garbageName\": \"尿不湿\", \"garbageType\": 1}]','2019-07-24 11:09:10'),(1117,'牛骨头','[{\"questionId\": 27, \"garbageName\": \"牛骨头\", \"garbageType\": 1}]','2019-07-24 11:11:16'),(1118,'甘蔗皮','[{\"questionId\": 24, \"garbageName\": \"甘蔗皮\", \"garbageType\": 1}]','2019-07-24 11:11:25'),(1119,'打火机','[{\"remark\": \"干垃圾哟\", \"questionId\": 52, \"garbageName\": \"打火机\", \"garbageType\": 1}]','2019-07-24 11:12:12'),(1120,'那啥意思？','[]','2019-07-24 11:16:20'),(1121,'尼龙制品','[{\"questionId\": 14, \"garbageName\": \"尼龙制品\", \"garbageType\": 1}]','2019-07-24 11:17:23'),(1122,'平板手机','null','2019-07-24 11:17:37'),(1123,'平板手机','[]','2019-07-24 11:17:42'),(1124,'羊肉','[{\"questionId\": 69, \"garbageName\": \"羊肉\", \"garbageType\": 2}, {\"questionId\": 104, \"garbageName\": \"羊肉干\", \"garbageType\": 2}]','2019-07-24 11:23:52'),(1125,'编织袋','[{\"questionId\": 15, \"garbageName\": \"编织袋\", \"garbageType\": 1}]','2019-07-24 11:33:52'),(1126,'灰土','[{\"questionId\": 29, \"garbageName\": \"灰土\", \"garbageType\": 1}]','2019-07-24 11:35:15'),(1127,'镜子','[{\"questionId\": 39, \"garbageName\": \"镜子\", \"garbageType\": 1}, {\"questionId\": 339, \"garbageName\": \"旧镜子\", \"garbageType\": 3}]','2019-07-24 11:37:42'),(1128,'伞','[{\"questionId\": 45, \"garbageName\": \"伞\", \"garbageType\": 1}, {\"questionId\": 46, \"garbageName\": \"雨伞\", \"garbageType\": 1}, {\"questionId\": 47, \"garbageName\": \"天堂伞\", \"garbageType\": 1}, {\"questionId\": 346, \"garbageName\": \"雨伞骨架\", \"garbageType\": 3}]','2019-07-24 11:39:02'),(1129,'防碎气泡','[{\"questionId\": 16, \"garbageName\": \"防碎气泡膜\", \"garbageType\": 1}]','2019-07-24 11:58:01'),(1130,'香蕉皮','[{\"questionId\": 116, \"garbageName\": \"香蕉皮\", \"garbageType\": 2}]','2019-07-24 11:59:50'),(1131,'米饭','[{\"questionId\": 57, \"garbageName\": \"米饭\", \"garbageType\": 2}]','2019-07-24 12:14:51'),(1132,'珍珠','[]','2019-07-24 12:15:00'),(1133,'珍珠奶茶','[]','2019-07-24 12:15:04'),(1134,'珍珠奶茶','[]','2019-07-24 12:15:07'),(1135,'胶带','[{\"questionId\": 34, \"garbageName\": \"胶带\", \"garbageType\": 1}]','2019-07-24 12:15:33'),(1136,'树叶','[{\"questionId\": 233, \"garbageName\": \"树叶\", \"garbageType\": 2}]','2019-07-24 12:15:40'),(1137,'生蚝','[{\"questionId\": 53, \"garbageName\": \"生蚝壳\", \"garbageType\": 1}]','2019-07-24 12:15:45'),(1138,'花盆','[{\"questionId\": 35, \"garbageName\": \"花盆\", \"garbageType\": 1}, {\"questionId\": 187, \"garbageName\": \"坏的花盆\", \"garbageType\": 1}]','2019-07-24 12:16:22'),(1139,'毛发','[{\"questionId\": 28, \"garbageName\": \"毛发\", \"garbageType\": 1}]','2019-07-24 12:16:25'),(1140,'筷子','[{\"questionId\": 44, \"garbageName\": \"筷子\", \"garbageType\": 1}, {\"questionId\": 185, \"garbageName\": \"一次性筷子\", \"garbageType\": 1}, {\"questionId\": 478, \"garbageName\": \"木筷子\", \"garbageType\": 3}]','2019-07-24 12:16:29'),(1141,'咖啡渣','[{\"questionId\": 99, \"garbageName\": \"咖啡渣\", \"garbageType\": 2}]','2019-07-24 12:16:32'),(1142,'陶瓷锅','[]','2019-07-24 12:16:39'),(1143,'陶瓷','[{\"questionId\": 40, \"garbageName\": \"陶瓷制品\", \"garbageType\": 1}, {\"questionId\": 184, \"garbageName\": \"陶瓷杯\", \"garbageType\": 1}, {\"questionId\": 655, \"garbageName\": \"陶瓷碗\", \"garbageType\": 1}]','2019-07-24 12:16:43'),(1144,'毛笔','[{\"questionId\": 50, \"garbageName\": \"毛笔\", \"garbageType\": 1}]','2019-07-24 12:17:03'),(1145,'牛奶','[{\"questionId\": 334, \"garbageName\": \"牛奶盒\", \"garbageType\": 3}]','2019-07-24 12:17:08'),(1146,'炉渣','[{\"questionId\": 30, \"garbageName\": \"炉渣\", \"garbageType\": 1}]','2019-07-24 12:24:49'),(1147,'灰土','[{\"questionId\": 29, \"garbageName\": \"灰土\", \"garbageType\": 1}]','2019-07-24 12:25:53'),(1148,'苹果','[{\"remark\": \"苹果好吃，可不能乱丢哟苹果好吃，可不能乱丢哟苹果好吃，可不能乱丢哟苹果好吃，可不能乱丢哟苹果好吃，可不能乱丢哟\", \"questionId\": 111, \"garbageName\": \"苹果\", \"garbageType\": 2}, {\"questionId\": 118, \"garbageName\": \"苹果皮\", \"garbageType\": 2}, {\"questionId\": 239, \"garbageName\": \"苹果核\", \"garbageType\": 2}]','2019-07-24 12:25:59'),(1149,'苹果','[{\"remark\": \"苹果好吃，可不能乱丢哟苹果好吃，可不能乱丢哟苹果好吃，可不能乱丢哟苹果好吃，可不能乱丢哟苹果好吃，可不能乱丢哟\", \"questionId\": 111, \"garbageName\": \"苹果\", \"garbageType\": 2}, {\"questionId\": 118, \"garbageName\": \"苹果皮\", \"garbageType\": 2}, {\"questionId\": 239, \"garbageName\": \"苹果核\", \"garbageType\": 2}]','2019-07-24 12:26:02'),(1150,'尼龙制品','[{\"questionId\": 14, \"garbageName\": \"尼龙制品\", \"garbageType\": 1}]','2019-07-24 12:26:04'),(1151,'陶瓷制品','[{\"questionId\": 40, \"garbageName\": \"陶瓷制品\", \"garbageType\": 1}]','2019-07-24 12:30:05'),(1152,'陶瓷制品','[{\"questionId\": 40, \"garbageName\": \"陶瓷制品\", \"garbageType\": 1}]','2019-07-24 12:30:09'),(1153,'陶瓷制品','[{\"questionId\": 40, \"garbageName\": \"陶瓷制品\", \"garbageType\": 1}]','2019-07-24 12:30:12'),(1154,'毛发','[{\"questionId\": 28, \"garbageName\": \"毛发\", \"garbageType\": 1}]','2019-07-24 12:30:16'),(1155,'硬贝壳','[{\"questionId\": 18, \"garbageName\": \"硬贝壳\", \"garbageType\": 1}]','2019-07-24 12:30:18'),(1156,'榴莲核','[{\"questionId\": 25, \"garbageName\": \"榴莲核\", \"garbageType\": 1}]','2019-07-24 12:30:20'),(1157,'大骨头','[{\"questionId\": 17, \"garbageName\": \"大骨头\", \"garbageType\": 1}]','2019-07-24 12:30:22'),(1158,'胶水','[{\"questionId\": 33, \"garbageName\": \"胶水\", \"garbageType\": 1}]','2019-07-24 12:30:24'),(1159,'榴莲壳','[{\"questionId\": 21, \"garbageName\": \"榴莲壳\", \"garbageType\": 1}]','2019-07-24 12:30:27'),(1160,'米饭','[{\"questionId\": 57, \"garbageName\": \"米饭\", \"garbageType\": 2}]','2019-07-24 12:30:28'),(1161,'牙签','[{\"questionId\": 43, \"garbageName\": \"牙签\", \"garbageType\": 1}]','2019-07-24 12:40:21'),(1162,'外卖饭盒','[]','2019-07-24 12:40:41'),(1163,'外卖','[{\"questionId\": 644, \"garbageName\": \"外卖餐盒\", \"garbageType\": 1}]','2019-07-24 12:40:49'),(1164,'剩饭','[{\"questionId\": 2, \"garbageName\": \"剩饭残渣\", \"garbageType\": 2}, {\"questionId\": 234, \"garbageName\": \"剩饭剩菜\", \"garbageType\": 2}]','2019-07-24 12:41:02'),(1165,'纸巾','[{\"remark\": \"纸巾不要乱丢呀，会污染环境\", \"analysis\": \"\", \"questionId\": 1, \"garbageName\": \"纸巾\", \"garbageType\": 1}, {\"questionId\": 620, \"garbageName\": \"湿纸巾\", \"garbageType\": 1}]','2019-07-24 12:41:19'),(1166,'纸巾','[{\"remark\": \"纸巾不要乱丢呀，会污染环境\", \"analysis\": \"\", \"questionId\": 1, \"garbageName\": \"纸巾\", \"garbageType\": 1}, {\"questionId\": 620, \"garbageName\": \"湿纸巾\", \"garbageType\": 1}]','2019-07-24 12:41:20'),(1167,'竹筷','[{\"questionId\": 42, \"garbageName\": \"竹筷\", \"garbageType\": 1}]','2019-07-24 12:46:58'),(1168,'笔记本电脑','null','2019-07-24 12:48:03'),(1169,'干电池','[{\"remark\": \"有害垃圾哟\", \"questionId\": 4, \"garbageName\": \"干电池\", \"garbageType\": 4}]','2019-07-24 12:56:14'),(1170,'胶水','[{\"questionId\": 33, \"garbageName\": \"胶水\", \"garbageType\": 1}]','2019-07-24 12:56:42'),(1171,'污损塑料','[{\"questionId\": 13, \"garbageName\": \"污损塑料\", \"garbageType\": 1}, {\"questionId\": 205, \"garbageName\": \"污损塑料袋\", \"garbageType\": 1}]','2019-07-24 13:02:38'),(1172,'菠萝蜜核','[{\"questionId\": 26, \"garbageName\": \"菠萝蜜核\", \"garbageType\": 1}]','2019-07-24 13:08:08'),(1173,'烟灰缸','null','2019-07-24 13:38:08'),(1174,'花盆','[{\"questionId\": 35, \"garbageName\": \"花盆\", \"garbageType\": 1}, {\"questionId\": 187, \"garbageName\": \"坏的花盆\", \"garbageType\": 1}]','2019-07-24 13:41:15'),(1175,'狗尿垫','[{\"questionId\": 9, \"garbageName\": \"狗尿垫\", \"garbageType\": 1}]','2019-07-24 13:41:22'),(1176,'污损纸张','[{\"questionId\": 10, \"garbageName\": \"污损纸张\", \"garbageType\": 1}]','2019-07-24 13:41:32'),(1177,'尿','[{\"questionId\": 7, \"garbageName\": \"尿不湿\", \"garbageType\": 1}, {\"questionId\": 9, \"garbageName\": \"狗尿垫\", \"garbageType\": 1}, {\"questionId\": 195, \"garbageName\": \"纸尿裤\", \"garbageType\": 1}, {\"questionId\": 637, \"garbageName\": \"尿布\", \"garbageType\": 1}]','2019-07-24 13:41:53'),(1178,'鸡屎','[]','2019-07-24 13:42:13'),(1179,'天堂伞','[{\"questionId\": 47, \"garbageName\": \"天堂伞\", \"garbageType\": 1}]','2019-07-24 13:45:51'),(1180,'桥梁','null','2019-07-24 13:46:08'),(1181,'桥梁','[]','2019-07-24 13:46:10'),(1182,'条形码','null','2019-07-24 13:46:27'),(1183,'午餐肉','[{\"questionId\": 75, \"garbageName\": \"午餐肉\", \"garbageType\": 2}]','2019-07-24 13:46:33'),(1184,'电脑','[{\"remark\": \"可回收哟\", \"questionId\": 3, \"garbageName\": \"电脑\", \"garbageType\": 3}]','2019-07-24 14:10:04'),(1185,'那个','[]','2019-07-24 14:13:48'),(1186,'红豆','[{\"questionId\": 63, \"garbageName\": \"红豆\", \"garbageType\": 2}]','2019-07-24 14:17:18'),(1187,'一次性餐具','[{\"questionId\": 37, \"garbageName\": \"一次性餐具\", \"garbageType\": 1}]','2019-07-24 14:19:26'),(1188,'一次性餐具','[{\"questionId\": 37, \"garbageName\": \"一次性餐具\", \"garbageType\": 1}]','2019-07-24 14:19:29'),(1189,'猪头','[]','2019-07-24 14:31:06'),(1190,'键盘','[{\"questionId\": 425, \"garbageName\": \"键盘\", \"garbageType\": 3}]','2019-07-24 14:31:10'),(1191,'猪','[{\"questionId\": 67, \"garbageName\": \"猪肉\", \"garbageType\": 2}, {\"questionId\": 73, \"garbageName\": \"猪肝\", \"garbageType\": 2}]','2019-07-24 14:31:20'),(1192,'猪','[{\"questionId\": 67, \"garbageName\": \"猪肉\", \"garbageType\": 2}, {\"questionId\": 73, \"garbageName\": \"猪肝\", \"garbageType\": 2}]','2019-07-24 14:31:22'),(1193,'猪肉','[{\"questionId\": 67, \"garbageName\": \"猪肉\", \"garbageType\": 2}]','2019-07-24 14:31:23'),(1194,'服装','null','2019-07-24 14:31:41'),(1195,'服装','[]','2019-07-24 14:31:56'),(1196,'脚','null','2019-07-24 14:32:26'),(1197,'脚','[]','2019-07-24 14:32:29'),(1198,'甜品','null','2019-07-24 14:35:40'),(1199,'硬贝壳','[{\"questionId\": 18, \"garbageName\": \"硬贝壳\", \"garbageType\": 1}]','2019-07-24 14:35:44'),(1200,'甜品','[]','2019-07-24 14:35:49'),(1201,'饮料/饮品','null','2019-07-24 14:35:56'),(1202,'王八蛋','[]','2019-07-24 14:38:25'),(1203,'烟蒂','[{\"questionId\": 11, \"garbageName\": \"烟蒂\", \"garbageType\": 1}]','2019-07-24 14:41:11'),(1204,'胶带','[{\"questionId\": 34, \"garbageName\": \"胶带\", \"garbageType\": 1}]','2019-07-24 14:41:24'),(1205,'避孕套','[{\"questionId\": 607, \"garbageName\": \"避孕套\", \"garbageType\": 1}]','2019-07-24 14:46:34'),(1206,'开发的谁开发的？嗯嗯啊，谁开发的？我不认他们开发的语音还语音识别纸','[]','2019-07-24 14:50:06'),(1207,'竹篮','[{\"questionId\": 41, \"garbageName\": \"竹篮\", \"garbageType\": 1}]','2019-07-24 14:50:21'),(1208,'至','[]','2019-07-24 14:50:24'),(1209,'植物','[{\"questionId\": 122, \"garbageName\": \"家养植物\", \"garbageType\": 2}]','2019-07-24 14:50:35'),(1210,'卫生纸','[{\"questionId\": 180, \"garbageName\": \"卫生纸\", \"garbageType\": 1}]','2019-07-24 14:50:46'),(1211,'猫砂','[{\"questionId\": 8, \"garbageName\": \"猫砂\", \"garbageType\": 1}]','2019-07-24 14:58:05'),(1212,'榴莲壳','[{\"questionId\": 21, \"garbageName\": \"榴莲壳\", \"garbageType\": 1}]','2019-07-24 15:04:39'),(1213,'手提袋','[]','2019-07-24 15:05:02'),(1214,'污损纸张','[{\"questionId\": 10, \"garbageName\": \"污损纸张\", \"garbageType\": 1}]','2019-07-24 15:05:06'),(1215,'防碎气泡膜','[{\"questionId\": 16, \"garbageName\": \"防碎气泡膜\", \"garbageType\": 1}]','2019-07-24 15:11:27'),(1216,'镜子','[{\"questionId\": 39, \"garbageName\": \"镜子\", \"garbageType\": 1}, {\"questionId\": 339, \"garbageName\": \"旧镜子\", \"garbageType\": 3}]','2019-07-24 15:11:58'),(1217,'剩饭残渣','[{\"questionId\": 2, \"garbageName\": \"剩饭残渣\", \"garbageType\": 2}]','2019-07-24 15:20:01'),(1218,'剩饭残渣','[{\"questionId\": 2, \"garbageName\": \"剩饭残渣\", \"garbageType\": 2}]','2019-07-24 15:20:09'),(1219,'橡皮泥','[{\"questionId\": 31, \"garbageName\": \"橡皮泥\", \"garbageType\": 1}]','2019-07-24 15:36:12'),(1220,'毛笔','[{\"questionId\": 50, \"garbageName\": \"毛笔\", \"garbageType\": 1}]','2019-07-24 15:37:55'),(1221,'那个就是','[]','2019-07-24 15:38:20'),(1222,'我不会','[]','2019-07-24 15:38:30'),(1223,'我不会','[]','2019-07-24 15:38:33'),(1224,'编织袋','[{\"questionId\": 15, \"garbageName\": \"编织袋\", \"garbageType\": 1}]','2019-07-24 15:53:35'),(1225,'','[]','2019-07-24 15:54:00'),(1226,'猫砂','[{\"questionId\": 8, \"garbageName\": \"猫砂\", \"garbageType\": 1}]','2019-07-24 15:54:11'),(1227,'面','[{\"questionId\": 58, \"garbageName\": \"面\", \"garbageType\": 2}, {\"questionId\": 59, \"garbageName\": \"面包\", \"garbageType\": 2}, {\"questionId\": 60, \"garbageName\": \"面条\", \"garbageType\": 2}, {\"questionId\": 107, \"garbageName\": \"面粉\", \"garbageType\": 2}, {\"questionId\": 146, \"garbageName\": \"方便面盒\", \"garbageType\": 1}, {\"questionId\": 610, \"garbageName\": \"面膜\", \"garbageType\": 1}]','2019-07-24 15:54:59'),(1228,'毛巾','[{\"questionId\": 36, \"garbageName\": \"毛巾\", \"garbageType\": 1}]','2019-07-24 15:55:06'),(1229,'干电池','[{\"remark\": \"有害垃圾哟\", \"questionId\": 4, \"garbageName\": \"干电池\", \"garbageType\": 4}]','2019-07-24 16:18:48'),(1230,'干电池','[{\"remark\": \"有害垃圾哟\", \"questionId\": 4, \"garbageName\": \"干电池\", \"garbageType\": 4}]','2019-07-24 16:18:50'),(1231,'干电池','[{\"remark\": \"有害垃圾哟\", \"questionId\": 4, \"garbageName\": \"干电池\", \"garbageType\": 4}]','2019-07-24 16:18:50'),(1232,'灰土','[{\"questionId\": 29, \"garbageName\": \"灰土\", \"garbageType\": 1}]','2019-07-24 16:18:51'),(1233,'硬果壳','[{\"questionId\": 19, \"garbageName\": \"硬果壳\", \"garbageType\": 1}]','2019-07-24 16:19:07'),(1234,'镜子','[{\"questionId\": 39, \"garbageName\": \"镜子\", \"garbageType\": 1}, {\"questionId\": 339, \"garbageName\": \"旧镜子\", \"garbageType\": 3}]','2019-07-24 16:19:52'),(1235,'西瓜','null','2019-07-24 16:20:34'),(1236,'纸箱','null','2019-07-24 16:21:04'),(1237,'Hello','[]','2019-07-24 16:27:58'),(1238,'塑料袋','[{\"questionId\": 205, \"garbageName\": \"污损塑料袋\", \"garbageType\": 1}, {\"questionId\": 603, \"garbageName\": \"塑料袋\", \"garbageType\": 1}, {\"questionId\": 647, \"garbageName\": \"肮脏塑料袋\", \"garbageType\": 1}]','2019-07-24 16:28:08'),(1239,'虾头','[{\"questionId\": 81, \"garbageName\": \"虾头\", \"garbageType\": 2}, {\"questionId\": 594, \"garbageName\": \"小龙虾头\", \"garbageType\": 2}]','2019-07-24 16:28:26'),(1240,'干电池','[{\"remark\": \"有害垃圾哟\", \"questionId\": 4, \"garbageName\": \"干电池\", \"garbageType\": 4}]','2019-07-24 16:28:31'),(1241,'灰土','[{\"questionId\": 29, \"garbageName\": \"灰土\", \"garbageType\": 1}]','2019-07-24 16:32:20'),(1242,'键盘','null','2019-07-24 16:42:30'),(1243,'尿不湿','[{\"questionId\": 7, \"garbageName\": \"尿不湿\", \"garbageType\": 1}]','2019-07-24 16:47:24'),(1244,'尿不湿','[{\"questionId\": 7, \"garbageName\": \"尿不湿\", \"garbageType\": 1}]','2019-07-24 16:47:43'),(1245,'尿不湿','[{\"questionId\": 7, \"garbageName\": \"尿不湿\", \"garbageType\": 1}]','2019-07-24 16:47:48'),(1246,'我','[]','2019-07-24 16:57:16'),(1247,'苹果','[{\"remark\": \"苹果好吃，可不能乱丢哟苹果好吃，可不能乱丢哟苹果好吃，可不能乱丢哟苹果好吃，可不能乱丢哟苹果好吃，可不能乱丢哟\", \"questionId\": 111, \"garbageName\": \"苹果\", \"garbageType\": 2}, {\"questionId\": 118, \"garbageName\": \"苹果皮\", \"garbageType\": 2}, {\"questionId\": 239, \"garbageName\": \"苹果核\", \"garbageType\": 2}]','2019-07-24 16:57:19'),(1248,'玩具','[{\"questionId\": 269, \"garbageName\": \"塑料玩具\", \"garbageType\": 3}, {\"questionId\": 313, \"garbageName\": \"毛绒玩具\", \"garbageType\": 3}, {\"questionId\": 349, \"garbageName\": \"旧玩具\", \"garbageType\": 3}]','2019-07-24 16:57:28'),(1249,'玩具','[{\"questionId\": 269, \"garbageName\": \"塑料玩具\", \"garbageType\": 3}, {\"questionId\": 313, \"garbageName\": \"毛绒玩具\", \"garbageType\": 3}, {\"questionId\": 349, \"garbageName\": \"旧玩具\", \"garbageType\": 3}]','2019-07-24 16:57:30'),(1250,'橡皮泥','[{\"questionId\": 31, \"garbageName\": \"橡皮泥\", \"garbageType\": 1}]','2019-07-24 17:03:50'),(1251,'笔','[{\"questionId\": 48, \"garbageName\": \"笔\", \"garbageType\": 1}, {\"questionId\": 49, \"garbageName\": \"铅笔\", \"garbageType\": 1}, {\"questionId\": 50, \"garbageName\": \"毛笔\", \"garbageType\": 1}, {\"questionId\": 129, \"garbageName\": \"笔盖\", \"garbageType\": 1}, {\"questionId\": 137, \"garbageName\": \"钢笔\", \"garbageType\": 1}, {\"questionId\": 145, \"garbageName\": \"圆珠笔\", \"garbageType\": 1}, {\"questionId\": 388, \"garbageName\": \"水彩笔\", \"garbageType\": 4}, {\"questionId\": 653, \"garbageName\": \"笔芯\", \"garbageType\": 1}]','2019-07-24 17:05:53'),(1252,'天空','null','2019-07-24 17:08:46'),(1253,'交通信号灯','[]','2019-07-24 17:09:10'),(1254,'笔','[{\"questionId\": 48, \"garbageName\": \"笔\", \"garbageType\": 1}, {\"questionId\": 49, \"garbageName\": \"铅笔\", \"garbageType\": 1}, {\"questionId\": 50, \"garbageName\": \"毛笔\", \"garbageType\": 1}, {\"questionId\": 129, \"garbageName\": \"笔盖\", \"garbageType\": 1}, {\"questionId\": 137, \"garbageName\": \"钢笔\", \"garbageType\": 1}, {\"questionId\": 145, \"garbageName\": \"圆珠笔\", \"garbageType\": 1}, {\"questionId\": 388, \"garbageName\": \"水彩笔\", \"garbageType\": 4}, {\"questionId\": 653, \"garbageName\": \"笔芯\", \"garbageType\": 1}]','2019-07-24 23:41:04'),(1255,'用过的面膜','[]','2019-07-24 23:41:16'),(1256,'面膜','[{\"questionId\": 610, \"garbageName\": \"面膜\", \"garbageType\": 1}]','2019-07-24 23:41:21'),(1257,'牛骨头','[{\"questionId\": 27, \"garbageName\": \"牛骨头\", \"garbageType\": 1}]','2019-07-25 00:05:37'),(1258,'塔扇','null','2019-07-25 00:10:05'),(1259,'塔扇','[]','2019-07-25 00:10:11'),(1260,'奶茶','[{\"remark\": \"喝完好喝的奶茶，记得把奶茶杯放进干垃圾桶哟\", \"questionId\": 427, \"garbageName\": \"奶茶杯\", \"garbageType\": 1}]','2019-07-25 00:10:24'),(1261,'拖鞋','null','2019-07-25 00:10:31'),(1262,'拖鞋','[]','2019-07-25 00:10:33'),(1263,'湿纸巾','[{\"questionId\": 620, \"garbageName\": \"湿纸巾\", \"garbageType\": 1}]','2019-07-25 00:10:43'),(1264,'干电池','[{\"remark\": \"有害垃圾哟\", \"questionId\": 4, \"garbageName\": \"干电池\", \"garbageType\": 4}]','2019-07-25 00:10:55'),(1265,'干电池','[{\"remark\": \"有害垃圾哟\", \"questionId\": 4, \"garbageName\": \"干电池\", \"garbageType\": 4}]','2019-07-25 00:11:03'),(1266,'红豆','[{\"questionId\": 63, \"garbageName\": \"红豆\", \"garbageType\": 2}]','2019-07-25 00:11:10'),(1267,'眼镜','[{\"questionId\": 51, \"garbageName\": \"眼镜\", \"garbageType\": 1}, {\"questionId\": 126, \"garbageName\": \"3D眼镜\", \"garbageType\": 1}]','2019-07-25 00:35:55'),(1268,'山竹皮','[]','2019-07-25 00:37:45'),(1269,'山竹皮','[]','2019-07-25 00:37:49'),(1270,'山竹皮','[]','2019-07-25 00:37:53'),(1271,'鸡蛋','[{\"questionId\": 70, \"garbageName\": \"鸡蛋\", \"garbageType\": 2}, {\"questionId\": 242, \"garbageName\": \"鸡蛋及蛋壳\", \"garbageType\": 2}, {\"questionId\": 424, \"garbageName\": \"鸡蛋壳\", \"garbageType\": 2}]','2019-07-25 00:45:12'),(1272,'陶瓷制品','[{\"questionId\": 40, \"garbageName\": \"陶瓷制品\", \"garbageType\": 1}]','2019-07-25 00:45:20'),(1273,'人脸','null','2019-07-25 01:10:04'),(1274,'镜子','[{\"questionId\": 39, \"garbageName\": \"镜子\", \"garbageType\": 1}, {\"questionId\": 339, \"garbageName\": \"旧镜子\", \"garbageType\": 3}]','2019-07-25 01:10:43'),(1275,'胶带','[{\"questionId\": 34, \"garbageName\": \"胶带\", \"garbageType\": 1}]','2019-07-25 01:10:59'),(1276,'伞','[{\"questionId\": 45, \"garbageName\": \"伞\", \"garbageType\": 1}, {\"questionId\": 46, \"garbageName\": \"雨伞\", \"garbageType\": 1}, {\"questionId\": 47, \"garbageName\": \"天堂伞\", \"garbageType\": 1}, {\"questionId\": 346, \"garbageName\": \"雨伞骨架\", \"garbageType\": 3}]','2019-07-25 01:11:02'),(1277,'陶瓷制品','[{\"questionId\": 40, \"garbageName\": \"陶瓷制品\", \"garbageType\": 1}]','2019-07-25 01:11:04'),(1278,'尿不湿','[{\"questionId\": 7, \"garbageName\": \"尿不湿\", \"garbageType\": 1}]','2019-07-25 01:11:05'),(1279,'硬果壳','[{\"questionId\": 19, \"garbageName\": \"硬果壳\", \"garbageType\": 1}]','2019-07-25 01:11:24'),(1280,'雨伞','[{\"questionId\": 46, \"garbageName\": \"雨伞\", \"garbageType\": 1}, {\"questionId\": 346, \"garbageName\": \"雨伞骨架\", \"garbageType\": 3}]','2019-07-25 01:11:26'),(1281,'硬果壳','[{\"questionId\": 19, \"garbageName\": \"硬果壳\", \"garbageType\": 1}]','2019-07-25 01:11:28'),(1282,'一次性杯子','[{\"questionId\": 38, \"garbageName\": \"一次性杯子\", \"garbageType\": 1}]','2019-07-25 01:11:30'),(1283,'秋葵','null','2019-07-25 01:13:31'),(1284,'秋葵','[]','2019-07-25 01:13:38'),(1285,'椰子壳','[{\"questionId\": 20, \"garbageName\": \"椰子壳\", \"garbageType\": 1}]','2019-07-25 01:13:50'),(1286,'花盆','[{\"questionId\": 35, \"garbageName\": \"花盆\", \"garbageType\": 1}, {\"questionId\": 187, \"garbageName\": \"坏的花盆\", \"garbageType\": 1}]','2019-07-25 01:13:52'),(1287,'卫生间用纸','[{\"questionId\": 6, \"garbageName\": \"卫生间用纸\", \"garbageType\": 1}]','2019-07-25 01:14:07'),(1288,'报警仪','[]','2019-07-25 01:14:22'),(1289,'键盘','[{\"questionId\": 425, \"garbageName\": \"键盘\", \"garbageType\": 3}]','2019-07-25 01:14:28'),(1290,'鞋子','null','2019-07-25 01:14:53'),(1291,'你好','[]','2019-07-25 01:18:25'),(1292,'你好','[]','2019-07-25 01:18:29'),(1293,'毛巾','[{\"questionId\": 36, \"garbageName\": \"毛巾\", \"garbageType\": 1}]','2019-07-25 01:20:16'),(1294,'女朋友','[{\"remark\": \"ta 生气的时候朵小花哄哄试试，说不定能给你一个大大的拥抱\", \"questionId\": 422, \"garbageName\": \"女朋友\", \"garbageType\": 3}]','2019-07-25 01:44:10'),(1295,'烟蒂','[{\"questionId\": 11, \"garbageName\": \"烟蒂\", \"garbageType\": 1}]','2019-07-25 01:44:36'),(1296,'牙签','[{\"questionId\": 43, \"garbageName\": \"牙签\", \"garbageType\": 1}]','2019-07-25 01:44:44'),(1297,'抽纸','null','2019-07-25 01:52:27'),(1298,'抽纸','[]','2019-07-25 01:52:41'),(1299,'猫砂','[{\"questionId\": 8, \"garbageName\": \"猫砂\", \"garbageType\": 1}]','2019-07-25 01:53:14'),(1300,'硬果壳','[{\"questionId\": 19, \"garbageName\": \"硬果壳\", \"garbageType\": 1}]','2019-07-25 02:04:36'),(1301,'电脑','[{\"remark\": \"可回收哟\", \"questionId\": 3, \"garbageName\": \"电脑\", \"garbageType\": 3}]','2019-07-25 02:05:45'),(1302,'瓜皮','[{\"questionId\": 115, \"garbageName\": \"西瓜皮\", \"garbageType\": 2}]','2019-07-25 02:06:05'),(1303,'瓜皮','[{\"questionId\": 115, \"garbageName\": \"西瓜皮\", \"garbageType\": 2}]','2019-07-25 02:06:08'),(1304,'瓜皮','[{\"questionId\": 115, \"garbageName\": \"西瓜皮\", \"garbageType\": 2}]','2019-07-25 02:06:10'),(1305,'西瓜皮','[{\"questionId\": 115, \"garbageName\": \"西瓜皮\", \"garbageType\": 2}]','2019-07-25 02:06:12'),(1306,'炸弹','[]','2019-07-25 02:07:02'),(1307,'避孕套','[{\"questionId\": 607, \"garbageName\": \"避孕套\", \"garbageType\": 1}]','2019-07-25 02:07:16'),(1308,'车轱辘','[]','2019-07-25 02:07:47'),(1309,'车轮','[]','2019-07-25 02:07:55'),(1310,'硬纸板','[]','2019-07-25 02:08:06'),(1311,'屏幕截图','null','2019-07-25 02:09:47'),(1312,'小米','[]','2019-07-25 02:10:18'),(1313,'屏幕截图','null','2019-07-25 02:10:55'),(1314,'菠萝蜜核','[{\"questionId\": 26, \"garbageName\": \"菠萝蜜核\", \"garbageType\": 1}]','2019-07-25 02:13:36'),(1315,'包','null','2019-07-25 02:14:13'),(1316,'健康监测','null','2019-07-25 02:14:39'),(1317,'智能家居','[]','2019-07-25 02:14:47'),(1318,'胶带','[{\"questionId\": 34, \"garbageName\": \"胶带\", \"garbageType\": 1}]','2019-07-25 02:17:00'),(1319,'图画','null','2019-07-25 02:26:22'),(1320,'键盘','null','2019-07-25 02:28:55'),(1321,'女朋友','[{\"remark\": \"ta 生气的时候朵小花哄哄试试，说不定能给你一个大大的拥抱\", \"questionId\": 422, \"garbageName\": \"女朋友\", \"garbageType\": 3}]','2019-07-25 02:30:04'),(1322,'米饭','[{\"questionId\": 57, \"garbageName\": \"米饭\", \"garbageType\": 2}]','2019-07-25 02:57:30'),(1323,'烧录卡','null','2019-07-25 02:58:07'),(1324,'烧录卡','[]','2019-07-25 02:58:18'),(1325,'抽纸','null','2019-07-25 03:23:59'),(1326,'抽纸','[]','2019-07-25 03:24:05'),(1327,'炉渣','[{\"questionId\": 30, \"garbageName\": \"炉渣\", \"garbageType\": 1}]','2019-07-25 03:24:45'),(1328,'草莓','null','2019-07-25 03:25:23'),(1329,'烟蒂','[{\"questionId\": 11, \"garbageName\": \"烟蒂\", \"garbageType\": 1}]','2019-07-25 03:36:06'),(1330,'一次性杯子','[{\"questionId\": 38, \"garbageName\": \"一次性杯子\", \"garbageType\": 1}]','2019-07-25 03:36:29'),(1331,'笔','[{\"questionId\": 48, \"garbageName\": \"笔\", \"garbageType\": 1}, {\"questionId\": 49, \"garbageName\": \"铅笔\", \"garbageType\": 1}, {\"questionId\": 50, \"garbageName\": \"毛笔\", \"garbageType\": 1}, {\"questionId\": 129, \"garbageName\": \"笔盖\", \"garbageType\": 1}, {\"questionId\": 137, \"garbageName\": \"钢笔\", \"garbageType\": 1}, {\"questionId\": 145, \"garbageName\": \"圆珠笔\", \"garbageType\": 1}, {\"questionId\": 388, \"garbageName\": \"水彩笔\", \"garbageType\": 4}, {\"questionId\": 653, \"garbageName\": \"笔芯\", \"garbageType\": 1}]','2019-07-25 04:27:48'),(1332,'太空沙','[{\"questionId\": 32, \"garbageName\": \"太空沙\", \"garbageType\": 1}]','2019-07-25 04:37:33'),(1333,'太空沙','[{\"questionId\": 32, \"garbageName\": \"太空沙\", \"garbageType\": 1}]','2019-07-25 04:37:41'),(1334,'苹果皮','[{\"questionId\": 118, \"garbageName\": \"苹果皮\", \"garbageType\": 2}]','2019-07-25 04:42:24'),(1335,'纸巾','null','2019-07-25 04:46:05'),(1336,'纸巾','[{\"remark\": \"纸巾不要乱丢呀，会污染环境\", \"analysis\": \"\", \"questionId\": 1, \"garbageName\": \"纸巾\", \"garbageType\": 1}, {\"questionId\": 620, \"garbageName\": \"湿纸巾\", \"garbageType\": 1}]','2019-07-25 04:46:10'),(1337,'污损纸张','[{\"questionId\": 10, \"garbageName\": \"污损纸张\", \"garbageType\": 1}]','2019-07-25 04:46:33'),(1338,'食物','null','2019-07-25 04:48:43'),(1339,'王松烨','[]','2019-07-25 04:53:29'),(1340,'李亭立','[]','2019-07-25 04:53:38'),(1341,'方便面','[{\"questionId\": 146, \"garbageName\": \"方便面盒\", \"garbageType\": 1}]','2019-07-25 04:53:48'),(1342,'方便面','[{\"questionId\": 146, \"garbageName\": \"方便面盒\", \"garbageType\": 1}]','2019-07-25 04:53:52'),(1343,'酸菜鱼','[]','2019-07-25 04:53:56'),(1344,'酸菜鱼','[]','2019-07-25 04:53:59'),(1345,'生饭','[]','2019-07-25 04:54:07'),(1346,'生米饭','[]','2019-07-25 04:54:17'),(1347,'塑料袋','[{\"questionId\": 205, \"garbageName\": \"污损塑料袋\", \"garbageType\": 1}, {\"questionId\": 603, \"garbageName\": \"塑料袋\", \"garbageType\": 1}, {\"questionId\": 647, \"garbageName\": \"肮脏塑料袋\", \"garbageType\": 1}]','2019-07-25 04:54:22'),(1348,'开心果','[{\"questionId\": 55, \"garbageName\": \"开心果\", \"garbageType\": 1}, {\"questionId\": 584, \"garbageName\": \"开心果壳\", \"garbageType\": 2}]','2019-07-25 04:54:50'),(1349,'水果','null','2019-07-25 05:22:29'),(1350,'绿葡萄','[]','2019-07-25 05:22:34'),(1351,'榴莲壳','[{\"questionId\": 21, \"garbageName\": \"榴莲壳\", \"garbageType\": 1}]','2019-07-25 05:53:39'),(1352,'竹筷','[{\"questionId\": 42, \"garbageName\": \"竹筷\", \"garbageType\": 1}]','2019-07-25 05:59:44'),(1353,'硬贝壳','[{\"questionId\": 18, \"garbageName\": \"硬贝壳\", \"garbageType\": 1}]','2019-07-25 06:11:01'),(1354,'数据线','[{\"questionId\": 461, \"garbageName\": \"数据线\", \"garbageType\": 3}]','2019-07-25 06:11:12'),(1355,'笔记本电脑','null','2019-07-25 06:12:14'),(1356,'打火机','[{\"remark\": \"干垃圾哟\", \"questionId\": 52, \"garbageName\": \"打火机\", \"garbageType\": 1}]','2019-07-25 06:32:10'),(1357,'打火机','[{\"remark\": \"干垃圾哟\", \"questionId\": 52, \"garbageName\": \"打火机\", \"garbageType\": 1}]','2019-07-25 06:32:25'),(1358,'杯子','null','2019-07-25 06:32:49'),(1359,'杯子','[{\"questionId\": 38, \"garbageName\": \"一次性杯子\", \"garbageType\": 1}, {\"questionId\": 183, \"garbageName\": \"杯子\", \"garbageType\": 1}]','2019-07-25 06:33:01'),(1360,'包装袋/盒','null','2019-07-25 06:33:20'),(1361,'抽纸','[]','2019-07-25 06:33:24'),(1362,'天堂伞','[{\"questionId\": 47, \"garbageName\": \"天堂伞\", \"garbageType\": 1}]','2019-07-25 06:37:52'),(1363,'大毛笔','[]','2019-07-25 06:38:01'),(1364,'毛笔','[{\"questionId\": 50, \"garbageName\": \"毛笔\", \"garbageType\": 1}]','2019-07-25 06:38:08'),(1365,'眼镜','[{\"questionId\": 51, \"garbageName\": \"眼镜\", \"garbageType\": 1}, {\"questionId\": 126, \"garbageName\": \"3D眼镜\", \"garbageType\": 1}, {\"questionId\": 665, \"garbageName\": \"黑框眼镜\", \"garbageType\": 1}, {\"questionId\": 666, \"garbageName\": \"隐形眼镜\", \"garbageType\": 1}]','2019-07-25 06:38:23'),(1366,'硬茶叶','[]','2019-07-25 06:38:40'),(1367,'茶叶','[{\"questionId\": 98, \"garbageName\": \"茶叶\", \"garbageType\": 2}, {\"questionId\": 600, \"garbageName\": \"茶叶渣\", \"garbageType\": 2}, {\"questionId\": 656, \"garbageName\": \"茶叶包\", \"garbageType\": 1}]','2019-07-25 06:38:46'),(1368,'狗粮','[{\"questionId\": 110, \"garbageName\": \"狗粮\", \"garbageType\": 2}]','2019-07-25 06:38:59'),(1369,'硬贝壳','[{\"questionId\": 18, \"garbageName\": \"硬贝壳\", \"garbageType\": 1}]','2019-07-25 06:47:34'),(1370,'螺蛳粉','[]','2019-07-25 06:48:02'),(1371,'螺蛳粉外卖盒','[]','2019-07-25 06:48:25'),(1372,'打火机','null','2019-07-25 06:52:35'),(1373,'打火机','[{\"remark\": \"干垃圾哟\", \"questionId\": 52, \"garbageName\": \"打火机\", \"garbageType\": 1}]','2019-07-25 06:52:46'),(1374,'杯子','null','2019-07-25 06:53:27'),(1375,'玻璃杯','[{\"questionId\": 287, \"garbageName\": \"玻璃杯\", \"garbageType\": 3}]','2019-07-25 06:53:34'),(1376,'邓添元','[]','2019-07-25 06:57:10'),(1377,'电脑','[{\"remark\": \"可回收哟\", \"questionId\": 3, \"garbageName\": \"电脑\", \"garbageType\": 3}]','2019-07-25 06:57:14'),(1378,'狗尿垫','[{\"questionId\": 9, \"garbageName\": \"狗尿垫\", \"garbageType\": 1}]','2019-07-25 06:58:42'),(1379,'榴莲核','[{\"questionId\": 25, \"garbageName\": \"榴莲核\", \"garbageType\": 1}]','2019-07-25 06:59:20'),(1380,'笔记本','[]','2019-07-25 06:59:42'),(1381,'电脑','[{\"remark\": \"可回收哟\", \"questionId\": 3, \"garbageName\": \"电脑\", \"garbageType\": 3}]','2019-07-25 07:01:55'),(1382,'键盘','[{\"questionId\": 425, \"garbageName\": \"键盘\", \"garbageType\": 3}]','2019-07-25 07:02:00'),(1383,'榴莲核','[{\"questionId\": 25, \"garbageName\": \"榴莲核\", \"garbageType\": 1}]','2019-07-25 07:02:02'),(1384,'尼龙制品','[{\"questionId\": 14, \"garbageName\": \"尼龙制品\", \"garbageType\": 1}]','2019-07-25 07:02:04'),(1385,'手提袋','[{\"questionId\": 663, \"garbageName\": \"手提袋\", \"garbageType\": 1}]','2019-07-25 07:02:07'),(1386,'玩具','[{\"questionId\": 269, \"garbageName\": \"塑料玩具\", \"garbageType\": 3}, {\"questionId\": 313, \"garbageName\": \"毛绒玩具\", \"garbageType\": 3}, {\"questionId\": 349, \"garbageName\": \"旧玩具\", \"garbageType\": 3}]','2019-07-25 07:02:11'),(1387,'玩具','[{\"questionId\": 269, \"garbageName\": \"塑料玩具\", \"garbageType\": 3}, {\"questionId\": 313, \"garbageName\": \"毛绒玩具\", \"garbageType\": 3}, {\"questionId\": 349, \"garbageName\": \"旧玩具\", \"garbageType\": 3}]','2019-07-25 07:02:13'),(1388,'玩具','[{\"questionId\": 269, \"garbageName\": \"塑料玩具\", \"garbageType\": 3}, {\"questionId\": 313, \"garbageName\": \"毛绒玩具\", \"garbageType\": 3}, {\"questionId\": 349, \"garbageName\": \"旧玩具\", \"garbageType\": 3}]','2019-07-25 07:02:15'),(1389,'玩具','[{\"questionId\": 269, \"garbageName\": \"塑料玩具\", \"garbageType\": 3}, {\"questionId\": 313, \"garbageName\": \"毛绒玩具\", \"garbageType\": 3}, {\"questionId\": 349, \"garbageName\": \"旧玩具\", \"garbageType\": 3}]','2019-07-25 07:02:16'),(1390,'苹果','[{\"remark\": \"苹果好吃，可不能乱丢哟苹果好吃，可不能乱丢哟苹果好吃，可不能乱丢哟苹果好吃，可不能乱丢哟苹果好吃，可不能乱丢哟\", \"questionId\": 111, \"garbageName\": \"苹果\", \"garbageType\": 2}, {\"questionId\": 118, \"garbageName\": \"苹果皮\", \"garbageType\": 2}, {\"questionId\": 239, \"garbageName\": \"苹果核\", \"garbageType\": 2}]','2019-07-25 07:02:17'),(1391,'污损纸张','[{\"questionId\": 10, \"garbageName\": \"污损纸张\", \"garbageType\": 1}]','2019-07-25 07:02:23'),(1392,'卫生间用纸','[{\"questionId\": 6, \"garbageName\": \"卫生间用纸\", \"garbageType\": 1}]','2019-07-25 07:03:06'),(1393,'陶瓷/马克杯','null','2019-07-25 07:03:39'),(1394,'笔','[{\"questionId\": 48, \"garbageName\": \"笔\", \"garbageType\": 1}, {\"questionId\": 49, \"garbageName\": \"铅笔\", \"garbageType\": 1}, {\"questionId\": 50, \"garbageName\": \"毛笔\", \"garbageType\": 1}, {\"questionId\": 129, \"garbageName\": \"笔盖\", \"garbageType\": 1}, {\"questionId\": 137, \"garbageName\": \"钢笔\", \"garbageType\": 1}, {\"questionId\": 145, \"garbageName\": \"圆珠笔\", \"garbageType\": 1}, {\"questionId\": 388, \"garbageName\": \"水彩笔\", \"garbageType\": 4}, {\"questionId\": 653, \"garbageName\": \"笔芯\", \"garbageType\": 1}]','2019-07-25 07:04:05'),(1395,'太空沙','[{\"questionId\": 32, \"garbageName\": \"太空沙\", \"garbageType\": 1}]','2019-07-25 07:10:40'),(1396,'太空沙','[{\"questionId\": 32, \"garbageName\": \"太空沙\", \"garbageType\": 1}]','2019-07-25 07:11:20'),(1397,'眼镜','null','2019-07-25 07:11:50'),(1398,'男孩','[]','2019-07-25 07:11:59'),(1399,'手表','null','2019-07-25 07:12:19'),(1400,'指甲刀','[]','2019-07-25 07:12:25'),(1401,'米','[{\"questionId\": 23, \"garbageName\": \"玉米衣\", \"garbageType\": 1}, {\"questionId\": 56, \"garbageName\": \"米\", \"garbageType\": 2}, {\"questionId\": 57, \"garbageName\": \"米饭\", \"garbageType\": 2}, {\"questionId\": 217, \"garbageName\": \"玉米\", \"garbageType\": 2}, {\"questionId\": 243, \"garbageName\": \"大米及豆类\", \"garbageType\": 2}, {\"questionId\": 554, \"garbageName\": \"玉米棒\", \"garbageType\": 2}, {\"questionId\": 562, \"garbageName\": \"熟玉米棒\", \"garbageType\": 2}, {\"questionId\": 573, \"garbageName\": \"玉米芯\", \"garbageType\": 2}, {\"questionId\": 627, \"garbageName\": \"玉米皮\", \"garbageType\": 1}, {\"questionId\": 634, \"garbageName\": \"玉米壳\", \"garbageType\": 1}]','2019-07-25 07:12:31'),(1402,'玉米壳','[{\"questionId\": 634, \"garbageName\": \"玉米壳\", \"garbageType\": 1}]','2019-07-25 07:12:41'),(1403,'运动鞋','null','2019-07-25 07:22:12'),(1404,'运动鞋','[]','2019-07-25 07:22:17'),(1405,'家装建材','null','2019-07-25 07:22:36'),(1406,'鼠标','[{\"questionId\": 426, \"garbageName\": \"鼠标\", \"garbageType\": 3}]','2019-07-25 07:42:48'),(1407,'怡宝矿泉水','null','2019-07-25 07:52:20'),(1408,'矿泉水-怡宝矿泉水','[]','2019-07-25 07:52:27'),(1409,'怡宝矿泉水','[]','2019-07-25 07:52:36'),(1410,'矿泉水瓶','[{\"questionId\": 445, \"garbageName\": \"矿泉水瓶\", \"garbageType\": 3}]','2019-07-25 07:52:48'),(1411,'鱼骨头','[{\"questionId\": 569, \"garbageName\": \"鱼骨头\", \"garbageType\": 2}]','2019-07-25 07:55:53'),(1412,'干电池','[{\"remark\": \"有害垃圾哟\", \"questionId\": 4, \"garbageName\": \"干电池\", \"garbageType\": 4}]','2019-07-25 08:30:42'),(1413,'键盘','null','2019-07-25 08:35:21'),(1414,'笔','[{\"questionId\": 48, \"garbageName\": \"笔\", \"garbageType\": 1}, {\"questionId\": 49, \"garbageName\": \"铅笔\", \"garbageType\": 1}, {\"questionId\": 50, \"garbageName\": \"毛笔\", \"garbageType\": 1}, {\"questionId\": 129, \"garbageName\": \"笔盖\", \"garbageType\": 1}, {\"questionId\": 137, \"garbageName\": \"钢笔\", \"garbageType\": 1}, {\"questionId\": 145, \"garbageName\": \"圆珠笔\", \"garbageType\": 1}, {\"questionId\": 388, \"garbageName\": \"水彩笔\", \"garbageType\": 4}, {\"questionId\": 653, \"garbageName\": \"笔芯\", \"garbageType\": 1}, {\"questionId\": 668, \"garbageName\": \"笔记本电脑\", \"garbageType\": 3}, {\"questionId\": 702, \"garbageName\": \"笔记本\", \"garbageType\": 3}, {\"questionId\": 734, \"garbageName\": \"记号笔\", \"garbageType\": 1}, {\"questionId\": 735, \"garbageName\": \"金属铅笔盒\", \"garbageType\": 3}, {\"questionId\": 737, \"garbageName\": \"蜡笔\", \"garbageType\": 1}, {\"questionId\": 738, \"garbageName\": \"坏钢笔\", \"garbageType\": 1}, {\"questionId\": 739, \"garbageName\": \"中性笔\", \"garbageType\": 1}, {\"questionId\": 740, \"garbageName\": \"眉笔\", \"garbageType\": 1}, {\"questionId\": 741, \"garbageName\": \"粉笔\", \"garbageType\": 1}, {\"questionId\": 742, \"garbageName\": \"彩笔\", \"garbageType\": 1}, {\"questionId\": 743, \"garbageName\": \"马克笔\", \"garbageType\": 1}, {\"questionId\": 744, \"garbageName\": \"笔杆\", \"garbageType\": 1}, {\"questionId\": 745, \"garbageName\": \"笔套\", \"garbageType\": 1}, {\"questionId\": 746, \"garbageName\": \"红笔\", \"garbageType\": 1}, {\"questionId\": 747, \"garbageName\": \"勾线笔\", \"garbageType\": 1}, {\"questionId\": 748, \"garbageName\": \"可擦复写笔\", \"garbageType\": 1}]','2019-07-25 09:48:11'),(1415,'桃核','[{\"questionId\": 553, \"garbageName\": \"桃核\", \"garbageType\": 2}]','2019-07-25 09:49:29'),(1416,'晴天娃娃','null','2019-07-25 09:52:55'),(1417,'扭扭车','[]','2019-07-25 09:53:03'),(1418,'玩具','[{\"questionId\": 269, \"garbageName\": \"塑料玩具\", \"garbageType\": 3}, {\"questionId\": 313, \"garbageName\": \"毛绒玩具\", \"garbageType\": 3}, {\"questionId\": 349, \"garbageName\": \"旧玩具\", \"garbageType\": 3}]','2019-07-25 09:53:12'),(1419,'玩具','[{\"questionId\": 269, \"garbageName\": \"塑料玩具\", \"garbageType\": 3}, {\"questionId\": 313, \"garbageName\": \"毛绒玩具\", \"garbageType\": 3}, {\"questionId\": 349, \"garbageName\": \"旧玩具\", \"garbageType\": 3}]','2019-07-25 09:53:14'),(1420,'玩具','[{\"questionId\": 269, \"garbageName\": \"塑料玩具\", \"garbageType\": 3}, {\"questionId\": 313, \"garbageName\": \"毛绒玩具\", \"garbageType\": 3}, {\"questionId\": 349, \"garbageName\": \"旧玩具\", \"garbageType\": 3}]','2019-07-25 09:53:16'),(1421,'玩具','[{\"questionId\": 269, \"garbageName\": \"塑料玩具\", \"garbageType\": 3}, {\"questionId\": 313, \"garbageName\": \"毛绒玩具\", \"garbageType\": 3}, {\"questionId\": 349, \"garbageName\": \"旧玩具\", \"garbageType\": 3}]','2019-07-25 09:53:20'),(1422,'米','[{\"questionId\": 23, \"garbageName\": \"玉米衣\", \"garbageType\": 1}, {\"questionId\": 56, \"garbageName\": \"米\", \"garbageType\": 2}, {\"questionId\": 57, \"garbageName\": \"米饭\", \"garbageType\": 2}, {\"questionId\": 217, \"garbageName\": \"玉米\", \"garbageType\": 2}, {\"questionId\": 243, \"garbageName\": \"大米及豆类\", \"garbageType\": 2}, {\"questionId\": 554, \"garbageName\": \"玉米棒\", \"garbageType\": 2}, {\"questionId\": 562, \"garbageName\": \"熟玉米棒\", \"garbageType\": 2}, {\"questionId\": 573, \"garbageName\": \"玉米芯\", \"garbageType\": 2}, {\"questionId\": 627, \"garbageName\": \"玉米皮\", \"garbageType\": 1}, {\"questionId\": 634, \"garbageName\": \"玉米壳\", \"garbageType\": 1}, {\"questionId\": 677, \"garbageName\": \"米线\", \"garbageType\": 2}, {\"questionId\": 808, \"garbageName\": \"米虫\", \"garbageType\": 2}]','2019-07-25 09:53:23'),(1423,'虾壳','[{\"questionId\": 83, \"garbageName\": \"虾壳\", \"garbageType\": 2}, {\"questionId\": 558, \"garbageName\": \"龙虾壳\", \"garbageType\": 2}, {\"questionId\": 564, \"garbageName\": \"小龙虾壳\", \"garbageType\": 2}]','2019-07-25 09:53:53'),(1424,'开心果','[{\"questionId\": 55, \"garbageName\": \"开心果\", \"garbageType\": 1}, {\"questionId\": 584, \"garbageName\": \"开心果壳\", \"garbageType\": 2}]','2019-07-25 09:54:03'),(1425,'背包','null','2019-07-25 10:02:54'),(1426,'背包','[]','2019-07-25 10:03:01'),(1427,'竹篮','[{\"questionId\": 41, \"garbageName\": \"竹篮\", \"garbageType\": 1}]','2019-07-25 10:07:43'),(1428,'牛骨头','[{\"questionId\": 27, \"garbageName\": \"牛骨头\", \"garbageType\": 1}]','2019-07-25 10:53:37'),(1429,'容器','null','2019-07-25 11:33:34'),(1430,'容器','[]','2019-07-25 11:33:52'),(1431,'玉米衣','[{\"questionId\": 23, \"garbageName\": \"玉米衣\", \"garbageType\": 1}]','2019-07-25 11:34:15'),(1432,'粥盒','[]','2019-07-25 11:35:53'),(1433,'充电宝','[{\"questionId\": 322, \"garbageName\": \"充电宝\", \"garbageType\": 3}]','2019-07-25 11:36:21'),(1434,'大棒骨','[]','2019-07-25 11:37:19'),(1435,'牛骨头','[{\"questionId\": 27, \"garbageName\": \"牛骨头\", \"garbageType\": 1}]','2019-07-25 11:37:36'),(1436,'甘蔗皮','[{\"questionId\": 24, \"garbageName\": \"甘蔗皮\", \"garbageType\": 1}]','2019-07-25 12:39:14'),(1437,'人肉','[]','2019-07-25 12:39:25'),(1438,'米饭','[{\"questionId\": 57, \"garbageName\": \"米饭\", \"garbageType\": 2}]','2019-07-25 12:39:34'),(1439,'键盘','[{\"questionId\": 425, \"garbageName\": \"键盘\", \"garbageType\": 3}]','2019-07-25 12:39:45'),(1440,'鞋','null','2019-07-25 13:15:48'),(1441,'鞋','[{\"questionId\": 312, \"garbageName\": \"皮鞋\", \"garbageType\": 3}, {\"questionId\": 333, \"garbageName\": \"旧鞋子\", \"garbageType\": 3}, {\"questionId\": 448, \"garbageName\": \"鞋子\", \"garbageType\": 3}, {\"questionId\": 669, \"garbageName\": \"运动鞋\", \"garbageType\": 3}, {\"questionId\": 691, \"garbageName\": \"凉鞋\", \"garbageType\": 3}, {\"questionId\": 692, \"garbageName\": \"高跟鞋\", \"garbageType\": 3}, {\"questionId\": 693, \"garbageName\": \"布鞋\", \"garbageType\": 3}, {\"questionId\": 696, \"garbageName\": \"塑料拖鞋\", \"garbageType\": 3}, {\"questionId\": 810, \"garbageName\": \"拖鞋\", \"garbageType\": 3}]','2019-07-25 13:16:01'),(1442,'鞋','[{\"questionId\": 312, \"garbageName\": \"皮鞋\", \"garbageType\": 3}, {\"questionId\": 333, \"garbageName\": \"旧鞋子\", \"garbageType\": 3}, {\"questionId\": 448, \"garbageName\": \"鞋子\", \"garbageType\": 3}, {\"questionId\": 669, \"garbageName\": \"运动鞋\", \"garbageType\": 3}, {\"questionId\": 691, \"garbageName\": \"凉鞋\", \"garbageType\": 3}, {\"questionId\": 692, \"garbageName\": \"高跟鞋\", \"garbageType\": 3}, {\"questionId\": 693, \"garbageName\": \"布鞋\", \"garbageType\": 3}, {\"questionId\": 696, \"garbageName\": \"塑料拖鞋\", \"garbageType\": 3}, {\"questionId\": 810, \"garbageName\": \"拖鞋\", \"garbageType\": 3}]','2019-07-25 13:16:05'),(1443,'鞋','[{\"questionId\": 312, \"garbageName\": \"皮鞋\", \"garbageType\": 3}, {\"questionId\": 333, \"garbageName\": \"旧鞋子\", \"garbageType\": 3}, {\"questionId\": 448, \"garbageName\": \"鞋子\", \"garbageType\": 3}, {\"questionId\": 669, \"garbageName\": \"运动鞋\", \"garbageType\": 3}, {\"questionId\": 691, \"garbageName\": \"凉鞋\", \"garbageType\": 3}, {\"questionId\": 692, \"garbageName\": \"高跟鞋\", \"garbageType\": 3}, {\"questionId\": 693, \"garbageName\": \"布鞋\", \"garbageType\": 3}, {\"questionId\": 696, \"garbageName\": \"塑料拖鞋\", \"garbageType\": 3}, {\"questionId\": 810, \"garbageName\": \"拖鞋\", \"garbageType\": 3}]','2019-07-25 13:16:09'),(1444,'鞋','[{\"questionId\": 312, \"garbageName\": \"皮鞋\", \"garbageType\": 3}, {\"questionId\": 333, \"garbageName\": \"旧鞋子\", \"garbageType\": 3}, {\"questionId\": 448, \"garbageName\": \"鞋子\", \"garbageType\": 3}, {\"questionId\": 669, \"garbageName\": \"运动鞋\", \"garbageType\": 3}, {\"questionId\": 691, \"garbageName\": \"凉鞋\", \"garbageType\": 3}, {\"questionId\": 692, \"garbageName\": \"高跟鞋\", \"garbageType\": 3}, {\"questionId\": 693, \"garbageName\": \"布鞋\", \"garbageType\": 3}, {\"questionId\": 696, \"garbageName\": \"塑料拖鞋\", \"garbageType\": 3}, {\"questionId\": 810, \"garbageName\": \"拖鞋\", \"garbageType\": 3}]','2019-07-25 13:16:11'),(1445,'鞋','[{\"questionId\": 312, \"garbageName\": \"皮鞋\", \"garbageType\": 3}, {\"questionId\": 333, \"garbageName\": \"旧鞋子\", \"garbageType\": 3}, {\"questionId\": 448, \"garbageName\": \"鞋子\", \"garbageType\": 3}, {\"questionId\": 669, \"garbageName\": \"运动鞋\", \"garbageType\": 3}, {\"questionId\": 691, \"garbageName\": \"凉鞋\", \"garbageType\": 3}, {\"questionId\": 692, \"garbageName\": \"高跟鞋\", \"garbageType\": 3}, {\"questionId\": 693, \"garbageName\": \"布鞋\", \"garbageType\": 3}, {\"questionId\": 696, \"garbageName\": \"塑料拖鞋\", \"garbageType\": 3}, {\"questionId\": 810, \"garbageName\": \"拖鞋\", \"garbageType\": 3}]','2019-07-25 13:16:18'),(1446,'苹果','[{\"remark\": \"苹果好吃，可不能乱丢哟苹果好吃，可不能乱丢哟苹果好吃，可不能乱丢哟苹果好吃，可不能乱丢哟苹果好吃，可不能乱丢哟\", \"questionId\": 111, \"garbageName\": \"苹果\", \"garbageType\": 2}, {\"questionId\": 118, \"garbageName\": \"苹果皮\", \"garbageType\": 2}, {\"questionId\": 239, \"garbageName\": \"苹果核\", \"garbageType\": 2}]','2019-07-25 13:16:20'),(1447,'鞋','[{\"questionId\": 312, \"garbageName\": \"皮鞋\", \"garbageType\": 3}, {\"questionId\": 333, \"garbageName\": \"旧鞋子\", \"garbageType\": 3}, {\"questionId\": 448, \"garbageName\": \"鞋子\", \"garbageType\": 3}, {\"questionId\": 669, \"garbageName\": \"运动鞋\", \"garbageType\": 3}, {\"questionId\": 691, \"garbageName\": \"凉鞋\", \"garbageType\": 3}, {\"questionId\": 692, \"garbageName\": \"高跟鞋\", \"garbageType\": 3}, {\"questionId\": 693, \"garbageName\": \"布鞋\", \"garbageType\": 3}, {\"questionId\": 696, \"garbageName\": \"塑料拖鞋\", \"garbageType\": 3}, {\"questionId\": 810, \"garbageName\": \"拖鞋\", \"garbageType\": 3}]','2019-07-25 13:16:48'),(1448,'鞋','[{\"questionId\": 312, \"garbageName\": \"皮鞋\", \"garbageType\": 3}, {\"questionId\": 333, \"garbageName\": \"旧鞋子\", \"garbageType\": 3}, {\"questionId\": 448, \"garbageName\": \"鞋子\", \"garbageType\": 3}, {\"questionId\": 669, \"garbageName\": \"运动鞋\", \"garbageType\": 3}, {\"questionId\": 691, \"garbageName\": \"凉鞋\", \"garbageType\": 3}, {\"questionId\": 692, \"garbageName\": \"高跟鞋\", \"garbageType\": 3}, {\"questionId\": 693, \"garbageName\": \"布鞋\", \"garbageType\": 3}, {\"questionId\": 696, \"garbageName\": \"塑料拖鞋\", \"garbageType\": 3}, {\"questionId\": 810, \"garbageName\": \"拖鞋\", \"garbageType\": 3}]','2019-07-25 13:16:49'),(1449,'鞋','[{\"questionId\": 312, \"garbageName\": \"皮鞋\", \"garbageType\": 3}, {\"questionId\": 333, \"garbageName\": \"旧鞋子\", \"garbageType\": 3}, {\"questionId\": 448, \"garbageName\": \"鞋子\", \"garbageType\": 3}, {\"questionId\": 669, \"garbageName\": \"运动鞋\", \"garbageType\": 3}, {\"questionId\": 691, \"garbageName\": \"凉鞋\", \"garbageType\": 3}, {\"questionId\": 692, \"garbageName\": \"高跟鞋\", \"garbageType\": 3}, {\"questionId\": 693, \"garbageName\": \"布鞋\", \"garbageType\": 3}, {\"questionId\": 696, \"garbageName\": \"塑料拖鞋\", \"garbageType\": 3}, {\"questionId\": 810, \"garbageName\": \"拖鞋\", \"garbageType\": 3}]','2019-07-25 13:16:50'),(1450,'鞋','[{\"questionId\": 312, \"garbageName\": \"皮鞋\", \"garbageType\": 3}, {\"questionId\": 333, \"garbageName\": \"旧鞋子\", \"garbageType\": 3}, {\"questionId\": 448, \"garbageName\": \"鞋子\", \"garbageType\": 3}, {\"questionId\": 669, \"garbageName\": \"运动鞋\", \"garbageType\": 3}, {\"questionId\": 691, \"garbageName\": \"凉鞋\", \"garbageType\": 3}, {\"questionId\": 692, \"garbageName\": \"高跟鞋\", \"garbageType\": 3}, {\"questionId\": 693, \"garbageName\": \"布鞋\", \"garbageType\": 3}, {\"questionId\": 696, \"garbageName\": \"塑料拖鞋\", \"garbageType\": 3}, {\"questionId\": 810, \"garbageName\": \"拖鞋\", \"garbageType\": 3}]','2019-07-25 13:16:51'),(1451,'鞋','[{\"questionId\": 312, \"garbageName\": \"皮鞋\", \"garbageType\": 3}, {\"questionId\": 333, \"garbageName\": \"旧鞋子\", \"garbageType\": 3}, {\"questionId\": 448, \"garbageName\": \"鞋子\", \"garbageType\": 3}, {\"questionId\": 669, \"garbageName\": \"运动鞋\", \"garbageType\": 3}, {\"questionId\": 691, \"garbageName\": \"凉鞋\", \"garbageType\": 3}, {\"questionId\": 692, \"garbageName\": \"高跟鞋\", \"garbageType\": 3}, {\"questionId\": 693, \"garbageName\": \"布鞋\", \"garbageType\": 3}, {\"questionId\": 696, \"garbageName\": \"塑料拖鞋\", \"garbageType\": 3}, {\"questionId\": 810, \"garbageName\": \"拖鞋\", \"garbageType\": 3}]','2019-07-25 13:16:52'),(1452,'鞋','[{\"questionId\": 312, \"garbageName\": \"皮鞋\", \"garbageType\": 3}, {\"questionId\": 333, \"garbageName\": \"旧鞋子\", \"garbageType\": 3}, {\"questionId\": 448, \"garbageName\": \"鞋子\", \"garbageType\": 3}, {\"questionId\": 669, \"garbageName\": \"运动鞋\", \"garbageType\": 3}, {\"questionId\": 691, \"garbageName\": \"凉鞋\", \"garbageType\": 3}, {\"questionId\": 692, \"garbageName\": \"高跟鞋\", \"garbageType\": 3}, {\"questionId\": 693, \"garbageName\": \"布鞋\", \"garbageType\": 3}, {\"questionId\": 696, \"garbageName\": \"塑料拖鞋\", \"garbageType\": 3}, {\"questionId\": 810, \"garbageName\": \"拖鞋\", \"garbageType\": 3}]','2019-07-25 13:16:52'),(1453,'鞋','[{\"questionId\": 312, \"garbageName\": \"皮鞋\", \"garbageType\": 3}, {\"questionId\": 333, \"garbageName\": \"旧鞋子\", \"garbageType\": 3}, {\"questionId\": 448, \"garbageName\": \"鞋子\", \"garbageType\": 3}, {\"questionId\": 669, \"garbageName\": \"运动鞋\", \"garbageType\": 3}, {\"questionId\": 691, \"garbageName\": \"凉鞋\", \"garbageType\": 3}, {\"questionId\": 692, \"garbageName\": \"高跟鞋\", \"garbageType\": 3}, {\"questionId\": 693, \"garbageName\": \"布鞋\", \"garbageType\": 3}, {\"questionId\": 696, \"garbageName\": \"塑料拖鞋\", \"garbageType\": 3}, {\"questionId\": 810, \"garbageName\": \"拖鞋\", \"garbageType\": 3}]','2019-07-25 13:16:53'),(1454,'鞋','[{\"questionId\": 312, \"garbageName\": \"皮鞋\", \"garbageType\": 3}, {\"questionId\": 333, \"garbageName\": \"旧鞋子\", \"garbageType\": 3}, {\"questionId\": 448, \"garbageName\": \"鞋子\", \"garbageType\": 3}, {\"questionId\": 669, \"garbageName\": \"运动鞋\", \"garbageType\": 3}, {\"questionId\": 691, \"garbageName\": \"凉鞋\", \"garbageType\": 3}, {\"questionId\": 692, \"garbageName\": \"高跟鞋\", \"garbageType\": 3}, {\"questionId\": 693, \"garbageName\": \"布鞋\", \"garbageType\": 3}, {\"questionId\": 696, \"garbageName\": \"塑料拖鞋\", \"garbageType\": 3}, {\"questionId\": 810, \"garbageName\": \"拖鞋\", \"garbageType\": 3}]','2019-07-25 13:16:53'),(1455,'电池','[{\"remark\": \"有害垃圾哟\", \"questionId\": 4, \"garbageName\": \"干电池\", \"garbageType\": 4}, {\"questionId\": 158, \"garbageName\": \"蓄电池\", \"garbageType\": 4}, {\"questionId\": 350, \"garbageName\": \"充电电池\", \"garbageType\": 4}, {\"questionId\": 351, \"garbageName\": \"镉镍电池\", \"garbageType\": 4}, {\"questionId\": 352, \"garbageName\": \"铅酸电池\", \"garbageType\": 4}, {\"questionId\": 354, \"garbageName\": \"纽扣电池\", \"garbageType\": 4}, {\"questionId\": 375, \"garbageName\": \"电池\", \"garbageType\": 4}, {\"questionId\": 401, \"garbageName\": \"镍镉电池\", \"garbageType\": 4}, {\"questionId\": 524, \"garbageName\": \"锂电池\", \"garbageType\": 4}, {\"questionId\": 533, \"garbageName\": \"手机电池\", \"garbageType\": 4}]','2019-07-25 13:17:11'),(1456,'键盘','null','2019-07-25 13:44:38'),(1457,'键盘','[{\"questionId\": 425, \"garbageName\": \"键盘\", \"garbageType\": 3}]','2019-07-25 13:44:45'),(1458,'键盘','null','2019-07-25 13:45:00'),(1459,'键盘','[{\"questionId\": 425, \"garbageName\": \"键盘\", \"garbageType\": 3}]','2019-07-25 13:45:01'),(1460,'炉渣','[{\"questionId\": 30, \"garbageName\": \"炉渣\", \"garbageType\": 1}]','2019-07-25 14:03:58'),(1461,'电脑','[{\"remark\": \"可回收哟\", \"questionId\": 3, \"garbageName\": \"电脑\", \"garbageType\": 3}, {\"questionId\": 667, \"garbageName\": \"台式电脑\", \"garbageType\": 3}, {\"questionId\": 668, \"garbageName\": \"笔记本电脑\", \"garbageType\": 3}, {\"questionId\": 820, \"garbageName\": \"平板电脑\", \"garbageType\": 3}]','2019-07-25 14:04:15'),(1462,'药品','null','2019-07-25 15:06:11'),(1463,'药品','[{\"questionId\": 360, \"garbageName\": \"药品内包装\", \"garbageType\": 4}, {\"questionId\": 407, \"garbageName\": \"药品包装\", \"garbageType\": 4}, {\"questionId\": 498, \"garbageName\": \"药品\", \"garbageType\": 4}, {\"questionId\": 500, \"garbageName\": \"废药品\", \"garbageType\": 4}, {\"questionId\": 507, \"garbageName\": \"过期药品\", \"garbageType\": 4}, {\"questionId\": 519, \"garbageName\": \"各类过期药品\", \"garbageType\": 4}, {\"questionId\": 535, \"garbageName\": \"药品壳子\", \"garbageType\": 4}, {\"questionId\": 543, \"garbageName\": \"药品铝塑板\", \"garbageType\": 4}]','2019-07-25 15:06:16'),(1464,'门','null','2019-07-25 15:06:34'),(1465,'门','[{\"questionId\": 683, \"garbageName\": \"门锁\", \"garbageType\": 3}]','2019-07-25 15:06:43'),(1466,'门','[{\"questionId\": 683, \"garbageName\": \"门锁\", \"garbageType\": 3}]','2019-07-25 15:06:47'),(1467,'马克杯','[{\"questionId\": 124, \"garbageName\": \"马克杯\", \"garbageType\": 1}]','2019-07-25 15:06:51'),(1468,'榴莲核','[{\"questionId\": 25, \"garbageName\": \"榴莲核\", \"garbageType\": 1}]','2019-07-25 15:07:03'),(1469,'核桃壳','[{\"questionId\": 22, \"garbageName\": \"核桃壳\", \"garbageType\": 1}]','2019-07-25 15:07:08'),(1470,'手提袋','[{\"questionId\": 663, \"garbageName\": \"手提袋\", \"garbageType\": 1}]','2019-07-25 15:07:17'),(1471,'键盘','[{\"questionId\": 425, \"garbageName\": \"键盘\", \"garbageType\": 3}]','2019-07-25 15:07:20'),(1472,'尼龙制品','[{\"questionId\": 14, \"garbageName\": \"尼龙制品\", \"garbageType\": 1}]','2019-07-25 15:07:23'),(1473,'街道','null','2019-07-25 15:08:21'),(1474,'白云','[]','2019-07-25 15:08:26'),(1475,'苹果','[{\"remark\": \"苹果好吃，可不能乱丢哟苹果好吃，可不能乱丢哟苹果好吃，可不能乱丢哟苹果好吃，可不能乱丢哟苹果好吃，可不能乱丢哟\", \"questionId\": 111, \"garbageName\": \"苹果\", \"garbageType\": 2}, {\"questionId\": 118, \"garbageName\": \"苹果皮\", \"garbageType\": 2}, {\"questionId\": 239, \"garbageName\": \"苹果核\", \"garbageType\": 2}]','2019-07-25 20:22:32'),(1476,'米','[{\"questionId\": 23, \"garbageName\": \"玉米衣\", \"garbageType\": 1}, {\"questionId\": 56, \"garbageName\": \"米\", \"garbageType\": 2}, {\"questionId\": 57, \"garbageName\": \"米饭\", \"garbageType\": 2}, {\"questionId\": 217, \"garbageName\": \"玉米\", \"garbageType\": 2}, {\"questionId\": 243, \"garbageName\": \"大米及豆类\", \"garbageType\": 2}, {\"questionId\": 554, \"garbageName\": \"玉米棒\", \"garbageType\": 2}, {\"questionId\": 562, \"garbageName\": \"熟玉米棒\", \"garbageType\": 2}, {\"questionId\": 573, \"garbageName\": \"玉米芯\", \"garbageType\": 2}, {\"questionId\": 627, \"garbageName\": \"玉米皮\", \"garbageType\": 1}, {\"questionId\": 634, \"garbageName\": \"玉米壳\", \"garbageType\": 1}, {\"questionId\": 677, \"garbageName\": \"米线\", \"garbageType\": 2}, {\"questionId\": 808, \"garbageName\": \"米虫\", \"garbageType\": 2}]','2019-07-26 00:34:44'),(1477,'鞋','null','2019-07-26 00:35:12'),(1478,'鞋','[{\"questionId\": 312, \"garbageName\": \"皮鞋\", \"garbageType\": 3}, {\"questionId\": 333, \"garbageName\": \"旧鞋子\", \"garbageType\": 3}, {\"questionId\": 448, \"garbageName\": \"鞋子\", \"garbageType\": 3}, {\"questionId\": 669, \"garbageName\": \"运动鞋\", \"garbageType\": 3}, {\"questionId\": 691, \"garbageName\": \"凉鞋\", \"garbageType\": 3}, {\"questionId\": 692, \"garbageName\": \"高跟鞋\", \"garbageType\": 3}, {\"questionId\": 693, \"garbageName\": \"布鞋\", \"garbageType\": 3}, {\"questionId\": 696, \"garbageName\": \"塑料拖鞋\", \"garbageType\": 3}, {\"questionId\": 810, \"garbageName\": \"拖鞋\", \"garbageType\": 3}]','2019-07-26 00:35:24'),(1479,'鞋','[{\"questionId\": 312, \"garbageName\": \"皮鞋\", \"garbageType\": 3}, {\"questionId\": 333, \"garbageName\": \"旧鞋子\", \"garbageType\": 3}, {\"questionId\": 448, \"garbageName\": \"鞋子\", \"garbageType\": 3}, {\"questionId\": 669, \"garbageName\": \"运动鞋\", \"garbageType\": 3}, {\"questionId\": 691, \"garbageName\": \"凉鞋\", \"garbageType\": 3}, {\"questionId\": 692, \"garbageName\": \"高跟鞋\", \"garbageType\": 3}, {\"questionId\": 693, \"garbageName\": \"布鞋\", \"garbageType\": 3}, {\"questionId\": 696, \"garbageName\": \"塑料拖鞋\", \"garbageType\": 3}, {\"questionId\": 810, \"garbageName\": \"拖鞋\", \"garbageType\": 3}]','2019-07-26 00:35:29'),(1480,'鞋','[{\"questionId\": 312, \"garbageName\": \"皮鞋\", \"garbageType\": 3}, {\"questionId\": 333, \"garbageName\": \"旧鞋子\", \"garbageType\": 3}, {\"questionId\": 448, \"garbageName\": \"鞋子\", \"garbageType\": 3}, {\"questionId\": 669, \"garbageName\": \"运动鞋\", \"garbageType\": 3}, {\"questionId\": 691, \"garbageName\": \"凉鞋\", \"garbageType\": 3}, {\"questionId\": 692, \"garbageName\": \"高跟鞋\", \"garbageType\": 3}, {\"questionId\": 693, \"garbageName\": \"布鞋\", \"garbageType\": 3}, {\"questionId\": 696, \"garbageName\": \"塑料拖鞋\", \"garbageType\": 3}, {\"questionId\": 810, \"garbageName\": \"拖鞋\", \"garbageType\": 3}]','2019-07-26 00:35:35'),(1481,'钱包/卡包','null','2019-07-26 00:41:50'),(1482,'屏幕截图','null','2019-07-26 00:48:53'),(1483,'胶带','[{\"questionId\": 34, \"garbageName\": \"胶带\", \"garbageType\": 1}]','2019-07-26 00:59:03'),(1484,'塑料袋','[{\"questionId\": 205, \"garbageName\": \"污损塑料袋\", \"garbageType\": 1}, {\"questionId\": 603, \"garbageName\": \"塑料袋\", \"garbageType\": 1}, {\"questionId\": 647, \"garbageName\": \"肮脏塑料袋\", \"garbageType\": 1}]','2019-07-26 00:59:21'),(1485,'筷子','[{\"questionId\": 44, \"garbageName\": \"筷子\", \"garbageType\": 1}, {\"questionId\": 185, \"garbageName\": \"一次性筷子\", \"garbageType\": 1}, {\"questionId\": 478, \"garbageName\": \"木筷子\", \"garbageType\": 3}]','2019-07-26 00:59:24'),(1486,'肮脏塑料袋','[{\"questionId\": 647, \"garbageName\": \"肮脏塑料袋\", \"garbageType\": 1}]','2019-07-26 00:59:30'),(1487,'筷子','[{\"questionId\": 44, \"garbageName\": \"筷子\", \"garbageType\": 1}, {\"questionId\": 185, \"garbageName\": \"一次性筷子\", \"garbageType\": 1}, {\"questionId\": 478, \"garbageName\": \"木筷子\", \"garbageType\": 3}]','2019-07-26 00:59:32'),(1488,'肮脏塑料袋','[{\"questionId\": 647, \"garbageName\": \"肮脏塑料袋\", \"garbageType\": 1}]','2019-07-26 00:59:37'),(1489,'竹筷','[{\"questionId\": 42, \"garbageName\": \"竹筷\", \"garbageType\": 1}]','2019-07-26 00:59:40'),(1490,'竹筷','[{\"questionId\": 42, \"garbageName\": \"竹筷\", \"garbageType\": 1}]','2019-07-26 00:59:46'),(1491,'米','[{\"questionId\": 23, \"garbageName\": \"玉米衣\", \"garbageType\": 1}, {\"questionId\": 56, \"garbageName\": \"米\", \"garbageType\": 2}, {\"questionId\": 57, \"garbageName\": \"米饭\", \"garbageType\": 2}, {\"questionId\": 217, \"garbageName\": \"玉米\", \"garbageType\": 2}, {\"questionId\": 243, \"garbageName\": \"大米及豆类\", \"garbageType\": 2}, {\"questionId\": 554, \"garbageName\": \"玉米棒\", \"garbageType\": 2}, {\"questionId\": 562, \"garbageName\": \"熟玉米棒\", \"garbageType\": 2}, {\"questionId\": 573, \"garbageName\": \"玉米芯\", \"garbageType\": 2}, {\"questionId\": 627, \"garbageName\": \"玉米皮\", \"garbageType\": 1}, {\"questionId\": 634, \"garbageName\": \"玉米壳\", \"garbageType\": 1}, {\"questionId\": 677, \"garbageName\": \"米线\", \"garbageType\": 2}, {\"questionId\": 808, \"garbageName\": \"米虫\", \"garbageType\": 2}]','2019-07-26 00:59:50'),(1492,'玩具','[{\"questionId\": 269, \"garbageName\": \"塑料玩具\", \"garbageType\": 3}, {\"questionId\": 313, \"garbageName\": \"毛绒玩具\", \"garbageType\": 3}, {\"questionId\": 349, \"garbageName\": \"旧玩具\", \"garbageType\": 3}]','2019-07-26 00:59:56'),(1493,'筷子','[{\"questionId\": 44, \"garbageName\": \"筷子\", \"garbageType\": 1}, {\"questionId\": 185, \"garbageName\": \"一次性筷子\", \"garbageType\": 1}, {\"questionId\": 478, \"garbageName\": \"木筷子\", \"garbageType\": 3}]','2019-07-26 00:59:58'),(1494,'玩具','[{\"questionId\": 269, \"garbageName\": \"塑料玩具\", \"garbageType\": 3}, {\"questionId\": 313, \"garbageName\": \"毛绒玩具\", \"garbageType\": 3}, {\"questionId\": 349, \"garbageName\": \"旧玩具\", \"garbageType\": 3}]','2019-07-26 00:59:59'),(1495,'玩具','[{\"questionId\": 269, \"garbageName\": \"塑料玩具\", \"garbageType\": 3}, {\"questionId\": 313, \"garbageName\": \"毛绒玩具\", \"garbageType\": 3}, {\"questionId\": 349, \"garbageName\": \"旧玩具\", \"garbageType\": 3}]','2019-07-26 01:00:03'),(1496,'苹果','[{\"remark\": \"苹果好吃，可不能乱丢哟苹果好吃，可不能乱丢哟苹果好吃，可不能乱丢哟苹果好吃，可不能乱丢哟苹果好吃，可不能乱丢哟\", \"questionId\": 111, \"garbageName\": \"苹果\", \"garbageType\": 2}, {\"questionId\": 118, \"garbageName\": \"苹果皮\", \"garbageType\": 2}, {\"questionId\": 239, \"garbageName\": \"苹果核\", \"garbageType\": 2}]','2019-07-26 01:00:07'),(1497,'牛骨头','[{\"questionId\": 27, \"garbageName\": \"牛骨头\", \"garbageType\": 1}]','2019-07-26 01:04:57'),(1498,'内裤','[{\"questionId\": 658, \"garbageName\": \"内裤\", \"garbageType\": 1}]','2019-07-26 01:05:02'),(1499,'盆栽植物','null','2019-07-26 01:05:13'),(1500,'盆栽植物','[]','2019-07-26 01:05:19'),(1501,'大便','[]','2019-07-26 01:05:33'),(1502,'大便','[]','2019-07-26 01:05:42'),(1503,'纽扣','[{\"questionId\": 354, \"garbageName\": \"纽扣电池\", \"garbageType\": 4}]','2019-07-26 01:06:29'),(1504,'纽扣','[{\"questionId\": 354, \"garbageName\": \"纽扣电池\", \"garbageType\": 4}]','2019-07-26 01:06:32'),(1505,'鸭脖','[]','2019-07-26 01:07:11'),(1506,'大便','[]','2019-07-26 01:07:15'),(1507,'玩具','[{\"questionId\": 269, \"garbageName\": \"塑料玩具\", \"garbageType\": 3}, {\"questionId\": 313, \"garbageName\": \"毛绒玩具\", \"garbageType\": 3}, {\"questionId\": 349, \"garbageName\": \"旧玩具\", \"garbageType\": 3}]','2019-07-26 01:07:17'),(1508,'玩具','[{\"questionId\": 269, \"garbageName\": \"塑料玩具\", \"garbageType\": 3}, {\"questionId\": 313, \"garbageName\": \"毛绒玩具\", \"garbageType\": 3}, {\"questionId\": 349, \"garbageName\": \"旧玩具\", \"garbageType\": 3}]','2019-07-26 01:07:18'),(1509,'玩具','[{\"questionId\": 269, \"garbageName\": \"塑料玩具\", \"garbageType\": 3}, {\"questionId\": 313, \"garbageName\": \"毛绒玩具\", \"garbageType\": 3}, {\"questionId\": 349, \"garbageName\": \"旧玩具\", \"garbageType\": 3}]','2019-07-26 01:07:20'),(1510,'玩具','[{\"questionId\": 269, \"garbageName\": \"塑料玩具\", \"garbageType\": 3}, {\"questionId\": 313, \"garbageName\": \"毛绒玩具\", \"garbageType\": 3}, {\"questionId\": 349, \"garbageName\": \"旧玩具\", \"garbageType\": 3}]','2019-07-26 01:07:21'),(1511,'玩具','[{\"questionId\": 269, \"garbageName\": \"塑料玩具\", \"garbageType\": 3}, {\"questionId\": 313, \"garbageName\": \"毛绒玩具\", \"garbageType\": 3}, {\"questionId\": 349, \"garbageName\": \"旧玩具\", \"garbageType\": 3}]','2019-07-26 01:07:22'),(1512,'污损纸张','[{\"questionId\": 10, \"garbageName\": \"污损纸张\", \"garbageType\": 1}]','2019-07-26 01:07:23'),(1513,'手提袋','[{\"questionId\": 663, \"garbageName\": \"手提袋\", \"garbageType\": 1}]','2019-07-26 01:07:26'),(1514,'玩具','[{\"questionId\": 269, \"garbageName\": \"塑料玩具\", \"garbageType\": 3}, {\"questionId\": 313, \"garbageName\": \"毛绒玩具\", \"garbageType\": 3}, {\"questionId\": 349, \"garbageName\": \"旧玩具\", \"garbageType\": 3}]','2019-07-26 01:07:27'),(1515,'玩具','[{\"questionId\": 269, \"garbageName\": \"塑料玩具\", \"garbageType\": 3}, {\"questionId\": 313, \"garbageName\": \"毛绒玩具\", \"garbageType\": 3}, {\"questionId\": 349, \"garbageName\": \"旧玩具\", \"garbageType\": 3}]','2019-07-26 01:07:28'),(1516,'苹果','[{\"remark\": \"苹果好吃，可不能乱丢哟苹果好吃，可不能乱丢哟苹果好吃，可不能乱丢哟苹果好吃，可不能乱丢哟苹果好吃，可不能乱丢哟\", \"questionId\": 111, \"garbageName\": \"苹果\", \"garbageType\": 2}, {\"questionId\": 118, \"garbageName\": \"苹果皮\", \"garbageType\": 2}, {\"questionId\": 239, \"garbageName\": \"苹果核\", \"garbageType\": 2}]','2019-07-26 01:07:29'),(1517,'鸭脖','[]','2019-07-26 01:08:08'),(1518,'重辣五号','[]','2019-07-26 01:09:00'),(1519,'皮卡丘','[]','2019-07-26 01:09:51'),(1520,'猪大肠','[]','2019-07-26 01:10:13'),(1521,'纸品湿巾','null','2019-07-26 01:10:33'),(1522,'钠','[]','2019-07-26 01:10:56'),(1523,'电脑','[{\"remark\": \"可回收哟\", \"questionId\": 3, \"garbageName\": \"电脑\", \"garbageType\": 3}, {\"questionId\": 667, \"garbageName\": \"台式电脑\", \"garbageType\": 3}, {\"questionId\": 668, \"garbageName\": \"笔记本电脑\", \"garbageType\": 3}, {\"questionId\": 820, \"garbageName\": \"平板电脑\", \"garbageType\": 3}]','2019-07-26 01:11:30'),(1524,'塑料','[{\"questionId\": 13, \"garbageName\": \"污损塑料\", \"garbageType\": 1}, {\"questionId\": 125, \"garbageName\": \"塑料瓶\", \"garbageType\": 3}, {\"questionId\": 205, \"garbageName\": \"污损塑料袋\", \"garbageType\": 1}, {\"questionId\": 258, \"garbageName\": \"食品与日用品塑料瓶罐及瓶盖(总)\", \"garbageType\": 3}, {\"questionId\": 264, \"garbageName\": \"塑料碗\", \"garbageType\": 3}, {\"questionId\": 265, \"garbageName\": \"塑料盆\", \"garbageType\": 3}, {\"questionId\": 266, \"garbageName\": \"塑料盒子\", \"garbageType\": 3}, {\"questionId\": 269, \"garbageName\": \"塑料玩具\", \"garbageType\": 3}, {\"questionId\": 270, \"garbageName\": \"塑料积木\", \"garbageType\": 3}, {\"questionId\": 271, \"garbageName\": \"塑料模型\", \"garbageType\": 3}, {\"questionId\": 272, \"garbageName\": \"塑料衣架\", \"garbageType\": 3}, {\"questionId\": 274, \"garbageName\": \"PE- 塑料\", \"garbageType\": 3}, {\"questionId\": 277, \"garbageName\": \"塑料卡片\", \"garbageType\": 3}, {\"questionId\": 281, \"garbageName\": \"泡沫塑料\", \"garbageType\": 3}, {\"questionId\": 341, \"garbageName\": \"塑料梳子\", \"garbageType\": 3}, {\"questionId\": 433, \"garbageName\": \"塑料\", \"garbageType\": 3}, {\"questionId\": 439, \"garbageName\": \"塑料盒\", \"garbageType\": 3}, {\"questionId\": 444, \"garbageName\": \"塑料杯\", \"garbageType\": 3}, {\"questionId\": 462, \"garbageName\": \"废塑料\", \"garbageType\": 3}, {\"questionId\": 471, \"garbageName\": \"塑料盖\", \"garbageType\": 3}, {\"questionId\": 490, \"garbageName\": \"塑料包装纸\", \"garbageType\": 3}, {\"questionId\": 493, \"garbageName\": \"饮料塑料瓶\", \"garbageType\": 3}, {\"questionId\": 603, \"garbageName\": \"塑料袋\", \"garbageType\": 1}, {\"questionId\": 647, \"garbageName\": \"肮脏塑料袋\", \"garbageType\": 1}, {\"questionId\": 696, \"garbageName\": \"塑料拖鞋\", \"garbageType\": 3}]','2019-07-26 01:11:35'),(1525,'水','[{\"questionId\": 33, \"garbageName\": \"胶水\", \"garbageType\": 1}, {\"questionId\": 112, \"garbageName\": \"水果\", \"garbageType\": 2}, {\"questionId\": 114, \"garbageName\": \"水果皮\", \"garbageType\": 2}, {\"questionId\": 172, \"garbageName\": \"旧水槽\", \"garbageType\": 1}, {\"questionId\": 261, \"garbageName\": \"洗发水瓶\", \"garbageType\": 3}, {\"questionId\": 282, \"garbageName\": \"水果网套\", \"garbageType\": 3}, {\"questionId\": 366, \"garbageName\": \"洗甲水\", \"garbageType\": 4}, {\"questionId\": 369, \"garbageName\": \"水银血压计\", \"garbageType\": 4}, {\"questionId\": 370, \"garbageName\": \"水银体温计\", \"garbageType\": 4}, {\"questionId\": 371, \"garbageName\": \"水银温度计\", \"garbageType\": 4}, {\"questionId\": 388, \"garbageName\": \"水彩笔\", \"garbageType\": 4}, {\"questionId\": 392, \"garbageName\": \"香水瓶\", \"garbageType\": 4}, {\"questionId\": 411, \"garbageName\": \"过期指甲油水银温度计\", \"garbageType\": 4}, {\"questionId\": 445, \"garbageName\": \"矿泉水瓶\", \"garbageType\": 3}, {\"questionId\": 514, \"garbageName\": \"眼药水\", \"garbageType\": 4}, {\"questionId\": 528, \"garbageName\": \"眼药水瓶\", \"garbageType\": 4}, {\"questionId\": 545, \"garbageName\": \"水银\", \"garbageType\": 4}, {\"questionId\": 795, \"garbageName\": \"水果茶\", \"garbageType\": 2}, {\"questionId\": 796, \"garbageName\": \"水果干\", \"garbageType\": 2}, {\"questionId\": 797, \"garbageName\": \"水果脆\", \"garbageType\": 2}, {\"questionId\": 798, \"garbageName\": \"水果茎枝\", \"garbageType\": 2}, {\"questionId\": 805, \"garbageName\": \"水饺\", \"garbageType\": 2}, {\"questionId\": 807, \"garbageName\": \"花露水玻璃空瓶\", \"garbageType\": 3}]','2019-07-26 01:11:39'),(1526,'矿泉水瓶','[{\"questionId\": 445, \"garbageName\": \"矿泉水瓶\", \"garbageType\": 3}]','2019-07-26 01:11:43'),(1527,'人','[]','2019-07-26 01:11:47'),(1528,'樟脑丸','[]','2019-07-26 01:12:24'),(1529,'编织袋','[{\"questionId\": 15, \"garbageName\": \"编织袋\", \"garbageType\": 1}]','2019-07-26 02:05:32'),(1530,'奶茶杯','[{\"remark\": \"喝完好喝的奶茶，记得把奶茶杯放进干垃圾桶哟\", \"questionId\": 427, \"garbageName\": \"奶茶杯\", \"garbageType\": 1}]','2019-07-26 02:06:02'),(1531,'一次性餐具','[{\"questionId\": 37, \"garbageName\": \"一次性餐具\", \"garbageType\": 1}]','2019-07-26 02:10:40'),(1532,'胶水','[{\"questionId\": 33, \"garbageName\": \"胶水\", \"garbageType\": 1}]','2019-07-26 02:12:41'),(1533,'豆子','[{\"questionId\": 61, \"garbageName\": \"豆子\", \"garbageType\": 2}]','2019-07-26 02:48:51'),(1534,'豆子','[{\"questionId\": 61, \"garbageName\": \"豆子\", \"garbageType\": 2}]','2019-07-26 02:49:03'),(1535,'牛奶盒','[{\"questionId\": 334, \"garbageName\": \"牛奶盒\", \"garbageType\": 3}]','2019-07-26 02:50:14'),(1536,'果汁盒','[]','2019-07-26 02:50:27'),(1537,'果汁盒','[]','2019-07-26 02:50:33'),(1538,'毛发','[{\"questionId\": 28, \"garbageName\": \"毛发\", \"garbageType\": 1}]','2019-07-26 02:50:38'),(1539,'开心果','[{\"questionId\": 55, \"garbageName\": \"开心果\", \"garbageType\": 1}, {\"questionId\": 584, \"garbageName\": \"开心果壳\", \"garbageType\": 2}]','2019-07-26 02:51:56'),(1540,'灰土','[{\"questionId\": 29, \"garbageName\": \"灰土\", \"garbageType\": 1}]','2019-07-26 02:52:12'),(1541,'一次性杯子','[{\"questionId\": 38, \"garbageName\": \"一次性杯子\", \"garbageType\": 1}]','2019-07-26 02:52:25'),(1542,'一次性杯子','[{\"questionId\": 38, \"garbageName\": \"一次性杯子\", \"garbageType\": 1}]','2019-07-26 02:52:59'),(1543,'胶水','[{\"questionId\": 33, \"garbageName\": \"胶水\", \"garbageType\": 1}]','2019-07-26 02:59:53'),(1544,'毛发','[{\"questionId\": 28, \"garbageName\": \"毛发\", \"garbageType\": 1}]','2019-07-26 02:59:57'),(1545,'伞','[{\"questionId\": 45, \"garbageName\": \"伞\", \"garbageType\": 1}, {\"questionId\": 46, \"garbageName\": \"雨伞\", \"garbageType\": 1}, {\"questionId\": 47, \"garbageName\": \"天堂伞\", \"garbageType\": 1}, {\"questionId\": 346, \"garbageName\": \"雨伞骨架\", \"garbageType\": 3}]','2019-07-26 02:59:59'),(1546,'核桃壳','[{\"questionId\": 22, \"garbageName\": \"核桃壳\", \"garbageType\": 1}]','2019-07-26 03:00:01'),(1547,'一次性杯子','[{\"questionId\": 38, \"garbageName\": \"一次性杯子\", \"garbageType\": 1}]','2019-07-26 03:00:04'),(1548,'果核','[{\"questionId\": 239, \"garbageName\": \"苹果核\", \"garbageType\": 2}, {\"questionId\": 589, \"garbageName\": \"芒果核\", \"garbageType\": 2}, {\"questionId\": 799, \"garbageName\": \"牛油果核\", \"garbageType\": 1}]','2019-07-26 03:05:31'),(1549,'果核','[{\"questionId\": 239, \"garbageName\": \"苹果核\", \"garbageType\": 2}, {\"questionId\": 589, \"garbageName\": \"芒果核\", \"garbageType\": 2}, {\"questionId\": 799, \"garbageName\": \"牛油果核\", \"garbageType\": 1}]','2019-07-26 03:05:39'),(1550,'李子核','[]','2019-07-26 03:05:48'),(1551,'芒果核','[{\"questionId\": 589, \"garbageName\": \"芒果核\", \"garbageType\": 2}]','2019-07-26 03:06:18'),(1552,'烟头','[]','2019-07-26 03:07:12'),(1553,'筷子','[{\"questionId\": 44, \"garbageName\": \"筷子\", \"garbageType\": 1}, {\"questionId\": 185, \"garbageName\": \"一次性筷子\", \"garbageType\": 1}, {\"questionId\": 478, \"garbageName\": \"木筷子\", \"garbageType\": 3}]','2019-07-26 03:07:33'),(1554,'炉渣','[{\"questionId\": 30, \"garbageName\": \"炉渣\", \"garbageType\": 1}]','2019-07-26 03:07:36'),(1555,'花盆','[{\"questionId\": 35, \"garbageName\": \"花盆\", \"garbageType\": 1}, {\"questionId\": 187, \"garbageName\": \"坏的花盆\", \"garbageType\": 1}]','2019-07-26 03:07:39'),(1556,'榴莲壳','[{\"questionId\": 21, \"garbageName\": \"榴莲壳\", \"garbageType\": 1}]','2019-07-26 03:07:49'),(1557,'陶瓷制品','[{\"questionId\": 40, \"garbageName\": \"陶瓷制品\", \"garbageType\": 1}]','2019-07-26 03:08:09'),(1558,'牛骨头','[{\"questionId\": 27, \"garbageName\": \"牛骨头\", \"garbageType\": 1}]','2019-07-26 03:08:12'),(1559,'面','[{\"questionId\": 58, \"garbageName\": \"面\", \"garbageType\": 2}, {\"questionId\": 59, \"garbageName\": \"面包\", \"garbageType\": 2}, {\"questionId\": 60, \"garbageName\": \"面条\", \"garbageType\": 2}, {\"questionId\": 107, \"garbageName\": \"面粉\", \"garbageType\": 2}, {\"questionId\": 146, \"garbageName\": \"方便面盒\", \"garbageType\": 1}, {\"questionId\": 610, \"garbageName\": \"面膜\", \"garbageType\": 1}]','2019-07-26 03:08:16'),(1560,'烟头','[]','2019-07-26 03:08:23'),(1561,'烟','[{\"questionId\": 11, \"garbageName\": \"烟蒂\", \"garbageType\": 1}, {\"questionId\": 54, \"garbageName\": \"烟盒\", \"garbageType\": 1}, {\"questionId\": 672, \"garbageName\": \"玻璃烟缸\", \"garbageType\": 3}, {\"questionId\": 673, \"garbageName\": \"烟灰缸\", \"garbageType\": 3}]','2019-07-26 03:08:37'),(1562,'佩服','[]','2019-07-26 03:16:06'),(1563,'可降解垃圾袋','[]','2019-07-26 03:25:53'),(1564,'垃圾袋','[{\"questionId\": 192, \"garbageName\": \"湿垃圾袋\", \"garbageType\": 1}, {\"questionId\": 633, \"garbageName\": \"垃圾袋\", \"garbageType\": 1}]','2019-07-26 03:25:59'),(1565,'陶瓷制品','[{\"questionId\": 40, \"garbageName\": \"陶瓷制品\", \"garbageType\": 1}]','2019-07-26 04:53:00'),(1566,'陶瓷制品','[{\"questionId\": 40, \"garbageName\": \"陶瓷制品\", \"garbageType\": 1}]','2019-07-26 04:53:05'),(1567,'牛骨头','[{\"questionId\": 27, \"garbageName\": \"牛骨头\", \"garbageType\": 1}]','2019-07-26 05:48:11'),(1568,'竹制凉席','null','2019-07-26 06:33:44'),(1569,'竹制凉席','[]','2019-07-26 06:33:56'),(1570,'苹果','[{\"remark\": \"苹果好吃，可不能乱丢哟苹果好吃，可不能乱丢哟苹果好吃，可不能乱丢哟苹果好吃，可不能乱丢哟苹果好吃，可不能乱丢哟\", \"questionId\": 111, \"garbageName\": \"苹果\", \"garbageType\": 2}, {\"questionId\": 118, \"garbageName\": \"苹果皮\", \"garbageType\": 2}, {\"questionId\": 239, \"garbageName\": \"苹果核\", \"garbageType\": 2}]','2019-07-26 06:34:04'),(1571,'雨伞','[{\"questionId\": 46, \"garbageName\": \"雨伞\", \"garbageType\": 1}, {\"questionId\": 346, \"garbageName\": \"雨伞骨架\", \"garbageType\": 3}]','2019-07-26 06:34:36'),(1572,'面条','[{\"questionId\": 60, \"garbageName\": \"面条\", \"garbageType\": 2}]','2019-07-26 07:39:58'),(1573,'毛笔','[{\"questionId\": 50, \"garbageName\": \"毛笔\", \"garbageType\": 1}]','2019-07-26 08:10:07'),(1574,'毛笔','[{\"questionId\": 50, \"garbageName\": \"毛笔\", \"garbageType\": 1}]','2019-07-26 08:10:23'),(1575,'干电池','[{\"remark\": \"有害垃圾哟\", \"questionId\": 4, \"garbageName\": \"干电池\", \"garbageType\": 4}]','2019-07-26 08:46:08'),(1576,'防碎气泡膜','[{\"questionId\": 16, \"garbageName\": \"防碎气泡膜\", \"garbageType\": 1}]','2019-07-26 14:23:13'),(1577,'包装袋','[{\"questionId\": 625, \"garbageName\": \"包装袋\", \"garbageType\": 1}, {\"questionId\": 641, \"garbageName\": \"食品包装袋\", \"garbageType\": 1}]','2019-07-26 14:23:24'),(1578,'塑料包装袋','[]','2019-07-26 14:24:10'),(1579,'伞','[{\"questionId\": 45, \"garbageName\": \"伞\", \"garbageType\": 1}, {\"questionId\": 46, \"garbageName\": \"雨伞\", \"garbageType\": 1}, {\"questionId\": 47, \"garbageName\": \"天堂伞\", \"garbageType\": 1}, {\"questionId\": 346, \"garbageName\": \"雨伞骨架\", \"garbageType\": 3}]','2019-07-26 15:43:03'),(1580,'尼龙制品','[{\"questionId\": 14, \"garbageName\": \"尼龙制品\", \"garbageType\": 1}]','2019-07-26 16:34:30'),(1581,'@@::@@','[]','2019-07-26 16:34:32'),(1582,'尼龙制品','[{\"questionId\": 14, \"garbageName\": \"尼龙制品\", \"garbageType\": 1}]','2019-07-26 16:37:18'),(1583,'@@::@@','[]','2019-07-26 16:37:21'),(1584,'苹果','[{\"remark\": \"苹果好吃，可不能乱丢哟苹果好吃，可不能乱丢哟苹果好吃，可不能乱丢哟苹果好吃，可不能乱丢哟苹果好吃，可不能乱丢哟\", \"questionId\": 111, \"garbageName\": \"苹果\", \"garbageType\": 2}, {\"questionId\": 118, \"garbageName\": \"苹果皮\", \"garbageType\": 2}, {\"questionId\": 239, \"garbageName\": \"苹果核\", \"garbageType\": 2}]','2019-07-26 16:38:16'),(1585,'@@::@@','[]','2019-07-26 16:38:40'),(1586,'@@::@@','[]','2019-07-26 16:39:58'),(1587,'花生','[{\"questionId\": 177, \"garbageName\": \"花生壳\", \"garbageType\": 1}]','2019-07-26 23:36:08'),(1588,'黄豆','[{\"questionId\": 62, \"garbageName\": \"黄豆\", \"garbageType\": 2}]','2019-07-26 23:36:29'),(1589,'绿豆','[{\"questionId\": 64, \"garbageName\": \"绿豆\", \"garbageType\": 2}]','2019-07-27 02:20:25'),(1590,'苹果','[{\"remark\": \"苹果好吃，可不能乱丢哟苹果好吃，可不能乱丢哟苹果好吃，可不能乱丢哟苹果好吃，可不能乱丢哟苹果好吃，可不能乱丢哟\", \"questionId\": 111, \"garbageName\": \"苹果\", \"garbageType\": 2}, {\"questionId\": 118, \"garbageName\": \"苹果皮\", \"garbageType\": 2}, {\"questionId\": 239, \"garbageName\": \"苹果核\", \"garbageType\": 2}]','2019-07-27 04:12:59'),(1591,'干电池','[{\"remark\": \"有害垃圾哟\", \"questionId\": 4, \"garbageName\": \"干电池\", \"garbageType\": 4}]','2019-07-27 07:38:58'),(1592,'干电池','[{\"remark\": \"有害垃圾哟\", \"questionId\": 4, \"garbageName\": \"干电池\", \"garbageType\": 4}]','2019-07-27 07:38:58'),(1593,'干电池','[{\"remark\": \"有害垃圾哟\", \"questionId\": 4, \"garbageName\": \"干电池\", \"garbageType\": 4}]','2019-07-27 07:38:59'),(1594,'干电池','[{\"remark\": \"有害垃圾哟\", \"questionId\": 4, \"garbageName\": \"干电池\", \"garbageType\": 4}]','2019-07-27 07:38:59'),(1595,'干电池','[{\"remark\": \"有害垃圾哟\", \"questionId\": 4, \"garbageName\": \"干电池\", \"garbageType\": 4}]','2019-07-27 07:38:59'),(1596,'干电池','[{\"remark\": \"有害垃圾哟\", \"questionId\": 4, \"garbageName\": \"干电池\", \"garbageType\": 4}]','2019-07-27 07:38:59'),(1597,'干电池','[{\"remark\": \"有害垃圾哟\", \"questionId\": 4, \"garbageName\": \"干电池\", \"garbageType\": 4}]','2019-07-27 07:38:59'),(1598,'干电池','[{\"remark\": \"有害垃圾哟\", \"questionId\": 4, \"garbageName\": \"干电池\", \"garbageType\": 4}]','2019-07-27 07:39:00'),(1599,'干电池','[{\"remark\": \"有害垃圾哟\", \"questionId\": 4, \"garbageName\": \"干电池\", \"garbageType\": 4}]','2019-07-27 07:39:00'),(1600,'干电池','[{\"remark\": \"有害垃圾哟\", \"questionId\": 4, \"garbageName\": \"干电池\", \"garbageType\": 4}]','2019-07-27 07:39:00'),(1601,'干电池','[{\"remark\": \"有害垃圾哟\", \"questionId\": 4, \"garbageName\": \"干电池\", \"garbageType\": 4}]','2019-07-27 07:39:00'),(1602,'干电池','[{\"remark\": \"有害垃圾哟\", \"questionId\": 4, \"garbageName\": \"干电池\", \"garbageType\": 4}]','2019-07-27 07:39:00'),(1603,'干电池','[{\"remark\": \"有害垃圾哟\", \"questionId\": 4, \"garbageName\": \"干电池\", \"garbageType\": 4}]','2019-07-27 07:39:00'),(1604,'干电池','[{\"remark\": \"有害垃圾哟\", \"questionId\": 4, \"garbageName\": \"干电池\", \"garbageType\": 4}]','2019-07-27 07:39:00'),(1605,'干电池','[{\"remark\": \"有害垃圾哟\", \"questionId\": 4, \"garbageName\": \"干电池\", \"garbageType\": 4}]','2019-07-27 07:39:00'),(1606,'干电池','[{\"remark\": \"有害垃圾哟\", \"questionId\": 4, \"garbageName\": \"干电池\", \"garbageType\": 4}]','2019-07-27 07:39:01'),(1607,'干电池','[{\"remark\": \"有害垃圾哟\", \"questionId\": 4, \"garbageName\": \"干电池\", \"garbageType\": 4}]','2019-07-27 07:39:01'),(1608,'干电池','[{\"remark\": \"有害垃圾哟\", \"questionId\": 4, \"garbageName\": \"干电池\", \"garbageType\": 4}]','2019-07-27 07:39:01'),(1609,'干电池','[{\"remark\": \"有害垃圾哟\", \"questionId\": 4, \"garbageName\": \"干电池\", \"garbageType\": 4}]','2019-07-27 07:39:01'),(1610,'干电池','[{\"remark\": \"有害垃圾哟\", \"questionId\": 4, \"garbageName\": \"干电池\", \"garbageType\": 4}]','2019-07-27 07:39:01'),(1611,'纸巾','[{\"remark\": \"纸巾不要乱丢呀，会污染环境\", \"analysis\": \"\", \"questionId\": 1, \"garbageName\": \"纸巾\", \"garbageType\": 1}, {\"questionId\": 620, \"garbageName\": \"湿纸巾\", \"garbageType\": 1}]','2019-07-27 08:41:28'),(1612,'枣核','[{\"questionId\": 593, \"garbageName\": \"枣核\", \"garbageType\": 2}]','2019-07-27 08:41:51'),(1613,'核','[{\"questionId\": 22, \"garbageName\": \"核桃壳\", \"garbageType\": 1}, {\"questionId\": 25, \"garbageName\": \"榴莲核\", \"garbageType\": 1}, {\"questionId\": 26, \"garbageName\": \"菠萝蜜核\", \"garbageType\": 1}, {\"questionId\": 182, \"garbageName\": \"核桃\", \"garbageType\": 1}, {\"questionId\": 186, \"garbageName\": \"西梅核\", \"garbageType\": 1}, {\"questionId\": 239, \"garbageName\": \"苹果核\", \"garbageType\": 2}, {\"questionId\": 553, \"garbageName\": \"桃核\", \"garbageType\": 2}, {\"questionId\": 580, \"garbageName\": \"荔枝核\", \"garbageType\": 2}, {\"questionId\": 588, \"garbageName\": \"话梅核\", \"garbageType\": 2}, {\"questionId\": 589, \"garbageName\": \"芒果核\", \"garbageType\": 2}, {\"questionId\": 593, \"garbageName\": \"枣核\", \"garbageType\": 2}, {\"questionId\": 799, \"garbageName\": \"牛油果核\", \"garbageType\": 1}]','2019-07-27 08:42:32'),(1614,'核桃壳','[{\"questionId\": 22, \"garbageName\": \"核桃壳\", \"garbageType\": 1}]','2019-07-27 09:43:41'),(1615,'多肉植物','null','2019-07-27 09:43:44'),(1616,'酸奶','null','2019-07-27 09:43:53'),(1617,'酸奶','[{\"questionId\": 488, \"garbageName\": \"酸奶利乐包装盒\", \"garbageType\": 3}]','2019-07-27 09:44:03'),(1618,'酸奶','[{\"questionId\": 488, \"garbageName\": \"酸奶利乐包装盒\", \"garbageType\": 3}]','2019-07-27 09:44:07'),(1619,'酸奶','[{\"questionId\": 488, \"garbageName\": \"酸奶利乐包装盒\", \"garbageType\": 3}]','2019-07-27 09:44:10'),(1620,'酸奶','[{\"questionId\": 488, \"garbageName\": \"酸奶利乐包装盒\", \"garbageType\": 3}]','2019-07-27 09:44:12'),(1621,'酸奶','[{\"questionId\": 488, \"garbageName\": \"酸奶利乐包装盒\", \"garbageType\": 3}]','2019-07-27 09:44:13'),(1622,'玻璃瓶','[{\"questionId\": 283, \"garbageName\": \"食品及日用品玻璃瓶罐\", \"garbageType\": 3}, {\"questionId\": 434, \"garbageName\": \"玻璃瓶\", \"garbageType\": 3}]','2019-07-27 11:07:58'),(1623,'豆子','[{\"questionId\": 61, \"garbageName\": \"豆子\", \"garbageType\": 2}]','2019-07-27 11:08:30'),(1624,'尿不湿','[{\"questionId\": 7, \"garbageName\": \"尿不湿\", \"garbageType\": 1}]','2019-07-27 11:08:34'),(1625,'硬贝壳','[{\"questionId\": 18, \"garbageName\": \"硬贝壳\", \"garbageType\": 1}]','2019-07-27 11:08:39'),(1626,'奶茶','[{\"remark\": \"喝完好喝的奶茶，记得把奶茶杯放进干垃圾桶哟\", \"questionId\": 427, \"garbageName\": \"奶茶杯\", \"garbageType\": 1}]','2019-07-27 11:11:10'),(1627,'奶茶杯','[{\"remark\": \"喝完好喝的奶茶，记得把奶茶杯放进干垃圾桶哟\", \"questionId\": 427, \"garbageName\": \"奶茶杯\", \"garbageType\": 1}]','2019-07-27 11:11:12'),(1628,'小龙虾','[{\"questionId\": 557, \"garbageName\": \"小龙虾\", \"garbageType\": 2}, {\"questionId\": 564, \"garbageName\": \"小龙虾壳\", \"garbageType\": 2}, {\"questionId\": 594, \"garbageName\": \"小龙虾头\", \"garbageType\": 2}]','2019-07-27 11:11:28'),(1629,'龙虾壳','[{\"questionId\": 558, \"garbageName\": \"龙虾壳\", \"garbageType\": 2}, {\"questionId\": 564, \"garbageName\": \"小龙虾壳\", \"garbageType\": 2}]','2019-07-27 11:11:37'),(1630,'玻璃瓶','[{\"questionId\": 283, \"garbageName\": \"食品及日用品玻璃瓶罐\", \"garbageType\": 3}, {\"questionId\": 434, \"garbageName\": \"玻璃瓶\", \"garbageType\": 3}]','2019-07-27 11:14:20'),(1631,'酱油瓶','[]','2019-07-27 11:14:28'),(1632,'玻璃','[{\"questionId\": 283, \"garbageName\": \"食品及日用品玻璃瓶罐\", \"garbageType\": 3}, {\"questionId\": 287, \"garbageName\": \"玻璃杯\", \"garbageType\": 3}, {\"questionId\": 288, \"garbageName\": \"窗玻璃\", \"garbageType\": 3}, {\"questionId\": 289, \"garbageName\": \"玻璃制品\", \"garbageType\": 3}, {\"questionId\": 291, \"garbageName\": \"玻璃摆件\", \"garbageType\": 3}, {\"questionId\": 292, \"garbageName\": \"碎玻璃\", \"garbageType\": 3}, {\"questionId\": 336, \"garbageName\": \"玻璃壶\", \"garbageType\": 3}, {\"questionId\": 434, \"garbageName\": \"玻璃瓶\", \"garbageType\": 3}, {\"questionId\": 435, \"garbageName\": \"玻璃\", \"garbageType\": 3}, {\"questionId\": 672, \"garbageName\": \"玻璃烟缸\", \"garbageType\": 3}, {\"questionId\": 807, \"garbageName\": \"花露水玻璃空瓶\", \"garbageType\": 3}]','2019-07-27 11:15:10'),(1633,'牛骨头','[{\"questionId\": 27, \"garbageName\": \"牛骨头\", \"garbageType\": 1}]','2019-07-27 11:30:16'),(1634,'硬果壳','[{\"questionId\": 19, \"garbageName\": \"硬果壳\", \"garbageType\": 1}]','2019-07-27 16:09:07'),(1635,'硬果壳','[{\"questionId\": 19, \"garbageName\": \"硬果壳\", \"garbageType\": 1}]','2019-07-27 16:09:12'),(1636,'猫','null','2019-07-27 16:09:26'),(1637,'猫','[{\"questionId\": 8, \"garbageName\": \"猫砂\", \"garbageType\": 1}, {\"questionId\": 109, \"garbageName\": \"猫粮\", \"garbageType\": 2}]','2019-07-27 16:09:31'),(1638,'猫','[{\"questionId\": 8, \"garbageName\": \"猫砂\", \"garbageType\": 1}, {\"questionId\": 109, \"garbageName\": \"猫粮\", \"garbageType\": 2}]','2019-07-27 16:09:33'),(1639,'猫','[{\"questionId\": 8, \"garbageName\": \"猫砂\", \"garbageType\": 1}, {\"questionId\": 109, \"garbageName\": \"猫粮\", \"garbageType\": 2}]','2019-07-27 16:09:34'),(1640,'笔','[{\"questionId\": 48, \"garbageName\": \"笔\", \"garbageType\": 1}, {\"questionId\": 49, \"garbageName\": \"铅笔\", \"garbageType\": 1}, {\"questionId\": 50, \"garbageName\": \"毛笔\", \"garbageType\": 1}, {\"questionId\": 129, \"garbageName\": \"笔盖\", \"garbageType\": 1}, {\"questionId\": 137, \"garbageName\": \"钢笔\", \"garbageType\": 1}, {\"questionId\": 145, \"garbageName\": \"圆珠笔\", \"garbageType\": 1}, {\"questionId\": 388, \"garbageName\": \"水彩笔\", \"garbageType\": 4}, {\"questionId\": 653, \"garbageName\": \"笔芯\", \"garbageType\": 1}, {\"questionId\": 668, \"garbageName\": \"笔记本电脑\", \"garbageType\": 3}, {\"questionId\": 702, \"garbageName\": \"笔记本\", \"garbageType\": 3}, {\"questionId\": 734, \"garbageName\": \"记号笔\", \"garbageType\": 1}, {\"questionId\": 735, \"garbageName\": \"金属铅笔盒\", \"garbageType\": 3}, {\"questionId\": 737, \"garbageName\": \"蜡笔\", \"garbageType\": 1}, {\"questionId\": 738, \"garbageName\": \"坏钢笔\", \"garbageType\": 1}, {\"questionId\": 739, \"garbageName\": \"中性笔\", \"garbageType\": 1}, {\"questionId\": 740, \"garbageName\": \"眉笔\", \"garbageType\": 1}, {\"questionId\": 741, \"garbageName\": \"粉笔\", \"garbageType\": 1}, {\"questionId\": 742, \"garbageName\": \"彩笔\", \"garbageType\": 1}, {\"questionId\": 743, \"garbageName\": \"马克笔\", \"garbageType\": 1}, {\"questionId\": 744, \"garbageName\": \"笔杆\", \"garbageType\": 1}, {\"questionId\": 745, \"garbageName\": \"笔套\", \"garbageType\": 1}, {\"questionId\": 746, \"garbageName\": \"红笔\", \"garbageType\": 1}, {\"questionId\": 747, \"garbageName\": \"勾线笔\", \"garbageType\": 1}, {\"questionId\": 748, \"garbageName\": \"可擦复写笔\", \"garbageType\": 1}]','2019-07-27 16:09:38'),(1641,'羊肉','[{\"questionId\": 69, \"garbageName\": \"羊肉\", \"garbageType\": 2}, {\"questionId\": 104, \"garbageName\": \"羊肉干\", \"garbageType\": 2}]','2019-07-28 02:50:33'),(1642,'11','[]','2019-07-28 02:51:02'),(1643,'橡皮泥','[{\"questionId\": 31, \"garbageName\": \"橡皮泥\", \"garbageType\": 1}]','2019-07-28 08:57:22'),(1644,'橡皮泥','[{\"questionId\": 31, \"garbageName\": \"橡皮泥\", \"garbageType\": 1}]','2019-07-28 08:57:26'),(1645,'粉底液','[]','2019-07-28 08:57:35'),(1646,'眼影','[]','2019-07-28 08:57:44'),(1647,'奶茶','[{\"remark\": \"喝完好喝的奶茶，记得把奶茶杯放进干垃圾桶哟\", \"questionId\": 427, \"garbageName\": \"奶茶杯\", \"garbageType\": 1}]','2019-07-28 08:57:50'),(1648,'键盘','null','2019-07-28 10:14:26'),(1649,'人脸','null','2019-07-28 14:19:47'),(1650,'人脸','[]','2019-07-28 14:19:56'),(1651,'人物特写','null','2019-07-28 14:20:16'),(1652,'苹果','[{\"remark\": \"苹果好吃，可不能乱丢哟苹果好吃，可不能乱丢哟苹果好吃，可不能乱丢哟苹果好吃，可不能乱丢哟苹果好吃，可不能乱丢哟\", \"questionId\": 111, \"garbageName\": \"苹果\", \"garbageType\": 2}, {\"questionId\": 118, \"garbageName\": \"苹果皮\", \"garbageType\": 2}, {\"questionId\": 239, \"garbageName\": \"苹果核\", \"garbageType\": 2}]','2019-07-28 14:20:29'),(1653,'玩具','[{\"questionId\": 269, \"garbageName\": \"塑料玩具\", \"garbageType\": 3}, {\"questionId\": 313, \"garbageName\": \"毛绒玩具\", \"garbageType\": 3}, {\"questionId\": 349, \"garbageName\": \"旧玩具\", \"garbageType\": 3}]','2019-07-28 14:20:33'),(1654,'玩具','[{\"questionId\": 269, \"garbageName\": \"塑料玩具\", \"garbageType\": 3}, {\"questionId\": 313, \"garbageName\": \"毛绒玩具\", \"garbageType\": 3}, {\"questionId\": 349, \"garbageName\": \"旧玩具\", \"garbageType\": 3}]','2019-07-28 14:20:35'),(1655,'手提袋','[{\"questionId\": 663, \"garbageName\": \"手提袋\", \"garbageType\": 1}]','2019-07-28 14:20:38'),(1656,'打火机','null','2019-07-29 03:09:15'),(1657,'米','[{\"questionId\": 23, \"garbageName\": \"玉米衣\", \"garbageType\": 1}, {\"questionId\": 56, \"garbageName\": \"米\", \"garbageType\": 2}, {\"questionId\": 57, \"garbageName\": \"米饭\", \"garbageType\": 2}, {\"questionId\": 217, \"garbageName\": \"玉米\", \"garbageType\": 2}, {\"questionId\": 243, \"garbageName\": \"大米及豆类\", \"garbageType\": 2}, {\"questionId\": 554, \"garbageName\": \"玉米棒\", \"garbageType\": 2}, {\"questionId\": 562, \"garbageName\": \"熟玉米棒\", \"garbageType\": 2}, {\"questionId\": 573, \"garbageName\": \"玉米芯\", \"garbageType\": 2}, {\"questionId\": 627, \"garbageName\": \"玉米皮\", \"garbageType\": 1}, {\"questionId\": 634, \"garbageName\": \"玉米壳\", \"garbageType\": 1}, {\"questionId\": 677, \"garbageName\": \"米线\", \"garbageType\": 2}, {\"questionId\": 808, \"garbageName\": \"米虫\", \"garbageType\": 2}]','2019-07-29 04:34:32'),(1658,'牛骨头','[{\"questionId\": 27, \"garbageName\": \"牛骨头\", \"garbageType\": 1}]','2019-07-29 04:40:02'),(1659,'大骨头','[{\"questionId\": 17, \"garbageName\": \"大骨头\", \"garbageType\": 1}]','2019-07-29 04:44:57'),(1660,'编织袋','[{\"questionId\": 15, \"garbageName\": \"编织袋\", \"garbageType\": 1}]','2019-07-29 06:05:10'),(1661,'呕吐物','[]','2019-07-29 06:05:23'),(1662,'羊肉','[{\"questionId\": 69, \"garbageName\": \"羊肉\", \"garbageType\": 2}, {\"questionId\": 104, \"garbageName\": \"羊肉干\", \"garbageType\": 2}]','2019-07-29 07:55:42'),(1663,'打火机','[{\"remark\": \"干垃圾哟\", \"questionId\": 52, \"garbageName\": \"打火机\", \"garbageType\": 1}]','2019-07-29 09:42:45'),(1664,'卫生间用纸','[{\"questionId\": 6, \"garbageName\": \"卫生间用纸\", \"garbageType\": 1}]','2019-07-29 12:12:02'),(1665,'苹果','[{\"remark\": \"苹果好吃，可不能乱丢哟苹果好吃，可不能乱丢哟苹果好吃，可不能乱丢哟苹果好吃，可不能乱丢哟苹果好吃，可不能乱丢哟\", \"questionId\": 111, \"garbageName\": \"苹果\", \"garbageType\": 2}, {\"questionId\": 118, \"garbageName\": \"苹果皮\", \"garbageType\": 2}, {\"questionId\": 239, \"garbageName\": \"苹果核\", \"garbageType\": 2}]','2019-07-29 12:12:17'),(1666,'玩具','[{\"questionId\": 269, \"garbageName\": \"塑料玩具\", \"garbageType\": 3}, {\"questionId\": 313, \"garbageName\": \"毛绒玩具\", \"garbageType\": 3}, {\"questionId\": 349, \"garbageName\": \"旧玩具\", \"garbageType\": 3}]','2019-07-29 12:12:19'),(1667,'玩具','[{\"questionId\": 269, \"garbageName\": \"塑料玩具\", \"garbageType\": 3}, {\"questionId\": 313, \"garbageName\": \"毛绒玩具\", \"garbageType\": 3}, {\"questionId\": 349, \"garbageName\": \"旧玩具\", \"garbageType\": 3}]','2019-07-29 12:12:21'),(1668,'玩具','[{\"questionId\": 269, \"garbageName\": \"塑料玩具\", \"garbageType\": 3}, {\"questionId\": 313, \"garbageName\": \"毛绒玩具\", \"garbageType\": 3}, {\"questionId\": 349, \"garbageName\": \"旧玩具\", \"garbageType\": 3}]','2019-07-29 12:12:22'),(1669,'干电池','[{\"remark\": \"有害垃圾哟\", \"questionId\": 4, \"garbageName\": \"干电池\", \"garbageType\": 4}]','2019-07-29 12:12:23'),(1670,'开心果','[{\"questionId\": 55, \"garbageName\": \"开心果\", \"garbageType\": 1}, {\"questionId\": 584, \"garbageName\": \"开心果壳\", \"garbageType\": 2}]','2019-07-30 02:39:30'),(1671,'开心果壳','[{\"questionId\": 584, \"garbageName\": \"开心果壳\", \"garbageType\": 2}]','2019-07-30 02:39:53'),(1672,'开心果壳','[{\"questionId\": 584, \"garbageName\": \"开心果壳\", \"garbageType\": 2}]','2019-07-30 02:40:23'),(1673,'开心果','[{\"questionId\": 55, \"garbageName\": \"开心果\", \"garbageType\": 1}, {\"questionId\": 584, \"garbageName\": \"开心果壳\", \"garbageType\": 2}]','2019-07-30 02:40:30'),(1674,'绿豆','[{\"questionId\": 64, \"garbageName\": \"绿豆\", \"garbageType\": 2}]','2019-07-30 03:47:52'),(1675,'鱿鱼','[{\"questionId\": 84, \"garbageName\": \"鱿鱼\", \"garbageType\": 2}]','2019-07-30 04:26:03'),(1676,'天','[{\"questionId\": 47, \"garbageName\": \"天堂伞\", \"garbageType\": 1}]','2019-07-30 04:26:17'),(1677,'牛骨头','[{\"questionId\": 27, \"garbageName\": \"牛骨头\", \"garbageType\": 1}]','2019-07-30 04:27:15'),(1678,'羊肉','[{\"questionId\": 69, \"garbageName\": \"羊肉\", \"garbageType\": 2}, {\"questionId\": 104, \"garbageName\": \"羊肉干\", \"garbageType\": 2}]','2019-07-30 04:27:20'),(1679,'马克杯','null','2019-07-30 04:27:43'),(1680,'旋钮','[]','2019-07-30 04:27:51'),(1681,'硬果壳','[{\"questionId\": 19, \"garbageName\": \"硬果壳\", \"garbageType\": 1}]','2019-07-30 04:28:59'),(1682,'键盘','[{\"questionId\": 425, \"garbageName\": \"键盘\", \"garbageType\": 3}]','2019-07-30 04:29:22'),(1683,'一次性杯子','[{\"questionId\": 38, \"garbageName\": \"一次性杯子\", \"garbageType\": 1}]','2019-07-30 07:34:57'),(1684,'猪肝','[{\"questionId\": 73, \"garbageName\": \"猪肝\", \"garbageType\": 2}]','2019-07-30 07:35:08'),(1685,'烟蒂','[{\"questionId\": 11, \"garbageName\": \"烟蒂\", \"garbageType\": 1}]','2019-07-30 07:35:19'),(1686,'玉米衣','[{\"questionId\": 23, \"garbageName\": \"玉米衣\", \"garbageType\": 1}]','2019-07-30 07:35:23'),(1687,'一次性餐具','[{\"questionId\": 37, \"garbageName\": \"一次性餐具\", \"garbageType\": 1}]','2019-07-30 07:35:25'),(1688,'天堂伞','[{\"questionId\": 47, \"garbageName\": \"天堂伞\", \"garbageType\": 1}]','2019-07-30 07:35:28'),(1689,'卫生间用纸','[{\"questionId\": 6, \"garbageName\": \"卫生间用纸\", \"garbageType\": 1}]','2019-07-30 07:35:31'),(1690,'污损纸张','[{\"questionId\": 10, \"garbageName\": \"污损纸张\", \"garbageType\": 1}]','2019-07-30 07:35:34'),(1691,'大骨头','[{\"questionId\": 17, \"garbageName\": \"大骨头\", \"garbageType\": 1}]','2019-07-30 07:35:36'),(1692,'甘蔗皮','[{\"questionId\": 24, \"garbageName\": \"甘蔗皮\", \"garbageType\": 1}]','2019-07-30 07:35:38'),(1693,'毛笔','[{\"questionId\": 50, \"garbageName\": \"毛笔\", \"garbageType\": 1}]','2019-07-30 08:39:05'),(1694,'开心果','[{\"questionId\": 55, \"garbageName\": \"开心果\", \"garbageType\": 1}, {\"questionId\": 584, \"garbageName\": \"开心果壳\", \"garbageType\": 2}]','2019-07-30 08:39:12'),(1695,'狗尿垫','[{\"questionId\": 9, \"garbageName\": \"狗尿垫\", \"garbageType\": 1}]','2019-07-30 08:39:18'),(1696,'胶带','[{\"questionId\": 34, \"garbageName\": \"胶带\", \"garbageType\": 1}]','2019-07-30 08:41:09'),(1697,'牙签','[{\"questionId\": 43, \"garbageName\": \"牙签\", \"garbageType\": 1}, {\"questionId\": 670, \"garbageName\": \"牙签盒\", \"garbageType\": 1}]','2019-07-30 08:41:17'),(1698,'菠萝蜜核','[{\"questionId\": 26, \"garbageName\": \"菠萝蜜核\", \"garbageType\": 1}]','2019-07-30 08:41:17'),(1699,'灰土','[{\"questionId\": 29, \"garbageName\": \"灰土\", \"garbageType\": 1}]','2019-07-30 08:41:25'),(1700,'眼镜','[{\"questionId\": 51, \"garbageName\": \"眼镜\", \"garbageType\": 1}, {\"questionId\": 126, \"garbageName\": \"3D眼镜\", \"garbageType\": 1}, {\"questionId\": 665, \"garbageName\": \"黑框眼镜\", \"garbageType\": 1}, {\"questionId\": 666, \"garbageName\": \"隐形眼镜\", \"garbageType\": 1}]','2019-07-30 08:41:29'),(1701,'核桃壳','[{\"questionId\": 22, \"garbageName\": \"核桃壳\", \"garbageType\": 1}]','2019-07-30 08:41:37'),(1702,'陶瓷制品','[{\"questionId\": 40, \"garbageName\": \"陶瓷制品\", \"garbageType\": 1}]','2019-07-30 08:41:40'),(1703,'米','[{\"questionId\": 23, \"garbageName\": \"玉米衣\", \"garbageType\": 1}, {\"questionId\": 56, \"garbageName\": \"米\", \"garbageType\": 2}, {\"questionId\": 57, \"garbageName\": \"米饭\", \"garbageType\": 2}, {\"questionId\": 217, \"garbageName\": \"玉米\", \"garbageType\": 2}, {\"questionId\": 243, \"garbageName\": \"大米及豆类\", \"garbageType\": 2}, {\"questionId\": 554, \"garbageName\": \"玉米棒\", \"garbageType\": 2}, {\"questionId\": 562, \"garbageName\": \"熟玉米棒\", \"garbageType\": 2}, {\"questionId\": 573, \"garbageName\": \"玉米芯\", \"garbageType\": 2}, {\"questionId\": 627, \"garbageName\": \"玉米皮\", \"garbageType\": 1}, {\"questionId\": 634, \"garbageName\": \"玉米壳\", \"garbageType\": 1}, {\"questionId\": 677, \"garbageName\": \"米线\", \"garbageType\": 2}, {\"questionId\": 808, \"garbageName\": \"米虫\", \"garbageType\": 2}]','2019-07-30 08:41:44'),(1704,'玉米衣','[{\"questionId\": 23, \"garbageName\": \"玉米衣\", \"garbageType\": 1}]','2019-07-30 08:41:48'),(1705,'玉米衣','[{\"questionId\": 23, \"garbageName\": \"玉米衣\", \"garbageType\": 1}]','2019-07-30 08:42:24'),(1706,'猪肝','[{\"questionId\": 73, \"garbageName\": \"猪肝\", \"garbageType\": 2}]','2019-07-30 08:42:30'),(1707,'炉渣','[{\"questionId\": 30, \"garbageName\": \"炉渣\", \"garbageType\": 1}]','2019-07-30 08:42:33'),(1708,'竹篮','[{\"questionId\": 41, \"garbageName\": \"竹篮\", \"garbageType\": 1}]','2019-07-30 08:42:39'),(1709,'花盆','[{\"questionId\": 35, \"garbageName\": \"花盆\", \"garbageType\": 1}, {\"questionId\": 187, \"garbageName\": \"坏的花盆\", \"garbageType\": 1}]','2019-07-30 08:42:43'),(1710,'筷子','[{\"questionId\": 44, \"garbageName\": \"筷子\", \"garbageType\": 1}, {\"questionId\": 185, \"garbageName\": \"一次性筷子\", \"garbageType\": 1}, {\"questionId\": 478, \"garbageName\": \"木筷子\", \"garbageType\": 3}]','2019-07-30 08:42:46'),(1711,'干燥剂','[{\"questionId\": 12, \"garbageName\": \"干燥剂\", \"garbageType\": 1}]','2019-07-30 08:42:49'),(1712,'大骨头','[{\"questionId\": 17, \"garbageName\": \"大骨头\", \"garbageType\": 1}]','2019-07-30 08:42:54'),(1713,'鱼骨','[{\"questionId\": 97, \"garbageName\": \"鱼骨\", \"garbageType\": 2}, {\"questionId\": 569, \"garbageName\": \"鱼骨头\", \"garbageType\": 2}]','2019-07-30 08:43:03'),(1714,'甘蔗皮','[{\"questionId\": 24, \"garbageName\": \"甘蔗皮\", \"garbageType\": 1}]','2019-07-30 08:43:31'),(1715,'尿不湿','[{\"questionId\": 7, \"garbageName\": \"尿不湿\", \"garbageType\": 1}]','2019-07-30 08:44:06'),(1716,'马克杯','null','2019-07-30 09:30:51'),(1717,'陶瓷杯','[{\"questionId\": 184, \"garbageName\": \"陶瓷杯\", \"garbageType\": 1}]','2019-07-30 09:31:26'),(1718,'面','[{\"questionId\": 58, \"garbageName\": \"面\", \"garbageType\": 2}, {\"questionId\": 59, \"garbageName\": \"面包\", \"garbageType\": 2}, {\"questionId\": 60, \"garbageName\": \"面条\", \"garbageType\": 2}, {\"questionId\": 107, \"garbageName\": \"面粉\", \"garbageType\": 2}, {\"questionId\": 146, \"garbageName\": \"方便面盒\", \"garbageType\": 1}, {\"questionId\": 610, \"garbageName\": \"面膜\", \"garbageType\": 1}]','2019-07-30 09:31:39'),(1719,'打火机','[{\"remark\": \"干垃圾哟\", \"questionId\": 52, \"garbageName\": \"打火机\", \"garbageType\": 1}]','2019-07-30 09:31:50'),(1720,'眼镜','[{\"questionId\": 51, \"garbageName\": \"眼镜\", \"garbageType\": 1}, {\"questionId\": 126, \"garbageName\": \"3D眼镜\", \"garbageType\": 1}, {\"questionId\": 665, \"garbageName\": \"黑框眼镜\", \"garbageType\": 1}, {\"questionId\": 666, \"garbageName\": \"隐形眼镜\", \"garbageType\": 1}]','2019-07-30 09:37:05'),(1721,'污损纸张','[{\"questionId\": 10, \"garbageName\": \"污损纸张\", \"garbageType\": 1}]','2019-07-30 09:37:32'),(1722,'手提袋','[{\"questionId\": 663, \"garbageName\": \"手提袋\", \"garbageType\": 1}]','2019-07-30 09:39:04'),(1723,'轿车','null','2019-07-30 09:39:06'),(1724,'','[]','2019-07-30 09:58:32'),(1725,'情趣内衣，什么垃圾？','[]','2019-07-30 09:58:39'),(1726,'衣服是什么垃圾？','[]','2019-07-30 09:58:47'),(1727,'我不知道','[]','2019-07-30 09:58:53'),(1728,'纸巾是什么东西？','[]','2019-07-30 09:58:59'),(1729,'电池是什么垃圾？','[]','2019-07-30 09:59:08'),(1730,'玉米衣','[{\"questionId\": 23, \"garbageName\": \"玉米衣\", \"garbageType\": 1}]','2019-07-30 10:23:03'),(1731,'胶布','[]','2019-07-30 10:23:20'),(1732,'胶布','[]','2019-07-30 10:23:23'),(1733,'水杯','[]','2019-07-30 10:23:31'),(1734,'水杯','[]','2019-07-30 10:23:33'),(1735,'手提袋','[{\"questionId\": 663, \"garbageName\": \"手提袋\", \"garbageType\": 1}]','2019-07-30 10:23:39'),(1736,'不是','[]','2019-07-30 10:25:08'),(1737,'土豆','[]','2019-07-30 10:25:20'),(1738,'土豆','[]','2019-07-30 10:25:23'),(1739,'榴莲壳','[{\"questionId\": 21, \"garbageName\": \"榴莲壳\", \"garbageType\": 1}]','2019-07-30 11:48:04'),(1740,'橡皮泥','[{\"questionId\": 31, \"garbageName\": \"橡皮泥\", \"garbageType\": 1}]','2019-07-30 11:57:58'),(1741,'毛发','[{\"questionId\": 28, \"garbageName\": \"毛发\", \"garbageType\": 1}]','2019-07-30 11:58:16'),(1742,'龙虾','[{\"questionId\": 557, \"garbageName\": \"小龙虾\", \"garbageType\": 2}, {\"questionId\": 558, \"garbageName\": \"龙虾壳\", \"garbageType\": 2}, {\"questionId\": 564, \"garbageName\": \"小龙虾壳\", \"garbageType\": 2}, {\"questionId\": 571, \"garbageName\": \"龙虾\", \"garbageType\": 2}, {\"questionId\": 594, \"garbageName\": \"小龙虾头\", \"garbageType\": 2}]','2019-07-30 11:58:24'),(1743,'干电池','[{\"remark\": \"有害垃圾哟\", \"questionId\": 4, \"garbageName\": \"干电池\", \"garbageType\": 4}]','2019-07-30 13:45:21'),(1744,'竹筷','[{\"questionId\": 42, \"garbageName\": \"竹筷\", \"garbageType\": 1}]','2019-07-30 19:53:30'),(1745,'硬贝壳','[{\"questionId\": 18, \"garbageName\": \"硬贝壳\", \"garbageType\": 1}]','2019-07-30 19:53:36'),(1746,'花盆','[{\"questionId\": 35, \"garbageName\": \"花盆\", \"garbageType\": 1}, {\"questionId\": 187, \"garbageName\": \"坏的花盆\", \"garbageType\": 1}]','2019-07-30 19:53:41'),(1747,'菠萝蜜核','[{\"questionId\": 26, \"garbageName\": \"菠萝蜜核\", \"garbageType\": 1}]','2019-07-30 19:53:44'),(1748,'奶茶','[{\"remark\": \"喝完好喝的奶茶，记得把奶茶杯放进干垃圾桶哟\", \"questionId\": 427, \"garbageName\": \"奶茶杯\", \"garbageType\": 1}]','2019-07-31 01:36:46'),(1749,'烟蒂','[{\"questionId\": 11, \"garbageName\": \"烟蒂\", \"garbageType\": 1}]','2019-07-31 06:10:47'),(1750,'污损塑料','[{\"questionId\": 13, \"garbageName\": \"污损塑料\", \"garbageType\": 1}, {\"questionId\": 205, \"garbageName\": \"污损塑料袋\", \"garbageType\": 1}]','2019-07-31 07:56:52'),(1751,'鼠标','[{\"questionId\": 426, \"garbageName\": \"鼠标\", \"garbageType\": 3}]','2019-07-31 07:59:05'),(1752,'石锅鱼','null','2019-07-31 07:59:51'),(1753,'石锅鱼','[]','2019-07-31 08:00:03'),(1754,'石锅鱼','[]','2019-07-31 08:00:09'),(1755,'桥梁','null','2019-07-31 08:00:44'),(1756,'塑料球','null','2019-07-31 09:08:32'),(1757,'鼠标','null','2019-07-31 09:08:53'),(1758,'口香糖','[{\"questionId\": 612, \"garbageName\": \"口香糖\", \"garbageType\": 1}]','2019-07-31 10:19:54'),(1759,'塑料盒','[{\"questionId\": 266, \"garbageName\": \"塑料盒子\", \"garbageType\": 3}, {\"questionId\": 439, \"garbageName\": \"塑料盒\", \"garbageType\": 3}]','2019-07-31 10:20:07'),(1760,'塑料袋','[{\"questionId\": 205, \"garbageName\": \"污损塑料袋\", \"garbageType\": 1}, {\"questionId\": 603, \"garbageName\": \"塑料袋\", \"garbageType\": 1}, {\"questionId\": 647, \"garbageName\": \"肮脏塑料袋\", \"garbageType\": 1}]','2019-07-31 10:20:21'),(1761,'沙发','null','2019-07-31 10:56:39'),(1762,'沙发','[]','2019-07-31 10:56:49'),(1763,'电视背景墙','null','2019-07-31 10:57:06'),(1764,'电视背景墙','[]','2019-07-31 10:57:17'),(1765,'电视背景墙','[]','2019-07-31 10:57:26'),(1766,'苹果','[{\"remark\": \"苹果好吃，可不能乱丢哟苹果好吃，可不能乱丢哟苹果好吃，可不能乱丢哟苹果好吃，可不能乱丢哟苹果好吃，可不能乱丢哟\", \"questionId\": 111, \"garbageName\": \"苹果\", \"garbageType\": 2}, {\"questionId\": 118, \"garbageName\": \"苹果皮\", \"garbageType\": 2}, {\"questionId\": 239, \"garbageName\": \"苹果核\", \"garbageType\": 2}]','2019-07-31 10:57:29'),(1767,'玩具','[{\"questionId\": 269, \"garbageName\": \"塑料玩具\", \"garbageType\": 3}, {\"questionId\": 313, \"garbageName\": \"毛绒玩具\", \"garbageType\": 3}, {\"questionId\": 349, \"garbageName\": \"旧玩具\", \"garbageType\": 3}]','2019-07-31 10:57:32'),(1768,'污损纸张','[{\"questionId\": 10, \"garbageName\": \"污损纸张\", \"garbageType\": 1}]','2019-07-31 10:57:34'),(1769,'污损塑料','[{\"questionId\": 13, \"garbageName\": \"污损塑料\", \"garbageType\": 1}, {\"questionId\": 205, \"garbageName\": \"污损塑料袋\", \"garbageType\": 1}]','2019-07-31 10:58:05'),(1770,'竹筷','[{\"questionId\": 42, \"garbageName\": \"竹筷\", \"garbageType\": 1}]','2019-07-31 13:48:08'),(1771,'平板电脑','null','2019-07-31 13:56:06'),(1772,'灰土','[{\"questionId\": 29, \"garbageName\": \"灰土\", \"garbageType\": 1}]','2019-07-31 14:09:08'),(1773,'固体胶','null','2019-08-01 02:38:07'),(1774,'固体胶','[]','2019-08-01 02:38:11'),(1775,'固体胶','[]','2019-08-01 02:38:14'),(1776,'纸箱','null','2019-08-01 02:38:38'),(1777,'纸箱','[]','2019-08-01 02:38:40'),(1778,'苹果','[{\"remark\": \"苹果好吃，可不能乱丢哟苹果好吃，可不能乱丢哟苹果好吃，可不能乱丢哟苹果好吃，可不能乱丢哟苹果好吃，可不能乱丢哟\", \"questionId\": 111, \"garbageName\": \"苹果\", \"garbageType\": 2}, {\"questionId\": 118, \"garbageName\": \"苹果皮\", \"garbageType\": 2}, {\"questionId\": 239, \"garbageName\": \"苹果核\", \"garbageType\": 2}]','2019-08-01 02:38:43'),(1779,'纸箱','[]','2019-08-01 02:38:48'),(1780,'纸箱','[]','2019-08-01 02:38:52'),(1781,'绿豆','[{\"questionId\": 64, \"garbageName\": \"绿豆\", \"garbageType\": 2}]','2019-08-01 02:38:58'),(1782,'豆子','[{\"questionId\": 61, \"garbageName\": \"豆子\", \"garbageType\": 2}]','2019-08-01 03:55:12'),(1783,'豆子','[{\"questionId\": 61, \"garbageName\": \"豆子\", \"garbageType\": 2}]','2019-08-01 03:55:20'),(1784,'毛发','[{\"questionId\": 28, \"garbageName\": \"毛发\", \"garbageType\": 1}]','2019-08-01 12:12:44'),(1785,'玩具','[{\"questionId\": 269, \"garbageName\": \"塑料玩具\", \"garbageType\": 3}, {\"questionId\": 313, \"garbageName\": \"毛绒玩具\", \"garbageType\": 3}, {\"questionId\": 349, \"garbageName\": \"旧玩具\", \"garbageType\": 3}]','2019-08-01 12:13:02'),(1786,'玩具','[{\"questionId\": 269, \"garbageName\": \"塑料玩具\", \"garbageType\": 3}, {\"questionId\": 313, \"garbageName\": \"毛绒玩具\", \"garbageType\": 3}, {\"questionId\": 349, \"garbageName\": \"旧玩具\", \"garbageType\": 3}]','2019-08-01 12:13:04'),(1787,'杯子','null','2019-08-01 12:14:24'),(1788,'杯子','[{\"questionId\": 38, \"garbageName\": \"一次性杯子\", \"garbageType\": 1}, {\"questionId\": 183, \"garbageName\": \"杯子\", \"garbageType\": 1}]','2019-08-01 12:14:39'),(1789,'葡萄','null','2019-08-01 12:59:10'),(1790,'玉米棒','[{\"questionId\": 554, \"garbageName\": \"玉米棒\", \"garbageType\": 2}, {\"questionId\": 562, \"garbageName\": \"熟玉米棒\", \"garbageType\": 2}]','2019-08-02 00:25:45'),(1791,'核桃壳','[{\"questionId\": 22, \"garbageName\": \"核桃壳\", \"garbageType\": 1}]','2019-08-02 00:29:54'),(1792,'胭脂红','null','2019-08-02 01:50:14'),(1793,'饮水器','[]','2019-08-02 01:50:26'),(1794,'马铃薯','null','2019-08-02 01:50:45'),(1795,'芒果','[{\"questionId\": 589, \"garbageName\": \"芒果核\", \"garbageType\": 2}]','2019-08-02 01:50:48'),(1796,'芒果','[{\"questionId\": 589, \"garbageName\": \"芒果核\", \"garbageType\": 2}]','2019-08-02 01:50:51'),(1797,'芒果','[{\"questionId\": 589, \"garbageName\": \"芒果核\", \"garbageType\": 2}]','2019-08-02 01:50:53'),(1798,'鱼类','null','2019-08-02 01:51:41'),(1799,'陶瓷制品','[{\"questionId\": 40, \"garbageName\": \"陶瓷制品\", \"garbageType\": 1}]','2019-08-02 01:55:14'),(1800,'污损塑料','[{\"questionId\": 13, \"garbageName\": \"污损塑料\", \"garbageType\": 1}, {\"questionId\": 205, \"garbageName\": \"污损塑料袋\", \"garbageType\": 1}]','2019-08-02 07:59:23'),(1801,'避孕套','[{\"questionId\": 607, \"garbageName\": \"避孕套\", \"garbageType\": 1}]','2019-08-02 11:09:36'),(1802,'润滑油','[]','2019-08-02 11:09:58'),(1803,'润滑油','[]','2019-08-02 11:10:00'),(1804,'苹果','[{\"remark\": \"苹果好吃，可不能乱丢哟苹果好吃，可不能乱丢哟苹果好吃，可不能乱丢哟苹果好吃，可不能乱丢哟苹果好吃，可不能乱丢哟\", \"questionId\": 111, \"garbageName\": \"苹果\", \"garbageType\": 2}, {\"questionId\": 118, \"garbageName\": \"苹果皮\", \"garbageType\": 2}, {\"questionId\": 239, \"garbageName\": \"苹果核\", \"garbageType\": 2}]','2019-08-02 11:10:05'),(1805,'毛发','[{\"questionId\": 28, \"garbageName\": \"毛发\", \"garbageType\": 1}]','2019-08-02 14:25:58'),(1806,'猫砂','[{\"questionId\": 8, \"garbageName\": \"猫砂\", \"garbageType\": 1}]','2019-08-03 07:38:52'),(1807,'西瓜','[{\"questionId\": 115, \"garbageName\": \"西瓜皮\", \"garbageType\": 2}, {\"questionId\": 121, \"garbageName\": \"西瓜籽\", \"garbageType\": 2}, {\"questionId\": 811, \"garbageName\": \"西瓜\", \"garbageType\": 2}]','2019-08-03 07:38:58'),(1808,'西瓜皮','[{\"questionId\": 115, \"garbageName\": \"西瓜皮\", \"garbageType\": 2}]','2019-08-03 07:39:03'),(1809,'西瓜籽','[{\"questionId\": 121, \"garbageName\": \"西瓜籽\", \"garbageType\": 2}]','2019-08-03 07:39:08'),(1810,'苹果','[{\"remark\": \"苹果好吃，可不能乱丢哟苹果好吃，可不能乱丢哟苹果好吃，可不能乱丢哟苹果好吃，可不能乱丢哟苹果好吃，可不能乱丢哟\", \"questionId\": 111, \"garbageName\": \"苹果\", \"garbageType\": 2}, {\"questionId\": 118, \"garbageName\": \"苹果皮\", \"garbageType\": 2}, {\"questionId\": 239, \"garbageName\": \"苹果核\", \"garbageType\": 2}]','2019-08-03 09:13:16'),(1811,'编织袋','[{\"questionId\": 15, \"garbageName\": \"编织袋\", \"garbageType\": 1}]','2019-08-04 04:35:10'),(1812,'橡皮泥','[{\"questionId\": 31, \"garbageName\": \"橡皮泥\", \"garbageType\": 1}]','2019-08-04 06:55:41'),(1813,'筷子','[{\"questionId\": 44, \"garbageName\": \"筷子\", \"garbageType\": 1}, {\"questionId\": 185, \"garbageName\": \"一次性筷子\", \"garbageType\": 1}, {\"questionId\": 478, \"garbageName\": \"木筷子\", \"garbageType\": 3}]','2019-08-04 06:55:44'),(1814,'污损塑料','[{\"questionId\": 13, \"garbageName\": \"污损塑料\", \"garbageType\": 1}, {\"questionId\": 205, \"garbageName\": \"污损塑料袋\", \"garbageType\": 1}]','2019-08-04 06:55:47'),(1815,'贝壳','[{\"questionId\": 18, \"garbageName\": \"硬贝壳\", \"garbageType\": 1}, {\"questionId\": 149, \"garbageName\": \"贝壳\", \"garbageType\": 1}]','2019-08-04 06:55:54'),(1816,'椰子壳','[{\"questionId\": 20, \"garbageName\": \"椰子壳\", \"garbageType\": 1}]','2019-08-04 06:56:02'),(1817,'过期零食','[]','2019-08-04 12:53:29'),(1818,'过期','[{\"questionId\": 357, \"garbageName\": \"过期药物\", \"garbageType\": 4}, {\"questionId\": 365, \"garbageName\": \"过期的指甲油\", \"garbageType\": 4}, {\"questionId\": 381, \"garbageName\": \"过期的胶囊药物\", \"garbageType\": 4}, {\"questionId\": 383, \"garbageName\": \"过期药片\", \"garbageType\": 4}, {\"questionId\": 394, \"garbageName\": \"过期化妆品\", \"garbageType\": 4}, {\"questionId\": 411, \"garbageName\": \"过期指甲油水银温度计\", \"garbageType\": 4}, {\"questionId\": 507, \"garbageName\": \"过期药品\", \"garbageType\": 4}, {\"questionId\": 519, \"garbageName\": \"各类过期药品\", \"garbageType\": 4}]','2019-08-04 12:53:36'),(1819,'零食','[]','2019-08-04 12:53:44'),(1820,'过期','[{\"questionId\": 357, \"garbageName\": \"过期药物\", \"garbageType\": 4}, {\"questionId\": 365, \"garbageName\": \"过期的指甲油\", \"garbageType\": 4}, {\"questionId\": 381, \"garbageName\": \"过期的胶囊药物\", \"garbageType\": 4}, {\"questionId\": 383, \"garbageName\": \"过期药片\", \"garbageType\": 4}, {\"questionId\": 394, \"garbageName\": \"过期化妆品\", \"garbageType\": 4}, {\"questionId\": 411, \"garbageName\": \"过期指甲油水银温度计\", \"garbageType\": 4}, {\"questionId\": 507, \"garbageName\": \"过期药品\", \"garbageType\": 4}, {\"questionId\": 519, \"garbageName\": \"各类过期药品\", \"garbageType\": 4}]','2019-08-04 12:53:52'),(1821,'吊顶','null','2019-08-05 05:30:59'),(1822,'粉彩山水','null','2019-08-05 05:31:29'),(1823,'粉彩山水','[]','2019-08-05 05:31:40'),(1824,'油画','null','2019-08-05 05:32:03'),(1825,'油画','[]','2019-08-05 05:32:07'),(1826,'玩具','[{\"questionId\": 269, \"garbageName\": \"塑料玩具\", \"garbageType\": 3}, {\"questionId\": 313, \"garbageName\": \"毛绒玩具\", \"garbageType\": 3}, {\"questionId\": 349, \"garbageName\": \"旧玩具\", \"garbageType\": 3}]','2019-08-05 05:32:13'),(1827,'玩具','[{\"questionId\": 269, \"garbageName\": \"塑料玩具\", \"garbageType\": 3}, {\"questionId\": 313, \"garbageName\": \"毛绒玩具\", \"garbageType\": 3}, {\"questionId\": 349, \"garbageName\": \"旧玩具\", \"garbageType\": 3}]','2019-08-05 05:32:15'),(1828,'玩具','[{\"questionId\": 269, \"garbageName\": \"塑料玩具\", \"garbageType\": 3}, {\"questionId\": 313, \"garbageName\": \"毛绒玩具\", \"garbageType\": 3}, {\"questionId\": 349, \"garbageName\": \"旧玩具\", \"garbageType\": 3}]','2019-08-05 05:32:17'),(1829,'玩具','[{\"questionId\": 269, \"garbageName\": \"塑料玩具\", \"garbageType\": 3}, {\"questionId\": 313, \"garbageName\": \"毛绒玩具\", \"garbageType\": 3}, {\"questionId\": 349, \"garbageName\": \"旧玩具\", \"garbageType\": 3}]','2019-08-05 05:32:18'),(1830,'玩具','[{\"questionId\": 269, \"garbageName\": \"塑料玩具\", \"garbageType\": 3}, {\"questionId\": 313, \"garbageName\": \"毛绒玩具\", \"garbageType\": 3}, {\"questionId\": 349, \"garbageName\": \"旧玩具\", \"garbageType\": 3}]','2019-08-05 05:32:19'),(1831,'玩具','[{\"questionId\": 269, \"garbageName\": \"塑料玩具\", \"garbageType\": 3}, {\"questionId\": 313, \"garbageName\": \"毛绒玩具\", \"garbageType\": 3}, {\"questionId\": 349, \"garbageName\": \"旧玩具\", \"garbageType\": 3}]','2019-08-05 05:32:20'),(1832,'牙签','[{\"questionId\": 43, \"garbageName\": \"牙签\", \"garbageType\": 1}, {\"questionId\": 670, \"garbageName\": \"牙签盒\", \"garbageType\": 1}]','2019-08-05 05:32:28'),(1833,'油画','[]','2019-08-05 05:32:50'),(1834,'尼龙制品','[{\"questionId\": 14, \"garbageName\": \"尼龙制品\", \"garbageType\": 1}]','2019-08-05 08:04:07'),(1835,'尿不湿','[{\"questionId\": 7, \"garbageName\": \"尿不湿\", \"garbageType\": 1}]','2019-08-05 09:32:07'),(1836,'避孕套','[{\"questionId\": 607, \"garbageName\": \"避孕套\", \"garbageType\": 1}]','2019-08-05 09:32:20'),(1837,'菠萝蜜核','[{\"questionId\": 26, \"garbageName\": \"菠萝蜜核\", \"garbageType\": 1}]','2019-08-05 09:32:28'),(1838,'积极','[]','2019-08-05 09:58:02'),(1839,'饮料','[{\"questionId\": 259, \"garbageName\": \"饮料瓶\", \"garbageType\": 3}, {\"questionId\": 430, \"garbageName\": \"瓶装饮料\", \"garbageType\": 1}, {\"questionId\": 493, \"garbageName\": \"饮料塑料瓶\", \"garbageType\": 3}]','2019-08-05 15:45:26'),(1840,'瓶装饮料','[{\"questionId\": 430, \"garbageName\": \"瓶装饮料\", \"garbageType\": 1}]','2019-08-05 15:45:30'),(1841,'瓶装饮料','[{\"questionId\": 430, \"garbageName\": \"瓶装饮料\", \"garbageType\": 1}]','2019-08-05 15:45:55'),(1842,'猫','[{\"questionId\": 8, \"garbageName\": \"猫砂\", \"garbageType\": 1}, {\"questionId\": 109, \"garbageName\": \"猫粮\", \"garbageType\": 2}]','2019-08-05 15:46:12'),(1843,'辣条','[]','2019-08-05 15:46:24'),(1844,'奶茶','[{\"remark\": \"喝完好喝的奶茶，记得把奶茶杯放进干垃圾桶哟\", \"questionId\": 427, \"garbageName\": \"奶茶杯\", \"garbageType\": 1}]','2019-08-05 15:46:33'),(1845,'雪糕','[]','2019-08-05 15:46:48'),(1846,'鸡蛋壳','[{\"questionId\": 424, \"garbageName\": \"鸡蛋壳\", \"garbageType\": 2}]','2019-08-06 01:30:10'),(1847,'睫毛膏','null','2019-08-06 02:50:32'),(1848,'饼干','null','2019-08-06 02:50:51'),(1849,'包装袋','[{\"questionId\": 625, \"garbageName\": \"包装袋\", \"garbageType\": 1}, {\"questionId\": 641, \"garbageName\": \"食品包装袋\", \"garbageType\": 1}]','2019-08-06 02:51:03'),(1850,'塑料瓶','[{\"questionId\": 125, \"garbageName\": \"塑料瓶\", \"garbageType\": 3}, {\"questionId\": 258, \"garbageName\": \"食品与日用品塑料瓶罐及瓶盖(总)\", \"garbageType\": 3}, {\"questionId\": 493, \"garbageName\": \"饮料塑料瓶\", \"garbageType\": 3}]','2019-08-06 04:18:41'),(1851,'饮料塑料瓶','[{\"questionId\": 493, \"garbageName\": \"饮料塑料瓶\", \"garbageType\": 3}]','2019-08-06 04:18:50'),(1852,'纸巾','[{\"remark\": \"纸巾不要乱丢呀，会污染环境\", \"analysis\": \"\", \"questionId\": 1, \"garbageName\": \"纸巾\", \"garbageType\": 1}, {\"questionId\": 620, \"garbageName\": \"湿纸巾\", \"garbageType\": 1}]','2019-08-06 04:19:06'),(1853,'椰子壳','[{\"questionId\": 20, \"garbageName\": \"椰子壳\", \"garbageType\": 1}]','2019-08-06 09:24:27'),(1854,'苹果','[{\"remark\": \"苹果好吃，可不能乱丢哟苹果好吃，可不能乱丢哟苹果好吃，可不能乱丢哟苹果好吃，可不能乱丢哟苹果好吃，可不能乱丢哟\", \"questionId\": 111, \"garbageName\": \"苹果\", \"garbageType\": 2}, {\"questionId\": 118, \"garbageName\": \"苹果皮\", \"garbageType\": 2}, {\"questionId\": 239, \"garbageName\": \"苹果核\", \"garbageType\": 2}]','2019-08-06 09:48:04'),(1855,'手提袋','[{\"questionId\": 663, \"garbageName\": \"手提袋\", \"garbageType\": 1}]','2019-08-06 09:48:19'),(1856,'马克杯','[{\"questionId\": 124, \"garbageName\": \"马克杯\", \"garbageType\": 1}]','2019-08-06 09:48:41'),(1857,'防碎气泡膜','[{\"questionId\": 16, \"garbageName\": \"防碎气泡膜\", \"garbageType\": 1}]','2019-08-06 09:48:51'),(1858,'桃子皮','[]','2019-08-07 07:45:52'),(1859,'苹果','[{\"remark\": \"苹果好吃，可不能乱丢哟苹果好吃，可不能乱丢哟苹果好吃，可不能乱丢哟苹果好吃，可不能乱丢哟苹果好吃，可不能乱丢哟\", \"questionId\": 111, \"garbageName\": \"苹果\", \"garbageType\": 2}, {\"questionId\": 118, \"garbageName\": \"苹果皮\", \"garbageType\": 2}, {\"questionId\": 239, \"garbageName\": \"苹果核\", \"garbageType\": 2}]','2019-08-07 07:45:56'),(1860,'鱼','[{\"questionId\": 78, \"garbageName\": \"鱼\", \"garbageType\": 2}, {\"questionId\": 80, \"garbageName\": \"鱼鳞\", \"garbageType\": 2}, {\"questionId\": 84, \"garbageName\": \"鱿鱼\", \"garbageType\": 2}, {\"questionId\": 85, \"garbageName\": \"章鱼\", \"garbageType\": 2}, {\"questionId\": 86, \"garbageName\": \"墨鱼\", \"garbageType\": 2}, {\"questionId\": 97, \"garbageName\": \"鱼骨\", \"garbageType\": 2}, {\"questionId\": 569, \"garbageName\": \"鱼骨头\", \"garbageType\": 2}, {\"questionId\": 599, \"garbageName\": \"鱼刺\", \"garbageType\": 2}, {\"questionId\": 671, \"garbageName\": \"死鱼\", \"garbageType\": 2}, {\"questionId\": 701, \"garbageName\": \"甲鱼壳\", \"garbageType\": 1}, {\"questionId\": 809, \"garbageName\": \"酸菜鱼\", \"garbageType\": 2}]','2019-08-08 02:28:26'),(1861,'椰子壳','[{\"questionId\": 20, \"garbageName\": \"椰子壳\", \"garbageType\": 1}]','2019-08-08 02:28:41'),(1862,'椰子壳','[{\"questionId\": 20, \"garbageName\": \"椰子壳\", \"garbageType\": 1}]','2019-08-08 02:28:46'),(1863,'面包','null','2019-08-08 03:36:47'),(1864,'面包','[{\"questionId\": 59, \"garbageName\": \"面包\", \"garbageType\": 2}]','2019-08-08 03:36:54'),(1865,'一次性杯子','[{\"questionId\": 38, \"garbageName\": \"一次性杯子\", \"garbageType\": 1}]','2019-08-08 05:25:29'),(1866,'玻璃','[{\"questionId\": 283, \"garbageName\": \"食品及日用品玻璃瓶罐\", \"garbageType\": 3}, {\"questionId\": 287, \"garbageName\": \"玻璃杯\", \"garbageType\": 3}, {\"questionId\": 288, \"garbageName\": \"窗玻璃\", \"garbageType\": 3}, {\"questionId\": 289, \"garbageName\": \"玻璃制品\", \"garbageType\": 3}, {\"questionId\": 291, \"garbageName\": \"玻璃摆件\", \"garbageType\": 3}, {\"questionId\": 292, \"garbageName\": \"碎玻璃\", \"garbageType\": 3}, {\"questionId\": 336, \"garbageName\": \"玻璃壶\", \"garbageType\": 3}, {\"questionId\": 434, \"garbageName\": \"玻璃瓶\", \"garbageType\": 3}, {\"questionId\": 435, \"garbageName\": \"玻璃\", \"garbageType\": 3}, {\"questionId\": 672, \"garbageName\": \"玻璃烟缸\", \"garbageType\": 3}, {\"questionId\": 807, \"garbageName\": \"花露水玻璃空瓶\", \"garbageType\": 3}]','2019-08-08 06:21:21'),(1867,'瓶子','null','2019-08-08 07:45:55'),(1868,'瓶装饮料','[{\"questionId\": 430, \"garbageName\": \"瓶装饮料\", \"garbageType\": 1}]','2019-08-08 07:46:02'),(1869,'医生','null','2019-08-08 07:46:18'),(1870,'男孩','[]','2019-08-08 07:46:34'),(1871,'医生','null','2019-08-08 07:46:44'),(1872,'眼镜','[{\"questionId\": 51, \"garbageName\": \"眼镜\", \"garbageType\": 1}, {\"questionId\": 126, \"garbageName\": \"3D眼镜\", \"garbageType\": 1}, {\"questionId\": 665, \"garbageName\": \"黑框眼镜\", \"garbageType\": 1}, {\"questionId\": 666, \"garbageName\": \"隐形眼镜\", \"garbageType\": 1}]','2019-08-08 07:46:46'),(1873,'美容器','null','2019-08-08 11:09:26'),(1874,'苹果','[{\"remark\": \"苹果好吃，可不能乱丢哟苹果好吃，可不能乱丢哟苹果好吃，可不能乱丢哟苹果好吃，可不能乱丢哟苹果好吃，可不能乱丢哟\", \"questionId\": 111, \"garbageName\": \"苹果\", \"garbageType\": 2}, {\"questionId\": 118, \"garbageName\": \"苹果皮\", \"garbageType\": 2}, {\"questionId\": 239, \"garbageName\": \"苹果核\", \"garbageType\": 2}]','2019-08-08 11:09:47'),(1875,'灰土','[{\"questionId\": 29, \"garbageName\": \"灰土\", \"garbageType\": 1}]','2019-08-08 13:42:30'),(1876,'酸奶','[{\"questionId\": 488, \"garbageName\": \"酸奶利乐包装盒\", \"garbageType\": 3}]','2019-08-09 08:01:52'),(1877,'玩具','[{\"questionId\": 269, \"garbageName\": \"塑料玩具\", \"garbageType\": 3}, {\"questionId\": 313, \"garbageName\": \"毛绒玩具\", \"garbageType\": 3}, {\"questionId\": 349, \"garbageName\": \"旧玩具\", \"garbageType\": 3}]','2019-08-10 10:50:29'),(1878,'玩具','[{\"questionId\": 269, \"garbageName\": \"塑料玩具\", \"garbageType\": 3}, {\"questionId\": 313, \"garbageName\": \"毛绒玩具\", \"garbageType\": 3}, {\"questionId\": 349, \"garbageName\": \"旧玩具\", \"garbageType\": 3}]','2019-08-10 10:50:32'),(1879,'手提袋','[{\"questionId\": 663, \"garbageName\": \"手提袋\", \"garbageType\": 1}]','2019-08-10 10:50:33'),(1880,'苹果','[{\"remark\": \"苹果好吃，可不能乱丢哟苹果好吃，可不能乱丢哟苹果好吃，可不能乱丢哟苹果好吃，可不能乱丢哟苹果好吃，可不能乱丢哟\", \"questionId\": 111, \"garbageName\": \"苹果\", \"garbageType\": 2}, {\"questionId\": 118, \"garbageName\": \"苹果皮\", \"garbageType\": 2}, {\"questionId\": 239, \"garbageName\": \"苹果核\", \"garbageType\": 2}]','2019-08-10 10:50:38'),(1881,'玉米衣','[{\"questionId\": 23, \"garbageName\": \"玉米衣\", \"garbageType\": 1}]','2019-08-11 09:21:00'),(1882,'苹果','[{\"remark\": \"苹果好吃，可不能乱丢哟苹果好吃，可不能乱丢哟苹果好吃，可不能乱丢哟苹果好吃，可不能乱丢哟苹果好吃，可不能乱丢哟\", \"questionId\": 111, \"garbageName\": \"苹果\", \"garbageType\": 2}, {\"questionId\": 118, \"garbageName\": \"苹果皮\", \"garbageType\": 2}, {\"questionId\": 239, \"garbageName\": \"苹果核\", \"garbageType\": 2}]','2019-08-11 09:21:09'),(1883,'笔芯','[{\"questionId\": 653, \"garbageName\": \"笔芯\", \"garbageType\": 1}]','2019-08-12 09:25:00'),(1884,'镜子','[{\"questionId\": 39, \"garbageName\": \"镜子\", \"garbageType\": 1}, {\"questionId\": 339, \"garbageName\": \"旧镜子\", \"garbageType\": 3}]','2019-08-13 08:19:51'),(1885,'剩饭残渣','[{\"questionId\": 2, \"garbageName\": \"剩饭残渣\", \"garbageType\": 2}]','2019-08-13 09:28:55'),(1886,'电池','[{\"remark\": \"有害垃圾哟\", \"questionId\": 4, \"garbageName\": \"干电池\", \"garbageType\": 4}, {\"questionId\": 158, \"garbageName\": \"蓄电池\", \"garbageType\": 4}, {\"questionId\": 350, \"garbageName\": \"充电电池\", \"garbageType\": 4}, {\"questionId\": 351, \"garbageName\": \"镉镍电池\", \"garbageType\": 4}, {\"questionId\": 352, \"garbageName\": \"铅酸电池\", \"garbageType\": 4}, {\"questionId\": 354, \"garbageName\": \"纽扣电池\", \"garbageType\": 4}, {\"questionId\": 375, \"garbageName\": \"电池\", \"garbageType\": 4}, {\"questionId\": 401, \"garbageName\": \"镍镉电池\", \"garbageType\": 4}, {\"questionId\": 524, \"garbageName\": \"锂电池\", \"garbageType\": 4}, {\"questionId\": 533, \"garbageName\": \"手机电池\", \"garbageType\": 4}]','2019-08-13 09:29:08'),(1887,'书','[{\"questionId\": 152, \"garbageName\": \"旧书包\", \"garbageType\": 3}, {\"questionId\": 251, \"garbageName\": \"废弃书本\", \"garbageType\": 3}, {\"questionId\": 451, \"garbageName\": \"书本\", \"garbageType\": 3}, {\"questionId\": 489, \"garbageName\": \"书包\", \"garbageType\": 3}, {\"questionId\": 736, \"garbageName\": \"教科书\", \"garbageType\": 4}]','2019-08-13 15:30:08'),(1888,'毛发','[{\"questionId\": 28, \"garbageName\": \"毛发\", \"garbageType\": 1}]','2019-08-13 16:45:32'),(1889,'傻逼','[]','2019-08-14 01:46:49'),(1890,'苹果','[{\"remark\": \"苹果好吃，可不能乱丢哟苹果好吃，可不能乱丢哟苹果好吃，可不能乱丢哟苹果好吃，可不能乱丢哟苹果好吃，可不能乱丢哟\", \"questionId\": 111, \"garbageName\": \"苹果\", \"garbageType\": 2}, {\"questionId\": 118, \"garbageName\": \"苹果皮\", \"garbageType\": 2}, {\"questionId\": 239, \"garbageName\": \"苹果核\", \"garbageType\": 2}]','2019-08-14 01:46:55'),(1891,'竹篮','[{\"questionId\": 41, \"garbageName\": \"竹篮\", \"garbageType\": 1}]','2019-08-14 01:51:07'),(1892,'胶带','[{\"questionId\": 34, \"garbageName\": \"胶带\", \"garbageType\": 1}]','2019-08-14 06:04:50'),(1893,'甘蔗皮','[{\"questionId\": 24, \"garbageName\": \"甘蔗皮\", \"garbageType\": 1}]','2019-08-14 07:33:58'),(1894,'黄豆','[{\"questionId\": 62, \"garbageName\": \"黄豆\", \"garbageType\": 2}]','2019-08-14 08:08:41'),(1895,'榴莲壳','[{\"questionId\": 21, \"garbageName\": \"榴莲壳\", \"garbageType\": 1}]','2019-08-14 13:08:21'),(1896,'牛奶盒','[{\"questionId\": 334, \"garbageName\": \"牛奶盒\", \"garbageType\": 3}]','2019-08-14 13:08:30'),(1897,'一次性杯子','[{\"questionId\": 38, \"garbageName\": \"一次性杯子\", \"garbageType\": 1}]','2019-08-14 13:08:43'),(1898,'牛骨头','[{\"questionId\": 27, \"garbageName\": \"牛骨头\", \"garbageType\": 1}]','2019-08-14 13:23:45'),(1899,'天堂伞','[{\"questionId\": 47, \"garbageName\": \"天堂伞\", \"garbageType\": 1}]','2019-08-14 13:23:49'),(1900,'陶瓷制品','[{\"questionId\": 40, \"garbageName\": \"陶瓷制品\", \"garbageType\": 1}]','2019-08-14 13:23:53'),(1901,'甘蔗皮','[{\"questionId\": 24, \"garbageName\": \"甘蔗皮\", \"garbageType\": 1}]','2019-08-14 13:23:57'),(1902,'生蚝壳','[{\"questionId\": 53, \"garbageName\": \"生蚝壳\", \"garbageType\": 1}]','2019-08-14 13:24:00'),(1903,'竹筷','[{\"questionId\": 42, \"garbageName\": \"竹筷\", \"garbageType\": 1}]','2019-08-14 13:24:03'),(1904,'菠萝蜜核','[{\"questionId\": 26, \"garbageName\": \"菠萝蜜核\", \"garbageType\": 1}]','2019-08-14 13:24:07'),(1905,'面条','[{\"questionId\": 60, \"garbageName\": \"面条\", \"garbageType\": 2}]','2019-08-14 13:24:10'),(1906,'一次性杯子','[{\"questionId\": 38, \"garbageName\": \"一次性杯子\", \"garbageType\": 1}]','2019-08-14 13:24:14'),(1907,'蔬菜','[{\"questionId\": 87, \"garbageName\": \"蔬菜\", \"garbageType\": 2}]','2019-08-14 13:24:17'),(1908,'虾头','[{\"questionId\": 81, \"garbageName\": \"虾头\", \"garbageType\": 2}, {\"questionId\": 594, \"garbageName\": \"小龙虾头\", \"garbageType\": 2}]','2019-08-14 13:24:19'),(1909,'天堂伞','[{\"questionId\": 47, \"garbageName\": \"天堂伞\", \"garbageType\": 1}]','2019-08-14 13:24:22'),(1910,'炉渣','[{\"questionId\": 30, \"garbageName\": \"炉渣\", \"garbageType\": 1}]','2019-08-14 14:48:46'),(1911,'干电池','[{\"remark\": \"有害垃圾哟\", \"questionId\": 4, \"garbageName\": \"干电池\", \"garbageType\": 4}]','2019-08-14 14:48:47'),(1912,'炉渣','[{\"questionId\": 30, \"garbageName\": \"炉渣\", \"garbageType\": 1}]','2019-08-14 14:48:57'),(1913,'干电池','[{\"remark\": \"有害垃圾哟\", \"questionId\": 4, \"garbageName\": \"干电池\", \"garbageType\": 4}]','2019-08-15 06:45:16'),(1914,'干电池','[{\"remark\": \"有害垃圾哟\", \"questionId\": 4, \"garbageName\": \"干电池\", \"garbageType\": 4}]','2019-08-15 06:45:16'),(1915,'干电池','[{\"remark\": \"有害垃圾哟\", \"questionId\": 4, \"garbageName\": \"干电池\", \"garbageType\": 4}]','2019-08-15 06:45:16'),(1916,'狗尿垫','[{\"questionId\": 9, \"garbageName\": \"狗尿垫\", \"garbageType\": 1}]','2019-08-15 06:45:20'),(1917,'灰土','[{\"questionId\": 29, \"garbageName\": \"灰土\", \"garbageType\": 1}]','2019-08-15 06:45:33'),(1918,'编织袋','[{\"questionId\": 15, \"garbageName\": \"编织袋\", \"garbageType\": 1}]','2019-08-15 09:31:11'),(1919,'菠萝蜜核','[{\"questionId\": 26, \"garbageName\": \"菠萝蜜核\", \"garbageType\": 1}]','2019-08-15 16:21:56'),(1920,'榴莲核','[{\"questionId\": 25, \"garbageName\": \"榴莲核\", \"garbageType\": 1}]','2019-08-16 03:37:59'),(1921,'榴莲核','[{\"questionId\": 25, \"garbageName\": \"榴莲核\", \"garbageType\": 1}]','2019-08-16 03:38:03'),(1922,'编织袋','[{\"questionId\": 15, \"garbageName\": \"编织袋\", \"garbageType\": 1}]','2019-08-16 06:04:33'),(1923,'捏手办的橡皮泥','[]','2019-08-16 06:57:53'),(1924,'椰子壳','[{\"questionId\": 20, \"garbageName\": \"椰子壳\", \"garbageType\": 1}]','2019-08-16 09:09:40'),(1925,'尼龙制品','[{\"questionId\": 14, \"garbageName\": \"尼龙制品\", \"garbageType\": 1}]','2019-08-16 16:25:54'),(1926,'@@::@@','[]','2019-08-16 16:25:56'),(1927,'苹果','[{\"remark\": \"苹果好吃，可不能乱丢哟苹果好吃，可不能乱丢哟苹果好吃，可不能乱丢哟苹果好吃，可不能乱丢哟苹果好吃，可不能乱丢哟\", \"questionId\": 111, \"garbageName\": \"苹果\", \"garbageType\": 2}, {\"questionId\": 118, \"garbageName\": \"苹果皮\", \"garbageType\": 2}, {\"questionId\": 239, \"garbageName\": \"苹果核\", \"garbageType\": 2}]','2019-08-16 16:26:21'),(1928,'苹果','[{\"remark\": \"苹果好吃，可不能乱丢哟苹果好吃，可不能乱丢哟苹果好吃，可不能乱丢哟苹果好吃，可不能乱丢哟苹果好吃，可不能乱丢哟\", \"questionId\": 111, \"garbageName\": \"苹果\", \"garbageType\": 2}, {\"questionId\": 118, \"garbageName\": \"苹果皮\", \"garbageType\": 2}, {\"questionId\": 239, \"garbageName\": \"苹果核\", \"garbageType\": 2}]','2019-08-16 16:26:22'),(1929,'苹果','[{\"remark\": \"苹果好吃，可不能乱丢哟苹果好吃，可不能乱丢哟苹果好吃，可不能乱丢哟苹果好吃，可不能乱丢哟苹果好吃，可不能乱丢哟\", \"questionId\": 111, \"garbageName\": \"苹果\", \"garbageType\": 2}, {\"questionId\": 118, \"garbageName\": \"苹果皮\", \"garbageType\": 2}, {\"questionId\": 239, \"garbageName\": \"苹果核\", \"garbageType\": 2}]','2019-08-16 16:26:22'),(1930,'玩具','[{\"questionId\": 269, \"garbageName\": \"塑料玩具\", \"garbageType\": 3}, {\"questionId\": 313, \"garbageName\": \"毛绒玩具\", \"garbageType\": 3}, {\"questionId\": 349, \"garbageName\": \"旧玩具\", \"garbageType\": 3}]','2019-08-16 16:26:24'),(1931,'玩具','[{\"questionId\": 269, \"garbageName\": \"塑料玩具\", \"garbageType\": 3}, {\"questionId\": 313, \"garbageName\": \"毛绒玩具\", \"garbageType\": 3}, {\"questionId\": 349, \"garbageName\": \"旧玩具\", \"garbageType\": 3}]','2019-08-16 16:26:25'),(1932,'玩具','[{\"questionId\": 269, \"garbageName\": \"塑料玩具\", \"garbageType\": 3}, {\"questionId\": 313, \"garbageName\": \"毛绒玩具\", \"garbageType\": 3}, {\"questionId\": 349, \"garbageName\": \"旧玩具\", \"garbageType\": 3}]','2019-08-16 16:26:25'),(1933,'干电池','[{\"remark\": \"有害垃圾哟\", \"questionId\": 4, \"garbageName\": \"干电池\", \"garbageType\": 4}]','2019-08-16 16:26:27'),(1934,'干电池','[{\"remark\": \"有害垃圾哟\", \"questionId\": 4, \"garbageName\": \"干电池\", \"garbageType\": 4}]','2019-08-16 16:26:28'),(1935,'干电池','[{\"remark\": \"有害垃圾哟\", \"questionId\": 4, \"garbageName\": \"干电池\", \"garbageType\": 4}]','2019-08-16 16:26:28'),(1936,'手提袋','[{\"questionId\": 663, \"garbageName\": \"手提袋\", \"garbageType\": 1}]','2019-08-16 16:26:30'),(1937,'手提袋','[{\"questionId\": 663, \"garbageName\": \"手提袋\", \"garbageType\": 1}]','2019-08-16 16:26:31'),(1938,'手提袋','[{\"questionId\": 663, \"garbageName\": \"手提袋\", \"garbageType\": 1}]','2019-08-16 16:26:31'),(1939,'污损纸张','[{\"questionId\": 10, \"garbageName\": \"污损纸张\", \"garbageType\": 1}]','2019-08-16 16:26:33'),(1940,'污损纸张','[{\"questionId\": 10, \"garbageName\": \"污损纸张\", \"garbageType\": 1}]','2019-08-16 16:26:34'),(1941,'污损纸张','[{\"questionId\": 10, \"garbageName\": \"污损纸张\", \"garbageType\": 1}]','2019-08-16 16:26:34'),(1942,'键盘','[{\"questionId\": 425, \"garbageName\": \"键盘\", \"garbageType\": 3}]','2019-08-16 16:26:36'),(1943,'键盘','[{\"questionId\": 425, \"garbageName\": \"键盘\", \"garbageType\": 3}]','2019-08-16 16:26:37'),(1944,'键盘','[{\"questionId\": 425, \"garbageName\": \"键盘\", \"garbageType\": 3}]','2019-08-16 16:26:37'),(1945,'尼龙制品','[{\"questionId\": 14, \"garbageName\": \"尼龙制品\", \"garbageType\": 1}]','2019-08-16 16:26:39'),(1946,'尼龙制品','[{\"questionId\": 14, \"garbageName\": \"尼龙制品\", \"garbageType\": 1}]','2019-08-16 16:26:40'),(1947,'尼龙制品','[{\"questionId\": 14, \"garbageName\": \"尼龙制品\", \"garbageType\": 1}]','2019-08-16 16:26:40'),(1948,'电脑','[{\"remark\": \"可回收哟\", \"questionId\": 3, \"garbageName\": \"电脑\", \"garbageType\": 3}, {\"questionId\": 667, \"garbageName\": \"台式电脑\", \"garbageType\": 3}, {\"questionId\": 668, \"garbageName\": \"笔记本电脑\", \"garbageType\": 3}, {\"questionId\": 820, \"garbageName\": \"平板电脑\", \"garbageType\": 3}]','2019-08-16 16:26:42'),(1949,'电脑','[{\"remark\": \"可回收哟\", \"questionId\": 3, \"garbageName\": \"电脑\", \"garbageType\": 3}, {\"questionId\": 667, \"garbageName\": \"台式电脑\", \"garbageType\": 3}, {\"questionId\": 668, \"garbageName\": \"笔记本电脑\", \"garbageType\": 3}, {\"questionId\": 820, \"garbageName\": \"平板电脑\", \"garbageType\": 3}]','2019-08-16 16:26:43'),(1950,'电脑','[{\"remark\": \"可回收哟\", \"questionId\": 3, \"garbageName\": \"电脑\", \"garbageType\": 3}, {\"questionId\": 667, \"garbageName\": \"台式电脑\", \"garbageType\": 3}, {\"questionId\": 668, \"garbageName\": \"笔记本电脑\", \"garbageType\": 3}, {\"questionId\": 820, \"garbageName\": \"平板电脑\", \"garbageType\": 3}]','2019-08-16 16:26:43'),(1951,'电脑','[{\"remark\": \"可回收哟\", \"questionId\": 3, \"garbageName\": \"电脑\", \"garbageType\": 3}, {\"questionId\": 667, \"garbageName\": \"台式电脑\", \"garbageType\": 3}, {\"questionId\": 668, \"garbageName\": \"笔记本电脑\", \"garbageType\": 3}, {\"questionId\": 820, \"garbageName\": \"平板电脑\", \"garbageType\": 3}]','2019-08-16 16:26:44'),(1952,'电脑','[{\"remark\": \"可回收哟\", \"questionId\": 3, \"garbageName\": \"电脑\", \"garbageType\": 3}, {\"questionId\": 667, \"garbageName\": \"台式电脑\", \"garbageType\": 3}, {\"questionId\": 668, \"garbageName\": \"笔记本电脑\", \"garbageType\": 3}, {\"questionId\": 820, \"garbageName\": \"平板电脑\", \"garbageType\": 3}]','2019-08-16 16:26:45'),(1953,'电脑','[{\"remark\": \"可回收哟\", \"questionId\": 3, \"garbageName\": \"电脑\", \"garbageType\": 3}, {\"questionId\": 667, \"garbageName\": \"台式电脑\", \"garbageType\": 3}, {\"questionId\": 668, \"garbageName\": \"笔记本电脑\", \"garbageType\": 3}, {\"questionId\": 820, \"garbageName\": \"平板电脑\", \"garbageType\": 3}]','2019-08-16 16:26:46'),(1954,'@@::@@','[]','2019-08-16 16:26:47'),(1955,'苹果','[{\"remark\": \"苹果好吃，可不能乱丢哟苹果好吃，可不能乱丢哟苹果好吃，可不能乱丢哟苹果好吃，可不能乱丢哟苹果好吃，可不能乱丢哟\", \"questionId\": 111, \"garbageName\": \"苹果\", \"garbageType\": 2}, {\"questionId\": 118, \"garbageName\": \"苹果皮\", \"garbageType\": 2}, {\"questionId\": 239, \"garbageName\": \"苹果核\", \"garbageType\": 2}]','2019-08-16 16:28:29'),(1956,'苹果','[{\"remark\": \"苹果好吃，可不能乱丢哟苹果好吃，可不能乱丢哟苹果好吃，可不能乱丢哟苹果好吃，可不能乱丢哟苹果好吃，可不能乱丢哟\", \"questionId\": 111, \"garbageName\": \"苹果\", \"garbageType\": 2}, {\"questionId\": 118, \"garbageName\": \"苹果皮\", \"garbageType\": 2}, {\"questionId\": 239, \"garbageName\": \"苹果核\", \"garbageType\": 2}]','2019-08-16 16:28:30'),(1957,'苹果','[{\"remark\": \"苹果好吃，可不能乱丢哟苹果好吃，可不能乱丢哟苹果好吃，可不能乱丢哟苹果好吃，可不能乱丢哟苹果好吃，可不能乱丢哟\", \"questionId\": 111, \"garbageName\": \"苹果\", \"garbageType\": 2}, {\"questionId\": 118, \"garbageName\": \"苹果皮\", \"garbageType\": 2}, {\"questionId\": 239, \"garbageName\": \"苹果核\", \"garbageType\": 2}]','2019-08-16 16:28:31'),(1958,'玩具','[{\"questionId\": 269, \"garbageName\": \"塑料玩具\", \"garbageType\": 3}, {\"questionId\": 313, \"garbageName\": \"毛绒玩具\", \"garbageType\": 3}, {\"questionId\": 349, \"garbageName\": \"旧玩具\", \"garbageType\": 3}]','2019-08-16 16:28:32'),(1959,'玩具','[{\"questionId\": 269, \"garbageName\": \"塑料玩具\", \"garbageType\": 3}, {\"questionId\": 313, \"garbageName\": \"毛绒玩具\", \"garbageType\": 3}, {\"questionId\": 349, \"garbageName\": \"旧玩具\", \"garbageType\": 3}]','2019-08-16 16:28:33'),(1960,'玩具','[{\"questionId\": 269, \"garbageName\": \"塑料玩具\", \"garbageType\": 3}, {\"questionId\": 313, \"garbageName\": \"毛绒玩具\", \"garbageType\": 3}, {\"questionId\": 349, \"garbageName\": \"旧玩具\", \"garbageType\": 3}]','2019-08-16 16:28:34'),(1961,'干电池','[{\"remark\": \"有害垃圾哟\", \"questionId\": 4, \"garbageName\": \"干电池\", \"garbageType\": 4}]','2019-08-16 16:28:35'),(1962,'干电池','[{\"remark\": \"有害垃圾哟\", \"questionId\": 4, \"garbageName\": \"干电池\", \"garbageType\": 4}]','2019-08-16 16:28:36'),(1963,'干电池','[{\"remark\": \"有害垃圾哟\", \"questionId\": 4, \"garbageName\": \"干电池\", \"garbageType\": 4}]','2019-08-16 16:28:37'),(1964,'手提袋','[{\"questionId\": 663, \"garbageName\": \"手提袋\", \"garbageType\": 1}]','2019-08-16 16:28:38'),(1965,'手提袋','[{\"questionId\": 663, \"garbageName\": \"手提袋\", \"garbageType\": 1}]','2019-08-16 16:28:39'),(1966,'手提袋','[{\"questionId\": 663, \"garbageName\": \"手提袋\", \"garbageType\": 1}]','2019-08-16 16:28:40'),(1967,'污损纸张','[{\"questionId\": 10, \"garbageName\": \"污损纸张\", \"garbageType\": 1}]','2019-08-16 16:28:41'),(1968,'污损纸张','[{\"questionId\": 10, \"garbageName\": \"污损纸张\", \"garbageType\": 1}]','2019-08-16 16:28:42'),(1969,'污损纸张','[{\"questionId\": 10, \"garbageName\": \"污损纸张\", \"garbageType\": 1}]','2019-08-16 16:28:43'),(1970,'键盘','[{\"questionId\": 425, \"garbageName\": \"键盘\", \"garbageType\": 3}]','2019-08-16 16:28:44'),(1971,'键盘','[{\"questionId\": 425, \"garbageName\": \"键盘\", \"garbageType\": 3}]','2019-08-16 16:28:46'),(1972,'键盘','[{\"questionId\": 425, \"garbageName\": \"键盘\", \"garbageType\": 3}]','2019-08-16 16:28:46'),(1973,'电脑','[{\"remark\": \"可回收哟\", \"questionId\": 3, \"garbageName\": \"电脑\", \"garbageType\": 3}, {\"questionId\": 667, \"garbageName\": \"台式电脑\", \"garbageType\": 3}, {\"questionId\": 668, \"garbageName\": \"笔记本电脑\", \"garbageType\": 3}, {\"questionId\": 820, \"garbageName\": \"平板电脑\", \"garbageType\": 3}]','2019-08-16 16:28:47'),(1974,'电脑','[{\"remark\": \"可回收哟\", \"questionId\": 3, \"garbageName\": \"电脑\", \"garbageType\": 3}, {\"questionId\": 667, \"garbageName\": \"台式电脑\", \"garbageType\": 3}, {\"questionId\": 668, \"garbageName\": \"笔记本电脑\", \"garbageType\": 3}, {\"questionId\": 820, \"garbageName\": \"平板电脑\", \"garbageType\": 3}]','2019-08-16 16:28:48'),(1975,'电脑','[{\"remark\": \"可回收哟\", \"questionId\": 3, \"garbageName\": \"电脑\", \"garbageType\": 3}, {\"questionId\": 667, \"garbageName\": \"台式电脑\", \"garbageType\": 3}, {\"questionId\": 668, \"garbageName\": \"笔记本电脑\", \"garbageType\": 3}, {\"questionId\": 820, \"garbageName\": \"平板电脑\", \"garbageType\": 3}]','2019-08-16 16:28:49'),(1976,'尼龙制品','[{\"questionId\": 14, \"garbageName\": \"尼龙制品\", \"garbageType\": 1}]','2019-08-16 16:28:50'),(1977,'尼龙制品','[{\"questionId\": 14, \"garbageName\": \"尼龙制品\", \"garbageType\": 1}]','2019-08-16 16:28:51'),(1978,'尼龙制品','[{\"questionId\": 14, \"garbageName\": \"尼龙制品\", \"garbageType\": 1}]','2019-08-16 16:28:52'),(1979,'尼龙制品','[{\"questionId\": 14, \"garbageName\": \"尼龙制品\", \"garbageType\": 1}]','2019-08-16 16:28:52'),(1980,'尼龙制品','[{\"questionId\": 14, \"garbageName\": \"尼龙制品\", \"garbageType\": 1}]','2019-08-16 16:28:53'),(1981,'尼龙制品','[{\"questionId\": 14, \"garbageName\": \"尼龙制品\", \"garbageType\": 1}]','2019-08-16 16:28:54'),(1982,'@@::@@','[]','2019-08-16 16:28:56'),(1983,'尼龙制品','[{\"questionId\": 14, \"garbageName\": \"尼龙制品\", \"garbageType\": 1}]','2019-08-16 17:40:42'),(1984,'尼龙制品','[{\"questionId\": 14, \"garbageName\": \"尼龙制品\", \"garbageType\": 1}]','2019-08-16 17:40:43'),(1985,'尼龙制品','[{\"questionId\": 14, \"garbageName\": \"尼龙制品\", \"garbageType\": 1}]','2019-08-16 17:40:44'),(1986,'尼龙制品','[{\"questionId\": 14, \"garbageName\": \"尼龙制品\", \"garbageType\": 1}]','2019-08-16 17:40:48'),(1987,'尼龙制品','[{\"questionId\": 14, \"garbageName\": \"尼龙制品\", \"garbageType\": 1}]','2019-08-16 17:40:49'),(1988,'尼龙制品','[{\"questionId\": 14, \"garbageName\": \"尼龙制品\", \"garbageType\": 1}]','2019-08-16 17:40:50'),(1989,'@@::@@','[]','2019-08-16 17:40:51'),(1990,'大骨头','[{\"questionId\": 17, \"garbageName\": \"大骨头\", \"garbageType\": 1}]','2019-08-17 02:25:41'),(1991,'避孕套','[{\"questionId\": 607, \"garbageName\": \"避孕套\", \"garbageType\": 1}]','2019-08-17 02:25:51'),(1992,'精子','[]','2019-08-17 02:26:00'),(1993,'出于垃圾','[]','2019-08-17 02:45:08'),(1994,'牛肉','[{\"questionId\": 68, \"garbageName\": \"牛肉\", \"garbageType\": 2}, {\"questionId\": 103, \"garbageName\": \"牛肉干\", \"garbageType\": 2}]','2019-08-17 02:45:26'),(1995,'西瓜皮','[{\"questionId\": 115, \"garbageName\": \"西瓜皮\", \"garbageType\": 2}]','2019-08-18 22:56:22'),(1996,'烟盒','[{\"questionId\": 54, \"garbageName\": \"烟盒\", \"garbageType\": 1}]','2019-08-19 03:44:14'),(1997,'污损纸张','[{\"questionId\": 10, \"garbageName\": \"污损纸张\", \"garbageType\": 1}]','2019-08-19 03:44:32'),(1998,'开心果','[{\"questionId\": 55, \"garbageName\": \"开心果\", \"garbageType\": 1}, {\"questionId\": 584, \"garbageName\": \"开心果壳\", \"garbageType\": 2}]','2019-08-19 05:29:09'),(1999,'开心果壳','[{\"questionId\": 584, \"garbageName\": \"开心果壳\", \"garbageType\": 2}]','2019-08-19 05:29:19'),(2000,'开心果壳','[{\"questionId\": 584, \"garbageName\": \"开心果壳\", \"garbageType\": 2}]','2019-08-19 05:29:27'),(2001,'开心果壳','[{\"questionId\": 584, \"garbageName\": \"开心果壳\", \"garbageType\": 2}]','2019-08-19 05:30:17'),(2002,'开心果','[{\"questionId\": 55, \"garbageName\": \"开心果\", \"garbageType\": 1}, {\"questionId\": 584, \"garbageName\": \"开心果壳\", \"garbageType\": 2}]','2019-08-19 05:30:25'),(2003,'开心果壳','[{\"questionId\": 584, \"garbageName\": \"开心果壳\", \"garbageType\": 2}]','2019-08-19 05:30:32'),(2004,'开心果','[{\"questionId\": 55, \"garbageName\": \"开心果\", \"garbageType\": 1}, {\"questionId\": 584, \"garbageName\": \"开心果壳\", \"garbageType\": 2}]','2019-08-19 05:31:22'),(2005,'开心果壳','[{\"questionId\": 584, \"garbageName\": \"开心果壳\", \"garbageType\": 2}]','2019-08-19 05:31:25'),(2006,'开心果壳','[{\"questionId\": 584, \"garbageName\": \"开心果壳\", \"garbageType\": 2}]','2019-08-19 05:31:39'),(2007,'污损塑料','[{\"questionId\": 13, \"garbageName\": \"污损塑料\", \"garbageType\": 1}, {\"questionId\": 205, \"garbageName\": \"污损塑料袋\", \"garbageType\": 1}]','2019-08-19 13:32:47'),(2008,'椰子壳','[{\"questionId\": 20, \"garbageName\": \"椰子壳\", \"garbageType\": 1}]','2019-08-20 07:54:11'),(2009,'椰子壳','[{\"questionId\": 20, \"garbageName\": \"椰子壳\", \"garbageType\": 1}]','2019-08-20 07:54:17'),(2010,'汽水瓶','[]','2019-08-20 07:54:36'),(2011,'汽水瓶','[]','2019-08-20 07:54:39'),(2012,'干电池','[{\"remark\": \"有害垃圾哟\", \"questionId\": 4, \"garbageName\": \"干电池\", \"garbageType\": 4}]','2019-08-20 07:54:42'),(2013,'牙签','[{\"questionId\": 43, \"garbageName\": \"牙签\", \"garbageType\": 1}, {\"questionId\": 670, \"garbageName\": \"牙签盒\", \"garbageType\": 1}]','2019-08-21 03:19:50'),(2014,'干电池','[{\"remark\": \"有害垃圾哟\", \"questionId\": 4, \"garbageName\": \"干电池\", \"garbageType\": 4}]','2019-08-21 06:57:11'),(2015,'干电池','[{\"remark\": \"有害垃圾哟\", \"questionId\": 4, \"garbageName\": \"干电池\", \"garbageType\": 4}]','2019-08-21 06:57:11'),(2016,'硬贝壳','[{\"questionId\": 18, \"garbageName\": \"硬贝壳\", \"garbageType\": 1}]','2019-08-21 07:57:14'),(2017,'咸鸭蛋','[{\"questionId\": 72, \"garbageName\": \"咸鸭蛋\", \"garbageType\": 2}]','2019-08-21 08:33:44'),(2018,'布绒玩具','[]','2019-08-21 09:01:03'),(2019,'玩具','[{\"questionId\": 269, \"garbageName\": \"塑料玩具\", \"garbageType\": 3}, {\"questionId\": 313, \"garbageName\": \"毛绒玩具\", \"garbageType\": 3}, {\"questionId\": 349, \"garbageName\": \"旧玩具\", \"garbageType\": 3}]','2019-08-21 09:01:07'),(2020,'玩具','[{\"questionId\": 269, \"garbageName\": \"塑料玩具\", \"garbageType\": 3}, {\"questionId\": 313, \"garbageName\": \"毛绒玩具\", \"garbageType\": 3}, {\"questionId\": 349, \"garbageName\": \"旧玩具\", \"garbageType\": 3}]','2019-08-21 09:01:09'),(2021,'玩具','[{\"questionId\": 269, \"garbageName\": \"塑料玩具\", \"garbageType\": 3}, {\"questionId\": 313, \"garbageName\": \"毛绒玩具\", \"garbageType\": 3}, {\"questionId\": 349, \"garbageName\": \"旧玩具\", \"garbageType\": 3}]','2019-08-21 09:01:11'),(2022,'玩具','[{\"questionId\": 269, \"garbageName\": \"塑料玩具\", \"garbageType\": 3}, {\"questionId\": 313, \"garbageName\": \"毛绒玩具\", \"garbageType\": 3}, {\"questionId\": 349, \"garbageName\": \"旧玩具\", \"garbageType\": 3}]','2019-08-21 09:01:13'),(2023,'玩具','[{\"questionId\": 269, \"garbageName\": \"塑料玩具\", \"garbageType\": 3}, {\"questionId\": 313, \"garbageName\": \"毛绒玩具\", \"garbageType\": 3}, {\"questionId\": 349, \"garbageName\": \"旧玩具\", \"garbageType\": 3}]','2019-08-21 09:01:14'),(2024,'玩具','[{\"questionId\": 269, \"garbageName\": \"塑料玩具\", \"garbageType\": 3}, {\"questionId\": 313, \"garbageName\": \"毛绒玩具\", \"garbageType\": 3}, {\"questionId\": 349, \"garbageName\": \"旧玩具\", \"garbageType\": 3}]','2019-08-21 09:01:14'),(2025,'玩具','[{\"questionId\": 269, \"garbageName\": \"塑料玩具\", \"garbageType\": 3}, {\"questionId\": 313, \"garbageName\": \"毛绒玩具\", \"garbageType\": 3}, {\"questionId\": 349, \"garbageName\": \"旧玩具\", \"garbageType\": 3}]','2019-08-21 09:01:15'),(2026,'玩具','[{\"questionId\": 269, \"garbageName\": \"塑料玩具\", \"garbageType\": 3}, {\"questionId\": 313, \"garbageName\": \"毛绒玩具\", \"garbageType\": 3}, {\"questionId\": 349, \"garbageName\": \"旧玩具\", \"garbageType\": 3}]','2019-08-21 09:01:22'),(2027,'玩具','[{\"questionId\": 269, \"garbageName\": \"塑料玩具\", \"garbageType\": 3}, {\"questionId\": 313, \"garbageName\": \"毛绒玩具\", \"garbageType\": 3}, {\"questionId\": 349, \"garbageName\": \"旧玩具\", \"garbageType\": 3}]','2019-08-21 09:01:28'),(2028,'竹筷','[{\"questionId\": 42, \"garbageName\": \"竹筷\", \"garbageType\": 1}]','2019-08-21 12:27:48'),(2029,'伞','[{\"questionId\": 45, \"garbageName\": \"伞\", \"garbageType\": 1}, {\"questionId\": 46, \"garbageName\": \"雨伞\", \"garbageType\": 1}, {\"questionId\": 47, \"garbageName\": \"天堂伞\", \"garbageType\": 1}, {\"questionId\": 346, \"garbageName\": \"雨伞骨架\", \"garbageType\": 3}]','2019-08-21 12:28:00'),(2030,'手提袋','null','2019-08-22 03:22:18'),(2031,'手提袋','[{\"questionId\": 663, \"garbageName\": \"手提袋\", \"garbageType\": 1}]','2019-08-22 03:22:24'),(2032,'苹果','[{\"remark\": \"苹果好吃，可不能乱丢哟苹果好吃，可不能乱丢哟苹果好吃，可不能乱丢哟苹果好吃，可不能乱丢哟苹果好吃，可不能乱丢哟\", \"questionId\": 111, \"garbageName\": \"苹果\", \"garbageType\": 2}, {\"questionId\": 118, \"garbageName\": \"苹果皮\", \"garbageType\": 2}, {\"questionId\": 239, \"garbageName\": \"苹果核\", \"garbageType\": 2}]','2019-08-22 03:22:49'),(2033,'尼龙制品','[{\"questionId\": 14, \"garbageName\": \"尼龙制品\", \"garbageType\": 1}]','2019-08-22 03:23:03'),(2034,'马克杯','null','2019-08-22 03:39:10'),(2035,'马克杯','[{\"questionId\": 124, \"garbageName\": \"马克杯\", \"garbageType\": 1}]','2019-08-22 03:39:14'),(2036,'干电池','[{\"remark\": \"有害垃圾哟\", \"questionId\": 4, \"garbageName\": \"干电池\", \"garbageType\": 4}]','2019-08-22 18:47:21'),(2037,'鸡骨头','[{\"questionId\": 560, \"garbageName\": \"鸡骨头\", \"garbageType\": 2}]','2019-08-23 02:51:09'),(2038,'毛发','[{\"questionId\": 28, \"garbageName\": \"毛发\", \"garbageType\": 1}]','2019-08-24 08:33:12'),(2039,'苹果','[{\"remark\": \"苹果好吃，可不能乱丢哟苹果好吃，可不能乱丢哟苹果好吃，可不能乱丢哟苹果好吃，可不能乱丢哟苹果好吃，可不能乱丢哟\", \"questionId\": 111, \"garbageName\": \"苹果\", \"garbageType\": 2}, {\"questionId\": 118, \"garbageName\": \"苹果皮\", \"garbageType\": 2}, {\"questionId\": 239, \"garbageName\": \"苹果核\", \"garbageType\": 2}]','2019-08-24 11:02:45'),(2040,'苹果核','[{\"questionId\": 239, \"garbageName\": \"苹果核\", \"garbageType\": 2}]','2019-08-24 11:03:01'),(2041,'铅笔','[{\"questionId\": 49, \"garbageName\": \"铅笔\", \"garbageType\": 1}, {\"questionId\": 735, \"garbageName\": \"金属铅笔盒\", \"garbageType\": 3}]','2019-08-24 11:03:12'),(2042,'鸭肉','[{\"questionId\": 66, \"garbageName\": \"鸭肉\", \"garbageType\": 2}]','2019-08-24 15:02:28'),(2043,'菠萝蜜核','[{\"questionId\": 26, \"garbageName\": \"菠萝蜜核\", \"garbageType\": 1}]','2019-08-25 02:55:57'),(2044,'伞','[{\"questionId\": 45, \"garbageName\": \"伞\", \"garbageType\": 1}, {\"questionId\": 46, \"garbageName\": \"雨伞\", \"garbageType\": 1}, {\"questionId\": 47, \"garbageName\": \"天堂伞\", \"garbageType\": 1}, {\"questionId\": 346, \"garbageName\": \"雨伞骨架\", \"garbageType\": 3}]','2019-08-25 02:56:07'),(2045,'硬贝壳','[{\"questionId\": 18, \"garbageName\": \"硬贝壳\", \"garbageType\": 1}]','2019-08-25 05:14:45'),(2046,'奶茶杯','[{\"remark\": \"喝完好喝的奶茶，记得把奶茶杯放进干垃圾桶哟\", \"questionId\": 427, \"garbageName\": \"奶茶杯\", \"garbageType\": 1}]','2019-08-25 05:14:52'),(2047,'电脑','null','2019-08-26 03:06:58'),(2048,'电脑','[{\"remark\": \"可回收哟\", \"questionId\": 3, \"garbageName\": \"电脑\", \"garbageType\": 3}, {\"questionId\": 667, \"garbageName\": \"台式电脑\", \"garbageType\": 3}, {\"questionId\": 668, \"garbageName\": \"笔记本电脑\", \"garbageType\": 3}, {\"questionId\": 820, \"garbageName\": \"平板电脑\", \"garbageType\": 3}]','2019-08-26 03:07:07'),(2049,'手掌','null','2019-08-26 03:07:28'),(2050,'手掌','[]','2019-08-26 03:07:30'),(2051,'屎','[{\"remark\": \"属于宠物粪便，不建议归入到当前垃圾分类当中；实在不便时，可包裹后投入干垃圾桶内\", \"questionId\": 429, \"garbageName\": \"狗屎\", \"garbageType\": 1}, {\"questionId\": 815, \"garbageName\": \"鼻屎\", \"garbageType\": 1}, {\"questionId\": 816, \"garbageName\": \"狗屎指\", \"garbageType\": 1}, {\"questionId\": 817, \"garbageName\": \"耳屎\", \"garbageType\": 1}]','2019-08-26 03:07:42'),(2052,'粪便','[]','2019-08-26 03:07:52'),(2053,'尿','[{\"questionId\": 7, \"garbageName\": \"尿不湿\", \"garbageType\": 1}, {\"questionId\": 9, \"garbageName\": \"狗尿垫\", \"garbageType\": 1}, {\"questionId\": 195, \"garbageName\": \"纸尿裤\", \"garbageType\": 1}, {\"questionId\": 637, \"garbageName\": \"尿布\", \"garbageType\": 1}]','2019-08-26 03:08:39'),(2054,'口水','[]','2019-08-26 03:08:52'),(2055,'唾液','[]','2019-08-26 03:08:58'),(2056,'唾液','[]','2019-08-26 03:09:00'),(2057,'鼻涕','[]','2019-08-26 03:09:09'),(2058,'避孕套','[{\"questionId\": 607, \"garbageName\": \"避孕套\", \"garbageType\": 1}]','2019-08-26 03:09:40'),(2059,'榴莲核','[{\"questionId\": 25, \"garbageName\": \"榴莲核\", \"garbageType\": 1}]','2019-08-26 06:12:23'),(2060,'尿包','[]','2019-08-26 06:35:11'),(2061,'污损纸张','[{\"questionId\": 10, \"garbageName\": \"污损纸张\", \"garbageType\": 1}]','2019-08-26 08:06:02'),(2062,'空心菜','[{\"questionId\": 89, \"garbageName\": \"空心菜\", \"garbageType\": 2}]','2019-08-26 09:50:34'),(2063,'伞','[{\"questionId\": 45, \"garbageName\": \"伞\", \"garbageType\": 1}, {\"questionId\": 46, \"garbageName\": \"雨伞\", \"garbageType\": 1}, {\"questionId\": 47, \"garbageName\": \"天堂伞\", \"garbageType\": 1}, {\"questionId\": 346, \"garbageName\": \"雨伞骨架\", \"garbageType\": 3}]','2019-08-26 09:56:43'),(2064,'太空沙','[{\"questionId\": 32, \"garbageName\": \"太空沙\", \"garbageType\": 1}]','2019-08-26 09:57:35'),(2065,'瓶子','[]','2019-08-27 00:03:37'),(2066,'苹果','[{\"remark\": \"苹果好吃，可不能乱丢哟苹果好吃，可不能乱丢哟苹果好吃，可不能乱丢哟苹果好吃，可不能乱丢哟苹果好吃，可不能乱丢哟\", \"questionId\": 111, \"garbageName\": \"苹果\", \"garbageType\": 2}, {\"questionId\": 118, \"garbageName\": \"苹果皮\", \"garbageType\": 2}, {\"questionId\": 239, \"garbageName\": \"苹果核\", \"garbageType\": 2}]','2019-08-27 00:03:45'),(2067,'干燥剂','[{\"questionId\": 12, \"garbageName\": \"干燥剂\", \"garbageType\": 1}]','2019-08-27 03:15:55'),(2068,'陶瓷制品','[{\"questionId\": 40, \"garbageName\": \"陶瓷制品\", \"garbageType\": 1}]','2019-08-27 09:52:45'),(2069,'电视机','null','2019-08-28 01:14:14'),(2070,'超级星光大道','[]','2019-08-28 01:14:25'),(2071,'眼镜','[{\"questionId\": 51, \"garbageName\": \"眼镜\", \"garbageType\": 1}, {\"questionId\": 126, \"garbageName\": \"3D眼镜\", \"garbageType\": 1}, {\"questionId\": 665, \"garbageName\": \"黑框眼镜\", \"garbageType\": 1}, {\"questionId\": 666, \"garbageName\": \"隐形眼镜\", \"garbageType\": 1}]','2019-08-28 02:30:26'),(2072,'一次性餐具','[{\"questionId\": 37, \"garbageName\": \"一次性餐具\", \"garbageType\": 1}]','2019-08-28 09:30:28'),(2073,'午餐肉','[{\"questionId\": 75, \"garbageName\": \"午餐肉\", \"garbageType\": 2}]','2019-08-28 09:31:50'),(2074,'塑料袋','[{\"questionId\": 205, \"garbageName\": \"污损塑料袋\", \"garbageType\": 1}, {\"questionId\": 603, \"garbageName\": \"塑料袋\", \"garbageType\": 1}, {\"questionId\": 647, \"garbageName\": \"肮脏塑料袋\", \"garbageType\": 1}]','2019-08-28 09:32:06'),(2075,'开心果','[{\"questionId\": 55, \"garbageName\": \"开心果\", \"garbageType\": 1}, {\"questionId\": 584, \"garbageName\": \"开心果壳\", \"garbageType\": 2}]','2019-08-28 09:43:14'),(2076,'尼龙制品','[{\"questionId\": 14, \"garbageName\": \"尼龙制品\", \"garbageType\": 1}]','2019-08-28 10:51:30'),(2077,'塑料袋','[{\"questionId\": 205, \"garbageName\": \"污损塑料袋\", \"garbageType\": 1}, {\"questionId\": 603, \"garbageName\": \"塑料袋\", \"garbageType\": 1}, {\"questionId\": 647, \"garbageName\": \"肮脏塑料袋\", \"garbageType\": 1}]','2019-08-28 13:32:16'),(2078,'硬贝壳','[{\"questionId\": 18, \"garbageName\": \"硬贝壳\", \"garbageType\": 1}]','2019-08-28 14:24:30'),(2079,'鸡蛋壳','[{\"questionId\": 424, \"garbageName\": \"鸡蛋壳\", \"garbageType\": 2}]','2019-08-29 00:43:18'),(2080,'干电池','[{\"remark\": \"有害垃圾哟\", \"questionId\": 4, \"garbageName\": \"干电池\", \"garbageType\": 4}]','2019-08-29 03:35:29'),(2081,'牛骨头','[{\"questionId\": 27, \"garbageName\": \"牛骨头\", \"garbageType\": 1}]','2019-08-29 03:36:17'),(2082,'鞋套','[]','2019-08-29 03:36:31'),(2083,'章鱼','[{\"questionId\": 85, \"garbageName\": \"章鱼\", \"garbageType\": 2}]','2019-08-29 04:00:10'),(2084,'人','[]','2019-08-29 04:00:17'),(2085,'苹果','[{\"remark\": \"苹果好吃，可不能乱丢哟苹果好吃，可不能乱丢哟苹果好吃，可不能乱丢哟苹果好吃，可不能乱丢哟苹果好吃，可不能乱丢哟\", \"questionId\": 111, \"garbageName\": \"苹果\", \"garbageType\": 2}, {\"questionId\": 118, \"garbageName\": \"苹果皮\", \"garbageType\": 2}, {\"questionId\": 239, \"garbageName\": \"苹果核\", \"garbageType\": 2}]','2019-08-29 04:00:36'),(2086,'车','[{\"questionId\": 749, \"garbageName\": \"行车记录仪\", \"garbageType\": 3}, {\"questionId\": 758, \"garbageName\": \"车厘子\", \"garbageType\": 2}]','2019-08-29 04:01:08'),(2087,'行车记录仪','[{\"questionId\": 749, \"garbageName\": \"行车记录仪\", \"garbageType\": 3}]','2019-08-29 04:01:12'),(2088,'居家室内','null','2019-08-29 06:17:54'),(2089,'居家室内','[]','2019-08-29 06:18:06'),(2090,'女孩','null','2019-08-29 06:18:18'),(2091,'苹果','[{\"remark\": \"苹果好吃，可不能乱丢哟苹果好吃，可不能乱丢哟苹果好吃，可不能乱丢哟苹果好吃，可不能乱丢哟苹果好吃，可不能乱丢哟\", \"questionId\": 111, \"garbageName\": \"苹果\", \"garbageType\": 2}, {\"questionId\": 118, \"garbageName\": \"苹果皮\", \"garbageType\": 2}, {\"questionId\": 239, \"garbageName\": \"苹果核\", \"garbageType\": 2}]','2019-08-29 06:18:34'),(2092,'卷心菜','[{\"questionId\": 90, \"garbageName\": \"卷心菜\", \"garbageType\": 2}]','2019-08-29 06:46:42'),(2093,'碗','null','2019-08-29 06:47:08'),(2094,'菜肴','[]','2019-08-29 06:47:20'),(2095,'菜肴','[]','2019-08-29 06:47:26'),(2096,'电脑','[{\"remark\": \"可回收哟\", \"questionId\": 3, \"garbageName\": \"电脑\", \"garbageType\": 3}, {\"questionId\": 667, \"garbageName\": \"台式电脑\", \"garbageType\": 3}, {\"questionId\": 668, \"garbageName\": \"笔记本电脑\", \"garbageType\": 3}, {\"questionId\": 820, \"garbageName\": \"平板电脑\", \"garbageType\": 3}]','2019-08-29 06:47:38'),(2097,'毛巾','[{\"questionId\": 36, \"garbageName\": \"毛巾\", \"garbageType\": 1}]','2019-08-29 07:07:35'),(2098,'核桃壳','[{\"questionId\": 22, \"garbageName\": \"核桃壳\", \"garbageType\": 1}]','2019-08-29 07:07:42'),(2099,'榴莲核','[{\"questionId\": 25, \"garbageName\": \"榴莲核\", \"garbageType\": 1}]','2019-08-29 07:32:42'),(2100,'电脑','[{\"remark\": \"可回收哟\", \"questionId\": 3, \"garbageName\": \"电脑\", \"garbageType\": 3}, {\"questionId\": 667, \"garbageName\": \"台式电脑\", \"garbageType\": 3}, {\"questionId\": 668, \"garbageName\": \"笔记本电脑\", \"garbageType\": 3}, {\"questionId\": 820, \"garbageName\": \"平板电脑\", \"garbageType\": 3}]','2019-08-29 07:33:00'),(2101,'电视机','null','2019-08-29 08:10:45'),(2102,'开心果','[{\"questionId\": 55, \"garbageName\": \"开心果\", \"garbageType\": 1}, {\"questionId\": 584, \"garbageName\": \"开心果壳\", \"garbageType\": 2}]','2019-08-29 08:40:59'),(2103,'毛巾','[{\"questionId\": 36, \"garbageName\": \"毛巾\", \"garbageType\": 1}]','2019-08-29 08:43:21'),(2104,'枣','[{\"questionId\": 105, \"garbageName\": \"红枣\", \"garbageType\": 2}, {\"questionId\": 593, \"garbageName\": \"枣核\", \"garbageType\": 2}]','2019-08-29 11:28:05'),(2105,'一次性塑料杯','[]','2019-08-29 14:28:04'),(2106,'早饭饭盒','[]','2019-08-29 14:28:15'),(2107,'塑料吸管','[]','2019-08-30 00:36:41'),(2108,'塑料吸管','[]','2019-08-30 00:36:48'),(2109,'吸管','[{\"questionId\": 617, \"garbageName\": \"吸管\", \"garbageType\": 1}]','2019-08-30 00:36:54'),(2110,'大骨头','[{\"questionId\": 17, \"garbageName\": \"大骨头\", \"garbageType\": 1}]','2019-08-30 02:29:31'),(2111,'电池','[{\"remark\": \"有害垃圾哟\", \"questionId\": 4, \"garbageName\": \"干电池\", \"garbageType\": 4}, {\"questionId\": 158, \"garbageName\": \"蓄电池\", \"garbageType\": 4}, {\"questionId\": 350, \"garbageName\": \"充电电池\", \"garbageType\": 4}, {\"questionId\": 351, \"garbageName\": \"镉镍电池\", \"garbageType\": 4}, {\"questionId\": 352, \"garbageName\": \"铅酸电池\", \"garbageType\": 4}, {\"questionId\": 354, \"garbageName\": \"纽扣电池\", \"garbageType\": 4}, {\"questionId\": 375, \"garbageName\": \"电池\", \"garbageType\": 4}, {\"questionId\": 401, \"garbageName\": \"镍镉电池\", \"garbageType\": 4}, {\"questionId\": 524, \"garbageName\": \"锂电池\", \"garbageType\": 4}, {\"questionId\": 533, \"garbageName\": \"手机电池\", \"garbageType\": 4}]','2019-08-30 02:30:27'),(2112,'蟑螂屋','[]','2019-08-30 02:30:53'),(2113,'蟑螂','[{\"questionId\": 544, \"garbageName\": \"蟑螂药\", \"garbageType\": 4}, {\"questionId\": 546, \"garbageName\": \"蟑螂丸\", \"garbageType\": 4}]','2019-08-30 02:31:03'),(2114,'牙签','[{\"questionId\": 43, \"garbageName\": \"牙签\", \"garbageType\": 1}, {\"questionId\": 670, \"garbageName\": \"牙签盒\", \"garbageType\": 1}]','2019-08-30 06:55:52'),(2115,'一次性餐具','[{\"questionId\": 37, \"garbageName\": \"一次性餐具\", \"garbageType\": 1}]','2019-08-30 06:56:31'),(2116,'绿豆','[{\"questionId\": 64, \"garbageName\": \"绿豆\", \"garbageType\": 2}]','2019-08-30 10:31:44'),(2117,'电视机','null','2019-08-31 12:32:06'),(2118,'方便面袋','[]','2019-08-31 12:34:42'),(2119,'方便面','[{\"questionId\": 146, \"garbageName\": \"方便面盒\", \"garbageType\": 1}]','2019-08-31 12:34:51'),(2120,'方便面盒','[{\"questionId\": 146, \"garbageName\": \"方便面盒\", \"garbageType\": 1}]','2019-08-31 12:34:53'),(2121,'化妆品','[{\"questionId\": 286, \"garbageName\": \"化妆品瓶\", \"garbageType\": 3}, {\"questionId\": 394, \"garbageName\": \"过期化妆品\", \"garbageType\": 4}]','2019-08-31 16:19:57'),(2122,'化妆品','[{\"questionId\": 286, \"garbageName\": \"化妆品瓶\", \"garbageType\": 3}, {\"questionId\": 394, \"garbageName\": \"过期化妆品\", \"garbageType\": 4}]','2019-08-31 16:19:59'),(2123,'过期化妆品','[{\"questionId\": 394, \"garbageName\": \"过期化妆品\", \"garbageType\": 4}]','2019-08-31 16:20:04'),(2124,'粉底液','null','2019-08-31 16:20:06'),(2125,'粉底液','[]','2019-08-31 16:20:17'),(2126,'粉底液','[]','2019-08-31 16:20:21'),(2127,'包装袋/盒','null','2019-09-01 03:17:47'),(2128,'酸奶利乐包装盒','[{\"questionId\": 488, \"garbageName\": \"酸奶利乐包装盒\", \"garbageType\": 3}]','2019-09-01 03:18:11'),(2129,'眼镜','[{\"questionId\": 51, \"garbageName\": \"眼镜\", \"garbageType\": 1}, {\"questionId\": 126, \"garbageName\": \"3D眼镜\", \"garbageType\": 1}, {\"questionId\": 665, \"garbageName\": \"黑框眼镜\", \"garbageType\": 1}, {\"questionId\": 666, \"garbageName\": \"隐形眼镜\", \"garbageType\": 1}]','2019-09-01 03:50:51'),(2130,'玩具','[{\"questionId\": 269, \"garbageName\": \"塑料玩具\", \"garbageType\": 3}, {\"questionId\": 313, \"garbageName\": \"毛绒玩具\", \"garbageType\": 3}, {\"questionId\": 349, \"garbageName\": \"旧玩具\", \"garbageType\": 3}]','2019-09-01 03:52:51'),(2131,'干电池','[{\"remark\": \"有害垃圾哟\", \"questionId\": 4, \"garbageName\": \"干电池\", \"garbageType\": 4}]','2019-09-01 03:52:53'),(2132,'避孕套','[{\"questionId\": 607, \"garbageName\": \"避孕套\", \"garbageType\": 1}]','2019-09-01 05:23:44'),(2133,'干电池','[{\"remark\": \"有害垃圾哟\", \"questionId\": 4, \"garbageName\": \"干电池\", \"garbageType\": 4}]','2019-09-01 05:24:26'),(2134,'透明熟料包装袋','[]','2019-09-01 05:30:05'),(2135,'透明塑料包装','[]','2019-09-01 05:30:20'),(2136,'透明塑料包装','[]','2019-09-01 05:30:22'),(2137,'塑料包装','[{\"questionId\": 490, \"garbageName\": \"塑料包装纸\", \"garbageType\": 3}]','2019-09-01 05:30:26'),(2138,'塑料包装纸','[{\"questionId\": 490, \"garbageName\": \"塑料包装纸\", \"garbageType\": 3}]','2019-09-01 05:30:28'),(2139,'面','[{\"questionId\": 58, \"garbageName\": \"面\", \"garbageType\": 2}, {\"questionId\": 59, \"garbageName\": \"面包\", \"garbageType\": 2}, {\"questionId\": 60, \"garbageName\": \"面条\", \"garbageType\": 2}, {\"questionId\": 107, \"garbageName\": \"面粉\", \"garbageType\": 2}, {\"questionId\": 146, \"garbageName\": \"方便面盒\", \"garbageType\": 1}, {\"questionId\": 610, \"garbageName\": \"面膜\", \"garbageType\": 1}]','2019-09-01 07:49:54'),(2140,'香蕉','[{\"questionId\": 116, \"garbageName\": \"香蕉皮\", \"garbageType\": 2}, {\"questionId\": 597, \"garbageName\": \"香蕉\", \"garbageType\": 2}]','2019-09-01 07:50:03'),(2141,'香蕉皮','[{\"questionId\": 116, \"garbageName\": \"香蕉皮\", \"garbageType\": 2}]','2019-09-01 07:50:23'),(2142,'核桃壳','[{\"questionId\": 22, \"garbageName\": \"核桃壳\", \"garbageType\": 1}]','2019-09-01 14:17:00'),(2143,'核桃皮','[]','2019-09-01 16:25:49'),(2144,'核桃壳','[{\"questionId\": 22, \"garbageName\": \"核桃壳\", \"garbageType\": 1}]','2019-09-01 16:25:56'),(2145,'包装袋/盒','null','2019-09-02 02:36:46'),(2146,'一次性餐具','[{\"questionId\": 37, \"garbageName\": \"一次性餐具\", \"garbageType\": 1}]','2019-09-02 06:49:21'),(2147,'马克杯','null','2019-09-02 06:49:51'),(2148,'马克杯','[{\"questionId\": 124, \"garbageName\": \"马克杯\", \"garbageType\": 1}]','2019-09-02 06:49:59'),(2149,'毛发','[{\"questionId\": 28, \"garbageName\": \"毛发\", \"garbageType\": 1}]','2019-09-02 06:50:22'),(2150,'一次性餐具','[{\"questionId\": 37, \"garbageName\": \"一次性餐具\", \"garbageType\": 1}]','2019-09-02 06:59:23'),(2151,'苹果','[{\"remark\": \"苹果好吃，可不能乱丢哟苹果好吃，可不能乱丢哟苹果好吃，可不能乱丢哟苹果好吃，可不能乱丢哟苹果好吃，可不能乱丢哟\", \"questionId\": 111, \"garbageName\": \"苹果\", \"garbageType\": 2}, {\"questionId\": 118, \"garbageName\": \"苹果皮\", \"garbageType\": 2}, {\"questionId\": 239, \"garbageName\": \"苹果核\", \"garbageType\": 2}]','2019-09-02 06:59:39'),(2152,'牛肉','[{\"questionId\": 68, \"garbageName\": \"牛肉\", \"garbageType\": 2}, {\"questionId\": 103, \"garbageName\": \"牛肉干\", \"garbageType\": 2}]','2019-09-02 07:00:18'),(2153,'咖喱','null','2019-09-02 07:15:49'),(2154,'方便面（袋装）','[]','2019-09-02 07:15:55'),(2155,'米饭','[{\"questionId\": 57, \"garbageName\": \"米饭\", \"garbageType\": 2}]','2019-09-02 07:34:29'),(2156,'烟蒂','[{\"questionId\": 11, \"garbageName\": \"烟蒂\", \"garbageType\": 1}]','2019-09-02 09:20:38'),(2157,'竹篮','[{\"questionId\": 41, \"garbageName\": \"竹篮\", \"garbageType\": 1}]','2019-09-02 09:21:13'),(2158,'笔','[{\"questionId\": 48, \"garbageName\": \"笔\", \"garbageType\": 1}, {\"questionId\": 49, \"garbageName\": \"铅笔\", \"garbageType\": 1}, {\"questionId\": 50, \"garbageName\": \"毛笔\", \"garbageType\": 1}, {\"questionId\": 129, \"garbageName\": \"笔盖\", \"garbageType\": 1}, {\"questionId\": 137, \"garbageName\": \"钢笔\", \"garbageType\": 1}, {\"questionId\": 145, \"garbageName\": \"圆珠笔\", \"garbageType\": 1}, {\"questionId\": 388, \"garbageName\": \"水彩笔\", \"garbageType\": 4}, {\"questionId\": 653, \"garbageName\": \"笔芯\", \"garbageType\": 1}, {\"questionId\": 668, \"garbageName\": \"笔记本电脑\", \"garbageType\": 3}, {\"questionId\": 702, \"garbageName\": \"笔记本\", \"garbageType\": 3}, {\"questionId\": 734, \"garbageName\": \"记号笔\", \"garbageType\": 1}, {\"questionId\": 735, \"garbageName\": \"金属铅笔盒\", \"garbageType\": 3}, {\"questionId\": 737, \"garbageName\": \"蜡笔\", \"garbageType\": 1}, {\"questionId\": 738, \"garbageName\": \"坏钢笔\", \"garbageType\": 1}, {\"questionId\": 739, \"garbageName\": \"中性笔\", \"garbageType\": 1}, {\"questionId\": 740, \"garbageName\": \"眉笔\", \"garbageType\": 1}, {\"questionId\": 741, \"garbageName\": \"粉笔\", \"garbageType\": 1}, {\"questionId\": 742, \"garbageName\": \"彩笔\", \"garbageType\": 1}, {\"questionId\": 743, \"garbageName\": \"马克笔\", \"garbageType\": 1}, {\"questionId\": 744, \"garbageName\": \"笔杆\", \"garbageType\": 1}, {\"questionId\": 745, \"garbageName\": \"笔套\", \"garbageType\": 1}, {\"questionId\": 746, \"garbageName\": \"红笔\", \"garbageType\": 1}, {\"questionId\": 747, \"garbageName\": \"勾线笔\", \"garbageType\": 1}, {\"questionId\": 748, \"garbageName\": \"可擦复写笔\", \"garbageType\": 1}]','2019-09-02 09:21:20'),(2159,'榴莲壳','[{\"questionId\": 21, \"garbageName\": \"榴莲壳\", \"garbageType\": 1}]','2019-09-02 14:02:39'),(2160,'避孕套','[{\"questionId\": 607, \"garbageName\": \"避孕套\", \"garbageType\": 1}]','2019-09-02 15:06:55'),(2161,'卫生纸','[{\"questionId\": 180, \"garbageName\": \"卫生纸\", \"garbageType\": 1}]','2019-09-02 15:07:44'),(2162,'苹果','[{\"remark\": \"苹果好吃，可不能乱丢哟苹果好吃，可不能乱丢哟苹果好吃，可不能乱丢哟苹果好吃，可不能乱丢哟苹果好吃，可不能乱丢哟\", \"questionId\": 111, \"garbageName\": \"苹果\", \"garbageType\": 2}, {\"questionId\": 118, \"garbageName\": \"苹果皮\", \"garbageType\": 2}, {\"questionId\": 239, \"garbageName\": \"苹果核\", \"garbageType\": 2}]','2019-09-03 01:20:46'),(2163,'椰子壳','[{\"questionId\": 20, \"garbageName\": \"椰子壳\", \"garbageType\": 1}]','2019-09-03 01:43:27'),(2164,'椰子壳','[{\"questionId\": 20, \"garbageName\": \"椰子壳\", \"garbageType\": 1}]','2019-09-03 01:43:31'),(2165,'鞠余林','[]','2019-09-03 01:43:39'),(2166,'烟','[{\"questionId\": 11, \"garbageName\": \"烟蒂\", \"garbageType\": 1}, {\"questionId\": 54, \"garbageName\": \"烟盒\", \"garbageType\": 1}, {\"questionId\": 672, \"garbageName\": \"玻璃烟缸\", \"garbageType\": 3}, {\"questionId\": 673, \"garbageName\": \"烟灰缸\", \"garbageType\": 3}]','2019-09-03 02:55:16'),(2167,'旺仔牛奶','[]','2019-09-03 02:55:29'),(2168,'牛奶罐','[]','2019-09-03 02:55:42'),(2169,'一次性杯子','[{\"questionId\": 38, \"garbageName\": \"一次性杯子\", \"garbageType\": 1}]','2019-09-03 05:48:30'),(2170,'干电池','[{\"remark\": \"有害垃圾哟\", \"questionId\": 4, \"garbageName\": \"干电池\", \"garbageType\": 4}]','2019-09-03 07:50:24'),(2171,'菠萝蜜核','[{\"questionId\": 26, \"garbageName\": \"菠萝蜜核\", \"garbageType\": 1}]','2019-09-03 07:50:30'),(2172,'手巾','[]','2019-09-03 07:50:44'),(2173,'毛发','[{\"questionId\": 28, \"garbageName\": \"毛发\", \"garbageType\": 1}]','2019-09-03 08:01:49'),(2174,'玉米衣','[{\"questionId\": 23, \"garbageName\": \"玉米衣\", \"garbageType\": 1}]','2019-09-03 08:01:57'),(2175,'泡面桶','[]','2019-09-03 12:13:58'),(2176,'泡面','[]','2019-09-03 12:14:06'),(2177,'方便吗','[]','2019-09-03 12:14:18'),(2178,'方便','[{\"questionId\": 146, \"garbageName\": \"方便面盒\", \"garbageType\": 1}]','2019-09-03 12:14:21'),(2179,'方便面盒','[{\"questionId\": 146, \"garbageName\": \"方便面盒\", \"garbageType\": 1}]','2019-09-03 12:14:22'),(2180,'笔','[{\"questionId\": 48, \"garbageName\": \"笔\", \"garbageType\": 1}, {\"questionId\": 49, \"garbageName\": \"铅笔\", \"garbageType\": 1}, {\"questionId\": 50, \"garbageName\": \"毛笔\", \"garbageType\": 1}, {\"questionId\": 129, \"garbageName\": \"笔盖\", \"garbageType\": 1}, {\"questionId\": 137, \"garbageName\": \"钢笔\", \"garbageType\": 1}, {\"questionId\": 145, \"garbageName\": \"圆珠笔\", \"garbageType\": 1}, {\"questionId\": 388, \"garbageName\": \"水彩笔\", \"garbageType\": 4}, {\"questionId\": 653, \"garbageName\": \"笔芯\", \"garbageType\": 1}, {\"questionId\": 668, \"garbageName\": \"笔记本电脑\", \"garbageType\": 3}, {\"questionId\": 702, \"garbageName\": \"笔记本\", \"garbageType\": 3}, {\"questionId\": 734, \"garbageName\": \"记号笔\", \"garbageType\": 1}, {\"questionId\": 735, \"garbageName\": \"金属铅笔盒\", \"garbageType\": 3}, {\"questionId\": 737, \"garbageName\": \"蜡笔\", \"garbageType\": 1}, {\"questionId\": 738, \"garbageName\": \"坏钢笔\", \"garbageType\": 1}, {\"questionId\": 739, \"garbageName\": \"中性笔\", \"garbageType\": 1}, {\"questionId\": 740, \"garbageName\": \"眉笔\", \"garbageType\": 1}, {\"questionId\": 741, \"garbageName\": \"粉笔\", \"garbageType\": 1}, {\"questionId\": 742, \"garbageName\": \"彩笔\", \"garbageType\": 1}, {\"questionId\": 743, \"garbageName\": \"马克笔\", \"garbageType\": 1}, {\"questionId\": 744, \"garbageName\": \"笔杆\", \"garbageType\": 1}, {\"questionId\": 745, \"garbageName\": \"笔套\", \"garbageType\": 1}, {\"questionId\": 746, \"garbageName\": \"红笔\", \"garbageType\": 1}, {\"questionId\": 747, \"garbageName\": \"勾线笔\", \"garbageType\": 1}, {\"questionId\": 748, \"garbageName\": \"可擦复写笔\", \"garbageType\": 1}]','2019-09-03 12:14:35'),(2181,'笔记本电脑','[{\"questionId\": 668, \"garbageName\": \"笔记本电脑\", \"garbageType\": 3}]','2019-09-03 12:14:41'),(2182,'手办','[]','2019-09-04 02:46:03'),(2183,'玩具','[{\"questionId\": 269, \"garbageName\": \"塑料玩具\", \"garbageType\": 3}, {\"questionId\": 313, \"garbageName\": \"毛绒玩具\", \"garbageType\": 3}, {\"questionId\": 349, \"garbageName\": \"旧玩具\", \"garbageType\": 3}]','2019-09-04 02:46:07'),(2184,'玩具','[{\"questionId\": 269, \"garbageName\": \"塑料玩具\", \"garbageType\": 3}, {\"questionId\": 313, \"garbageName\": \"毛绒玩具\", \"garbageType\": 3}, {\"questionId\": 349, \"garbageName\": \"旧玩具\", \"garbageType\": 3}]','2019-09-04 02:46:11'),(2185,'玩具','[{\"questionId\": 269, \"garbageName\": \"塑料玩具\", \"garbageType\": 3}, {\"questionId\": 313, \"garbageName\": \"毛绒玩具\", \"garbageType\": 3}, {\"questionId\": 349, \"garbageName\": \"旧玩具\", \"garbageType\": 3}]','2019-09-04 02:46:13'),(2186,'玩具','[{\"questionId\": 269, \"garbageName\": \"塑料玩具\", \"garbageType\": 3}, {\"questionId\": 313, \"garbageName\": \"毛绒玩具\", \"garbageType\": 3}, {\"questionId\": 349, \"garbageName\": \"旧玩具\", \"garbageType\": 3}]','2019-09-04 02:46:13'),(2187,'玩具','[{\"questionId\": 269, \"garbageName\": \"塑料玩具\", \"garbageType\": 3}, {\"questionId\": 313, \"garbageName\": \"毛绒玩具\", \"garbageType\": 3}, {\"questionId\": 349, \"garbageName\": \"旧玩具\", \"garbageType\": 3}]','2019-09-04 02:46:13'),(2188,'玩具','[{\"questionId\": 269, \"garbageName\": \"塑料玩具\", \"garbageType\": 3}, {\"questionId\": 313, \"garbageName\": \"毛绒玩具\", \"garbageType\": 3}, {\"questionId\": 349, \"garbageName\": \"旧玩具\", \"garbageType\": 3}]','2019-09-04 02:46:13'),(2189,'玩具','[{\"questionId\": 269, \"garbageName\": \"塑料玩具\", \"garbageType\": 3}, {\"questionId\": 313, \"garbageName\": \"毛绒玩具\", \"garbageType\": 3}, {\"questionId\": 349, \"garbageName\": \"旧玩具\", \"garbageType\": 3}]','2019-09-04 02:46:13'),(2190,'玩具','[{\"questionId\": 269, \"garbageName\": \"塑料玩具\", \"garbageType\": 3}, {\"questionId\": 313, \"garbageName\": \"毛绒玩具\", \"garbageType\": 3}, {\"questionId\": 349, \"garbageName\": \"旧玩具\", \"garbageType\": 3}]','2019-09-04 02:46:14'),(2191,'玩具','[{\"questionId\": 269, \"garbageName\": \"塑料玩具\", \"garbageType\": 3}, {\"questionId\": 313, \"garbageName\": \"毛绒玩具\", \"garbageType\": 3}, {\"questionId\": 349, \"garbageName\": \"旧玩具\", \"garbageType\": 3}]','2019-09-04 02:46:14'),(2192,'玩具','[{\"questionId\": 269, \"garbageName\": \"塑料玩具\", \"garbageType\": 3}, {\"questionId\": 313, \"garbageName\": \"毛绒玩具\", \"garbageType\": 3}, {\"questionId\": 349, \"garbageName\": \"旧玩具\", \"garbageType\": 3}]','2019-09-04 02:46:14'),(2193,'玩具','[{\"questionId\": 269, \"garbageName\": \"塑料玩具\", \"garbageType\": 3}, {\"questionId\": 313, \"garbageName\": \"毛绒玩具\", \"garbageType\": 3}, {\"questionId\": 349, \"garbageName\": \"旧玩具\", \"garbageType\": 3}]','2019-09-04 02:46:14'),(2194,'玩具','[{\"questionId\": 269, \"garbageName\": \"塑料玩具\", \"garbageType\": 3}, {\"questionId\": 313, \"garbageName\": \"毛绒玩具\", \"garbageType\": 3}, {\"questionId\": 349, \"garbageName\": \"旧玩具\", \"garbageType\": 3}]','2019-09-04 02:46:14'),(2195,'玩具','[{\"questionId\": 269, \"garbageName\": \"塑料玩具\", \"garbageType\": 3}, {\"questionId\": 313, \"garbageName\": \"毛绒玩具\", \"garbageType\": 3}, {\"questionId\": 349, \"garbageName\": \"旧玩具\", \"garbageType\": 3}]','2019-09-04 02:46:14'),(2196,'玩具','[{\"questionId\": 269, \"garbageName\": \"塑料玩具\", \"garbageType\": 3}, {\"questionId\": 313, \"garbageName\": \"毛绒玩具\", \"garbageType\": 3}, {\"questionId\": 349, \"garbageName\": \"旧玩具\", \"garbageType\": 3}]','2019-09-04 02:46:15'),(2197,'玩具','[{\"questionId\": 269, \"garbageName\": \"塑料玩具\", \"garbageType\": 3}, {\"questionId\": 313, \"garbageName\": \"毛绒玩具\", \"garbageType\": 3}, {\"questionId\": 349, \"garbageName\": \"旧玩具\", \"garbageType\": 3}]','2019-09-04 02:46:15'),(2198,'玩具','[{\"questionId\": 269, \"garbageName\": \"塑料玩具\", \"garbageType\": 3}, {\"questionId\": 313, \"garbageName\": \"毛绒玩具\", \"garbageType\": 3}, {\"questionId\": 349, \"garbageName\": \"旧玩具\", \"garbageType\": 3}]','2019-09-04 02:46:15'),(2199,'玩具','[{\"questionId\": 269, \"garbageName\": \"塑料玩具\", \"garbageType\": 3}, {\"questionId\": 313, \"garbageName\": \"毛绒玩具\", \"garbageType\": 3}, {\"questionId\": 349, \"garbageName\": \"旧玩具\", \"garbageType\": 3}]','2019-09-04 02:46:15'),(2200,'玩具','[{\"questionId\": 269, \"garbageName\": \"塑料玩具\", \"garbageType\": 3}, {\"questionId\": 313, \"garbageName\": \"毛绒玩具\", \"garbageType\": 3}, {\"questionId\": 349, \"garbageName\": \"旧玩具\", \"garbageType\": 3}]','2019-09-04 02:46:16'),(2201,'猪肉','[{\"questionId\": 67, \"garbageName\": \"猪肉\", \"garbageType\": 2}]','2019-09-04 07:02:42'),(2202,'奶茶','[{\"remark\": \"喝完好喝的奶茶，记得把奶茶杯放进干垃圾桶哟\", \"questionId\": 427, \"garbageName\": \"奶茶杯\", \"garbageType\": 1}]','2019-09-04 07:02:56'),(2203,'奶茶','[{\"remark\": \"喝完好喝的奶茶，记得把奶茶杯放进干垃圾桶哟\", \"questionId\": 427, \"garbageName\": \"奶茶杯\", \"garbageType\": 1}]','2019-09-04 07:02:58'),(2204,'一次性餐具','[{\"questionId\": 37, \"garbageName\": \"一次性餐具\", \"garbageType\": 1}]','2019-09-04 07:03:02'),(2205,'抽纸','null','2019-09-04 07:27:31'),(2206,'核桃壳','[{\"questionId\": 22, \"garbageName\": \"核桃壳\", \"garbageType\": 1}]','2019-09-04 09:20:05'),(2207,'嗯嗯','[]','2019-09-04 09:20:19'),(2208,'纸箱','[]','2019-09-04 09:20:30'),(2209,'本册/便签','null','2019-09-04 09:20:48'),(2210,'饼干','null','2019-09-04 09:21:22'),(2211,'饼干','[{\"questionId\": 210, \"garbageName\": \"饼干\", \"garbageType\": 2}, {\"questionId\": 240, \"garbageName\": \"蛋糕饼干\", \"garbageType\": 2}]','2019-09-04 09:21:34'),(2212,'居民楼','null','2019-09-04 09:22:02'),(2213,'居民楼','[]','2019-09-04 09:22:07'),(2214,'鸡蛋','[{\"questionId\": 70, \"garbageName\": \"鸡蛋\", \"garbageType\": 2}, {\"questionId\": 242, \"garbageName\": \"鸡蛋及蛋壳\", \"garbageType\": 2}, {\"questionId\": 424, \"garbageName\": \"鸡蛋壳\", \"garbageType\": 2}]','2019-09-04 13:50:37'),(2215,'垃圾桶','null','2019-09-04 14:33:36'),(2216,'湿豆浆杯','[]','2019-09-05 00:42:28'),(2217,'豆浆纸杯','[]','2019-09-05 00:42:38'),(2218,'纸杯','[]','2019-09-05 00:42:43'),(2219,'吸管','[{\"questionId\": 617, \"garbageName\": \"吸管\", \"garbageType\": 1}]','2019-09-05 00:42:58'),(2220,'猪肉','[{\"questionId\": 67, \"garbageName\": \"猪肉\", \"garbageType\": 2}]','2019-09-05 06:58:05'),(2221,'猪肉','[{\"questionId\": 67, \"garbageName\": \"猪肉\", \"garbageType\": 2}]','2019-09-05 06:58:09'),(2222,'小龙虾','[{\"questionId\": 557, \"garbageName\": \"小龙虾\", \"garbageType\": 2}, {\"questionId\": 564, \"garbageName\": \"小龙虾壳\", \"garbageType\": 2}, {\"questionId\": 594, \"garbageName\": \"小龙虾头\", \"garbageType\": 2}]','2019-09-05 06:59:50'),(2223,'菜肴','null','2019-09-05 07:03:55'),(2224,'菜肴','null','2019-09-05 07:04:17'),(2225,'桌菜','[]','2019-09-05 07:04:19'),(2226,'菜肴','null','2019-09-05 07:04:33'),(2227,'妈妈','[]','2019-09-05 07:07:02'),(2228,'牙签','[{\"questionId\": 43, \"garbageName\": \"牙签\", \"garbageType\": 1}, {\"questionId\": 670, \"garbageName\": \"牙签盒\", \"garbageType\": 1}]','2019-09-05 07:19:18'),(2229,'人物特写','null','2019-09-05 07:20:15'),(2230,'保温杯','null','2019-09-05 07:20:39'),(2231,'杯子','null','2019-09-06 00:54:30'),(2232,'杯子','[{\"questionId\": 38, \"garbageName\": \"一次性杯子\", \"garbageType\": 1}, {\"questionId\": 183, \"garbageName\": \"杯子\", \"garbageType\": 1}]','2019-09-06 00:54:40'),(2233,'硬果壳','[{\"questionId\": 19, \"garbageName\": \"硬果壳\", \"garbageType\": 1}]','2019-09-06 00:58:41'),(2234,'硬果壳','[{\"questionId\": 19, \"garbageName\": \"硬果壳\", \"garbageType\": 1}]','2019-09-06 03:25:34'),(2235,'花生','[{\"questionId\": 177, \"garbageName\": \"花生壳\", \"garbageType\": 1}]','2019-09-06 03:25:45'),(2236,'胶水','[{\"questionId\": 33, \"garbageName\": \"胶水\", \"garbageType\": 1}]','2019-09-06 06:05:53'),(2237,'泰山香烟','null','2019-09-06 07:31:44'),(2238,'充电宝','null','2019-09-06 07:32:42'),(2239,'充电宝','[{\"questionId\": 322, \"garbageName\": \"充电宝\", \"garbageType\": 3}]','2019-09-06 07:32:54'),(2240,'烟头','null','2019-09-06 11:06:09'),(2241,'手表','null','2019-09-08 01:26:08'),(2242,'纸巾','[{\"remark\": \"纸巾不要乱丢呀，会污染环境\", \"analysis\": \"\", \"questionId\": 1, \"garbageName\": \"纸巾\", \"garbageType\": 1}, {\"questionId\": 620, \"garbageName\": \"湿纸巾\", \"garbageType\": 1}]','2019-09-08 07:13:57'),(2243,'橡皮泥','[{\"questionId\": 31, \"garbageName\": \"橡皮泥\", \"garbageType\": 1}]','2019-09-08 08:43:25'),(2244,'橡皮泥','[{\"questionId\": 31, \"garbageName\": \"橡皮泥\", \"garbageType\": 1}]','2019-09-08 08:43:39'),(2245,'黄金叶香烟','null','2019-09-08 11:12:47'),(2246,'黄金叶香烟','[]','2019-09-08 11:12:55'),(2247,'猪肉','[{\"questionId\": 67, \"garbageName\": \"猪肉\", \"garbageType\": 2}]','2019-09-08 14:57:26'),(2248,'狗尿垫','[{\"questionId\": 9, \"garbageName\": \"狗尿垫\", \"garbageType\": 1}]','2019-09-09 02:53:35'),(2249,'筷子','[{\"questionId\": 44, \"garbageName\": \"筷子\", \"garbageType\": 1}, {\"questionId\": 185, \"garbageName\": \"一次性筷子\", \"garbageType\": 1}, {\"questionId\": 478, \"garbageName\": \"木筷子\", \"garbageType\": 3}]','2019-09-09 04:36:58'),(2250,'苹果','[{\"remark\": \"苹果好吃，可不能乱丢哟苹果好吃，可不能乱丢哟苹果好吃，可不能乱丢哟苹果好吃，可不能乱丢哟苹果好吃，可不能乱丢哟\", \"questionId\": 111, \"garbageName\": \"苹果\", \"garbageType\": 2}, {\"questionId\": 118, \"garbageName\": \"苹果皮\", \"garbageType\": 2}, {\"questionId\": 239, \"garbageName\": \"苹果核\", \"garbageType\": 2}]','2019-09-09 04:37:17'),(2251,'键盘','[{\"questionId\": 425, \"garbageName\": \"键盘\", \"garbageType\": 3}]','2019-09-09 04:40:35'),(2252,'核桃壳','[{\"questionId\": 22, \"garbageName\": \"核桃壳\", \"garbageType\": 1}]','2019-09-09 08:48:22'),(2253,'核桃壳','[{\"questionId\": 22, \"garbageName\": \"核桃壳\", \"garbageType\": 1}]','2019-09-09 08:48:27'),(2254,'榴莲壳','[{\"questionId\": 21, \"garbageName\": \"榴莲壳\", \"garbageType\": 1}]','2019-09-09 08:48:35'),(2255,'干电池','[{\"remark\": \"有害垃圾哟\", \"questionId\": 4, \"garbageName\": \"干电池\", \"garbageType\": 4}]','2019-09-09 08:49:01');
/*!40000 ALTER TABLE `keyword_result` ENABLE KEYS */;
UNLOCK TABLES;

--
-- Table structure for table `keyword_search_num`
--

DROP TABLE IF EXISTS `keyword_search_num`;
/*!40101 SET @saved_cs_client     = @@character_set_client */;
/*!40101 SET character_set_client = utf8 */;
CREATE TABLE `keyword_search_num` (
  `id` int NOT NULL AUTO_INCREMENT,
  `keyword` varchar(100) CHARACTER SET utf8 COLLATE utf8_general_ci NOT NULL,
  `num` int DEFAULT NULL,
  `times` timestamp NOT NULL DEFAULT CURRENT_TIMESTAMP,
  PRIMARY KEY (`id`) USING BTREE,
  UNIQUE KEY `keyword_search_num_id_uindex` (`id`) USING BTREE
) ENGINE=InnoDB AUTO_INCREMENT=562 DEFAULT CHARSET=utf8 ROW_FORMAT=DYNAMIC COMMENT='搜索关键词+次数记录表';
/*!40101 SET character_set_client = @saved_cs_client */;

--
-- Dumping data for table `keyword_search_num`
--

LOCK TABLES `keyword_search_num` WRITE;
/*!40000 ALTER TABLE `keyword_search_num` DISABLE KEYS */;
INSERT INTO `keyword_search_num` VALUES (1,'榴莲壳',17,'2019-07-15 15:34:53'),(2,'污损塑料',13,'2019-07-16 08:34:31'),(3,'餐巾纸',11,'2019-07-16 08:37:35'),(4,'尼龙制品',47,'2019-07-16 08:38:05'),(5,'椰子壳',21,'2019-07-16 08:56:42'),(6,'狗尿垫',8,'2019-07-16 08:56:46'),(7,'污损纸张',47,'2019-07-16 09:19:21'),(8,'卫生间用纸',11,'2019-07-16 09:46:06'),(9,'苹果',99,'2019-07-16 09:46:25'),(10,'防碎气泡膜',12,'2019-07-16 10:02:17'),(11,'烟蒂',14,'2019-07-16 10:03:28'),(12,'电脑',41,'2019-07-16 10:04:40'),(13,'硬贝壳',21,'2019-07-16 10:10:23'),(14,'默认关键字',2,'2019-07-16 10:16:24'),(15,'干燥剂',12,'2019-07-19 10:02:01'),(16,'核桃壳',29,'2019-07-21 03:14:19'),(17,'核桃',2,'2019-07-21 03:16:11'),(18,'榴莲核',24,'2019-07-21 03:28:57'),(19,'干燥剂1',1,'2019-07-21 04:07:43'),(20,'猫砂',13,'2019-07-21 06:15:46'),(21,'干电池',57,'2019-07-21 07:34:00'),(22,'编织袋',18,'2019-07-21 08:53:04'),(23,'剩饭残渣',13,'2019-07-21 08:53:24'),(24,'大骨头',15,'2019-07-21 08:53:50'),(25,'玉米衣',12,'2019-07-21 09:21:18'),(26,'牛骨头',18,'2019-07-21 09:23:11'),(27,'外卖',3,'2019-07-21 09:35:38'),(28,'马克杯',31,'2019-07-21 09:38:10'),(29,'罗祥',1,'2019-07-21 09:38:32'),(30,'猫',18,'2019-07-21 09:39:00'),(31,'啊哈',1,'2019-07-21 09:39:15'),(32,'硬果壳',13,'2019-07-21 09:45:17'),(33,'电池',5,'2019-07-21 09:57:35'),(34,'鼠标',14,'2019-07-21 11:12:24'),(35,'菠萝蜜核',21,'2019-07-21 13:06:22'),(36,'你好',4,'2019-07-21 13:10:56'),(37,'一次性餐具',15,'2019-07-21 13:13:16'),(38,'键盘',40,'2019-07-21 13:13:38'),(39,'甘蔗',4,'2019-07-21 14:12:56'),(40,'陶瓷制品',16,'2019-07-21 14:13:09'),(41,'地板砖',1,'2019-07-21 14:13:48'),(42,'花卉',1,'2019-07-21 14:13:48'),(43,'男孩',9,'2019-07-21 14:14:25'),(44,'杯子',12,'2019-07-21 14:15:49'),(45,'灰土',13,'2019-07-22 04:12:44'),(46,'工作餐',4,'2019-07-22 04:13:12'),(47,'水杯',6,'2019-07-22 04:14:08'),(48,'锅包肉',1,'2019-07-22 04:29:13'),(49,'杨枝甘露',1,'2019-07-22 14:04:51'),(50,'胶水',15,'2019-07-22 14:05:04'),(51,'我不知道',2,'2019-07-22 14:19:32'),(53,'一次性杯子',13,'2019-07-22 14:24:33'),(54,'这是什么西瓜？',1,'2019-07-22 14:24:54'),(55,'你是一个瓜皮',1,'2019-07-22 14:25:02'),(56,'那个就是',3,'2019-07-22 14:33:36'),(57,'那是什么？',2,'2019-07-22 14:33:45'),(58,'这个就是',1,'2019-07-22 14:33:59'),(59,'只有我的能够完美适配',1,'2019-07-22 14:34:54'),(60,'123',1,'2019-07-22 16:11:43'),(61,'刘敏是个大傻子',1,'2019-07-22 16:19:21'),(62,'你是一个垃圾人',1,'2019-07-22 16:39:26'),(63,'手提袋',50,'2019-07-23 14:06:50'),(64,'魔方',1,'2019-07-23 14:11:36'),(65,'玩具',112,'2019-07-23 14:12:06'),(66,'图像素材',2,'2019-07-23 14:12:47'),(67,'苹',2,'2019-07-23 14:46:22'),(68,'厨房',9,'2019-07-23 16:14:04'),(69,'85度c',1,'2019-07-23 16:16:25'),(70,'公共标示',1,'2019-07-23 16:22:55'),(71,'文字图片',1,'2019-07-23 16:23:04'),(72,'盆栽植物',5,'2019-07-23 16:23:42'),(73,'茶几桌',1,'2019-07-23 16:25:47'),(74,'购物袋',1,'2019-07-23 16:25:59'),(75,'毛发',14,'2019-07-23 16:56:14'),(76,'台式电脑',5,'2019-07-24 01:39:42'),(77,'奶盖',1,'2019-07-24 02:27:37'),(78,'奶茶杯',5,'2019-07-24 02:27:46'),(79,'奶茶',11,'2019-07-24 02:27:57'),(80,'塑料杯',1,'2019-07-24 02:28:05'),(81,'尿不湿',13,'2019-07-24 02:28:57'),(82,'手写板',2,'2019-07-24 02:29:55'),(83,'甘蔗皮',15,'2019-07-24 02:30:39'),(84,'洗手液',1,'2019-07-24 02:31:36'),(85,'包',2,'2019-07-24 02:33:03'),(86,'高跟鞋',1,'2019-07-24 02:33:13'),(87,'眼镜',14,'2019-07-24 02:33:55'),(88,'橡皮泥',12,'2019-07-24 02:34:44'),(89,'生蚝壳',5,'2019-07-24 02:36:22'),(90,'生蚝',4,'2019-07-24 02:36:31'),(91,'猫粮',1,'2019-07-24 02:36:54'),(92,'矿泉水瓶',3,'2019-07-24 02:37:31'),(93,'矿泉水',1,'2019-07-24 02:37:36'),(94,'竹篮',9,'2019-07-24 02:39:10'),(95,'毛巾',9,'2019-07-24 02:41:40'),(96,'短袖衫',2,'2019-07-24 02:42:15'),(97,'前男友',2,'2019-07-24 02:42:22'),(98,'砖石材',5,'2019-07-24 02:42:59'),(99,'运动鞋',4,'2019-07-24 02:44:12'),(100,'袋子',2,'2019-07-24 02:44:16'),(101,'西瓜',3,'2019-07-24 02:44:52'),(102,'纸巾',13,'2019-07-24 02:48:48'),(103,'教室',4,'2019-07-24 02:50:50'),(104,'水火箭',2,'2019-07-24 02:54:14'),(105,'剪刀',2,'2019-07-24 02:58:50'),(106,'碗',3,'2019-07-24 02:59:29'),(107,'保温杯',4,'2019-07-24 03:00:54'),(108,'塑料袋',8,'2019-07-24 03:01:17'),(109,'炉渣',11,'2019-07-24 03:11:04'),(110,'玉米',1,'2019-07-24 03:11:11'),(111,'我',2,'2019-07-24 03:15:21'),(112,'渣男',4,'2019-07-24 03:15:33'),(113,'天堂伞',11,'2019-07-24 03:16:42'),(114,'毛笔',9,'2019-07-24 03:16:47'),(115,'女人',1,'2019-07-24 03:16:55'),(116,'避孕套',12,'2019-07-24 03:17:02'),(117,'水壶',4,'2019-07-24 03:17:36'),(118,'里脊肉',1,'2019-07-24 03:19:39'),(119,'赵艺萌',1,'2019-07-24 03:20:32'),(120,'陈智',1,'2019-07-24 03:20:41'),(121,'显示器屏幕',1,'2019-07-24 03:21:29'),(122,'大酱汤',2,'2019-07-24 03:24:01'),(123,'米',8,'2019-07-24 03:24:30'),(124,'婴儿',1,'2019-07-24 03:26:49'),(125,'美女',5,'2019-07-24 03:26:53'),(126,'门',4,'2019-07-24 03:29:53'),(127,'窗户',1,'2019-07-24 03:29:58'),(128,'公司',1,'2019-07-24 03:30:11'),(129,'绿豆',5,'2019-07-24 03:30:58'),(130,'王一博',1,'2019-07-24 03:32:33'),(131,'玻璃砖',1,'2019-07-24 03:32:54'),(132,'吉娃娃',1,'2019-07-24 03:33:10'),(133,'包装袋/盒',6,'2019-07-24 03:33:47'),(134,'菜肴',7,'2019-07-24 03:33:58'),(135,'黄金',1,'2019-07-24 03:35:12'),(136,'哈哈哈',1,'2019-07-24 03:37:24'),(137,'人物特写',13,'2019-07-24 03:45:29'),(138,'茶叶',3,'2019-07-24 03:52:22'),(139,'头发',4,'2019-07-24 03:52:46'),(140,'骨头',2,'2019-07-24 03:52:49'),(141,'唐运东',2,'2019-07-24 03:53:50'),(142,'鸡蛋壳',5,'2019-07-24 03:54:26'),(143,'植物',6,'2019-07-24 03:54:53'),(144,'蔬菜',2,'2019-07-24 03:55:24'),(145,'文字图',1,'2019-07-24 03:58:07'),(146,'参观券',2,'2019-07-24 03:58:13'),(147,'狗',2,'2019-07-24 03:58:40'),(148,'热水瓶',2,'2019-07-24 03:59:13'),(149,'啤酒罐',2,'2019-07-24 03:59:16'),(150,'哈士奇',1,'2019-07-24 04:00:07'),(151,'狗毛',1,'2019-07-24 04:00:20'),(152,'鸡蛋',3,'2019-07-24 04:00:48'),(153,'面条',4,'2019-07-24 04:01:30'),(154,'筷子',9,'2019-07-24 04:02:43'),(155,'面包',3,'2019-07-24 04:03:32'),(156,'耳机',5,'2019-07-24 04:04:45'),(157,'电子产品',1,'2019-07-24 04:05:03'),(158,'粉底',1,'2019-07-24 04:09:28'),(159,'粉底霜',1,'2019-07-24 04:09:36'),(160,'粉底液',5,'2019-07-24 04:09:41'),(161,'姨妈巾',1,'2019-07-24 04:10:14'),(162,'卫生巾',1,'2019-07-24 04:10:23'),(163,'玻璃杯',4,'2019-07-24 04:10:36'),(164,'发卡',1,'2019-07-24 04:10:53'),(165,'辣椒',1,'2019-07-24 04:11:21'),(166,'剩菜剩饭',2,'2019-07-24 04:11:47'),(167,'剩菜',2,'2019-07-24 04:11:56'),(168,'剩饭剩',1,'2019-07-24 04:12:09'),(169,'硬币',1,'2019-07-24 04:16:03'),(170,'办公桌',1,'2019-07-24 04:17:49'),(171,'粥',1,'2019-07-24 04:24:00'),(172,'帽子',1,'2019-07-24 04:24:08'),(173,'花盆',11,'2019-07-24 04:26:43'),(174,'古力娜扎',3,'2019-07-24 04:28:54'),(175,'手机',3,'2019-07-24 04:29:46'),(176,'百事可乐饮料',1,'2019-07-24 04:30:19'),(177,'女朋友',6,'2019-07-24 04:31:30'),(178,'大便',4,'2019-07-24 04:31:44'),(179,'屎',2,'2019-07-24 04:32:00'),(180,'猪肉',7,'2019-07-24 04:32:38'),(181,'戒指',2,'2019-07-24 04:32:43'),(182,'塑料',2,'2019-07-24 04:32:59'),(183,'塑料玩具',2,'2019-07-24 04:33:14'),(184,'建筑',2,'2019-07-24 04:35:08'),(185,'打火机',9,'2019-07-24 04:36:17'),(186,'猪骨头',1,'2019-07-24 04:38:20'),(187,'虾壳',2,'2019-07-24 04:40:40'),(188,'软件',1,'2019-07-24 04:52:22'),(189,'雨伞',6,'2019-07-24 05:04:27'),(190,'锁',2,'2019-07-24 05:04:45'),(191,'废锁头',1,'2019-07-24 05:04:55'),(192,'刘诗琪',2,'2019-07-24 05:05:40'),(193,'麻理',1,'2019-07-24 05:05:50'),(194,'御坂美琴',1,'2019-07-24 05:06:03'),(195,'东西',5,'2019-07-24 05:08:33'),(196,'工艺品',1,'2019-07-24 05:09:10'),(197,'网线',2,'2019-07-24 05:12:43'),(198,'化妆品',3,'2019-07-24 05:13:01'),(199,'瓶子',7,'2019-07-24 05:13:10'),(200,'牙签',8,'2019-07-24 05:19:20'),(201,'鱼骨头',2,'2019-07-24 05:21:04'),(202,'外卖盒',2,'2019-07-24 05:22:57'),(203,'美妆',1,'2019-07-24 05:23:01'),(204,'餐盒',1,'2019-07-24 05:23:06'),(205,'高沛',1,'2019-07-24 05:30:13'),(206,'伞',9,'2019-07-24 05:31:58'),(207,'男',1,'2019-07-24 05:45:51'),(208,'女',1,'2019-07-24 05:46:04'),(209,'鸭',1,'2019-07-24 05:48:44'),(210,'安全套',3,'2019-07-24 06:12:06'),(211,'虾',1,'2019-07-24 06:12:20'),(212,'触控板',4,'2019-07-24 06:13:38'),(213,'牙膏',10,'2019-07-24 06:14:37'),(214,'凉鞋',2,'2019-07-24 06:16:14'),(215,'瓶装饮料',6,'2019-07-24 06:16:18'),(216,'可口可乐',1,'2019-07-24 06:16:29'),(217,'手掌',6,'2019-07-24 06:19:03'),(218,'脱毛器',1,'2019-07-24 06:21:42'),(219,'充电器',3,'2019-07-24 06:22:04'),(220,'胶带',9,'2019-07-24 06:22:34'),(221,'饮料',3,'2019-07-24 06:29:00'),(222,'珍珠奶茶',4,'2019-07-24 06:29:14'),(223,'口红',1,'2019-07-24 06:30:13'),(224,'狗屎',3,'2019-07-24 06:33:31'),(225,'拖鞋',3,'2019-07-24 06:35:07'),(226,'瓶饮',1,'2019-07-24 06:35:14'),(227,'瓶装',2,'2019-07-24 06:35:41'),(228,'瓶',1,'2019-07-24 06:35:48'),(229,'塑料瓶',2,'2019-07-24 06:35:49'),(230,'医用手套',1,'2019-07-24 06:39:17'),(231,'篮球',1,'2019-07-24 06:39:46'),(232,'树叶',2,'2019-07-24 06:40:19'),(233,'枣',2,'2019-07-24 06:41:53'),(234,'卡通动漫人物',1,'2019-07-24 06:42:05'),(235,'水饺',1,'2019-07-24 06:42:29'),(236,'鸟类',2,'2019-07-24 06:43:11'),(237,'鸡饭',1,'2019-07-24 06:43:25'),(238,'果珍',3,'2019-07-24 06:43:53'),(239,'落地扇',3,'2019-07-24 06:43:55'),(240,'污垢',1,'2019-07-24 06:44:28'),(241,'纸',2,'2019-07-24 06:44:57'),(242,'卫生纸',3,'2019-07-24 06:45:01'),(243,'平板手机',4,'2019-07-24 06:45:47'),(244,'按键手机',1,'2019-07-24 06:45:51'),(245,'纸盒子',2,'2019-07-24 06:45:56'),(246,'纸盒',1,'2019-07-24 06:46:01'),(247,'人民币',1,'2019-07-24 06:46:44'),(248,'米饭',7,'2019-07-24 06:46:57'),(249,'食物',2,'2019-07-24 06:49:28'),(250,'护肤品',1,'2019-07-24 06:51:07'),(251,'牙签盒',3,'2019-07-24 06:51:13'),(252,'一次性用品',3,'2019-07-24 06:51:33'),(253,'草稿纸',1,'2019-07-24 06:52:30'),(254,'纸巾，纸巾',1,'2019-07-24 06:52:54'),(255,'咸鸭蛋',2,'2019-07-24 06:52:58'),(256,'镜子',8,'2019-07-24 06:53:07'),(257,'书',2,'2019-07-24 06:53:11'),(258,'被子',1,'2019-07-24 06:53:19'),(259,'笔记本电脑',5,'2019-07-24 06:53:28'),(260,'果皮',2,'2019-07-24 06:53:30'),(261,'人屎',1,'2019-07-24 06:59:03'),(262,'农夫山泉矿泉水',2,'2019-07-24 07:03:00'),(263,'铅笔',2,'2019-07-24 07:05:03'),(264,'湿纸',2,'2019-07-24 07:06:24'),(265,'桌子',1,'2019-07-24 07:18:17'),(266,'太空沙',7,'2019-07-24 07:23:07'),(267,'男朋友',4,'2019-07-24 07:23:44'),(268,'男士包',1,'2019-07-24 07:25:11'),(269,'汽车内饰',2,'2019-07-24 07:25:17'),(270,'腿',1,'2019-07-24 07:25:50'),(271,'咖啡',1,'2019-07-24 07:29:45'),(272,'地沟油',2,'2019-07-24 07:29:47'),(273,'油',1,'2019-07-24 07:29:59'),(274,'纸张',3,'2019-07-24 07:33:55'),(275,'蔡道峰',1,'2019-07-24 07:34:06'),(276,'糖果',1,'2019-07-24 07:42:15'),(277,'米线',3,'2019-07-24 07:42:27'),(278,'头',2,'2019-07-24 07:43:04'),(279,'简笔画',2,'2019-07-24 07:46:21'),(280,'纸品湿巾',3,'2019-07-24 07:55:31'),(281,'维达',1,'2019-07-24 07:55:35'),(282,'饮料瓶',1,'2019-07-24 08:03:40'),(283,'笔',10,'2019-07-24 08:07:51'),(284,'熊猫卡通',1,'2019-07-24 08:15:35'),(285,'书本',14,'2019-07-24 08:16:01'),(286,'女仆',1,'2019-07-24 08:17:37'),(287,'面膜',2,'2019-07-24 08:51:16'),(288,'光疗甲',1,'2019-07-24 08:52:02'),(289,'彩色动漫',1,'2019-07-24 08:52:16'),(290,'雕像',1,'2019-07-24 08:52:58'),(291,'橡胶',2,'2019-07-24 08:56:54'),(292,'枕头',1,'2019-07-24 08:57:16'),(293,'饮料/饮品',2,'2019-07-24 08:59:20'),(294,'啤酒瓶',1,'2019-07-24 09:04:04'),(295,'我觉得',1,'2019-07-24 10:02:55'),(296,'手表',4,'2019-07-24 10:17:45'),(297,'金鱼',1,'2019-07-24 10:21:23'),(298,'死鱼',3,'2019-07-24 10:21:33'),(299,'木鱼',1,'2019-07-24 10:21:52'),(300,'飞机',1,'2019-07-24 10:22:08'),(301,'手机电池',1,'2019-07-24 10:22:16'),(302,'灵芝',1,'2019-07-24 10:23:02'),(303,'动物尸体',1,'2019-07-24 10:28:15'),(304,'烟灰缸',3,'2019-07-24 10:29:44'),(305,'椅子',1,'2019-07-24 10:30:29'),(306,'轿车',2,'2019-07-24 10:31:29'),(307,'可以可以可以可以',1,'2019-07-24 10:36:28'),(308,'黄豆',3,'2019-07-24 10:39:06'),(309,'小龙虾',3,'2019-07-24 10:44:33'),(310,'水',2,'2019-07-24 10:44:59'),(311,'葵花',1,'2019-07-24 10:49:02'),(312,'沐浴露',1,'2019-07-24 10:49:45'),(313,'串串香',1,'2019-07-24 10:51:04'),(314,'珍珠',2,'2019-07-24 10:53:57'),(315,'鲸鱼',2,'2019-07-24 10:57:39'),(316,'沙发',3,'2019-07-24 10:57:53'),(317,'粘上猫尿的猫砂',1,'2019-07-24 10:58:59'),(318,'那啥意思？',1,'2019-07-24 11:16:20'),(319,'羊肉',4,'2019-07-24 11:23:52'),(320,'防碎气泡',1,'2019-07-24 11:58:01'),(321,'香蕉皮',2,'2019-07-24 11:59:50'),(322,'咖啡渣',1,'2019-07-24 12:16:32'),(323,'陶瓷锅',1,'2019-07-24 12:16:39'),(324,'陶瓷',1,'2019-07-24 12:16:43'),(325,'牛奶',1,'2019-07-24 12:17:08'),(326,'外卖饭盒',1,'2019-07-24 12:40:41'),(327,'剩饭',1,'2019-07-24 12:41:02'),(328,'竹筷',8,'2019-07-24 12:46:58'),(329,'尿',2,'2019-07-24 13:41:53'),(330,'鸡屎',1,'2019-07-24 13:42:13'),(331,'桥梁',3,'2019-07-24 13:46:08'),(332,'条形码',1,'2019-07-24 13:46:27'),(333,'午餐肉',2,'2019-07-24 13:46:33'),(334,'那个',1,'2019-07-24 14:13:48'),(335,'红豆',2,'2019-07-24 14:17:18'),(336,'猪头',1,'2019-07-24 14:31:06'),(337,'猪',2,'2019-07-24 14:31:20'),(338,'服装',2,'2019-07-24 14:31:41'),(339,'脚',2,'2019-07-24 14:32:26'),(340,'甜品',2,'2019-07-24 14:35:40'),(341,'王八蛋',1,'2019-07-24 14:38:25'),(342,'开发的谁开发的？嗯嗯啊，谁开发的？我不认他们开发的语音还语音识别纸',1,'2019-07-24 14:50:06'),(343,'至',1,'2019-07-24 14:50:24'),(344,'我不会',2,'2019-07-24 15:38:30'),(345,'',2,'2019-07-24 15:54:00'),(346,'面',4,'2019-07-24 15:54:59'),(347,'纸箱',6,'2019-07-24 16:21:04'),(348,'Hello',1,'2019-07-24 16:27:58'),(349,'虾头',2,'2019-07-24 16:28:26'),(350,'天空',1,'2019-07-24 17:08:46'),(351,'交通信号灯',1,'2019-07-24 17:09:10'),(352,'用过的面膜',1,'2019-07-24 23:41:16'),(353,'塔扇',2,'2019-07-25 00:10:05'),(354,'湿纸巾',1,'2019-07-25 00:10:43'),(355,'山竹皮',3,'2019-07-25 00:37:45'),(356,'人脸',3,'2019-07-25 01:10:04'),(357,'秋葵',2,'2019-07-25 01:13:31'),(358,'报警仪',1,'2019-07-25 01:14:22'),(359,'鞋子',1,'2019-07-25 01:14:53'),(360,'抽纸',6,'2019-07-25 01:52:27'),(361,'瓜皮',3,'2019-07-25 02:06:05'),(362,'西瓜皮',3,'2019-07-25 02:06:12'),(363,'炸弹',1,'2019-07-25 02:07:02'),(364,'车轱辘',1,'2019-07-25 02:07:47'),(365,'车轮',1,'2019-07-25 02:07:55'),(366,'硬纸板',1,'2019-07-25 02:08:06'),(367,'屏幕截图',3,'2019-07-25 02:09:47'),(368,'小米',1,'2019-07-25 02:10:18'),(369,'健康监测',1,'2019-07-25 02:14:39'),(370,'智能家居',1,'2019-07-25 02:14:47'),(371,'图画',1,'2019-07-25 02:26:22'),(372,'烧录卡',2,'2019-07-25 02:58:07'),(373,'草莓',1,'2019-07-25 03:25:23'),(374,'苹果皮',1,'2019-07-25 04:42:24'),(375,'王松烨',1,'2019-07-25 04:53:29'),(376,'李亭立',1,'2019-07-25 04:53:38'),(377,'方便面',3,'2019-07-25 04:53:48'),(378,'酸菜鱼',2,'2019-07-25 04:53:56'),(379,'生饭',1,'2019-07-25 04:54:07'),(380,'生米饭',1,'2019-07-25 04:54:17'),(381,'开心果',11,'2019-07-25 04:54:50'),(382,'水果',1,'2019-07-25 05:22:29'),(383,'绿葡萄',1,'2019-07-25 05:22:34'),(384,'数据线',1,'2019-07-25 06:11:12'),(385,'大毛笔',1,'2019-07-25 06:38:01'),(386,'硬茶叶',1,'2019-07-25 06:38:40'),(387,'狗粮',1,'2019-07-25 06:38:59'),(388,'螺蛳粉',1,'2019-07-25 06:48:02'),(389,'螺蛳粉外卖盒',1,'2019-07-25 06:48:25'),(390,'邓添元',1,'2019-07-25 06:57:10'),(391,'笔记本',1,'2019-07-25 06:59:42'),(392,'陶瓷/马克杯',1,'2019-07-25 07:03:39'),(393,'指甲刀',1,'2019-07-25 07:12:25'),(394,'玉米壳',1,'2019-07-25 07:12:41'),(395,'家装建材',1,'2019-07-25 07:22:36'),(396,'怡宝矿泉水',2,'2019-07-25 07:52:20'),(397,'矿泉水-怡宝矿泉水',1,'2019-07-25 07:52:27'),(398,'桃核',1,'2019-07-25 09:49:29'),(399,'晴天娃娃',1,'2019-07-25 09:52:55'),(400,'扭扭车',1,'2019-07-25 09:53:03'),(401,'背包',2,'2019-07-25 10:02:54'),(402,'容器',2,'2019-07-25 11:33:34'),(403,'粥盒',1,'2019-07-25 11:35:53'),(404,'充电宝',3,'2019-07-25 11:36:21'),(405,'大棒骨',1,'2019-07-25 11:37:19'),(406,'人肉',1,'2019-07-25 12:39:25'),(407,'鞋',18,'2019-07-25 13:15:48'),(408,'药品',2,'2019-07-25 15:06:11'),(409,'街道',1,'2019-07-25 15:08:21'),(410,'白云',1,'2019-07-25 15:08:26'),(411,'钱包/卡包',1,'2019-07-26 00:41:50'),(412,'肮脏塑料袋',2,'2019-07-26 00:59:30'),(413,'内裤',1,'2019-07-26 01:05:02'),(414,'纽扣',2,'2019-07-26 01:06:29'),(415,'鸭脖',2,'2019-07-26 01:07:11'),(416,'重辣五号',1,'2019-07-26 01:09:00'),(417,'皮卡丘',1,'2019-07-26 01:09:51'),(418,'猪大肠',1,'2019-07-26 01:10:13'),(419,'钠',1,'2019-07-26 01:10:56'),(420,'人',2,'2019-07-26 01:11:47'),(421,'樟脑丸',1,'2019-07-26 01:12:24'),(422,'豆子',5,'2019-07-26 02:48:51'),(423,'牛奶盒',2,'2019-07-26 02:50:14'),(424,'果汁盒',2,'2019-07-26 02:50:27'),(425,'果核',2,'2019-07-26 03:05:31'),(426,'李子核',1,'2019-07-26 03:05:48'),(427,'芒果核',1,'2019-07-26 03:06:18'),(428,'烟头',3,'2019-07-26 03:07:12'),(429,'烟',2,'2019-07-26 03:08:37'),(430,'佩服',1,'2019-07-26 03:16:06'),(431,'可降解垃圾袋',1,'2019-07-26 03:25:53'),(432,'垃圾袋',1,'2019-07-26 03:25:59'),(433,'竹制凉席',2,'2019-07-26 06:33:44'),(434,'包装袋',2,'2019-07-26 14:23:24'),(435,'塑料包装袋',1,'2019-07-26 14:24:10'),(436,'@@::@@',8,'2019-07-26 16:34:32'),(437,'花生',2,'2019-07-26 23:36:08'),(438,'枣核',1,'2019-07-27 08:41:51'),(439,'核',1,'2019-07-27 08:42:32'),(440,'多肉植物',1,'2019-07-27 09:43:44'),(441,'酸奶',7,'2019-07-27 09:43:53'),(442,'玻璃瓶',2,'2019-07-27 11:07:58'),(443,'龙虾壳',1,'2019-07-27 11:11:37'),(444,'酱油瓶',1,'2019-07-27 11:14:28'),(445,'玻璃',2,'2019-07-27 11:15:10'),(446,'11',1,'2019-07-28 02:51:02'),(447,'眼影',1,'2019-07-28 08:57:44'),(448,'呕吐物',1,'2019-07-29 06:05:23'),(449,'开心果壳',8,'2019-07-30 02:39:53'),(450,'鱿鱼',1,'2019-07-30 04:26:03'),(451,'天',1,'2019-07-30 04:26:18'),(452,'旋钮',1,'2019-07-30 04:27:51'),(453,'猪肝',2,'2019-07-30 07:35:08'),(454,'鱼骨',1,'2019-07-30 08:43:03'),(455,'陶瓷杯',1,'2019-07-30 09:31:26'),(456,'情趣内衣，什么垃圾？',1,'2019-07-30 09:58:39'),(457,'衣服是什么垃圾？',1,'2019-07-30 09:58:48'),(458,'纸巾是什么东西？',1,'2019-07-30 09:58:59'),(459,'电池是什么垃圾？',1,'2019-07-30 09:59:08'),(460,'胶布',2,'2019-07-30 10:23:20'),(461,'不是',1,'2019-07-30 10:25:08'),(462,'土豆',2,'2019-07-30 10:25:20'),(463,'龙虾',1,'2019-07-30 11:58:24'),(464,'石锅鱼',3,'2019-07-31 07:59:51'),(465,'塑料球',1,'2019-07-31 09:08:32'),(466,'口香糖',1,'2019-07-31 10:19:54'),(467,'塑料盒',1,'2019-07-31 10:20:07'),(468,'电视背景墙',3,'2019-07-31 10:57:06'),(469,'平板电脑',1,'2019-07-31 13:56:06'),(470,'固体胶',3,'2019-08-01 02:38:07'),(471,'葡萄',1,'2019-08-01 12:59:10'),(472,'玉米棒',1,'2019-08-02 00:25:45'),(473,'胭脂红',1,'2019-08-02 01:50:14'),(474,'饮水器',1,'2019-08-02 01:50:26'),(475,'马铃薯',1,'2019-08-02 01:50:45'),(476,'芒果',3,'2019-08-02 01:50:48'),(477,'鱼类',1,'2019-08-02 01:51:41'),(478,'润滑油',2,'2019-08-02 11:09:58'),(479,'西瓜籽',1,'2019-08-03 07:39:08'),(480,'贝壳',1,'2019-08-04 06:55:54'),(481,'过期零食',1,'2019-08-04 12:53:29'),(482,'过期',2,'2019-08-04 12:53:36'),(483,'零食',1,'2019-08-04 12:53:44'),(484,'吊顶',1,'2019-08-05 05:30:59'),(485,'粉彩山水',2,'2019-08-05 05:31:29'),(486,'油画',3,'2019-08-05 05:32:03'),(487,'积极',1,'2019-08-05 09:58:02'),(488,'辣条',1,'2019-08-05 15:46:24'),(489,'雪糕',1,'2019-08-05 15:46:48'),(490,'睫毛膏',1,'2019-08-06 02:50:32'),(491,'饼干',3,'2019-08-06 02:50:51'),(492,'饮料塑料瓶',1,'2019-08-06 04:18:50'),(493,'桃子皮',1,'2019-08-07 07:45:52'),(494,'鱼',1,'2019-08-08 02:28:26'),(495,'医生',2,'2019-08-08 07:46:18'),(496,'美容器',1,'2019-08-08 11:09:26'),(497,'笔芯',1,'2019-08-12 09:25:00'),(498,'傻逼',1,'2019-08-14 01:46:49'),(499,'捏手办的橡皮泥',1,'2019-08-16 06:57:53'),(500,'精子',1,'2019-08-17 02:26:00'),(501,'出于垃圾',1,'2019-08-17 02:45:08'),(502,'牛肉',2,'2019-08-17 02:45:26'),(503,'烟盒',1,'2019-08-19 03:44:14'),(504,'汽水瓶',2,'2019-08-20 07:54:36'),(505,'布绒玩具',1,'2019-08-21 09:01:03'),(506,'鸡骨头',1,'2019-08-23 02:51:09'),(507,'苹果核',1,'2019-08-24 11:03:01'),(508,'鸭肉',1,'2019-08-24 15:02:28'),(509,'粪便',1,'2019-08-26 03:07:52'),(510,'口水',1,'2019-08-26 03:08:52'),(511,'唾液',2,'2019-08-26 03:08:58'),(512,'鼻涕',1,'2019-08-26 03:09:09'),(513,'尿包',1,'2019-08-26 06:35:11'),(514,'空心菜',1,'2019-08-26 09:50:34'),(515,'电视机',3,'2019-08-28 01:14:14'),(516,'超级星光大道',1,'2019-08-28 01:14:25'),(517,'鞋套',1,'2019-08-29 03:36:31'),(518,'章鱼',1,'2019-08-29 04:00:10'),(519,'车',1,'2019-08-29 04:01:08'),(520,'行车记录仪',1,'2019-08-29 04:01:12'),(521,'居家室内',2,'2019-08-29 06:17:54'),(522,'女孩',1,'2019-08-29 06:18:18'),(523,'卷心菜',1,'2019-08-29 06:46:42'),(524,'一次性塑料杯',1,'2019-08-29 14:28:04'),(525,'早饭饭盒',1,'2019-08-29 14:28:15'),(526,'塑料吸管',2,'2019-08-30 00:36:41'),(527,'吸管',2,'2019-08-30 00:36:54'),(528,'蟑螂屋',1,'2019-08-30 02:30:53'),(529,'蟑螂',1,'2019-08-30 02:31:03'),(530,'方便面袋',1,'2019-08-31 12:34:42'),(531,'方便面盒',2,'2019-08-31 12:34:53'),(532,'过期化妆品',1,'2019-08-31 16:20:04'),(533,'酸奶利乐包装盒',1,'2019-09-01 03:18:11'),(534,'透明熟料包装袋',1,'2019-09-01 05:30:05'),(535,'透明塑料包装',2,'2019-09-01 05:30:20'),(536,'塑料包装',1,'2019-09-01 05:30:26'),(537,'塑料包装纸',1,'2019-09-01 05:30:28'),(538,'香蕉',1,'2019-09-01 07:50:03'),(539,'核桃皮',1,'2019-09-01 16:25:49'),(540,'咖喱',1,'2019-09-02 07:15:49'),(541,'方便面（袋装）',1,'2019-09-02 07:15:55'),(542,'鞠余林',1,'2019-09-03 01:43:39'),(543,'旺仔牛奶',1,'2019-09-03 02:55:29'),(544,'牛奶罐',1,'2019-09-03 02:55:42'),(545,'手巾',1,'2019-09-03 07:50:44'),(546,'泡面桶',1,'2019-09-03 12:13:58'),(547,'泡面',1,'2019-09-03 12:14:06'),(548,'方便吗',1,'2019-09-03 12:14:18'),(549,'方便',1,'2019-09-03 12:14:21'),(550,'手办',1,'2019-09-04 02:46:03'),(551,'嗯嗯',1,'2019-09-04 09:20:19'),(552,'本册/便签',1,'2019-09-04 09:20:48'),(553,'居民楼',2,'2019-09-04 09:22:02'),(554,'垃圾桶',1,'2019-09-04 14:33:36'),(555,'湿豆浆杯',1,'2019-09-05 00:42:28'),(556,'豆浆纸杯',1,'2019-09-05 00:42:38'),(557,'纸杯',1,'2019-09-05 00:42:43'),(558,'桌菜',1,'2019-09-05 07:04:19'),(559,'妈妈',1,'2019-09-05 07:07:02'),(560,'泰山香烟',1,'2019-09-06 07:31:44'),(561,'黄金叶香烟',2,'2019-09-08 11:12:47');
/*!40000 ALTER TABLE `keyword_search_num` ENABLE KEYS */;
UNLOCK TABLES;

--
-- Table structure for table `question_bank`
--

DROP TABLE IF EXISTS `question_bank`;
/*!40101 SET @saved_cs_client     = @@character_set_client */;
/*!40101 SET character_set_client = utf8 */;
CREATE TABLE `question_bank` (
  `question_id` int NOT NULL AUTO_INCREMENT COMMENT 'id',
  `garbage_type` tinyint DEFAULT '2' COMMENT '垃圾类型',
  `garbage_name` varchar(50) CHARACTER SET utf8 COLLATE utf8_general_ci DEFAULT NULL COMMENT '垃圾名称',
  `analysis` varchar(255) CHARACTER SET utf8 COLLATE utf8_general_ci DEFAULT NULL COMMENT '解析',
  `remark` varchar(200) CHARACTER SET utf8 COLLATE utf8_general_ci DEFAULT NULL COMMENT '备注',
  PRIMARY KEY (`question_id`) USING BTREE,
  UNIQUE KEY `question_bank_question_id_uindex` (`question_id`) USING BTREE,
  UNIQUE KEY `question_bank_garbage_name_uindex` (`garbage_name`) USING BTREE
) ENGINE=InnoDB AUTO_INCREMENT=824 DEFAULT CHARSET=utf8 ROW_FORMAT=DYNAMIC COMMENT='题库表';
/*!40101 SET character_set_client = @saved_cs_client */;

--
-- Dumping data for table `question_bank`
--

LOCK TABLES `question_bank` WRITE;
/*!40000 ALTER TABLE `question_bank` DISABLE KEYS */;
INSERT INTO `question_bank` VALUES (1,1,'纸巾','','纸巾不要乱丢呀，会污染环境'),(2,2,'剩饭残渣',NULL,NULL),(3,3,'电脑',NULL,'可回收哟'),(4,4,'干电池',NULL,'有害垃圾哟'),(5,1,'餐巾纸',NULL,NULL),(6,1,'卫生间用纸',NULL,NULL),(7,1,'尿不湿',NULL,NULL),(8,1,'猫砂',NULL,NULL),(9,1,'狗尿垫',NULL,NULL),(10,1,'污损纸张',NULL,NULL),(11,1,'烟蒂',NULL,NULL),(12,1,'干燥剂',NULL,NULL),(13,1,'污损塑料',NULL,NULL),(14,1,'尼龙制品',NULL,NULL),(15,1,'编织袋',NULL,NULL),(16,1,'防碎气泡膜',NULL,NULL),(17,1,'大骨头',NULL,NULL),(18,1,'硬贝壳',NULL,NULL),(19,1,'硬果壳',NULL,NULL),(20,1,'椰子壳',NULL,NULL),(21,1,'榴莲壳',NULL,NULL),(22,1,'核桃壳',NULL,NULL),(23,1,'玉米衣',NULL,NULL),(24,1,'甘蔗皮',NULL,NULL),(25,1,'榴莲核',NULL,NULL),(26,1,'菠萝蜜核',NULL,NULL),(27,1,'牛骨头',NULL,NULL),(28,1,'毛发',NULL,NULL),(29,1,'灰土',NULL,NULL),(30,1,'炉渣',NULL,NULL),(31,1,'橡皮泥',NULL,NULL),(32,1,'太空沙',NULL,NULL),(33,1,'胶水',NULL,NULL),(34,1,'胶带',NULL,NULL),(35,1,'花盆',NULL,NULL),(36,1,'毛巾',NULL,NULL),(37,1,'一次性餐具',NULL,NULL),(38,1,'一次性杯子',NULL,NULL),(39,1,'镜子',NULL,NULL),(40,1,'陶瓷制品',NULL,NULL),(41,1,'竹篮',NULL,NULL),(42,1,'竹筷',NULL,NULL),(43,1,'牙签',NULL,NULL),(44,1,'筷子',NULL,NULL),(45,1,'伞',NULL,NULL),(46,1,'雨伞',NULL,NULL),(47,1,'天堂伞',NULL,NULL),(48,1,'笔',NULL,NULL),(49,1,'铅笔',NULL,NULL),(50,1,'毛笔',NULL,NULL),(51,1,'眼镜',NULL,NULL),(52,1,'打火机',NULL,'干垃圾哟'),(53,1,'生蚝壳',NULL,NULL),(54,1,'烟盒',NULL,NULL),(55,1,'开心果',NULL,NULL),(56,2,'米',NULL,NULL),(57,2,'米饭',NULL,NULL),(58,2,'面',NULL,NULL),(59,2,'面包',NULL,NULL),(60,2,'面条',NULL,NULL),(61,2,'豆子',NULL,NULL),(62,2,'黄豆',NULL,NULL),(63,2,'红豆',NULL,NULL),(64,2,'绿豆',NULL,NULL),(65,2,'鸡肉',NULL,NULL),(66,2,'鸭肉',NULL,NULL),(67,2,'猪肉',NULL,NULL),(68,2,'牛肉',NULL,NULL),(69,2,'羊肉',NULL,NULL),(70,2,'鸡蛋',NULL,NULL),(71,2,'鸭蛋',NULL,NULL),(72,2,'咸鸭蛋',NULL,NULL),(73,2,'猪肝',NULL,NULL),(74,2,'腊肉',NULL,NULL),(75,2,'午餐肉',NULL,NULL),(76,2,'里脊肉',NULL,NULL),(77,2,'蛋壳',NULL,NULL),(78,2,'鱼',NULL,NULL),(79,2,'虾',NULL,NULL),(80,2,'鱼鳞',NULL,NULL),(81,2,'虾头',NULL,NULL),(82,2,'虾仁',NULL,NULL),(83,2,'虾壳',NULL,NULL),(84,2,'鱿鱼',NULL,NULL),(85,2,'章鱼',NULL,NULL),(86,2,'墨鱼',NULL,NULL),(87,2,'蔬菜',NULL,NULL),(88,2,'绿叶菜',NULL,NULL),(89,2,'空心菜',NULL,NULL),(90,2,'卷心菜',NULL,NULL),(91,2,'蘑菇',NULL,NULL),(92,2,'香菇',NULL,NULL),(93,2,'调料',NULL,NULL),(94,2,'酱料',NULL,NULL),(95,2,'老干妈调料酱',NULL,NULL),(96,2,'火锅锅底',NULL,NULL),(97,2,'鱼骨',NULL,NULL),(98,2,'茶叶',NULL,NULL),(99,2,'咖啡渣',NULL,NULL),(100,2,'糕点',NULL,NULL),(101,2,'糖果',NULL,NULL),(102,2,'肉干',NULL,NULL),(103,2,'牛肉干',NULL,NULL),(104,2,'羊肉干',NULL,NULL),(105,2,'红枣',NULL,NULL),(106,2,'中药材',NULL,NULL),(107,2,'面粉',NULL,NULL),(108,2,'生粉',NULL,NULL),(109,2,'猫粮',NULL,NULL),(110,2,'狗粮',NULL,NULL),(111,2,'苹果',NULL,'苹果好吃，可不能乱丢哟苹果好吃，可不能乱丢哟苹果好吃，可不能乱丢哟苹果好吃，可不能乱丢哟苹果好吃，可不能乱丢哟'),(112,2,'水果',NULL,NULL),(113,2,'椰子肉',NULL,NULL),(114,2,'水果皮',NULL,NULL),(115,2,'西瓜皮',NULL,NULL),(116,2,'香蕉皮',NULL,NULL),(117,2,'橘子皮',NULL,NULL),(118,2,'苹果皮',NULL,NULL),(119,2,'葡萄',NULL,NULL),(120,2,'葡萄枝',NULL,NULL),(121,2,'西瓜籽',NULL,NULL),(122,2,'家养植物',NULL,NULL),(123,2,'玫瑰花',NULL,NULL),(124,1,'马克杯',NULL,NULL),(125,3,'塑料瓶',NULL,NULL),(126,1,'3D眼镜',NULL,NULL),(128,1,'冰棒皮',NULL,NULL),(129,1,'笔盖',NULL,NULL),(137,1,'钢笔',NULL,NULL),(145,1,'圆珠笔',NULL,NULL),(146,1,'方便面盒',NULL,NULL),(147,1,'粽叶',NULL,NULL),(148,1,'牙刷',NULL,NULL),(149,1,'贝壳',NULL,NULL),(150,3,'可乐瓶',NULL,NULL),(151,3,'易拉罐',NULL,NULL),(152,3,'旧书包',NULL,NULL),(153,3,'电线',NULL,NULL),(158,4,'蓄电池',NULL,NULL),(169,1,'旧浴缸',NULL,NULL),(170,1,'盆子',NULL,NULL),(171,1,'坏马桶',NULL,NULL),(172,1,'旧水槽',NULL,NULL),(174,1,'化妆刷',NULL,NULL),(175,1,'坛子',NULL,NULL),(176,1,'海绵',NULL,NULL),(177,1,'花生壳',NULL,NULL),(178,1,'菜板',NULL,NULL),(179,1,'砖块',NULL,NULL),(180,1,'卫生纸',NULL,NULL),(181,1,'篮球',NULL,NULL),(182,1,'核桃',NULL,NULL),(183,1,'杯子',NULL,NULL),(184,1,'陶瓷杯',NULL,NULL),(185,1,'一次性筷子',NULL,NULL),(186,1,'西梅核',NULL,NULL),(187,1,'坏的花盆',NULL,NULL),(188,1,'木质梳子',NULL,NULL),(189,1,'脏污衣服',NULL,NULL),(191,1,'渣土',NULL,NULL),(192,1,'湿垃圾袋',NULL,NULL),(193,1,'瓦片',NULL,NULL),(194,1,'扫把',NULL,NULL),(195,1,'纸尿裤',NULL,NULL),(196,1,'头发',NULL,NULL),(198,1,'创可贴',NULL,NULL),(204,1,'内衣裤',NULL,NULL),(205,1,'污损塑料袋',NULL,NULL),(207,2,'菜叶',NULL,NULL),(208,2,'橙皮',NULL,NULL),(209,2,'葱',NULL,NULL),(210,2,'饼干',NULL,NULL),(211,2,'番茄酱',NULL,NULL),(214,2,'马铃薯',NULL,NULL),(216,2,'甘蔗',NULL,NULL),(217,2,'玉米',NULL,NULL),(218,2,'骨头',NULL,NULL),(219,2,'鸡鹅鸭骨头',NULL,NULL),(221,2,'蛋糕',NULL,NULL),(223,2,'草莓',NULL,NULL),(224,2,'西红柿',NULL,NULL),(225,2,'梨',NULL,NULL),(226,2,'蟹壳',NULL,NULL),(228,2,'辣椒',NULL,NULL),(229,2,'巧克力',NULL,NULL),(230,2,'茄子',NULL,NULL),(231,2,'豌豆皮',NULL,NULL),(233,2,'树叶',NULL,NULL),(234,2,'剩饭剩菜',NULL,NULL),(238,2,'干果仁',NULL,NULL),(239,2,'苹果核',NULL,NULL),(240,2,'蛋糕饼干',NULL,NULL),(241,2,'动物内脏',NULL,NULL),(242,2,'鸡蛋及蛋壳',NULL,NULL),(243,2,'大米及豆类',NULL,NULL),(244,2,'中药药渣',NULL,NULL),(245,2,'动物饲料',NULL,NULL),(246,2,'花卉',NULL,NULL),(248,2,'花瓣',NULL,NULL),(249,3,'纸板箱',NULL,NULL),(250,3,'报纸',NULL,NULL),(251,3,'废弃书本',NULL,NULL),(252,3,'快递纸袋',NULL,NULL),(253,3,'打印纸',NULL,NULL),(254,3,'信封',NULL,NULL),(255,3,'广告单',NULL,NULL),(256,3,'纸塑铝复合包装',NULL,NULL),(257,3,'利乐包',NULL,NULL),(258,3,'食品与日用品塑料瓶罐及瓶盖(总)',NULL,NULL),(259,3,'饮料瓶',NULL,NULL),(260,3,'奶瓶',NULL,NULL),(261,3,'洗发水瓶',NULL,NULL),(262,3,'乳液罐',NULL,NULL),(263,3,'食用油桶',NULL,NULL),(264,3,'塑料碗',NULL,NULL),(265,3,'塑料盆',NULL,NULL),(266,3,'塑料盒子',NULL,NULL),(267,3,'食品保鲜盒',NULL,NULL),(268,3,'收纳盒',NULL,NULL),(269,3,'塑料玩具',NULL,NULL),(270,3,'塑料积木',NULL,NULL),(271,3,'塑料模型',NULL,NULL),(272,3,'塑料衣架',NULL,NULL),(273,3,'施工安全帽',NULL,NULL),(274,3,'PE- 塑料',NULL,NULL),(275,3,'pvc',NULL,NULL),(276,3,'亚克力板',NULL,NULL),(277,3,'塑料卡片',NULL,NULL),(278,3,'密胺餐具',NULL,NULL),(279,3,'kt板',NULL,NULL),(280,3,'泡沫',NULL,NULL),(281,3,'泡沫塑料',NULL,NULL),(282,3,'水果网套',NULL,NULL),(283,3,'食品及日用品玻璃瓶罐',NULL,NULL),(284,3,'调料瓶',NULL,NULL),(285,3,'酒瓶',NULL,NULL),(286,3,'化妆品瓶',NULL,NULL),(287,3,'玻璃杯',NULL,NULL),(288,3,'窗玻璃',NULL,NULL),(289,3,'玻璃制品',NULL,NULL),(290,3,'放大镜',NULL,NULL),(291,3,'玻璃摆件',NULL,NULL),(292,3,'碎玻璃',NULL,NULL),(293,3,'金属瓶罐',NULL,NULL),(295,3,'食品罐',NULL,NULL),(296,3,'食品桶',NULL,NULL),(297,3,'金属厨具',NULL,NULL),(298,3,'菜刀',NULL,NULL),(299,3,'锅',NULL,NULL),(300,3,'金属工具',NULL,NULL),(301,3,'刀片',NULL,NULL),(302,3,'指甲剪',NULL,NULL),(303,3,'螺丝刀',NULL,NULL),(304,3,'金属制品',NULL,NULL),(305,3,'铁钉',NULL,NULL),(306,3,'铁皮',NULL,NULL),(307,3,'铝箔',NULL,NULL),(308,3,'旧衣服',NULL,NULL),(309,3,'床单',NULL,NULL),(310,3,'枕头',NULL,NULL),(311,3,'棉被',NULL,NULL),(312,3,'皮鞋',NULL,NULL),(313,3,'毛绒玩具',NULL,NULL),(314,3,'布偶',NULL,NULL),(315,3,'棉袄',NULL,NULL),(316,3,'包',NULL,NULL),(317,3,'皮带',NULL,NULL),(318,3,'丝绸制品',NULL,NULL),(319,3,'电路板',NULL,NULL),(320,3,'主板',NULL,NULL),(321,3,'内存条',NULL,NULL),(322,3,'充电宝',NULL,NULL),(324,3,'插头',NULL,NULL),(325,3,'木制品',NULL,NULL),(326,3,'积木',NULL,NULL),(327,3,'砧板',NULL,NULL),(329,3,'食品罐头',NULL,NULL),(333,3,'旧鞋子',NULL,NULL),(334,3,'牛奶盒',NULL,NULL),(335,3,'旧玩偶',NULL,NULL),(336,3,'玻璃壶',NULL,NULL),(337,3,'旧铁锅',NULL,NULL),(338,3,'垃圾桶',NULL,NULL),(339,3,'旧镜子',NULL,NULL),(341,3,'塑料梳子',NULL,NULL),(342,3,'旧帽子',NULL,NULL),(343,3,'旧夹子',NULL,NULL),(344,3,'废锁头',NULL,NULL),(345,3,'牙膏皮',NULL,NULL),(346,3,'雨伞骨架',NULL,NULL),(347,3,'旧纸袋',NULL,NULL),(348,3,'纸盒',NULL,NULL),(349,3,'旧玩具',NULL,NULL),(350,4,'充电电池',NULL,NULL),(351,4,'镉镍电池',NULL,NULL),(352,4,'铅酸电池',NULL,NULL),(354,4,'纽扣电池',NULL,NULL),(355,4,'荧光（日光）灯管',NULL,NULL),(356,4,'卤素灯',NULL,NULL),(357,4,'过期药物',NULL,NULL),(358,4,'药物胶囊',NULL,NULL),(359,4,'药片',NULL,NULL),(360,4,'药品内包装',NULL,NULL),(361,4,'老鼠药（毒鼠强)',NULL,NULL),(362,4,'杀虫喷雾罐',NULL,NULL),(363,4,'废油漆桶',NULL,NULL),(364,4,'染发剂壳',NULL,NULL),(365,4,'过期的指甲油',NULL,NULL),(366,4,'洗甲水',NULL,NULL),(367,4,'废含汞温度计',NULL,NULL),(368,4,'废含汞血压计',NULL,NULL),(369,4,'水银血压计',NULL,NULL),(370,4,'水银体温计',NULL,NULL),(371,4,'水银温度计',NULL,NULL),(372,4,'x光片等感光胶片',NULL,NULL),(373,4,'相片底片',NULL,NULL),(374,4,'漆桶',NULL,NULL),(375,4,'电池',NULL,NULL),(377,4,'创口贴',NULL,NULL),(378,4,'酒精',NULL,NULL),(379,4,'调色板',NULL,NULL),(380,4,'油漆',NULL,NULL),(381,4,'过期的胶囊药物',NULL,NULL),(382,4,'温度计',NULL,NULL),(383,4,'过期药片',NULL,NULL),(384,4,'荧光灯',NULL,NULL),(386,4,'医用棉签',NULL,NULL),(387,4,'杀虫剂',NULL,NULL),(388,4,'水彩笔',NULL,NULL),(389,4,'农药瓶',NULL,NULL),(390,4,'医用纱布',NULL,NULL),(391,4,'口服液瓶',NULL,NULL),(392,4,'香水瓶',NULL,NULL),(393,4,'荧光棒',NULL,NULL),(394,4,'过期化妆品',NULL,NULL),(395,4,'发胶',NULL,NULL),(396,4,'注射器',NULL,NULL),(397,4,'废气灯泡',NULL,NULL),(398,4,'煤气罐',NULL,NULL),(399,4,'医用手套',NULL,NULL),(401,4,'镍镉电池',NULL,NULL),(405,4,'节能灯',NULL,NULL),(407,4,'药品包装',NULL,NULL),(411,4,'过期指甲油水银温度计',NULL,NULL),(415,4,'渣男',NULL,'坏坏的人，哼(￢︿̫̿￢☆)'),(416,3,'靓女',NULL,'请尽快给客服留言，我们提供免费上面回收服务'),(417,3,'靓仔',NULL,'请尽快给客服留言，我们提供免费上面回收服务'),(418,4,'渣女',NULL,'坏坏的人，哼(￢︿̫̿￢☆)'),(419,4,'前男友',NULL,'该放下的还是得放下，珍惜眼前人'),(420,4,'前女友',NULL,'该放下的还是得放下，珍惜眼前人'),(421,3,'男朋友',NULL,'有时偶尔不听话，大概是皮了，需要好好教育才能更懂你'),(422,3,'女朋友',NULL,'ta 生气的时候朵小花哄哄试试，说不定能给你一个大大的拥抱'),(423,3,'黄金',NULL,'请留下联系方式，我们将尽快上门服务'),(424,2,'鸡蛋壳',NULL,NULL),(425,3,'键盘',NULL,NULL),(426,3,'鼠标',NULL,NULL),(427,1,'奶茶杯',NULL,'喝完好喝的奶茶，记得把奶茶杯放进干垃圾桶哟'),(428,1,'口红',NULL,'美美的你和美美的口红，你是无价之宝，而口红属于干垃圾'),(429,1,'狗屎',NULL,'属于宠物粪便，不建议归入到当前垃圾分类当中；实在不便时，可包裹后投入干垃圾桶内'),(430,1,'瓶装饮料',NULL,NULL),(433,3,'塑料',NULL,NULL),(434,3,'玻璃瓶',NULL,NULL),(435,3,'玻璃',NULL,NULL),(436,3,'纸',NULL,NULL),(437,3,'衣服',NULL,NULL),(439,3,'塑料盒',NULL,NULL),(444,3,'塑料杯',NULL,NULL),(445,3,'矿泉水瓶',NULL,NULL),(447,3,'泡沫板',NULL,NULL),(448,3,'鞋子',NULL,NULL),(450,3,'纸袋',NULL,NULL),(451,3,'书本',NULL,NULL),(454,3,'泡沫箱',NULL,NULL),(457,3,'螺丝',NULL,NULL),(458,3,'被单',NULL,NULL),(460,3,'啤酒瓶',NULL,NULL),(461,3,'数据线',NULL,NULL),(462,3,'废塑料',NULL,NULL),(464,3,'白纸',NULL,NULL),(467,3,'布',NULL,NULL),(468,3,'剪刀',NULL,NULL),(469,3,'充电线',NULL,NULL),(470,3,'包装纸盒',NULL,NULL),(471,3,'塑料盖',NULL,NULL),(472,3,'充电器',NULL,NULL),(474,3,'利乐包装',NULL,NULL),(475,3,'吸铁石',NULL,NULL),(476,3,'除湿盒',NULL,NULL),(477,3,'金属',NULL,NULL),(478,3,'木筷子',NULL,NULL),(479,3,'被子',NULL,NULL),(481,3,'铁',NULL,NULL),(483,3,'足球',NULL,NULL),(484,3,'排球',NULL,NULL),(486,3,'钥匙',NULL,NULL),(488,3,'酸奶利乐包装盒',NULL,NULL),(489,3,'书包',NULL,NULL),(490,3,'塑料包装纸',NULL,NULL),(491,3,'草稿纸',NULL,NULL),(492,3,'插座',NULL,NULL),(493,3,'饮料塑料瓶',NULL,NULL),(496,4,'油漆桶',NULL,NULL),(497,4,'药瓶',NULL,NULL),(498,4,'药品',NULL,NULL),(499,4,'灯泡',NULL,NULL),(500,4,'废药品',NULL,NULL),(501,4,'荧光灯管',NULL,NULL),(503,4,'指甲油',NULL,NULL),(505,4,'有害垃圾',NULL,NULL),(507,4,'过期药品',NULL,NULL),(509,4,'空药瓶',NULL,NULL),(511,4,'灯管',NULL,NULL),(514,4,'眼药水',NULL,NULL),(516,4,'避孕药',NULL,NULL),(517,4,'废药瓶',NULL,NULL),(518,4,'胶囊',NULL,NULL),(519,4,'各类过期药品',NULL,NULL),(521,4,'老鼠药',NULL,NULL),(522,4,'照片',NULL,NULL),(524,4,'锂电池',NULL,NULL),(525,4,'胶囊药片底板',NULL,NULL),(526,4,'胶片',NULL,NULL),(527,4,'药片盒',NULL,NULL),(528,4,'眼药水瓶',NULL,NULL),(529,4,'感冒药',NULL,NULL),(530,4,'染发剂罐',NULL,NULL),(532,4,'消毒药片',NULL,NULL),(533,4,'手机电池',NULL,NULL),(535,4,'药品壳子',NULL,NULL),(537,4,'胶卷',NULL,NULL),(539,4,'白炽灯泡',NULL,NULL),(542,4,'指甲油瓶',NULL,NULL),(543,4,'药品铝塑板',NULL,NULL),(544,4,'蟑螂药',NULL,NULL),(545,4,'水银',NULL,NULL),(546,4,'蟑螂丸',NULL,NULL),(547,4,'废油漆',NULL,NULL),(549,4,'胶囊药片',NULL,NULL),(550,4,'杀虫喷雾',NULL,NULL),(551,4,'中成药',NULL,NULL),(553,2,'桃核',NULL,NULL),(554,2,'玉米棒',NULL,NULL),(555,2,'瓜子壳',NULL,NULL),(557,2,'小龙虾',NULL,NULL),(558,2,'龙虾壳',NULL,NULL),(560,2,'鸡骨头',NULL,NULL),(561,2,'鸭骨头',NULL,NULL),(562,2,'熟玉米棒',NULL,NULL),(564,2,'小龙虾壳',NULL,NULL),(568,2,'瓜子',NULL,NULL),(569,2,'鱼骨头',NULL,NULL),(570,2,'毛豆壳',NULL,NULL),(571,2,'龙虾',NULL,NULL),(572,2,'螃蟹壳',NULL,NULL),(573,2,'玉米芯',NULL,NULL),(575,2,'桃子',NULL,NULL),(576,2,'荔枝壳',NULL,NULL),(577,2,'杨梅',NULL,NULL),(578,2,'瓜子皮',NULL,NULL),(579,2,'粽子',NULL,NULL),(580,2,'荔枝核',NULL,NULL),(583,2,'排骨',NULL,NULL),(584,2,'开心果壳',NULL,NULL),(585,2,'果皮',NULL,NULL),(586,2,'花',NULL,NULL),(587,2,'螺蛳壳',NULL,NULL),(588,2,'话梅核',NULL,NULL),(589,2,'芒果核',NULL,NULL),(590,2,'中药渣',NULL,NULL),(591,2,'螃蟹',NULL,NULL),(593,2,'枣核',NULL,NULL),(594,2,'小龙虾头',NULL,NULL),(597,2,'香蕉',NULL,NULL),(598,2,'花卉绿植',NULL,NULL),(599,2,'鱼刺',NULL,NULL),(600,2,'茶叶渣',NULL,NULL),(601,2,'话梅',NULL,NULL),(603,1,'塑料袋',NULL,NULL),(606,1,'卫生巾',NULL,NULL),(607,1,'避孕套',NULL,NULL),(608,1,'安全套',NULL,NULL),(610,1,'面膜',NULL,NULL),(612,1,'口香糖',NULL,NULL),(617,1,'吸管',NULL,NULL),(620,1,'湿纸巾',NULL,NULL),(621,1,'茶包',NULL,NULL),(625,1,'包装袋',NULL,NULL),(626,1,'指甲',NULL,NULL),(627,1,'玉米皮',NULL,NULL),(629,1,'一次性饭盒',NULL,NULL),(633,1,'垃圾袋',NULL,NULL),(634,1,'玉米壳',NULL,NULL),(635,1,'蛤蜊壳',NULL,NULL),(637,1,'尿布',NULL,NULL),(641,1,'食品包装袋',NULL,NULL),(642,1,'回形针',NULL,NULL),(643,1,'棉签',NULL,NULL),(644,1,'外卖餐盒',NULL,NULL),(647,1,'肮脏塑料袋',NULL,NULL),(650,1,'袜子',NULL,NULL),(651,1,'榴莲',NULL,NULL),(652,1,'一次性餐盒',NULL,NULL),(653,1,'笔芯',NULL,NULL),(654,1,'冰袋',NULL,NULL),(655,1,'陶瓷碗',NULL,NULL),(656,1,'茶叶包',NULL,NULL),(657,1,'保鲜膜',NULL,NULL),(658,1,'内裤',NULL,NULL),(659,1,'化妆棉',NULL,NULL),(660,1,'厕纸',NULL,NULL),(661,1,'厕所纸',NULL,NULL),(662,3,'耳机',NULL,'耳机是个好东西，戴上它，感觉全世界都是自己的'),(663,1,'手提袋',NULL,NULL),(665,1,'黑框眼镜',NULL,NULL),(666,1,'隐形眼镜',NULL,NULL),(667,3,'台式电脑',NULL,NULL),(668,3,'笔记本电脑',NULL,NULL),(669,3,'运动鞋',NULL,NULL),(670,1,'牙签盒',NULL,NULL),(671,2,'死鱼',NULL,NULL),(672,3,'玻璃烟缸',NULL,NULL),(673,3,'烟灰缸',NULL,NULL),(674,2,'山竹皮',NULL,NULL),(675,1,'抽纸',NULL,NULL),(676,4,'地沟油',NULL,'坚决抵制地沟油，关爱身心健康'),(677,2,'米线',NULL,NULL),(678,1,'橡胶垫',NULL,NULL),(679,1,'橡胶手套',NULL,NULL),(682,3,'显示器',NULL,NULL),(683,3,'门锁',NULL,NULL),(685,1,'发卡',NULL,NULL),(686,1,'姨妈巾',NULL,NULL),(688,3,'保温杯',NULL,NULL),(689,3,'电动牙刷',NULL,NULL),(690,1,'废旧牙刷',NULL,NULL),(691,3,'凉鞋',NULL,NULL),(692,3,'高跟鞋',NULL,NULL),(693,3,'布鞋',NULL,NULL),(695,3,'风扇',NULL,NULL),(696,3,'塑料拖鞋',NULL,NULL),(697,3,'落地风扇',NULL,NULL),(698,3,'空调',NULL,NULL),(701,1,'甲鱼壳',NULL,NULL),(702,3,'笔记本',NULL,NULL),(703,3,'电动剃须刀',NULL,NULL),(704,3,'美工刀',NULL,NULL),(705,3,'不锈钢刀',NULL,NULL),(706,1,'陶瓷刀',NULL,NULL),(707,2,'花甲肉',NULL,NULL),(708,4,'甲油胶',NULL,NULL),(734,1,'记号笔',NULL,NULL),(735,3,'金属铅笔盒',NULL,NULL),(736,4,'教科书',NULL,NULL),(737,1,'蜡笔',NULL,NULL),(738,1,'坏钢笔',NULL,NULL),(739,1,'中性笔',NULL,NULL),(740,1,'眉笔',NULL,NULL),(741,1,'粉笔',NULL,NULL),(742,1,'彩笔',NULL,NULL),(743,1,'马克笔',NULL,NULL),(744,1,'笔杆',NULL,NULL),(745,1,'笔套',NULL,NULL),(746,1,'红笔',NULL,NULL),(747,1,'勾线笔',NULL,NULL),(748,1,'可擦复写笔',NULL,NULL),(749,3,'行车记录仪',NULL,NULL),(750,3,'练习本',NULL,NULL),(751,1,'飞机杯',NULL,NULL),(756,2,'虫子',NULL,NULL),(757,2,'蚊子',NULL,NULL),(758,2,'车厘子',NULL,NULL),(759,2,'橘子',NULL,NULL),(760,2,'栗子',NULL,NULL),(761,1,'胡子',NULL,NULL),(762,2,'茶叶蛋',NULL,NULL),(795,2,'水果茶',NULL,NULL),(796,2,'水果干',NULL,NULL),(797,2,'水果脆',NULL,NULL),(798,2,'水果茎枝',NULL,NULL),(799,1,'牛油果核',NULL,NULL),(800,2,'果冻',NULL,NULL),(801,1,'果冻盒',NULL,NULL),(802,2,'火龙果皮',NULL,NULL),(803,2,'牛油果皮',NULL,NULL),(804,2,'腰果',NULL,NULL),(805,2,'水饺',NULL,NULL),(806,2,'馄饨',NULL,NULL),(807,3,'花露水玻璃空瓶',NULL,NULL),(808,2,'米虫',NULL,NULL),(809,2,'酸菜鱼',NULL,NULL),(810,3,'拖鞋',NULL,NULL),(811,2,'西瓜',NULL,NULL),(812,2,'八宝粥',NULL,NULL),(813,2,'八角',NULL,NULL),(814,2,'八宝饭',NULL,NULL),(815,1,'鼻屎',NULL,NULL),(816,1,'狗屎指',NULL,NULL),(817,1,'耳屎',NULL,NULL),(818,1,'陶瓷锅',NULL,NULL),(819,3,'手机',NULL,NULL),(820,3,'平板电脑',NULL,NULL),(821,1,'手机壳',NULL,NULL),(822,1,'手机膜',NULL,NULL),(823,1,'酱油瓶',NULL,NULL);
/*!40000 ALTER TABLE `question_bank` ENABLE KEYS */;
UNLOCK TABLES;

--
-- Table structure for table `slide_show`
--

DROP TABLE IF EXISTS `slide_show`;
/*!40101 SET @saved_cs_client     = @@character_set_client */;
/*!40101 SET character_set_client = utf8 */;
CREATE TABLE `slide_show` (
  `slide` int NOT NULL AUTO_INCREMENT COMMENT 'id',
  `user_id` tinyint(1) DEFAULT NULL COMMENT '是否启用',
  `sort_id` int DEFAULT NULL COMMENT '排序id',
  `image_url` varchar(200) CHARACTER SET utf8 COLLATE utf8_general_ci DEFAULT NULL COMMENT '图片地址',
  `skip_url` varchar(200) CHARACTER SET utf8 COLLATE utf8_general_ci DEFAULT NULL COMMENT '跳转的链接地址',
  PRIMARY KEY (`slide`) USING BTREE,
  UNIQUE KEY `slide_show_slide_uindex` (`slide`) USING BTREE
) ENGINE=InnoDB AUTO_INCREMENT=4 DEFAULT CHARSET=utf8 ROW_FORMAT=DYNAMIC COMMENT='幻灯片播放表';
/*!40101 SET character_set_client = @saved_cs_client */;

--
-- Dumping data for table `slide_show`
--

LOCK TABLES `slide_show` WRITE;
/*!40000 ALTER TABLE `slide_show` DISABLE KEYS */;
INSERT INTO `slide_show` VALUES (1,1,1,'https://pic.yupoo.com/felixluo/de4e546c/70493523.png',''),(2,0,2,'https://desk-fd.zol-img.com.cn/t_s960x600c5/g2/M00/0C/0D/ChMlWV0lX06Ia6odAAUqDVGbNfkAALssQOQNxYABSol367.jpg','https://github.com/dcloudio/hello-uniapp/search?q=popup&unscoped_q=popup'),(3,0,3,'https://desk-fd.zol-img.com.cn/t_s960x600c5/g2/M00/0C/0D/ChMlWV0lX1eIXYj9AAbvNL1qwhwAALssgDzSSAABu9M113.jpg','https://uniapp.dcloud.io/api/request/network-file');
/*!40000 ALTER TABLE `slide_show` ENABLE KEYS */;
UNLOCK TABLES;

--
-- Table structure for table `speech_classify`
--

DROP TABLE IF EXISTS `speech_classify`;
/*!40101 SET @saved_cs_client     = @@character_set_client */;
/*!40101 SET character_set_client = utf8 */;
CREATE TABLE `speech_classify` (
  `id` int NOT NULL AUTO_INCREMENT,
  `filepath` varchar(200) CHARACTER SET utf8 COLLATE utf8_general_ci DEFAULT NULL COMMENT '文件存储路径',
  `one_keyword` varchar(100) CHARACTER SET utf8 COLLATE utf8_general_ci DEFAULT NULL COMMENT '一个关键字',
  `one_result` json DEFAULT NULL COMMENT '一个结果',
  `all_keyword` varchar(500) CHARACTER SET utf8 COLLATE utf8_general_ci DEFAULT NULL COMMENT '总关键字',
  `all_result` json DEFAULT NULL COMMENT '总结果',
  `user_name` varchar(100) CHARACTER SET utf8 COLLATE utf8_general_ci DEFAULT NULL COMMENT '用户名',
  `times` timestamp NOT NULL DEFAULT CURRENT_TIMESTAMP COMMENT '时间',
  PRIMARY KEY (`id`) USING BTREE,
  UNIQUE KEY `image_classify_id_uindex` (`id`) USING BTREE
) ENGINE=InnoDB AUTO_INCREMENT=144 DEFAULT CHARSET=utf8 ROW_FORMAT=DYNAMIC COMMENT='语音识别记录';
/*!40101 SET character_set_client = @saved_cs_client */;

--
-- Dumping data for table `speech_classify`
--

LOCK TABLES `speech_classify` WRITE;
/*!40000 ALTER TABLE `speech_classify` DISABLE KEYS */;
/*!40000 ALTER TABLE `speech_classify` ENABLE KEYS */;
UNLOCK TABLES;

--
-- Table structure for table `sys_config`
--

DROP TABLE IF EXISTS `sys_config`;
/*!40101 SET @saved_cs_client     = @@character_set_client */;
/*!40101 SET character_set_client = utf8 */;
CREATE TABLE `sys_config` (
  `config_id` int NOT NULL AUTO_INCREMENT COMMENT '参数主键',
  `config_name` varchar(100) COLLATE utf8mb4_bin DEFAULT '' COMMENT '参数名称',
  `config_key` varchar(100) COLLATE utf8mb4_bin DEFAULT '' COMMENT '参数键名',
  `config_value` varchar(500) COLLATE utf8mb4_bin DEFAULT '' COMMENT '参数键值',
  `config_type` char(1) COLLATE utf8mb4_bin DEFAULT 'N' COMMENT '系统内置（Y是 N否）',
  `create_by` varchar(64) COLLATE utf8mb4_bin DEFAULT '' COMMENT '创建者',
  `create_time` datetime DEFAULT NULL COMMENT '创建时间',
  `update_by` varchar(64) COLLATE utf8mb4_bin DEFAULT '' COMMENT '更新者',
  `update_time` datetime DEFAULT NULL COMMENT '更新时间',
  `remark` varchar(500) COLLATE utf8mb4_bin DEFAULT NULL COMMENT '备注',
  PRIMARY KEY (`config_id`)
) ENGINE=InnoDB AUTO_INCREMENT=100 DEFAULT CHARSET=utf8mb4 COLLATE=utf8mb4_bin COMMENT='参数配置表';
/*!40101 SET character_set_client = @saved_cs_client */;

--
-- Dumping data for table `sys_config`
--

LOCK TABLES `sys_config` WRITE;
/*!40000 ALTER TABLE `sys_config` DISABLE KEYS */;
INSERT INTO `sys_config` VALUES (1,'主框架页-默认皮肤样式名称','sys.index.skinName','skin-blue','Y','admin','2021-06-08 09:13:56','',NULL,'蓝色 skin-blue、绿色 skin-green、紫色 skin-purple、红色 skin-red、黄色 skin-yellow'),(2,'用户管理-账号初始密码','sys.user.initPassword','123456','Y','admin','2021-06-08 09:13:56','',NULL,'初始化密码 123456'),(3,'主框架页-侧边栏主题','sys.index.sideTheme','theme-dark','Y','admin','2021-06-08 09:13:56','',NULL,'深黑主题theme-dark，浅色主题theme-light，深蓝主题theme-blue'),(4,'账号自助-是否开启用户注册功能','sys.account.registerUser','false','Y','admin','2021-06-08 09:13:56','',NULL,'是否开启注册用户功能（true开启，false关闭）'),(5,'用户管理-密码字符范围','sys.account.chrtype','0','Y','admin','2021-06-08 09:13:56','',NULL,'默认任意字符范围，0任意（密码可以输入任意字符），1数字（密码只能为0-9数字），2英文字母（密码只能为a-z和A-Z字母），3字母和数字（密码必须包含字母，数字）,4字母数字和特殊字符（目前支持的特殊字符包括：~!@#$%^&*()-=_+）'),(6,'用户管理-初始密码修改策略','sys.account.initPasswordModify','0','Y','admin','2021-06-08 09:13:56','',NULL,'0：初始密码修改策略关闭，没有任何提示，1：提醒用户，如果未修改初始密码，则在登录时就会提醒修改密码对话框'),(7,'用户管理-账号密码更新周期','sys.account.passwordValidateDays','0','Y','admin','2021-06-08 09:13:56','',NULL,'密码更新周期（填写数字，数据初始化值为0不限制，若修改必须为大于0小于365的正整数），如果超过这个周期登录系统时，则在登录时就会提醒修改密码对话框'),(8,'主框架页-菜单导航显示风格','sys.index.menuStyle','default','Y','admin','2021-06-08 09:13:56','',NULL,'菜单导航显示风格（default为左侧导航菜单，topnav为顶部导航菜单）'),(9,'主框架页-是否开启页脚','sys.index.ignoreFooter','true','Y','admin','2021-06-08 09:13:56','',NULL,'是否开启底部页脚显示（true显示，false隐藏）');
/*!40000 ALTER TABLE `sys_config` ENABLE KEYS */;
UNLOCK TABLES;

--
-- Table structure for table `sys_dept`
--

DROP TABLE IF EXISTS `sys_dept`;
/*!40101 SET @saved_cs_client     = @@character_set_client */;
/*!40101 SET character_set_client = utf8 */;
CREATE TABLE `sys_dept` (
  `dept_id` bigint NOT NULL AUTO_INCREMENT COMMENT '部门id',
  `parent_id` bigint DEFAULT '0' COMMENT '父部门id',
  `ancestors` varchar(50) COLLATE utf8mb4_bin DEFAULT '' COMMENT '祖级列表',
  `dept_name` varchar(30) COLLATE utf8mb4_bin DEFAULT '' COMMENT '部门名称',
  `order_num` int DEFAULT '0' COMMENT '显示顺序',
  `leader` varchar(20) COLLATE utf8mb4_bin DEFAULT NULL COMMENT '负责人',
  `phone` varchar(11) COLLATE utf8mb4_bin DEFAULT NULL COMMENT '联系电话',
  `email` varchar(50) COLLATE utf8mb4_bin DEFAULT NULL COMMENT '邮箱',
  `status` char(1) COLLATE utf8mb4_bin DEFAULT '0' COMMENT '部门状态（0正常 1停用）',
  `del_flag` char(1) COLLATE utf8mb4_bin DEFAULT '0' COMMENT '删除标志（0代表存在 2代表删除）',
  `create_by` varchar(64) COLLATE utf8mb4_bin DEFAULT '' COMMENT '创建者',
  `create_time` datetime DEFAULT NULL COMMENT '创建时间',
  `update_by` varchar(64) COLLATE utf8mb4_bin DEFAULT '' COMMENT '更新者',
  `update_time` datetime DEFAULT NULL COMMENT '更新时间',
  PRIMARY KEY (`dept_id`)
) ENGINE=InnoDB AUTO_INCREMENT=200 DEFAULT CHARSET=utf8mb4 COLLATE=utf8mb4_bin COMMENT='部门表';
/*!40101 SET character_set_client = @saved_cs_client */;

--
-- Dumping data for table `sys_dept`
--

LOCK TABLES `sys_dept` WRITE;
/*!40000 ALTER TABLE `sys_dept` DISABLE KEYS */;
INSERT INTO `sys_dept` VALUES (100,0,'0','若依科技',0,'若依','15888888888','ry@qq.com','0','0','admin','2021-06-08 09:13:55','',NULL),(101,100,'0,100','深圳总公司',1,'若依','15888888888','ry@qq.com','0','0','admin','2021-06-08 09:13:55','',NULL),(102,100,'0,100','长沙分公司',2,'若依','15888888888','ry@qq.com','0','0','admin','2021-06-08 09:13:55','',NULL),(103,101,'0,100,101','研发部门',1,'若依','15888888888','ry@qq.com','0','0','admin','2021-06-08 09:13:55','',NULL),(104,101,'0,100,101','市场部门',2,'若依','15888888888','ry@qq.com','0','0','admin','2021-06-08 09:13:55','',NULL),(105,101,'0,100,101','测试部门',3,'若依','15888888888','ry@qq.com','0','0','admin','2021-06-08 09:13:55','',NULL),(106,101,'0,100,101','财务部门',4,'若依','15888888888','ry@qq.com','0','0','admin','2021-06-08 09:13:55','',NULL),(107,101,'0,100,101','运维部门',5,'若依','15888888888','ry@qq.com','0','0','admin','2021-06-08 09:13:55','',NULL),(108,102,'0,100,102','市场部门',1,'若依','15888888888','ry@qq.com','0','0','admin','2021-06-08 09:13:55','',NULL),(109,102,'0,100,102','财务部门',2,'若依','15888888888','ry@qq.com','0','0','admin','2021-06-08 09:13:55','',NULL);
/*!40000 ALTER TABLE `sys_dept` ENABLE KEYS */;
UNLOCK TABLES;

--
-- Table structure for table `sys_dict_data`
--

DROP TABLE IF EXISTS `sys_dict_data`;
/*!40101 SET @saved_cs_client     = @@character_set_client */;
/*!40101 SET character_set_client = utf8 */;
CREATE TABLE `sys_dict_data` (
  `dict_code` bigint NOT NULL AUTO_INCREMENT COMMENT '字典编码',
  `dict_sort` int DEFAULT '0' COMMENT '字典排序',
  `dict_label` varchar(100) COLLATE utf8mb4_bin DEFAULT '' COMMENT '字典标签',
  `dict_value` varchar(100) COLLATE utf8mb4_bin DEFAULT '' COMMENT '字典键值',
  `dict_type` varchar(100) COLLATE utf8mb4_bin DEFAULT '' COMMENT '字典类型',
  `css_class` varchar(100) COLLATE utf8mb4_bin DEFAULT NULL COMMENT '样式属性（其他样式扩展）',
  `list_class` varchar(100) COLLATE utf8mb4_bin DEFAULT NULL COMMENT '表格回显样式',
  `is_default` char(1) COLLATE utf8mb4_bin DEFAULT 'N' COMMENT '是否默认（Y是 N否）',
  `status` char(1) COLLATE utf8mb4_bin DEFAULT '0' COMMENT '状态（0正常 1停用）',
  `create_by` varchar(64) COLLATE utf8mb4_bin DEFAULT '' COMMENT '创建者',
  `create_time` datetime DEFAULT NULL COMMENT '创建时间',
  `update_by` varchar(64) COLLATE utf8mb4_bin DEFAULT '' COMMENT '更新者',
  `update_time` datetime DEFAULT NULL COMMENT '更新时间',
  `remark` varchar(500) COLLATE utf8mb4_bin DEFAULT NULL COMMENT '备注',
  PRIMARY KEY (`dict_code`)
) ENGINE=InnoDB AUTO_INCREMENT=106 DEFAULT CHARSET=utf8mb4 COLLATE=utf8mb4_bin COMMENT='字典数据表';
/*!40101 SET character_set_client = @saved_cs_client */;

--
-- Dumping data for table `sys_dict_data`
--

LOCK TABLES `sys_dict_data` WRITE;
/*!40000 ALTER TABLE `sys_dict_data` DISABLE KEYS */;
INSERT INTO `sys_dict_data` VALUES (1,1,'男','0','sys_user_sex','','','Y','0','admin','2021-06-08 09:13:56','',NULL,'性别男'),(2,2,'女','1','sys_user_sex','','','N','0','admin','2021-06-08 09:13:56','',NULL,'性别女'),(3,3,'未知','2','sys_user_sex','','','N','0','admin','2021-06-08 09:13:56','',NULL,'性别未知'),(4,1,'显示','0','sys_show_hide','','primary','Y','0','admin','2021-06-08 09:13:56','',NULL,'显示菜单'),(5,2,'隐藏','1','sys_show_hide','','danger','N','0','admin','2021-06-08 09:13:56','',NULL,'隐藏菜单'),(6,1,'正常','0','sys_normal_disable','','primary','Y','0','admin','2021-06-08 09:13:56','',NULL,'正常状态'),(7,2,'停用','1','sys_normal_disable','','danger','N','0','admin','2021-06-08 09:13:56','',NULL,'停用状态'),(8,1,'正常','0','sys_job_status','','primary','Y','0','admin','2021-06-08 09:13:56','',NULL,'正常状态'),(9,2,'暂停','1','sys_job_status','','danger','N','0','admin','2021-06-08 09:13:56','',NULL,'停用状态'),(10,1,'默认','DEFAULT','sys_job_group','','','Y','0','admin','2021-06-08 09:13:56','',NULL,'默认分组'),(11,2,'系统','SYSTEM','sys_job_group','','','N','0','admin','2021-06-08 09:13:56','',NULL,'系统分组'),(12,1,'是','Y','sys_yes_no','','primary','Y','0','admin','2021-06-08 09:13:56','',NULL,'系统默认是'),(13,2,'否','N','sys_yes_no','','danger','N','0','admin','2021-06-08 09:13:56','',NULL,'系统默认否'),(14,1,'通知','1','sys_notice_type','','warning','Y','0','admin','2021-06-08 09:13:56','',NULL,'通知'),(15,2,'公告','2','sys_notice_type','','success','N','0','admin','2021-06-08 09:13:56','',NULL,'公告'),(16,1,'正常','0','sys_notice_status','','primary','Y','0','admin','2021-06-08 09:13:56','',NULL,'正常状态'),(17,2,'关闭','1','sys_notice_status','','danger','N','0','admin','2021-06-08 09:13:56','',NULL,'关闭状态'),(18,99,'其他','0','sys_oper_type','','info','N','0','admin','2021-06-08 09:13:56','',NULL,'其他操作'),(19,1,'新增','1','sys_oper_type','','info','N','0','admin','2021-06-08 09:13:56','',NULL,'新增操作'),(20,2,'修改','2','sys_oper_type','','info','N','0','admin','2021-06-08 09:13:56','',NULL,'修改操作'),(21,3,'删除','3','sys_oper_type','','danger','N','0','admin','2021-06-08 09:13:56','',NULL,'删除操作'),(22,4,'授权','4','sys_oper_type','','primary','N','0','admin','2021-06-08 09:13:56','',NULL,'授权操作'),(23,5,'导出','5','sys_oper_type','','warning','N','0','admin','2021-06-08 09:13:56','',NULL,'导出操作'),(24,6,'导入','6','sys_oper_type','','warning','N','0','admin','2021-06-08 09:13:56','',NULL,'导入操作'),(25,7,'强退','7','sys_oper_type','','danger','N','0','admin','2021-06-08 09:13:56','',NULL,'强退操作'),(26,8,'生成代码','8','sys_oper_type','','warning','N','0','admin','2021-06-08 09:13:56','',NULL,'生成操作'),(27,9,'清空数据','9','sys_oper_type','','danger','N','0','admin','2021-06-08 09:13:56','',NULL,'清空操作'),(28,1,'成功','0','sys_common_status','','primary','N','0','admin','2021-06-08 09:13:56','',NULL,'正常状态'),(29,2,'失败','1','sys_common_status','','danger','N','0','admin','2021-06-08 09:13:56','',NULL,'停用状态'),(100,1,'干垃圾','1','garbage_type','1','','Y','0','admin','2021-06-08 12:15:12','admin','2021-06-08 12:16:00',''),(101,2,'湿垃圾','2','garbage_type',NULL,NULL,'Y','0','admin','2021-06-08 12:15:41','',NULL,NULL),(102,3,'可回收垃圾','3','garbage_type',NULL,NULL,'Y','0','admin','2021-06-08 12:16:18','',NULL,NULL),(103,4,'有害垃圾','4','garbage_type',NULL,NULL,'Y','0','admin','2021-06-08 12:16:29','',NULL,NULL),(104,1,'正确','1','challenge_result',NULL,NULL,'Y','0','admin','2021-06-08 12:19:56','',NULL,NULL),(105,0,'错误','0','challenge_result',NULL,NULL,'Y','0','admin','2021-06-08 12:20:06','',NULL,NULL);
/*!40000 ALTER TABLE `sys_dict_data` ENABLE KEYS */;
UNLOCK TABLES;

--
-- Table structure for table `sys_dict_type`
--

DROP TABLE IF EXISTS `sys_dict_type`;
/*!40101 SET @saved_cs_client     = @@character_set_client */;
/*!40101 SET character_set_client = utf8 */;
CREATE TABLE `sys_dict_type` (
  `dict_id` bigint NOT NULL AUTO_INCREMENT COMMENT '字典主键',
  `dict_name` varchar(100) COLLATE utf8mb4_bin DEFAULT '' COMMENT '字典名称',
  `dict_type` varchar(100) COLLATE utf8mb4_bin DEFAULT '' COMMENT '字典类型',
  `status` char(1) COLLATE utf8mb4_bin DEFAULT '0' COMMENT '状态（0正常 1停用）',
  `create_by` varchar(64) COLLATE utf8mb4_bin DEFAULT '' COMMENT '创建者',
  `create_time` datetime DEFAULT NULL COMMENT '创建时间',
  `update_by` varchar(64) COLLATE utf8mb4_bin DEFAULT '' COMMENT '更新者',
  `update_time` datetime DEFAULT NULL COMMENT '更新时间',
  `remark` varchar(500) COLLATE utf8mb4_bin DEFAULT NULL COMMENT '备注',
  PRIMARY KEY (`dict_id`),
  UNIQUE KEY `dict_type` (`dict_type`)
) ENGINE=InnoDB AUTO_INCREMENT=102 DEFAULT CHARSET=utf8mb4 COLLATE=utf8mb4_bin COMMENT='字典类型表';
/*!40101 SET character_set_client = @saved_cs_client */;

--
-- Dumping data for table `sys_dict_type`
--

LOCK TABLES `sys_dict_type` WRITE;
/*!40000 ALTER TABLE `sys_dict_type` DISABLE KEYS */;
INSERT INTO `sys_dict_type` VALUES (1,'用户性别','sys_user_sex','0','admin','2021-06-08 09:13:56','',NULL,'用户性别列表'),(2,'菜单状态','sys_show_hide','0','admin','2021-06-08 09:13:56','',NULL,'菜单状态列表'),(3,'系统开关','sys_normal_disable','0','admin','2021-06-08 09:13:56','',NULL,'系统开关列表'),(4,'任务状态','sys_job_status','0','admin','2021-06-08 09:13:56','',NULL,'任务状态列表'),(5,'任务分组','sys_job_group','0','admin','2021-06-08 09:13:56','',NULL,'任务分组列表'),(6,'系统是否','sys_yes_no','0','admin','2021-06-08 09:13:56','',NULL,'系统是否列表'),(7,'通知类型','sys_notice_type','0','admin','2021-06-08 09:13:56','',NULL,'通知类型列表'),(8,'通知状态','sys_notice_status','0','admin','2021-06-08 09:13:56','',NULL,'通知状态列表'),(9,'操作类型','sys_oper_type','0','admin','2021-06-08 09:13:56','',NULL,'操作类型列表'),(10,'系统状态','sys_common_status','0','admin','2021-06-08 09:13:56','',NULL,'登录状态列表'),(100,'垃圾类型','garbage_type','0','admin','2021-06-08 12:14:11','',NULL,'垃圾类型；1：干垃圾；2：湿垃圾；3、可回收垃圾；4、有害垃圾。'),(101,'挑战结果','challenge_result','0','admin','2021-06-08 12:19:40','',NULL,NULL);
/*!40000 ALTER TABLE `sys_dict_type` ENABLE KEYS */;
UNLOCK TABLES;

--
-- Table structure for table `sys_job`
--

DROP TABLE IF EXISTS `sys_job`;
/*!40101 SET @saved_cs_client     = @@character_set_client */;
/*!40101 SET character_set_client = utf8 */;
CREATE TABLE `sys_job` (
  `job_id` bigint NOT NULL AUTO_INCREMENT COMMENT '任务ID',
  `job_name` varchar(64) COLLATE utf8mb4_bin NOT NULL DEFAULT '' COMMENT '任务名称',
  `job_group` varchar(64) COLLATE utf8mb4_bin NOT NULL DEFAULT 'DEFAULT' COMMENT '任务组名',
  `invoke_target` varchar(500) COLLATE utf8mb4_bin NOT NULL COMMENT '调用目标字符串',
  `cron_expression` varchar(255) COLLATE utf8mb4_bin DEFAULT '' COMMENT 'cron执行表达式',
  `misfire_policy` varchar(20) COLLATE utf8mb4_bin DEFAULT '3' COMMENT '计划执行错误策略（1立即执行 2执行一次 3放弃执行）',
  `concurrent` char(1) COLLATE utf8mb4_bin DEFAULT '1' COMMENT '是否并发执行（0允许 1禁止）',
  `status` char(1) COLLATE utf8mb4_bin DEFAULT '0' COMMENT '状态（0正常 1暂停）',
  `create_by` varchar(64) COLLATE utf8mb4_bin DEFAULT '' COMMENT '创建者',
  `create_time` datetime DEFAULT NULL COMMENT '创建时间',
  `update_by` varchar(64) COLLATE utf8mb4_bin DEFAULT '' COMMENT '更新者',
  `update_time` datetime DEFAULT NULL COMMENT '更新时间',
  `remark` varchar(500) COLLATE utf8mb4_bin DEFAULT '' COMMENT '备注信息',
  PRIMARY KEY (`job_id`,`job_name`,`job_group`)
) ENGINE=InnoDB AUTO_INCREMENT=100 DEFAULT CHARSET=utf8mb4 COLLATE=utf8mb4_bin COMMENT='定时任务调度表';
/*!40101 SET character_set_client = @saved_cs_client */;

--
-- Dumping data for table `sys_job`
--

LOCK TABLES `sys_job` WRITE;
/*!40000 ALTER TABLE `sys_job` DISABLE KEYS */;
INSERT INTO `sys_job` VALUES (1,'系统默认（无参）','DEFAULT','ryTask.ryNoParams','0/10 * * * * ?','3','1','1','admin','2021-06-08 09:13:56','',NULL,''),(2,'系统默认（有参）','DEFAULT','ryTask.ryParams(\'ry\')','0/15 * * * * ?','3','1','1','admin','2021-06-08 09:13:56','',NULL,''),(3,'系统默认（多参）','DEFAULT','ryTask.ryMultipleParams(\'ry\', true, 2000L, 316.50D, 100)','0/20 * * * * ?','3','1','1','admin','2021-06-08 09:13:56','',NULL,'');
/*!40000 ALTER TABLE `sys_job` ENABLE KEYS */;
UNLOCK TABLES;

--
-- Table structure for table `sys_job_log`
--

DROP TABLE IF EXISTS `sys_job_log`;
/*!40101 SET @saved_cs_client     = @@character_set_client */;
/*!40101 SET character_set_client = utf8 */;
CREATE TABLE `sys_job_log` (
  `job_log_id` bigint NOT NULL AUTO_INCREMENT COMMENT '任务日志ID',
  `job_name` varchar(64) COLLATE utf8mb4_bin NOT NULL COMMENT '任务名称',
  `job_group` varchar(64) COLLATE utf8mb4_bin NOT NULL COMMENT '任务组名',
  `invoke_target` varchar(500) COLLATE utf8mb4_bin NOT NULL COMMENT '调用目标字符串',
  `job_message` varchar(500) COLLATE utf8mb4_bin DEFAULT NULL COMMENT '日志信息',
  `status` char(1) COLLATE utf8mb4_bin DEFAULT '0' COMMENT '执行状态（0正常 1失败）',
  `exception_info` varchar(2000) COLLATE utf8mb4_bin DEFAULT '' COMMENT '异常信息',
  `create_time` datetime DEFAULT NULL COMMENT '创建时间',
  PRIMARY KEY (`job_log_id`)
) ENGINE=InnoDB DEFAULT CHARSET=utf8mb4 COLLATE=utf8mb4_bin COMMENT='定时任务调度日志表';
/*!40101 SET character_set_client = @saved_cs_client */;

--
-- Dumping data for table `sys_job_log`
--

LOCK TABLES `sys_job_log` WRITE;
/*!40000 ALTER TABLE `sys_job_log` DISABLE KEYS */;
/*!40000 ALTER TABLE `sys_job_log` ENABLE KEYS */;
UNLOCK TABLES;

--
-- Table structure for table `sys_logininfor`
--

DROP TABLE IF EXISTS `sys_logininfor`;
/*!40101 SET @saved_cs_client     = @@character_set_client */;
/*!40101 SET character_set_client = utf8 */;
CREATE TABLE `sys_logininfor` (
  `info_id` bigint NOT NULL AUTO_INCREMENT COMMENT '访问ID',
  `login_name` varchar(50) COLLATE utf8mb4_bin DEFAULT '' COMMENT '登录账号',
  `ipaddr` varchar(128) COLLATE utf8mb4_bin DEFAULT '' COMMENT '登录IP地址',
  `login_location` varchar(255) COLLATE utf8mb4_bin DEFAULT '' COMMENT '登录地点',
  `browser` varchar(50) COLLATE utf8mb4_bin DEFAULT '' COMMENT '浏览器类型',
  `os` varchar(50) COLLATE utf8mb4_bin DEFAULT '' COMMENT '操作系统',
  `status` char(1) COLLATE utf8mb4_bin DEFAULT '0' COMMENT '登录状态（0成功 1失败）',
  `msg` varchar(255) COLLATE utf8mb4_bin DEFAULT '' COMMENT '提示消息',
  `login_time` datetime DEFAULT NULL COMMENT '访问时间',
  PRIMARY KEY (`info_id`)
) ENGINE=InnoDB AUTO_INCREMENT=115 DEFAULT CHARSET=utf8mb4 COLLATE=utf8mb4_bin COMMENT='系统访问记录';
/*!40101 SET character_set_client = @saved_cs_client */;

--
-- Dumping data for table `sys_logininfor`
--

LOCK TABLES `sys_logininfor` WRITE;
/*!40000 ALTER TABLE `sys_logininfor` DISABLE KEYS */;
INSERT INTO `sys_logininfor` VALUES (100,'admin','127.0.0.1','内网IP','Chrome 9','Windows 10','0','登录成功','2021-06-08 09:54:01'),(101,'admin','127.0.0.1','内网IP','Chrome 9','Windows 10','0','登录成功','2021-06-08 10:13:58'),(102,'admin','127.0.0.1','内网IP','Chrome 9','Windows 10','1','验证码错误','2021-06-08 10:16:57'),(103,'admin','127.0.0.1','内网IP','Chrome 9','Windows 10','0','登录成功','2021-06-08 10:17:07'),(104,'admin','127.0.0.1','内网IP','Chrome 9','Windows 10','0','登录成功','2021-06-08 10:32:35'),(105,'admin','127.0.0.1','内网IP','Chrome 9','Windows 10','0','登录成功','2021-06-08 10:40:04'),(106,'admin','127.0.0.1','内网IP','Chrome 9','Windows 10','0','登录成功','2021-06-08 12:29:53'),(107,'admin','127.0.0.1','内网IP','Chrome 9','Windows 10','1','验证码错误','2021-06-08 12:34:20'),(108,'admin','127.0.0.1','内网IP','Chrome 9','Windows 10','0','登录成功','2021-06-08 12:34:24'),(109,'admin','127.0.0.1','内网IP','Chrome 9','Windows 10','1','验证码错误','2021-06-08 15:35:31'),(110,'admin','127.0.0.1','内网IP','Chrome 9','Windows 10','0','登录成功','2021-06-08 15:35:36'),(111,'admin','127.0.0.1','内网IP','Chrome 9','Windows 10','0','登录成功','2021-06-08 15:44:50'),(112,'admin','127.0.0.1','内网IP','Chrome 9','Windows 10','0','登录成功','2021-06-08 15:48:30'),(113,'admin','127.0.0.1','内网IP','Chrome 9','Windows 10','0','登录成功','2021-06-08 15:51:47'),(114,'admin','127.0.0.1','内网IP','Chrome 9','Windows 10','0','登录成功','2021-06-08 16:17:48');
/*!40000 ALTER TABLE `sys_logininfor` ENABLE KEYS */;
UNLOCK TABLES;

--
-- Table structure for table `sys_menu`
--

DROP TABLE IF EXISTS `sys_menu`;
/*!40101 SET @saved_cs_client     = @@character_set_client */;
/*!40101 SET character_set_client = utf8 */;
CREATE TABLE `sys_menu` (
  `menu_id` bigint NOT NULL AUTO_INCREMENT COMMENT '菜单ID',
  `menu_name` varchar(50) COLLATE utf8mb4_bin NOT NULL COMMENT '菜单名称',
  `parent_id` bigint DEFAULT '0' COMMENT '父菜单ID',
  `order_num` int DEFAULT '0' COMMENT '显示顺序',
  `url` varchar(200) COLLATE utf8mb4_bin DEFAULT '#' COMMENT '请求地址',
  `target` varchar(20) COLLATE utf8mb4_bin DEFAULT '' COMMENT '打开方式（menuItem页签 menuBlank新窗口）',
  `menu_type` char(1) COLLATE utf8mb4_bin DEFAULT '' COMMENT '菜单类型（M目录 C菜单 F按钮）',
  `visible` char(1) COLLATE utf8mb4_bin DEFAULT '0' COMMENT '菜单状态（0显示 1隐藏）',
  `is_refresh` char(1) COLLATE utf8mb4_bin DEFAULT '1' COMMENT '是否刷新（0刷新 1不刷新）',
  `perms` varchar(100) COLLATE utf8mb4_bin DEFAULT NULL COMMENT '权限标识',
  `icon` varchar(100) COLLATE utf8mb4_bin DEFAULT '#' COMMENT '菜单图标',
  `create_by` varchar(64) COLLATE utf8mb4_bin DEFAULT '' COMMENT '创建者',
  `create_time` datetime DEFAULT NULL COMMENT '创建时间',
  `update_by` varchar(64) COLLATE utf8mb4_bin DEFAULT '' COMMENT '更新者',
  `update_time` datetime DEFAULT NULL COMMENT '更新时间',
  `remark` varchar(500) COLLATE utf8mb4_bin DEFAULT '' COMMENT '备注',
  PRIMARY KEY (`menu_id`)
) ENGINE=InnoDB AUTO_INCREMENT=2085 DEFAULT CHARSET=utf8mb4 COLLATE=utf8mb4_bin COMMENT='菜单权限表';
/*!40101 SET character_set_client = @saved_cs_client */;

--
-- Dumping data for table `sys_menu`
--

LOCK TABLES `sys_menu` WRITE;
/*!40000 ALTER TABLE `sys_menu` DISABLE KEYS */;
INSERT INTO `sys_menu` VALUES (1,'系统管理',0,2,'#','menuItem','M','0','1','','fa fa-gear','admin','2021-06-08 09:13:56','admin','2021-06-08 15:45:18','系统管理目录'),(2,'系统监控',0,2,'#','','M','0','1','','fa fa-video-camera','admin','2021-06-08 09:13:56','',NULL,'系统监控目录'),(3,'系统工具',0,3,'#','','M','0','1','','fa fa-bars','admin','2021-06-08 09:13:56','',NULL,'系统工具目录'),(4,'若依官网',0,4,'http://ruoyi.vip','menuBlank','C','1','1','','fa fa-location-arrow','admin','2021-06-08 09:13:56','admin','2021-06-08 10:05:56','若依官网地址'),(100,'用户管理',1,1,'/system/user','','C','0','1','system:user:view','fa fa-user-o','admin','2021-06-08 09:13:56','',NULL,'用户管理菜单'),(101,'角色管理',1,2,'/system/role','','C','0','1','system:role:view','fa fa-user-secret','admin','2021-06-08 09:13:56','',NULL,'角色管理菜单'),(102,'菜单管理',1,3,'/system/menu','','C','0','1','system:menu:view','fa fa-th-list','admin','2021-06-08 09:13:56','',NULL,'菜单管理菜单'),(103,'部门管理',1,4,'/system/dept','','C','0','1','system:dept:view','fa fa-outdent','admin','2021-06-08 09:13:56','',NULL,'部门管理菜单'),(104,'岗位管理',1,5,'/system/post','','C','0','1','system:post:view','fa fa-address-card-o','admin','2021-06-08 09:13:56','',NULL,'岗位管理菜单'),(105,'字典管理',1,6,'/system/dict','','C','0','1','system:dict:view','fa fa-bookmark-o','admin','2021-06-08 09:13:56','',NULL,'字典管理菜单'),(106,'参数设置',1,7,'/system/config','','C','0','1','system:config:view','fa fa-sun-o','admin','2021-06-08 09:13:56','',NULL,'参数设置菜单'),(107,'通知公告',1,8,'/system/notice','','C','0','1','system:notice:view','fa fa-bullhorn','admin','2021-06-08 09:13:56','',NULL,'通知公告菜单'),(108,'日志管理',1,9,'#','','M','0','1','','fa fa-pencil-square-o','admin','2021-06-08 09:13:56','',NULL,'日志管理菜单'),(109,'在线用户',2,1,'/monitor/online','','C','0','1','monitor:online:view','fa fa-user-circle','admin','2021-06-08 09:13:56','',NULL,'在线用户菜单'),(110,'定时任务',2,2,'/monitor/job','menuItem','C','1','1','monitor:job:view','fa fa-tasks','admin','2021-06-08 09:13:56','admin','2021-06-08 10:04:32','定时任务菜单'),(111,'数据监控',2,3,'/monitor/data','','C','0','1','monitor:data:view','fa fa-bug','admin','2021-06-08 09:13:56','',NULL,'数据监控菜单'),(112,'服务监控',2,4,'/monitor/server','','C','0','1','monitor:server:view','fa fa-server','admin','2021-06-08 09:13:56','',NULL,'服务监控菜单'),(113,'缓存监控',2,5,'/monitor/cache','','C','0','1','monitor:cache:view','fa fa-cube','admin','2021-06-08 09:13:56','',NULL,'缓存监控菜单'),(114,'表单构建',3,1,'/tool/build','','C','0','1','tool:build:view','fa fa-wpforms','admin','2021-06-08 09:13:56','',NULL,'表单构建菜单'),(115,'代码生成',3,2,'/tool/gen','','C','0','1','tool:gen:view','fa fa-code','admin','2021-06-08 09:13:56','',NULL,'代码生成菜单'),(116,'系统接口',3,3,'/tool/swagger','','C','0','1','tool:swagger:view','fa fa-gg','admin','2021-06-08 09:13:56','',NULL,'系统接口菜单'),(500,'操作日志',108,1,'/monitor/operlog','','C','0','1','monitor:operlog:view','fa fa-address-book','admin','2021-06-08 09:13:56','',NULL,'操作日志菜单'),(501,'登录日志',108,2,'/monitor/logininfor','','C','0','1','monitor:logininfor:view','fa fa-file-image-o','admin','2021-06-08 09:13:56','',NULL,'登录日志菜单'),(1000,'用户查询',100,1,'#','','F','0','1','system:user:list','#','admin','2021-06-08 09:13:56','',NULL,''),(1001,'用户新增',100,2,'#','','F','0','1','system:user:add','#','admin','2021-06-08 09:13:56','',NULL,''),(1002,'用户修改',100,3,'#','','F','0','1','system:user:edit','#','admin','2021-06-08 09:13:56','',NULL,''),(1003,'用户删除',100,4,'#','','F','0','1','system:user:remove','#','admin','2021-06-08 09:13:56','',NULL,''),(1004,'用户导出',100,5,'#','','F','0','1','system:user:export','#','admin','2021-06-08 09:13:56','',NULL,''),(1005,'用户导入',100,6,'#','','F','0','1','system:user:import','#','admin','2021-06-08 09:13:56','',NULL,''),(1006,'重置密码',100,7,'#','','F','0','1','system:user:resetPwd','#','admin','2021-06-08 09:13:56','',NULL,''),(1007,'角色查询',101,1,'#','','F','0','1','system:role:list','#','admin','2021-06-08 09:13:56','',NULL,''),(1008,'角色新增',101,2,'#','','F','0','1','system:role:add','#','admin','2021-06-08 09:13:56','',NULL,''),(1009,'角色修改',101,3,'#','','F','0','1','system:role:edit','#','admin','2021-06-08 09:13:56','',NULL,''),(1010,'角色删除',101,4,'#','','F','0','1','system:role:remove','#','admin','2021-06-08 09:13:56','',NULL,''),(1011,'角色导出',101,5,'#','','F','0','1','system:role:export','#','admin','2021-06-08 09:13:56','',NULL,''),(1012,'菜单查询',102,1,'#','','F','0','1','system:menu:list','#','admin','2021-06-08 09:13:56','',NULL,''),(1013,'菜单新增',102,2,'#','','F','0','1','system:menu:add','#','admin','2021-06-08 09:13:56','',NULL,''),(1014,'菜单修改',102,3,'#','','F','0','1','system:menu:edit','#','admin','2021-06-08 09:13:56','',NULL,''),(1015,'菜单删除',102,4,'#','','F','0','1','system:menu:remove','#','admin','2021-06-08 09:13:56','',NULL,''),(1016,'部门查询',103,1,'#','','F','0','1','system:dept:list','#','admin','2021-06-08 09:13:56','',NULL,''),(1017,'部门新增',103,2,'#','','F','0','1','system:dept:add','#','admin','2021-06-08 09:13:56','',NULL,''),(1018,'部门修改',103,3,'#','','F','0','1','system:dept:edit','#','admin','2021-06-08 09:13:56','',NULL,''),(1019,'部门删除',103,4,'#','','F','0','1','system:dept:remove','#','admin','2021-06-08 09:13:56','',NULL,''),(1020,'岗位查询',104,1,'#','','F','0','1','system:post:list','#','admin','2021-06-08 09:13:56','',NULL,''),(1021,'岗位新增',104,2,'#','','F','0','1','system:post:add','#','admin','2021-06-08 09:13:56','',NULL,''),(1022,'岗位修改',104,3,'#','','F','0','1','system:post:edit','#','admin','2021-06-08 09:13:56','',NULL,''),(1023,'岗位删除',104,4,'#','','F','0','1','system:post:remove','#','admin','2021-06-08 09:13:56','',NULL,''),(1024,'岗位导出',104,5,'#','','F','0','1','system:post:export','#','admin','2021-06-08 09:13:56','',NULL,''),(1025,'字典查询',105,1,'#','','F','0','1','system:dict:list','#','admin','2021-06-08 09:13:56','',NULL,''),(1026,'字典新增',105,2,'#','','F','0','1','system:dict:add','#','admin','2021-06-08 09:13:56','',NULL,''),(1027,'字典修改',105,3,'#','','F','0','1','system:dict:edit','#','admin','2021-06-08 09:13:56','',NULL,''),(1028,'字典删除',105,4,'#','','F','0','1','system:dict:remove','#','admin','2021-06-08 09:13:56','',NULL,''),(1029,'字典导出',105,5,'#','','F','0','1','system:dict:export','#','admin','2021-06-08 09:13:56','',NULL,''),(1030,'参数查询',106,1,'#','','F','0','1','system:config:list','#','admin','2021-06-08 09:13:56','',NULL,''),(1031,'参数新增',106,2,'#','','F','0','1','system:config:add','#','admin','2021-06-08 09:13:56','',NULL,''),(1032,'参数修改',106,3,'#','','F','0','1','system:config:edit','#','admin','2021-06-08 09:13:56','',NULL,''),(1033,'参数删除',106,4,'#','','F','0','1','system:config:remove','#','admin','2021-06-08 09:13:56','',NULL,''),(1034,'参数导出',106,5,'#','','F','0','1','system:config:export','#','admin','2021-06-08 09:13:56','',NULL,''),(1035,'公告查询',107,1,'#','','F','0','1','system:notice:list','#','admin','2021-06-08 09:13:56','',NULL,''),(1036,'公告新增',107,2,'#','','F','0','1','system:notice:add','#','admin','2021-06-08 09:13:56','',NULL,''),(1037,'公告修改',107,3,'#','','F','0','1','system:notice:edit','#','admin','2021-06-08 09:13:56','',NULL,''),(1038,'公告删除',107,4,'#','','F','0','1','system:notice:remove','#','admin','2021-06-08 09:13:56','',NULL,''),(1039,'操作查询',500,1,'#','','F','0','1','monitor:operlog:list','#','admin','2021-06-08 09:13:56','',NULL,''),(1040,'操作删除',500,2,'#','','F','0','1','monitor:operlog:remove','#','admin','2021-06-08 09:13:56','',NULL,''),(1041,'详细信息',500,3,'#','','F','0','1','monitor:operlog:detail','#','admin','2021-06-08 09:13:56','',NULL,''),(1042,'日志导出',500,4,'#','','F','0','1','monitor:operlog:export','#','admin','2021-06-08 09:13:56','',NULL,''),(1043,'登录查询',501,1,'#','','F','0','1','monitor:logininfor:list','#','admin','2021-06-08 09:13:56','',NULL,''),(1044,'登录删除',501,2,'#','','F','0','1','monitor:logininfor:remove','#','admin','2021-06-08 09:13:56','',NULL,''),(1045,'日志导出',501,3,'#','','F','0','1','monitor:logininfor:export','#','admin','2021-06-08 09:13:56','',NULL,''),(1046,'账户解锁',501,4,'#','','F','0','1','monitor:logininfor:unlock','#','admin','2021-06-08 09:13:56','',NULL,''),(1047,'在线查询',109,1,'#','','F','0','1','monitor:online:list','#','admin','2021-06-08 09:13:56','',NULL,''),(1048,'批量强退',109,2,'#','','F','0','1','monitor:online:batchForceLogout','#','admin','2021-06-08 09:13:56','',NULL,''),(1049,'单条强退',109,3,'#','','F','0','1','monitor:online:forceLogout','#','admin','2021-06-08 09:13:56','',NULL,''),(1050,'任务查询',110,1,'#','','F','0','1','monitor:job:list','#','admin','2021-06-08 09:13:56','',NULL,''),(1051,'任务新增',110,2,'#','','F','0','1','monitor:job:add','#','admin','2021-06-08 09:13:56','',NULL,''),(1052,'任务修改',110,3,'#','','F','0','1','monitor:job:edit','#','admin','2021-06-08 09:13:56','',NULL,''),(1053,'任务删除',110,4,'#','','F','0','1','monitor:job:remove','#','admin','2021-06-08 09:13:56','',NULL,''),(1054,'状态修改',110,5,'#','','F','0','1','monitor:job:changeStatus','#','admin','2021-06-08 09:13:56','',NULL,''),(1055,'任务详细',110,6,'#','','F','0','1','monitor:job:detail','#','admin','2021-06-08 09:13:56','',NULL,''),(1056,'任务导出',110,7,'#','','F','0','1','monitor:job:export','#','admin','2021-06-08 09:13:56','',NULL,''),(1057,'生成查询',115,1,'#','','F','0','1','tool:gen:list','#','admin','2021-06-08 09:13:56','',NULL,''),(1058,'生成修改',115,2,'#','','F','0','1','tool:gen:edit','#','admin','2021-06-08 09:13:56','',NULL,''),(1059,'生成删除',115,3,'#','','F','0','1','tool:gen:remove','#','admin','2021-06-08 09:13:56','',NULL,''),(1060,'预览代码',115,4,'#','','F','0','1','tool:gen:preview','#','admin','2021-06-08 09:13:56','',NULL,''),(1061,'生成代码',115,5,'#','','F','0','1','tool:gen:code','#','admin','2021-06-08 09:13:56','',NULL,''),(2000,'垃圾分类',0,1,'#','menuItem','M','0','1',NULL,'fa fa-archive','admin','2021-06-08 10:19:50','',NULL,''),(2037,'挑战明细记录',2000,2,'/garbagesort/challengeDetail','menuItem','C','1','1','garbagesort:challengeDetail:view','#','admin','2021-06-08 10:37:18','admin','2021-06-08 15:40:06','挑战明细记录菜单'),(2038,'挑战明细记录查询',2037,1,'#','','F','0','1','garbagesort:challengeDetail:list','#','admin','2021-06-08 10:37:18','',NULL,''),(2039,'挑战明细记录新增',2037,2,'#','','F','0','1','garbagesort:challengeDetail:add','#','admin','2021-06-08 10:37:18','',NULL,''),(2040,'挑战明细记录修改',2037,3,'#','','F','0','1','garbagesort:challengeDetail:edit','#','admin','2021-06-08 10:37:18','',NULL,''),(2041,'挑战明细记录删除',2037,4,'#','','F','0','1','garbagesort:challengeDetail:remove','#','admin','2021-06-08 10:37:18','',NULL,''),(2042,'挑战明细记录导出',2037,5,'#','','F','0','1','garbagesort:challengeDetail:export','#','admin','2021-06-08 10:37:18','',NULL,''),(2043,'挑战赛结果',2000,2,'/garbagesort/challengeResult','menuItem','C','1','1','garbagesort:challengeResult:view','#','admin','2021-06-08 10:37:27','admin','2021-06-08 15:40:15','挑战结果+详情记录菜单'),(2044,'挑战结果+详情记录查询',2043,1,'#','','F','0','1','garbagesort:challengeResult:list','#','admin','2021-06-08 10:37:27','',NULL,''),(2045,'挑战结果+详情记录新增',2043,2,'#','','F','0','1','garbagesort:challengeResult:add','#','admin','2021-06-08 10:37:27','',NULL,''),(2046,'挑战结果+详情记录修改',2043,3,'#','','F','0','1','garbagesort:challengeResult:edit','#','admin','2021-06-08 10:37:27','',NULL,''),(2047,'挑战结果+详情记录删除',2043,4,'#','','F','0','1','garbagesort:challengeResult:remove','#','admin','2021-06-08 10:37:27','',NULL,''),(2048,'挑战结果+详情记录导出',2043,5,'#','','F','0','1','garbagesort:challengeResult:export','#','admin','2021-06-08 10:37:27','',NULL,''),(2049,'图像识别记录',2000,2,'/garbagesort/imageClassify','menuItem','C','1','1','garbagesort:imageClassify:view','#','admin','2021-06-08 10:37:37','admin','2021-06-08 15:40:25','图像识别记录菜单'),(2050,'图像识别记录查询',2049,1,'#','','F','0','1','garbagesort:imageClassify:list','#','admin','2021-06-08 10:37:37','',NULL,''),(2051,'图像识别记录新增',2049,2,'#','','F','0','1','garbagesort:imageClassify:add','#','admin','2021-06-08 10:37:37','',NULL,''),(2052,'图像识别记录修改',2049,3,'#','','F','0','1','garbagesort:imageClassify:edit','#','admin','2021-06-08 10:37:37','',NULL,''),(2053,'图像识别记录删除',2049,4,'#','','F','0','1','garbagesort:imageClassify:remove','#','admin','2021-06-08 10:37:37','',NULL,''),(2054,'图像识别记录导出',2049,5,'#','','F','0','1','garbagesort:imageClassify:export','#','admin','2021-06-08 10:37:37','',NULL,''),(2055,'关键词搜索结果',2000,2,'/garbagesort/keywordResult','menuItem','C','1','1','garbagesort:keywordResult:view','#','admin','2021-06-08 10:37:46','admin','2021-06-08 15:40:36','关键词+结果记录菜单'),(2056,'关键词+结果记录查询',2055,1,'#','','F','0','1','garbagesort:keywordResult:list','#','admin','2021-06-08 10:37:46','',NULL,''),(2057,'关键词+结果记录新增',2055,2,'#','','F','0','1','garbagesort:keywordResult:add','#','admin','2021-06-08 10:37:46','',NULL,''),(2058,'关键词+结果记录修改',2055,3,'#','','F','0','1','garbagesort:keywordResult:edit','#','admin','2021-06-08 10:37:46','',NULL,''),(2059,'关键词+结果记录删除',2055,4,'#','','F','0','1','garbagesort:keywordResult:remove','#','admin','2021-06-08 10:37:46','',NULL,''),(2060,'关键词+结果记录导出',2055,5,'#','','F','0','1','garbagesort:keywordResult:export','#','admin','2021-06-08 10:37:46','',NULL,''),(2061,'关键词搜索次数',2000,2,'/garbagesort/keywordSearchNum','menuItem','C','0','1','garbagesort:keywordSearchNum:view','#','admin','2021-06-08 10:37:57','admin','2021-06-08 12:31:30','搜索关键词+次数记录菜单'),(2062,'搜索关键词+次数记录查询',2061,1,'#','','F','0','1','garbagesort:keywordSearchNum:list','#','admin','2021-06-08 10:37:57','',NULL,''),(2063,'搜索关键词+次数记录新增',2061,2,'#','','F','0','1','garbagesort:keywordSearchNum:add','#','admin','2021-06-08 10:37:57','',NULL,''),(2064,'搜索关键词+次数记录修改',2061,3,'#','','F','0','1','garbagesort:keywordSearchNum:edit','#','admin','2021-06-08 10:37:57','',NULL,''),(2065,'搜索关键词+次数记录删除',2061,4,'#','','F','0','1','garbagesort:keywordSearchNum:remove','#','admin','2021-06-08 10:37:57','',NULL,''),(2066,'搜索关键词+次数记录导出',2061,5,'#','','F','0','1','garbagesort:keywordSearchNum:export','#','admin','2021-06-08 10:37:57','',NULL,''),(2067,'垃圾分类题库',2000,1,'/garbagesort/questionBank','menuItem','C','0','1','garbagesort:questionBank:view','#','admin','2021-06-08 10:38:10','admin','2021-06-08 12:30:47','题库菜单'),(2068,'题库查询',2067,1,'#','','F','0','1','garbagesort:questionBank:list','#','admin','2021-06-08 10:38:10','',NULL,''),(2069,'题库新增',2067,2,'#','','F','0','1','garbagesort:questionBank:add','#','admin','2021-06-08 10:38:10','',NULL,''),(2070,'题库修改',2067,3,'#','','F','0','1','garbagesort:questionBank:edit','#','admin','2021-06-08 10:38:10','',NULL,''),(2071,'题库删除',2067,4,'#','','F','0','1','garbagesort:questionBank:remove','#','admin','2021-06-08 10:38:10','',NULL,''),(2072,'题库导出',2067,5,'#','','F','0','1','garbagesort:questionBank:export','#','admin','2021-06-08 10:38:10','',NULL,''),(2073,'幻灯片播放',2000,2,'/garbagesort/slideShow','menuItem','C','1','1','garbagesort:slideShow:view','#','admin','2021-06-08 10:38:18','admin','2021-06-08 15:41:22','幻灯片播放菜单'),(2074,'幻灯片播放查询',2073,1,'#','','F','0','1','garbagesort:slideShow:list','#','admin','2021-06-08 10:38:18','',NULL,''),(2075,'幻灯片播放新增',2073,2,'#','','F','0','1','garbagesort:slideShow:add','#','admin','2021-06-08 10:38:18','',NULL,''),(2076,'幻灯片播放修改',2073,3,'#','','F','0','1','garbagesort:slideShow:edit','#','admin','2021-06-08 10:38:18','',NULL,''),(2077,'幻灯片播放删除',2073,4,'#','','F','0','1','garbagesort:slideShow:remove','#','admin','2021-06-08 10:38:18','',NULL,''),(2078,'幻灯片播放导出',2073,5,'#','','F','0','1','garbagesort:slideShow:export','#','admin','2021-06-08 10:38:18','',NULL,''),(2079,'语音识别记录',2000,1,'/garbagesort/speechClassify','menuItem','C','1','1','garbagesort:speechClassify:view','#','admin','2021-06-08 10:38:28','admin','2021-06-08 15:39:58','语音识别记录菜单'),(2080,'语音识别记录查询',2079,1,'#','','F','0','1','garbagesort:speechClassify:list','#','admin','2021-06-08 10:38:28','',NULL,''),(2081,'语音识别记录新增',2079,2,'#','','F','0','1','garbagesort:speechClassify:add','#','admin','2021-06-08 10:38:28','',NULL,''),(2082,'语音识别记录修改',2079,3,'#','','F','0','1','garbagesort:speechClassify:edit','#','admin','2021-06-08 10:38:28','',NULL,''),(2083,'语音识别记录删除',2079,4,'#','','F','0','1','garbagesort:speechClassify:remove','#','admin','2021-06-08 10:38:28','',NULL,''),(2084,'语音识别记录导出',2079,5,'#','','F','0','1','garbagesort:speechClassify:export','#','admin','2021-06-08 10:38:28','',NULL,'');
/*!40000 ALTER TABLE `sys_menu` ENABLE KEYS */;
UNLOCK TABLES;

--
-- Table structure for table `sys_notice`
--

DROP TABLE IF EXISTS `sys_notice`;
/*!40101 SET @saved_cs_client     = @@character_set_client */;
/*!40101 SET character_set_client = utf8 */;
CREATE TABLE `sys_notice` (
  `notice_id` int NOT NULL AUTO_INCREMENT COMMENT '公告ID',
  `notice_title` varchar(50) COLLATE utf8mb4_bin NOT NULL COMMENT '公告标题',
  `notice_type` char(1) COLLATE utf8mb4_bin NOT NULL COMMENT '公告类型（1通知 2公告）',
  `notice_content` varchar(2000) COLLATE utf8mb4_bin DEFAULT NULL COMMENT '公告内容',
  `status` char(1) COLLATE utf8mb4_bin DEFAULT '0' COMMENT '公告状态（0正常 1关闭）',
  `create_by` varchar(64) COLLATE utf8mb4_bin DEFAULT '' COMMENT '创建者',
  `create_time` datetime DEFAULT NULL COMMENT '创建时间',
  `update_by` varchar(64) COLLATE utf8mb4_bin DEFAULT '' COMMENT '更新者',
  `update_time` datetime DEFAULT NULL COMMENT '更新时间',
  `remark` varchar(255) COLLATE utf8mb4_bin DEFAULT NULL COMMENT '备注',
  PRIMARY KEY (`notice_id`)
) ENGINE=InnoDB AUTO_INCREMENT=10 DEFAULT CHARSET=utf8mb4 COLLATE=utf8mb4_bin COMMENT='通知公告表';
/*!40101 SET character_set_client = @saved_cs_client */;

--
-- Dumping data for table `sys_notice`
--

LOCK TABLES `sys_notice` WRITE;
/*!40000 ALTER TABLE `sys_notice` DISABLE KEYS */;
INSERT INTO `sys_notice` VALUES (1,'温馨提醒：2018-07-01 若依新版本发布啦','2','新版本内容','0','admin','2021-06-08 09:13:56','',NULL,'管理员'),(2,'维护通知：2018-07-01 若依系统凌晨维护','1','维护内容','0','admin','2021-06-08 09:13:56','',NULL,'管理员');
/*!40000 ALTER TABLE `sys_notice` ENABLE KEYS */;
UNLOCK TABLES;

--
-- Table structure for table `sys_oper_log`
--

DROP TABLE IF EXISTS `sys_oper_log`;
/*!40101 SET @saved_cs_client     = @@character_set_client */;
/*!40101 SET character_set_client = utf8 */;
CREATE TABLE `sys_oper_log` (
  `oper_id` bigint NOT NULL AUTO_INCREMENT COMMENT '日志主键',
  `title` varchar(50) COLLATE utf8mb4_bin DEFAULT '' COMMENT '模块标题',
  `business_type` int DEFAULT '0' COMMENT '业务类型（0其它 1新增 2修改 3删除）',
  `method` varchar(100) COLLATE utf8mb4_bin DEFAULT '' COMMENT '方法名称',
  `request_method` varchar(10) COLLATE utf8mb4_bin DEFAULT '' COMMENT '请求方式',
  `operator_type` int DEFAULT '0' COMMENT '操作类别（0其它 1后台用户 2手机端用户）',
  `oper_name` varchar(50) COLLATE utf8mb4_bin DEFAULT '' COMMENT '操作人员',
  `dept_name` varchar(50) COLLATE utf8mb4_bin DEFAULT '' COMMENT '部门名称',
  `oper_url` varchar(255) COLLATE utf8mb4_bin DEFAULT '' COMMENT '请求URL',
  `oper_ip` varchar(128) COLLATE utf8mb4_bin DEFAULT '' COMMENT '主机地址',
  `oper_location` varchar(255) COLLATE utf8mb4_bin DEFAULT '' COMMENT '操作地点',
  `oper_param` varchar(2000) COLLATE utf8mb4_bin DEFAULT '' COMMENT '请求参数',
  `json_result` varchar(2000) COLLATE utf8mb4_bin DEFAULT '' COMMENT '返回参数',
  `status` int DEFAULT '0' COMMENT '操作状态（0正常 1异常）',
  `error_msg` varchar(2000) COLLATE utf8mb4_bin DEFAULT '' COMMENT '错误消息',
  `oper_time` datetime DEFAULT NULL COMMENT '操作时间',
  PRIMARY KEY (`oper_id`)
) ENGINE=InnoDB AUTO_INCREMENT=157 DEFAULT CHARSET=utf8mb4 COLLATE=utf8mb4_bin COMMENT='操作日志记录';
/*!40101 SET character_set_client = @saved_cs_client */;

--
-- Dumping data for table `sys_oper_log`
--

LOCK TABLES `sys_oper_log` WRITE;
/*!40000 ALTER TABLE `sys_oper_log` DISABLE KEYS */;
INSERT INTO `sys_oper_log` VALUES (100,'菜单管理',2,'com.ruoyi.project.system.menu.controller.MenuController.editSave()','POST',1,'admin','研发部门','/system/menu/edit','127.0.0.1','内网IP','{\"menuId\":[\"110\"],\"parentId\":[\"2\"],\"menuType\":[\"C\"],\"menuName\":[\"定时任务\"],\"url\":[\"/monitor/job\"],\"target\":[\"menuItem\"],\"perms\":[\"monitor:job:view\"],\"orderNum\":[\"2\"],\"icon\":[\"fa fa-tasks\"],\"visible\":[\"1\"],\"isRefresh\":[\"1\"]}','{\"msg\":\"操作成功\",\"code\":0}',0,NULL,'2021-06-08 10:04:32'),(101,'菜单管理',3,'com.ruoyi.project.system.menu.controller.MenuController.remove()','GET',1,'admin','研发部门','/system/menu/remove/4','127.0.0.1','内网IP','4','{\"msg\":\"菜单已分配,不允许删除\",\"code\":301}',0,NULL,'2021-06-08 10:05:49'),(102,'菜单管理',2,'com.ruoyi.project.system.menu.controller.MenuController.editSave()','POST',1,'admin','研发部门','/system/menu/edit','127.0.0.1','内网IP','{\"menuId\":[\"4\"],\"parentId\":[\"0\"],\"menuType\":[\"C\"],\"menuName\":[\"若依官网\"],\"url\":[\"http://ruoyi.vip\"],\"target\":[\"menuBlank\"],\"perms\":[\"\"],\"orderNum\":[\"4\"],\"icon\":[\"fa fa-location-arrow\"],\"visible\":[\"1\"],\"isRefresh\":[\"1\"]}','{\"msg\":\"操作成功\",\"code\":0}',0,NULL,'2021-06-08 10:05:56'),(103,'代码生成',6,'com.ruoyi.project.tool.gen.controller.GenController.importTableSave()','POST',1,'admin','研发部门','/tool/gen/importTable','127.0.0.1','内网IP','{\"tables\":[\"question_bank,slide_show,speech_classify,image_classify,keyword_result,challenge_result,challenge_detail,keyword_search_num\"]}','{\"msg\":\"操作成功\",\"code\":0}',0,NULL,'2021-06-08 10:11:05'),(104,'代码生成',8,'com.ruoyi.project.tool.gen.controller.GenController.batchGenCode()','GET',1,'admin','研发部门','/tool/gen/batchGenCode','127.0.0.1','内网IP','{\"tables\":[\"question_bank\"]}',NULL,0,NULL,'2021-06-08 10:14:34'),(105,'菜单管理',1,'com.ruoyi.project.system.menu.controller.MenuController.addSave()','POST',1,'admin','研发部门','/system/menu/add','127.0.0.1','内网IP','{\"parentId\":[\"0\"],\"menuType\":[\"M\"],\"menuName\":[\"垃圾分类\"],\"url\":[\"\"],\"target\":[\"menuItem\"],\"perms\":[\"\"],\"orderNum\":[\"1\"],\"icon\":[\"fa fa-archive\"],\"visible\":[\"0\"],\"isRefresh\":[\"1\"]}','{\"msg\":\"操作成功\",\"code\":0}',0,NULL,'2021-06-08 10:19:50'),(106,'代码生成',2,'com.ruoyi.project.tool.gen.controller.GenController.editSave()','POST',1,'admin','研发部门','/tool/gen/edit','127.0.0.1','内网IP','{\"tableId\":[\"4\"],\"tableName\":[\"keyword_result\"],\"tableComment\":[\"关键词+结果记录表\"],\"className\":[\"KeywordResult\"],\"functionAuthor\":[\"luoxiang\"],\"remark\":[\"\"],\"columns[0].columnId\":[\"20\"],\"columns[0].sort\":[\"1\"],\"columns[0].columnComment\":[\"\"],\"columns[0].javaType\":[\"Long\"],\"columns[0].javaField\":[\"id\"],\"columns[0].isInsert\":[\"1\"],\"columns[0].queryType\":[\"EQ\"],\"columns[0].htmlType\":[\"input\"],\"columns[0].dictType\":[\"\"],\"columns[1].columnId\":[\"21\"],\"columns[1].sort\":[\"2\"],\"columns[1].columnComment\":[\"\"],\"columns[1].javaType\":[\"String\"],\"columns[1].javaField\":[\"keyword\"],\"columns[1].isInsert\":[\"1\"],\"columns[1].isEdit\":[\"1\"],\"columns[1].isList\":[\"1\"],\"columns[1].isQuery\":[\"1\"],\"columns[1].queryType\":[\"EQ\"],\"columns[1].htmlType\":[\"input\"],\"columns[1].dictType\":[\"\"],\"columns[2].columnId\":[\"22\"],\"columns[2].sort\":[\"3\"],\"columns[2].columnComment\":[\"\"],\"columns[2].javaType\":[\"String\"],\"columns[2].javaField\":[\"result\"],\"columns[2].isInsert\":[\"1\"],\"columns[2].isEdit\":[\"1\"],\"columns[2].isList\":[\"1\"],\"columns[2].isQuery\":[\"1\"],\"columns[2].queryType\":[\"EQ\"],\"columns[2].htmlType\":[\"input\"],\"columns[2].dictType\":[\"\"],\"columns[3].columnId\":[\"23\"],\"columns[3].sort\":[\"4\"],\"columns[3].columnComment\":[\"\"],\"columns[3].javaType\":[\"Date\"],\"columns[3].javaField\":[\"times\"],\"columns[3].isInsert\":[\"1\"],\"columns[3].isEdit\":[\"1\"],\"columns[3].isList\":[\"1\"],\"columns[3].isQuery\":[\"1\"],\"columns[3].queryType\":[\"EQ\"],\"columns[3].htmlType\":[\"datetime\"],\"columns[3].dictType\":[\"\"],\"tplCategory\":[\"crud\"],\"packageName\":[\"com.ruoyi.project.garbagesort\"],\"moduleName\":[\"garbagesort\"],\"businessName\":[\"result\"],\"functionName\":[\"关键词+结果记录\"],\"params[parentMenuId]\":[\"2000\"],\"params[parentMenuName]\":[\"垃圾分类\"],\"genType\":[\"1\"],\"genPath\":[\"/\"],\"subTableName\":[\"\"],\"params[treeCode]\":[\"\"],\"params[treeParentCode]\":[\"\"],\"params[treeName]\":[\"\"]}','{\"msg\":\"操作成功\",\"code\":0}',0,NULL,'2021-06-08 10:21:01'),(107,'代码生成',2,'com.ruoyi.project.tool.gen.controller.GenController.editSave()','POST',1,'admin','研发部门','/tool/gen/edit','127.0.0.1','内网IP','{\"tableId\":[\"5\"],\"tableName\":[\"keyword_search_num\"],\"tableComment\":[\"搜索关键词+次数记录表\"],\"className\":[\"KeywordSearchNum\"],\"functionAuthor\":[\"luoxiang\"],\"remark\":[\"\"],\"columns[0].columnId\":[\"24\"],\"columns[0].sort\":[\"1\"],\"columns[0].columnComment\":[\"\"],\"columns[0].javaType\":[\"Long\"],\"columns[0].javaField\":[\"id\"],\"columns[0].isInsert\":[\"1\"],\"columns[0].queryType\":[\"EQ\"],\"columns[0].htmlType\":[\"input\"],\"columns[0].dictType\":[\"\"],\"columns[1].columnId\":[\"25\"],\"columns[1].sort\":[\"2\"],\"columns[1].columnComment\":[\"\"],\"columns[1].javaType\":[\"String\"],\"columns[1].javaField\":[\"keyword\"],\"columns[1].isInsert\":[\"1\"],\"columns[1].isEdit\":[\"1\"],\"columns[1].isList\":[\"1\"],\"columns[1].isQuery\":[\"1\"],\"columns[1].queryType\":[\"EQ\"],\"columns[1].isRequired\":[\"1\"],\"columns[1].htmlType\":[\"input\"],\"columns[1].dictType\":[\"\"],\"columns[2].columnId\":[\"26\"],\"columns[2].sort\":[\"3\"],\"columns[2].columnComment\":[\"\"],\"columns[2].javaType\":[\"Long\"],\"columns[2].javaField\":[\"num\"],\"columns[2].isInsert\":[\"1\"],\"columns[2].isEdit\":[\"1\"],\"columns[2].isList\":[\"1\"],\"columns[2].isQuery\":[\"1\"],\"columns[2].queryType\":[\"EQ\"],\"columns[2].htmlType\":[\"input\"],\"columns[2].dictType\":[\"\"],\"columns[3].columnId\":[\"27\"],\"columns[3].sort\":[\"4\"],\"columns[3].columnComment\":[\"\"],\"columns[3].javaType\":[\"Date\"],\"columns[3].javaField\":[\"times\"],\"columns[3].isInsert\":[\"1\"],\"columns[3].isEdit\":[\"1\"],\"columns[3].isList\":[\"1\"],\"columns[3].isQuery\":[\"1\"],\"columns[3].queryType\":[\"EQ\"],\"columns[3].isRequired\":[\"1\"],\"columns[3].htmlType\":[\"datetime\"],\"columns[3].dictType\":[\"\"],\"tplCategory\":[\"crud\"],\"packageName\":[\"com.ruoyi.project.garbagesort\"],\"moduleName\":[\"garbagesort\"],\"businessName\":[\"num\"],\"functionName\":[\"搜索关键词+次数记录\"],\"params[parentMenuId]\":[\"2000\"],\"params[parentMenuName]\":[\"垃圾分类\"],\"genType\":[\"0\"],\"genPath\":[\"/\"],\"subTableName\":[\"\"],\"params[treeCode]\":[\"\"],\"params[treeParentCode]\":[\"\"],\"params[treeName]\":[\"\"]}','{\"msg\":\"操作成功\",\"code\":0}',0,NULL,'2021-06-08 10:21:26'),(108,'代码生成',2,'com.ruoyi.project.tool.gen.controller.GenController.editSave()','POST',1,'admin','研发部门','/tool/gen/edit','127.0.0.1','内网IP','{\"tableId\":[\"6\"],\"tableName\":[\"question_bank\"],\"tableComment\":[\"题库表\"],\"className\":[\"QuestionBank\"],\"functionAuthor\":[\"luoxiang\"],\"remark\":[\"\"],\"columns[0].columnId\":[\"28\"],\"columns[0].sort\":[\"1\"],\"columns[0].columnComment\":[\"id\"],\"columns[0].javaType\":[\"Long\"],\"columns[0].javaField\":[\"questionId\"],\"columns[0].isInsert\":[\"1\"],\"columns[0].queryType\":[\"EQ\"],\"columns[0].htmlType\":[\"input\"],\"columns[0].dictType\":[\"\"],\"columns[1].columnId\":[\"29\"],\"columns[1].sort\":[\"2\"],\"columns[1].columnComment\":[\"\"],\"columns[1].javaType\":[\"Long\"],\"columns[1].javaField\":[\"garbageType\"],\"columns[1].isInsert\":[\"1\"],\"columns[1].isEdit\":[\"1\"],\"columns[1].isList\":[\"1\"],\"columns[1].isQuery\":[\"1\"],\"columns[1].queryType\":[\"EQ\"],\"columns[1].htmlType\":[\"select\"],\"columns[1].dictType\":[\"\"],\"columns[2].columnId\":[\"30\"],\"columns[2].sort\":[\"3\"],\"columns[2].columnComment\":[\"垃圾名称\"],\"columns[2].javaType\":[\"String\"],\"columns[2].javaField\":[\"garbageName\"],\"columns[2].isInsert\":[\"1\"],\"columns[2].isEdit\":[\"1\"],\"columns[2].isList\":[\"1\"],\"columns[2].isQuery\":[\"1\"],\"columns[2].queryType\":[\"LIKE\"],\"columns[2].htmlType\":[\"input\"],\"columns[2].dictType\":[\"\"],\"columns[3].columnId\":[\"31\"],\"columns[3].sort\":[\"4\"],\"columns[3].columnComment\":[\"解析\"],\"columns[3].javaType\":[\"String\"],\"columns[3].javaField\":[\"analysis\"],\"columns[3].isInsert\":[\"1\"],\"columns[3].isEdit\":[\"1\"],\"columns[3].isList\":[\"1\"],\"columns[3].isQuery\":[\"1\"],\"columns[3].queryType\":[\"EQ\"],\"columns[3].htmlType\":[\"input\"],\"columns[3].dictType\":[\"\"],\"columns[4].columnId\":[\"32\"],\"columns[4].sort\":[\"5\"],\"columns[4].columnComment\":[\"备注\"],\"columns[4].javaType\":[\"String\"],\"columns[4].javaField\":[\"remark\"],\"columns[4].isInsert\":[\"1\"],\"columns[4].isEdit\":[\"1\"],\"columns[4].isList\":[\"1\"],\"columns[4].queryType\":[\"EQ\"],\"columns[4].htmlType\":[\"input\"],\"columns[4].dictType\":[\"\"],\"tplCategory\":[\"crud\"],\"packageName\":[\"com.ruoyi.project.garbagesort\"],\"moduleName\":[\"garbagesort\"],\"businessName\":[\"bank\"],\"functionName\":[\"题库\"],\"params[parentMenuId]\":[\"2000\"],\"params[parentMenuNa','{\"msg\":\"操作成功\",\"code\":0}',0,NULL,'2021-06-08 10:21:49'),(109,'代码生成',2,'com.ruoyi.project.tool.gen.controller.GenController.editSave()','POST',1,'admin','研发部门','/tool/gen/edit','127.0.0.1','内网IP','{\"tableId\":[\"7\"],\"tableName\":[\"slide_show\"],\"tableComment\":[\"幻灯片播放表\"],\"className\":[\"SlideShow\"],\"functionAuthor\":[\"luoxiang\"],\"remark\":[\"\"],\"columns[0].columnId\":[\"33\"],\"columns[0].sort\":[\"1\"],\"columns[0].columnComment\":[\"id\"],\"columns[0].javaType\":[\"Long\"],\"columns[0].javaField\":[\"slide\"],\"columns[0].isInsert\":[\"1\"],\"columns[0].queryType\":[\"EQ\"],\"columns[0].htmlType\":[\"input\"],\"columns[0].dictType\":[\"\"],\"columns[1].columnId\":[\"34\"],\"columns[1].sort\":[\"2\"],\"columns[1].columnComment\":[\"是否启用\"],\"columns[1].javaType\":[\"Integer\"],\"columns[1].javaField\":[\"userId\"],\"columns[1].isInsert\":[\"1\"],\"columns[1].isEdit\":[\"1\"],\"columns[1].isList\":[\"1\"],\"columns[1].isQuery\":[\"1\"],\"columns[1].queryType\":[\"EQ\"],\"columns[1].htmlType\":[\"input\"],\"columns[1].dictType\":[\"\"],\"columns[2].columnId\":[\"35\"],\"columns[2].sort\":[\"3\"],\"columns[2].columnComment\":[\"排序id\"],\"columns[2].javaType\":[\"Long\"],\"columns[2].javaField\":[\"sortId\"],\"columns[2].isInsert\":[\"1\"],\"columns[2].isEdit\":[\"1\"],\"columns[2].isList\":[\"1\"],\"columns[2].isQuery\":[\"1\"],\"columns[2].queryType\":[\"EQ\"],\"columns[2].htmlType\":[\"input\"],\"columns[2].dictType\":[\"\"],\"columns[3].columnId\":[\"36\"],\"columns[3].sort\":[\"4\"],\"columns[3].columnComment\":[\"图片地址\"],\"columns[3].javaType\":[\"String\"],\"columns[3].javaField\":[\"imageUrl\"],\"columns[3].isInsert\":[\"1\"],\"columns[3].isEdit\":[\"1\"],\"columns[3].isList\":[\"1\"],\"columns[3].isQuery\":[\"1\"],\"columns[3].queryType\":[\"EQ\"],\"columns[3].htmlType\":[\"input\"],\"columns[3].dictType\":[\"\"],\"columns[4].columnId\":[\"37\"],\"columns[4].sort\":[\"5\"],\"columns[4].columnComment\":[\"跳转的链接地址\"],\"columns[4].javaType\":[\"String\"],\"columns[4].javaField\":[\"skipUrl\"],\"columns[4].isInsert\":[\"1\"],\"columns[4].isEdit\":[\"1\"],\"columns[4].isList\":[\"1\"],\"columns[4].isQuery\":[\"1\"],\"columns[4].queryType\":[\"EQ\"],\"columns[4].htmlType\":[\"input\"],\"columns[4].dictType\":[\"\"],\"tplCategory\":[\"crud\"],\"packageName\":[\"com.ruoyi.project.garbagesort\"],\"moduleName\":[\"garbagesort\"],\"businessName\":[\"show\"],\"functionName\":[\"幻灯片播放\"],\"params[parentMenuId]\":[\"2000\"','{\"msg\":\"操作成功\",\"code\":0}',0,NULL,'2021-06-08 10:22:10'),(110,'代码生成',2,'com.ruoyi.project.tool.gen.controller.GenController.editSave()','POST',1,'admin','研发部门','/tool/gen/edit','127.0.0.1','内网IP','{\"tableId\":[\"8\"],\"tableName\":[\"speech_classify\"],\"tableComment\":[\"语音识别记录\"],\"className\":[\"SpeechClassify\"],\"functionAuthor\":[\"luoxiang\"],\"remark\":[\"\"],\"columns[0].columnId\":[\"38\"],\"columns[0].sort\":[\"1\"],\"columns[0].columnComment\":[\"\"],\"columns[0].javaType\":[\"Long\"],\"columns[0].javaField\":[\"id\"],\"columns[0].isInsert\":[\"1\"],\"columns[0].queryType\":[\"EQ\"],\"columns[0].htmlType\":[\"input\"],\"columns[0].dictType\":[\"\"],\"columns[1].columnId\":[\"39\"],\"columns[1].sort\":[\"2\"],\"columns[1].columnComment\":[\"\"],\"columns[1].javaType\":[\"String\"],\"columns[1].javaField\":[\"filepath\"],\"columns[1].isInsert\":[\"1\"],\"columns[1].isEdit\":[\"1\"],\"columns[1].isList\":[\"1\"],\"columns[1].isQuery\":[\"1\"],\"columns[1].queryType\":[\"EQ\"],\"columns[1].htmlType\":[\"input\"],\"columns[1].dictType\":[\"\"],\"columns[2].columnId\":[\"40\"],\"columns[2].sort\":[\"3\"],\"columns[2].columnComment\":[\"\"],\"columns[2].javaType\":[\"String\"],\"columns[2].javaField\":[\"oneKeyword\"],\"columns[2].isInsert\":[\"1\"],\"columns[2].isEdit\":[\"1\"],\"columns[2].isList\":[\"1\"],\"columns[2].isQuery\":[\"1\"],\"columns[2].queryType\":[\"EQ\"],\"columns[2].htmlType\":[\"input\"],\"columns[2].dictType\":[\"\"],\"columns[3].columnId\":[\"41\"],\"columns[3].sort\":[\"4\"],\"columns[3].columnComment\":[\"\"],\"columns[3].javaType\":[\"String\"],\"columns[3].javaField\":[\"oneResult\"],\"columns[3].isInsert\":[\"1\"],\"columns[3].isEdit\":[\"1\"],\"columns[3].isList\":[\"1\"],\"columns[3].isQuery\":[\"1\"],\"columns[3].queryType\":[\"EQ\"],\"columns[3].htmlType\":[\"input\"],\"columns[3].dictType\":[\"\"],\"columns[4].columnId\":[\"42\"],\"columns[4].sort\":[\"5\"],\"columns[4].columnComment\":[\"\"],\"columns[4].javaType\":[\"String\"],\"columns[4].javaField\":[\"allKeyword\"],\"columns[4].isInsert\":[\"1\"],\"columns[4].isEdit\":[\"1\"],\"columns[4].isList\":[\"1\"],\"columns[4].isQuery\":[\"1\"],\"columns[4].queryType\":[\"EQ\"],\"columns[4].htmlType\":[\"textarea\"],\"columns[4].dictType\":[\"\"],\"columns[5].columnId\":[\"43\"],\"columns[5].sort\":[\"6\"],\"columns[5].columnComment\":[\"\"],\"columns[5].javaType\":[\"String\"],\"columns[5].javaField\":[\"allResult\"],\"columns[5].isInsert\":[\"','{\"msg\":\"操作成功\",\"code\":0}',0,NULL,'2021-06-08 10:22:29'),(111,'代码生成',2,'com.ruoyi.project.tool.gen.controller.GenController.editSave()','POST',1,'admin','研发部门','/tool/gen/edit','127.0.0.1','内网IP','{\"tableId\":[\"1\"],\"tableName\":[\"challenge_detail\"],\"tableComment\":[\"挑战明细记录\"],\"className\":[\"ChallengeDetail\"],\"functionAuthor\":[\"luoxiang\"],\"remark\":[\"\"],\"columns[0].columnId\":[\"1\"],\"columns[0].sort\":[\"1\"],\"columns[0].columnComment\":[\"\"],\"columns[0].javaType\":[\"Long\"],\"columns[0].javaField\":[\"id\"],\"columns[0].isInsert\":[\"1\"],\"columns[0].queryType\":[\"EQ\"],\"columns[0].htmlType\":[\"input\"],\"columns[0].dictType\":[\"\"],\"columns[1].columnId\":[\"2\"],\"columns[1].sort\":[\"2\"],\"columns[1].columnComment\":[\"是否正确；1:正确；0:错误\"],\"columns[1].javaType\":[\"Long\"],\"columns[1].javaField\":[\"whether\"],\"columns[1].isInsert\":[\"1\"],\"columns[1].isEdit\":[\"1\"],\"columns[1].isList\":[\"1\"],\"columns[1].isQuery\":[\"1\"],\"columns[1].queryType\":[\"EQ\"],\"columns[1].htmlType\":[\"input\"],\"columns[1].dictType\":[\"\"],\"columns[2].columnId\":[\"3\"],\"columns[2].sort\":[\"3\"],\"columns[2].columnComment\":[\"问题id\"],\"columns[2].javaType\":[\"Long\"],\"columns[2].javaField\":[\"questionId\"],\"columns[2].isInsert\":[\"1\"],\"columns[2].isEdit\":[\"1\"],\"columns[2].isList\":[\"1\"],\"columns[2].isQuery\":[\"1\"],\"columns[2].queryType\":[\"EQ\"],\"columns[2].htmlType\":[\"input\"],\"columns[2].dictType\":[\"\"],\"columns[3].columnId\":[\"4\"],\"columns[3].sort\":[\"4\"],\"columns[3].columnComment\":[\"\"],\"columns[3].javaType\":[\"String\"],\"columns[3].javaField\":[\"garbageName\"],\"columns[3].isInsert\":[\"1\"],\"columns[3].isEdit\":[\"1\"],\"columns[3].isList\":[\"1\"],\"columns[3].isQuery\":[\"1\"],\"columns[3].queryType\":[\"LIKE\"],\"columns[3].htmlType\":[\"input\"],\"columns[3].dictType\":[\"\"],\"columns[4].columnId\":[\"5\"],\"columns[4].sort\":[\"5\"],\"columns[4].columnComment\":[\"\"],\"columns[4].javaType\":[\"Long\"],\"columns[4].javaField\":[\"garbageType\"],\"columns[4].isInsert\":[\"1\"],\"columns[4].isEdit\":[\"1\"],\"columns[4].isList\":[\"1\"],\"columns[4].isQuery\":[\"1\"],\"columns[4].queryType\":[\"EQ\"],\"columns[4].htmlType\":[\"select\"],\"columns[4].dictType\":[\"\"],\"columns[5].columnId\":[\"6\"],\"columns[5].sort\":[\"6\"],\"columns[5].columnComment\":[\"\"],\"columns[5].javaType\":[\"Long\"],\"columns[5].javaField\":[\"selectedType\"],\"columns[5].i','{\"msg\":\"操作成功\",\"code\":0}',0,NULL,'2021-06-08 10:22:47'),(112,'代码生成',2,'com.ruoyi.project.tool.gen.controller.GenController.editSave()','POST',1,'admin','研发部门','/tool/gen/edit','127.0.0.1','内网IP','{\"tableId\":[\"2\"],\"tableName\":[\"challenge_result\"],\"tableComment\":[\"挑战结果+详情记录表\"],\"className\":[\"ChallengeResult\"],\"functionAuthor\":[\"luoxiang\"],\"remark\":[\"\"],\"columns[0].columnId\":[\"7\"],\"columns[0].sort\":[\"1\"],\"columns[0].columnComment\":[\"\"],\"columns[0].javaType\":[\"Long\"],\"columns[0].javaField\":[\"id\"],\"columns[0].isInsert\":[\"1\"],\"columns[0].queryType\":[\"EQ\"],\"columns[0].htmlType\":[\"input\"],\"columns[0].dictType\":[\"\"],\"columns[1].columnId\":[\"8\"],\"columns[1].sort\":[\"2\"],\"columns[1].columnComment\":[\"\"],\"columns[1].javaType\":[\"Long\"],\"columns[1].javaField\":[\"score\"],\"columns[1].isInsert\":[\"1\"],\"columns[1].isEdit\":[\"1\"],\"columns[1].isList\":[\"1\"],\"columns[1].isQuery\":[\"1\"],\"columns[1].queryType\":[\"EQ\"],\"columns[1].htmlType\":[\"input\"],\"columns[1].dictType\":[\"\"],\"columns[2].columnId\":[\"9\"],\"columns[2].sort\":[\"3\"],\"columns[2].columnComment\":[\"\"],\"columns[2].javaType\":[\"String\"],\"columns[2].javaField\":[\"result\"],\"columns[2].isInsert\":[\"1\"],\"columns[2].isEdit\":[\"1\"],\"columns[2].isList\":[\"1\"],\"columns[2].isQuery\":[\"1\"],\"columns[2].queryType\":[\"EQ\"],\"columns[2].htmlType\":[\"input\"],\"columns[2].dictType\":[\"\"],\"columns[3].columnId\":[\"10\"],\"columns[3].sort\":[\"4\"],\"columns[3].columnComment\":[\"\"],\"columns[3].javaType\":[\"Date\"],\"columns[3].javaField\":[\"times\"],\"columns[3].isInsert\":[\"1\"],\"columns[3].isEdit\":[\"1\"],\"columns[3].isList\":[\"1\"],\"columns[3].isQuery\":[\"1\"],\"columns[3].queryType\":[\"EQ\"],\"columns[3].isRequired\":[\"1\"],\"columns[3].htmlType\":[\"datetime\"],\"columns[3].dictType\":[\"\"],\"columns[4].columnId\":[\"11\"],\"columns[4].sort\":[\"5\"],\"columns[4].columnComment\":[\"\"],\"columns[4].javaType\":[\"String\"],\"columns[4].javaField\":[\"userName\"],\"columns[4].isInsert\":[\"1\"],\"columns[4].isEdit\":[\"1\"],\"columns[4].isList\":[\"1\"],\"columns[4].isQuery\":[\"1\"],\"columns[4].queryType\":[\"LIKE\"],\"columns[4].htmlType\":[\"input\"],\"columns[4].dictType\":[\"\"],\"tplCategory\":[\"crud\"],\"packageName\":[\"com.ruoyi.project.garbagesort\"],\"moduleName\":[\"garbagesort\"],\"businessName\":[\"result\"],\"functionName\":[\"挑战结果+详情记录\"],\"param','{\"msg\":\"操作成功\",\"code\":0}',0,NULL,'2021-06-08 10:23:05'),(113,'代码生成',2,'com.ruoyi.project.tool.gen.controller.GenController.editSave()','POST',1,'admin','研发部门','/tool/gen/edit','127.0.0.1','内网IP','{\"tableId\":[\"3\"],\"tableName\":[\"image_classify\"],\"tableComment\":[\"图像识别记录\"],\"className\":[\"ImageClassify\"],\"functionAuthor\":[\"luoxiang\"],\"remark\":[\"\"],\"columns[0].columnId\":[\"12\"],\"columns[0].sort\":[\"1\"],\"columns[0].columnComment\":[\"\"],\"columns[0].javaType\":[\"Long\"],\"columns[0].javaField\":[\"id\"],\"columns[0].isInsert\":[\"1\"],\"columns[0].queryType\":[\"EQ\"],\"columns[0].htmlType\":[\"input\"],\"columns[0].dictType\":[\"\"],\"columns[1].columnId\":[\"13\"],\"columns[1].sort\":[\"2\"],\"columns[1].columnComment\":[\"\"],\"columns[1].javaType\":[\"String\"],\"columns[1].javaField\":[\"filepath\"],\"columns[1].isInsert\":[\"1\"],\"columns[1].isEdit\":[\"1\"],\"columns[1].isList\":[\"1\"],\"columns[1].isQuery\":[\"1\"],\"columns[1].queryType\":[\"EQ\"],\"columns[1].htmlType\":[\"input\"],\"columns[1].dictType\":[\"\"],\"columns[2].columnId\":[\"14\"],\"columns[2].sort\":[\"3\"],\"columns[2].columnComment\":[\"\"],\"columns[2].javaType\":[\"String\"],\"columns[2].javaField\":[\"oneKeyword\"],\"columns[2].isInsert\":[\"1\"],\"columns[2].isEdit\":[\"1\"],\"columns[2].isList\":[\"1\"],\"columns[2].isQuery\":[\"1\"],\"columns[2].queryType\":[\"EQ\"],\"columns[2].htmlType\":[\"input\"],\"columns[2].dictType\":[\"\"],\"columns[3].columnId\":[\"15\"],\"columns[3].sort\":[\"4\"],\"columns[3].columnComment\":[\"\"],\"columns[3].javaType\":[\"String\"],\"columns[3].javaField\":[\"oneResult\"],\"columns[3].isInsert\":[\"1\"],\"columns[3].isEdit\":[\"1\"],\"columns[3].isList\":[\"1\"],\"columns[3].isQuery\":[\"1\"],\"columns[3].queryType\":[\"EQ\"],\"columns[3].htmlType\":[\"input\"],\"columns[3].dictType\":[\"\"],\"columns[4].columnId\":[\"16\"],\"columns[4].sort\":[\"5\"],\"columns[4].columnComment\":[\"\"],\"columns[4].javaType\":[\"String\"],\"columns[4].javaField\":[\"allKeyword\"],\"columns[4].isInsert\":[\"1\"],\"columns[4].isEdit\":[\"1\"],\"columns[4].isList\":[\"1\"],\"columns[4].isQuery\":[\"1\"],\"columns[4].queryType\":[\"EQ\"],\"columns[4].htmlType\":[\"textarea\"],\"columns[4].dictType\":[\"\"],\"columns[5].columnId\":[\"17\"],\"columns[5].sort\":[\"6\"],\"columns[5].columnComment\":[\"\"],\"columns[5].javaType\":[\"String\"],\"columns[5].javaField\":[\"allResult\"],\"columns[5].isInsert\":[\"1\"','{\"msg\":\"操作成功\",\"code\":0}',0,NULL,'2021-06-08 10:23:23'),(114,'代码生成',8,'com.ruoyi.project.tool.gen.controller.GenController.batchGenCode()','GET',1,'admin','研发部门','/tool/gen/batchGenCode','127.0.0.1','内网IP','{\"tables\":[\"keyword_result,keyword_search_num,question_bank,slide_show,speech_classify,challenge_detail,challenge_result,image_classify\"]}',NULL,0,NULL,'2021-06-08 10:23:32'),(115,'代码生成',2,'com.ruoyi.project.tool.gen.controller.GenController.editSave()','POST',1,'admin','研发部门','/tool/gen/edit','127.0.0.1','内网IP','{\"tableId\":[\"4\"],\"tableName\":[\"keyword_result\"],\"tableComment\":[\"关键词+结果记录表\"],\"className\":[\"KeywordResult\"],\"functionAuthor\":[\"luoxiang\"],\"remark\":[\"\"],\"columns[0].columnId\":[\"20\"],\"columns[0].sort\":[\"1\"],\"columns[0].columnComment\":[\"\"],\"columns[0].javaType\":[\"Long\"],\"columns[0].javaField\":[\"id\"],\"columns[0].isInsert\":[\"1\"],\"columns[0].queryType\":[\"EQ\"],\"columns[0].htmlType\":[\"input\"],\"columns[0].dictType\":[\"\"],\"columns[1].columnId\":[\"21\"],\"columns[1].sort\":[\"2\"],\"columns[1].columnComment\":[\"\"],\"columns[1].javaType\":[\"String\"],\"columns[1].javaField\":[\"keyword\"],\"columns[1].isInsert\":[\"1\"],\"columns[1].isEdit\":[\"1\"],\"columns[1].isList\":[\"1\"],\"columns[1].isQuery\":[\"1\"],\"columns[1].queryType\":[\"EQ\"],\"columns[1].htmlType\":[\"input\"],\"columns[1].dictType\":[\"\"],\"columns[2].columnId\":[\"22\"],\"columns[2].sort\":[\"3\"],\"columns[2].columnComment\":[\"\"],\"columns[2].javaType\":[\"String\"],\"columns[2].javaField\":[\"result\"],\"columns[2].isInsert\":[\"1\"],\"columns[2].isEdit\":[\"1\"],\"columns[2].isList\":[\"1\"],\"columns[2].isQuery\":[\"1\"],\"columns[2].queryType\":[\"EQ\"],\"columns[2].htmlType\":[\"input\"],\"columns[2].dictType\":[\"\"],\"columns[3].columnId\":[\"23\"],\"columns[3].sort\":[\"4\"],\"columns[3].columnComment\":[\"\"],\"columns[3].javaType\":[\"Date\"],\"columns[3].javaField\":[\"times\"],\"columns[3].isInsert\":[\"1\"],\"columns[3].isEdit\":[\"1\"],\"columns[3].isList\":[\"1\"],\"columns[3].isQuery\":[\"1\"],\"columns[3].queryType\":[\"EQ\"],\"columns[3].htmlType\":[\"datetime\"],\"columns[3].dictType\":[\"\"],\"tplCategory\":[\"crud\"],\"packageName\":[\"com.ruoyi.project.garbagesort\"],\"moduleName\":[\"garbagesort\"],\"businessName\":[\"keywordResult\"],\"functionName\":[\"关键词+结果记录\"],\"params[parentMenuId]\":[\"2000\"],\"params[parentMenuName]\":[\"垃圾分类\"],\"genType\":[\"0\"],\"genPath\":[\"/\"],\"subTableName\":[\"\"],\"params[treeCode]\":[\"\"],\"params[treeParentCode]\":[\"\"],\"params[treeName]\":[\"\"]}','{\"msg\":\"操作成功\",\"code\":0}',0,NULL,'2021-06-08 10:33:14'),(116,'代码生成',2,'com.ruoyi.project.tool.gen.controller.GenController.editSave()','POST',1,'admin','研发部门','/tool/gen/edit','127.0.0.1','内网IP','{\"tableId\":[\"5\"],\"tableName\":[\"keyword_search_num\"],\"tableComment\":[\"搜索关键词+次数记录表\"],\"className\":[\"KeywordSearchNum\"],\"functionAuthor\":[\"luoxiang\"],\"remark\":[\"\"],\"columns[0].columnId\":[\"24\"],\"columns[0].sort\":[\"1\"],\"columns[0].columnComment\":[\"\"],\"columns[0].javaType\":[\"Long\"],\"columns[0].javaField\":[\"id\"],\"columns[0].isInsert\":[\"1\"],\"columns[0].queryType\":[\"EQ\"],\"columns[0].htmlType\":[\"input\"],\"columns[0].dictType\":[\"\"],\"columns[1].columnId\":[\"25\"],\"columns[1].sort\":[\"2\"],\"columns[1].columnComment\":[\"\"],\"columns[1].javaType\":[\"String\"],\"columns[1].javaField\":[\"keyword\"],\"columns[1].isInsert\":[\"1\"],\"columns[1].isEdit\":[\"1\"],\"columns[1].isList\":[\"1\"],\"columns[1].isQuery\":[\"1\"],\"columns[1].queryType\":[\"EQ\"],\"columns[1].isRequired\":[\"1\"],\"columns[1].htmlType\":[\"input\"],\"columns[1].dictType\":[\"\"],\"columns[2].columnId\":[\"26\"],\"columns[2].sort\":[\"3\"],\"columns[2].columnComment\":[\"\"],\"columns[2].javaType\":[\"Long\"],\"columns[2].javaField\":[\"num\"],\"columns[2].isInsert\":[\"1\"],\"columns[2].isEdit\":[\"1\"],\"columns[2].isList\":[\"1\"],\"columns[2].isQuery\":[\"1\"],\"columns[2].queryType\":[\"EQ\"],\"columns[2].htmlType\":[\"input\"],\"columns[2].dictType\":[\"\"],\"columns[3].columnId\":[\"27\"],\"columns[3].sort\":[\"4\"],\"columns[3].columnComment\":[\"\"],\"columns[3].javaType\":[\"Date\"],\"columns[3].javaField\":[\"times\"],\"columns[3].isInsert\":[\"1\"],\"columns[3].isEdit\":[\"1\"],\"columns[3].isList\":[\"1\"],\"columns[3].isQuery\":[\"1\"],\"columns[3].queryType\":[\"EQ\"],\"columns[3].isRequired\":[\"1\"],\"columns[3].htmlType\":[\"datetime\"],\"columns[3].dictType\":[\"\"],\"tplCategory\":[\"crud\"],\"packageName\":[\"com.ruoyi.project.garbagesort\"],\"moduleName\":[\"garbagesort\"],\"businessName\":[\"keywordSearchNum\"],\"functionName\":[\"搜索关键词+次数记录\"],\"params[parentMenuId]\":[\"2000\"],\"params[parentMenuName]\":[\"垃圾分类\"],\"genType\":[\"0\"],\"genPath\":[\"/\"],\"subTableName\":[\"\"],\"params[treeCode]\":[\"\"],\"params[treeParentCode]\":[\"\"],\"params[treeName]\":[\"\"]}','{\"msg\":\"操作成功\",\"code\":0}',0,NULL,'2021-06-08 10:33:34'),(117,'代码生成',2,'com.ruoyi.project.tool.gen.controller.GenController.editSave()','POST',1,'admin','研发部门','/tool/gen/edit','127.0.0.1','内网IP','{\"tableId\":[\"6\"],\"tableName\":[\"question_bank\"],\"tableComment\":[\"题库表\"],\"className\":[\"QuestionBank\"],\"functionAuthor\":[\"luoxiang\"],\"remark\":[\"\"],\"columns[0].columnId\":[\"28\"],\"columns[0].sort\":[\"1\"],\"columns[0].columnComment\":[\"id\"],\"columns[0].javaType\":[\"Long\"],\"columns[0].javaField\":[\"questionId\"],\"columns[0].isInsert\":[\"1\"],\"columns[0].queryType\":[\"EQ\"],\"columns[0].htmlType\":[\"input\"],\"columns[0].dictType\":[\"\"],\"columns[1].columnId\":[\"29\"],\"columns[1].sort\":[\"2\"],\"columns[1].columnComment\":[\"\"],\"columns[1].javaType\":[\"Long\"],\"columns[1].javaField\":[\"garbageType\"],\"columns[1].isInsert\":[\"1\"],\"columns[1].isEdit\":[\"1\"],\"columns[1].isList\":[\"1\"],\"columns[1].isQuery\":[\"1\"],\"columns[1].queryType\":[\"EQ\"],\"columns[1].htmlType\":[\"select\"],\"columns[1].dictType\":[\"\"],\"columns[2].columnId\":[\"30\"],\"columns[2].sort\":[\"3\"],\"columns[2].columnComment\":[\"垃圾名称\"],\"columns[2].javaType\":[\"String\"],\"columns[2].javaField\":[\"garbageName\"],\"columns[2].isInsert\":[\"1\"],\"columns[2].isEdit\":[\"1\"],\"columns[2].isList\":[\"1\"],\"columns[2].isQuery\":[\"1\"],\"columns[2].queryType\":[\"LIKE\"],\"columns[2].htmlType\":[\"input\"],\"columns[2].dictType\":[\"\"],\"columns[3].columnId\":[\"31\"],\"columns[3].sort\":[\"4\"],\"columns[3].columnComment\":[\"解析\"],\"columns[3].javaType\":[\"String\"],\"columns[3].javaField\":[\"analysis\"],\"columns[3].isInsert\":[\"1\"],\"columns[3].isEdit\":[\"1\"],\"columns[3].isList\":[\"1\"],\"columns[3].isQuery\":[\"1\"],\"columns[3].queryType\":[\"EQ\"],\"columns[3].htmlType\":[\"input\"],\"columns[3].dictType\":[\"\"],\"columns[4].columnId\":[\"32\"],\"columns[4].sort\":[\"5\"],\"columns[4].columnComment\":[\"备注\"],\"columns[4].javaType\":[\"String\"],\"columns[4].javaField\":[\"remark\"],\"columns[4].isInsert\":[\"1\"],\"columns[4].isEdit\":[\"1\"],\"columns[4].isList\":[\"1\"],\"columns[4].queryType\":[\"EQ\"],\"columns[4].htmlType\":[\"input\"],\"columns[4].dictType\":[\"\"],\"tplCategory\":[\"crud\"],\"packageName\":[\"com.ruoyi.project.garbagesort\"],\"moduleName\":[\"garbagesort\"],\"businessName\":[\"questionBank\"],\"functionName\":[\"题库\"],\"params[parentMenuId]\":[\"2000\"],\"params[pare','{\"msg\":\"操作成功\",\"code\":0}',0,NULL,'2021-06-08 10:33:47'),(118,'代码生成',2,'com.ruoyi.project.tool.gen.controller.GenController.editSave()','POST',1,'admin','研发部门','/tool/gen/edit','127.0.0.1','内网IP','{\"tableId\":[\"7\"],\"tableName\":[\"slide_show\"],\"tableComment\":[\"幻灯片播放表\"],\"className\":[\"SlideShow\"],\"functionAuthor\":[\"luoxiang\"],\"remark\":[\"\"],\"columns[0].columnId\":[\"33\"],\"columns[0].sort\":[\"1\"],\"columns[0].columnComment\":[\"id\"],\"columns[0].javaType\":[\"Long\"],\"columns[0].javaField\":[\"slide\"],\"columns[0].isInsert\":[\"1\"],\"columns[0].queryType\":[\"EQ\"],\"columns[0].htmlType\":[\"input\"],\"columns[0].dictType\":[\"\"],\"columns[1].columnId\":[\"34\"],\"columns[1].sort\":[\"2\"],\"columns[1].columnComment\":[\"是否启用\"],\"columns[1].javaType\":[\"Integer\"],\"columns[1].javaField\":[\"userId\"],\"columns[1].isInsert\":[\"1\"],\"columns[1].isEdit\":[\"1\"],\"columns[1].isList\":[\"1\"],\"columns[1].isQuery\":[\"1\"],\"columns[1].queryType\":[\"EQ\"],\"columns[1].htmlType\":[\"input\"],\"columns[1].dictType\":[\"\"],\"columns[2].columnId\":[\"35\"],\"columns[2].sort\":[\"3\"],\"columns[2].columnComment\":[\"排序id\"],\"columns[2].javaType\":[\"Long\"],\"columns[2].javaField\":[\"sortId\"],\"columns[2].isInsert\":[\"1\"],\"columns[2].isEdit\":[\"1\"],\"columns[2].isList\":[\"1\"],\"columns[2].isQuery\":[\"1\"],\"columns[2].queryType\":[\"EQ\"],\"columns[2].htmlType\":[\"input\"],\"columns[2].dictType\":[\"\"],\"columns[3].columnId\":[\"36\"],\"columns[3].sort\":[\"4\"],\"columns[3].columnComment\":[\"图片地址\"],\"columns[3].javaType\":[\"String\"],\"columns[3].javaField\":[\"imageUrl\"],\"columns[3].isInsert\":[\"1\"],\"columns[3].isEdit\":[\"1\"],\"columns[3].isList\":[\"1\"],\"columns[3].isQuery\":[\"1\"],\"columns[3].queryType\":[\"EQ\"],\"columns[3].htmlType\":[\"input\"],\"columns[3].dictType\":[\"\"],\"columns[4].columnId\":[\"37\"],\"columns[4].sort\":[\"5\"],\"columns[4].columnComment\":[\"跳转的链接地址\"],\"columns[4].javaType\":[\"String\"],\"columns[4].javaField\":[\"skipUrl\"],\"columns[4].isInsert\":[\"1\"],\"columns[4].isEdit\":[\"1\"],\"columns[4].isList\":[\"1\"],\"columns[4].isQuery\":[\"1\"],\"columns[4].queryType\":[\"EQ\"],\"columns[4].htmlType\":[\"input\"],\"columns[4].dictType\":[\"\"],\"tplCategory\":[\"crud\"],\"packageName\":[\"com.ruoyi.project.garbagesort\"],\"moduleName\":[\"garbagesort\"],\"businessName\":[\"slideShow\"],\"functionName\":[\"幻灯片播放\"],\"params[parentMenuId]\":[\"','{\"msg\":\"操作成功\",\"code\":0}',0,NULL,'2021-06-08 10:34:06'),(119,'代码生成',2,'com.ruoyi.project.tool.gen.controller.GenController.editSave()','POST',1,'admin','研发部门','/tool/gen/edit','127.0.0.1','内网IP','{\"tableId\":[\"8\"],\"tableName\":[\"speech_classify\"],\"tableComment\":[\"语音识别记录\"],\"className\":[\"SpeechClassify\"],\"functionAuthor\":[\"luoxiang\"],\"remark\":[\"\"],\"columns[0].columnId\":[\"38\"],\"columns[0].sort\":[\"1\"],\"columns[0].columnComment\":[\"\"],\"columns[0].javaType\":[\"Long\"],\"columns[0].javaField\":[\"id\"],\"columns[0].isInsert\":[\"1\"],\"columns[0].queryType\":[\"EQ\"],\"columns[0].htmlType\":[\"input\"],\"columns[0].dictType\":[\"\"],\"columns[1].columnId\":[\"39\"],\"columns[1].sort\":[\"2\"],\"columns[1].columnComment\":[\"\"],\"columns[1].javaType\":[\"String\"],\"columns[1].javaField\":[\"filepath\"],\"columns[1].isInsert\":[\"1\"],\"columns[1].isEdit\":[\"1\"],\"columns[1].isList\":[\"1\"],\"columns[1].isQuery\":[\"1\"],\"columns[1].queryType\":[\"EQ\"],\"columns[1].htmlType\":[\"input\"],\"columns[1].dictType\":[\"\"],\"columns[2].columnId\":[\"40\"],\"columns[2].sort\":[\"3\"],\"columns[2].columnComment\":[\"\"],\"columns[2].javaType\":[\"String\"],\"columns[2].javaField\":[\"oneKeyword\"],\"columns[2].isInsert\":[\"1\"],\"columns[2].isEdit\":[\"1\"],\"columns[2].isList\":[\"1\"],\"columns[2].isQuery\":[\"1\"],\"columns[2].queryType\":[\"EQ\"],\"columns[2].htmlType\":[\"input\"],\"columns[2].dictType\":[\"\"],\"columns[3].columnId\":[\"41\"],\"columns[3].sort\":[\"4\"],\"columns[3].columnComment\":[\"\"],\"columns[3].javaType\":[\"String\"],\"columns[3].javaField\":[\"oneResult\"],\"columns[3].isInsert\":[\"1\"],\"columns[3].isEdit\":[\"1\"],\"columns[3].isList\":[\"1\"],\"columns[3].isQuery\":[\"1\"],\"columns[3].queryType\":[\"EQ\"],\"columns[3].htmlType\":[\"input\"],\"columns[3].dictType\":[\"\"],\"columns[4].columnId\":[\"42\"],\"columns[4].sort\":[\"5\"],\"columns[4].columnComment\":[\"\"],\"columns[4].javaType\":[\"String\"],\"columns[4].javaField\":[\"allKeyword\"],\"columns[4].isInsert\":[\"1\"],\"columns[4].isEdit\":[\"1\"],\"columns[4].isList\":[\"1\"],\"columns[4].isQuery\":[\"1\"],\"columns[4].queryType\":[\"EQ\"],\"columns[4].htmlType\":[\"textarea\"],\"columns[4].dictType\":[\"\"],\"columns[5].columnId\":[\"43\"],\"columns[5].sort\":[\"6\"],\"columns[5].columnComment\":[\"\"],\"columns[5].javaType\":[\"String\"],\"columns[5].javaField\":[\"allResult\"],\"columns[5].isInsert\":[\"','{\"msg\":\"操作成功\",\"code\":0}',0,NULL,'2021-06-08 10:34:25'),(120,'代码生成',2,'com.ruoyi.project.tool.gen.controller.GenController.editSave()','POST',1,'admin','研发部门','/tool/gen/edit','127.0.0.1','内网IP','{\"tableId\":[\"1\"],\"tableName\":[\"challenge_detail\"],\"tableComment\":[\"挑战明细记录\"],\"className\":[\"ChallengeDetail\"],\"functionAuthor\":[\"luoxiang\"],\"remark\":[\"\"],\"columns[0].columnId\":[\"1\"],\"columns[0].sort\":[\"1\"],\"columns[0].columnComment\":[\"\"],\"columns[0].javaType\":[\"Long\"],\"columns[0].javaField\":[\"id\"],\"columns[0].isInsert\":[\"1\"],\"columns[0].queryType\":[\"EQ\"],\"columns[0].htmlType\":[\"input\"],\"columns[0].dictType\":[\"\"],\"columns[1].columnId\":[\"2\"],\"columns[1].sort\":[\"2\"],\"columns[1].columnComment\":[\"是否正确；1:正确；0:错误\"],\"columns[1].javaType\":[\"Long\"],\"columns[1].javaField\":[\"whether\"],\"columns[1].isInsert\":[\"1\"],\"columns[1].isEdit\":[\"1\"],\"columns[1].isList\":[\"1\"],\"columns[1].isQuery\":[\"1\"],\"columns[1].queryType\":[\"EQ\"],\"columns[1].htmlType\":[\"input\"],\"columns[1].dictType\":[\"\"],\"columns[2].columnId\":[\"3\"],\"columns[2].sort\":[\"3\"],\"columns[2].columnComment\":[\"问题id\"],\"columns[2].javaType\":[\"Long\"],\"columns[2].javaField\":[\"questionId\"],\"columns[2].isInsert\":[\"1\"],\"columns[2].isEdit\":[\"1\"],\"columns[2].isList\":[\"1\"],\"columns[2].isQuery\":[\"1\"],\"columns[2].queryType\":[\"EQ\"],\"columns[2].htmlType\":[\"input\"],\"columns[2].dictType\":[\"\"],\"columns[3].columnId\":[\"4\"],\"columns[3].sort\":[\"4\"],\"columns[3].columnComment\":[\"\"],\"columns[3].javaType\":[\"String\"],\"columns[3].javaField\":[\"garbageName\"],\"columns[3].isInsert\":[\"1\"],\"columns[3].isEdit\":[\"1\"],\"columns[3].isList\":[\"1\"],\"columns[3].isQuery\":[\"1\"],\"columns[3].queryType\":[\"LIKE\"],\"columns[3].htmlType\":[\"input\"],\"columns[3].dictType\":[\"\"],\"columns[4].columnId\":[\"5\"],\"columns[4].sort\":[\"5\"],\"columns[4].columnComment\":[\"\"],\"columns[4].javaType\":[\"Long\"],\"columns[4].javaField\":[\"garbageType\"],\"columns[4].isInsert\":[\"1\"],\"columns[4].isEdit\":[\"1\"],\"columns[4].isList\":[\"1\"],\"columns[4].isQuery\":[\"1\"],\"columns[4].queryType\":[\"EQ\"],\"columns[4].htmlType\":[\"select\"],\"columns[4].dictType\":[\"\"],\"columns[5].columnId\":[\"6\"],\"columns[5].sort\":[\"6\"],\"columns[5].columnComment\":[\"\"],\"columns[5].javaType\":[\"Long\"],\"columns[5].javaField\":[\"selectedType\"],\"columns[5].i','{\"msg\":\"操作成功\",\"code\":0}',0,NULL,'2021-06-08 10:34:41'),(121,'代码生成',2,'com.ruoyi.project.tool.gen.controller.GenController.editSave()','POST',1,'admin','研发部门','/tool/gen/edit','127.0.0.1','内网IP','{\"tableId\":[\"2\"],\"tableName\":[\"challenge_result\"],\"tableComment\":[\"挑战结果+详情记录表\"],\"className\":[\"ChallengeResult\"],\"functionAuthor\":[\"luoxiang\"],\"remark\":[\"\"],\"columns[0].columnId\":[\"7\"],\"columns[0].sort\":[\"1\"],\"columns[0].columnComment\":[\"\"],\"columns[0].javaType\":[\"Long\"],\"columns[0].javaField\":[\"id\"],\"columns[0].isInsert\":[\"1\"],\"columns[0].queryType\":[\"EQ\"],\"columns[0].htmlType\":[\"input\"],\"columns[0].dictType\":[\"\"],\"columns[1].columnId\":[\"8\"],\"columns[1].sort\":[\"2\"],\"columns[1].columnComment\":[\"\"],\"columns[1].javaType\":[\"Long\"],\"columns[1].javaField\":[\"score\"],\"columns[1].isInsert\":[\"1\"],\"columns[1].isEdit\":[\"1\"],\"columns[1].isList\":[\"1\"],\"columns[1].isQuery\":[\"1\"],\"columns[1].queryType\":[\"EQ\"],\"columns[1].htmlType\":[\"input\"],\"columns[1].dictType\":[\"\"],\"columns[2].columnId\":[\"9\"],\"columns[2].sort\":[\"3\"],\"columns[2].columnComment\":[\"\"],\"columns[2].javaType\":[\"String\"],\"columns[2].javaField\":[\"result\"],\"columns[2].isInsert\":[\"1\"],\"columns[2].isEdit\":[\"1\"],\"columns[2].isList\":[\"1\"],\"columns[2].isQuery\":[\"1\"],\"columns[2].queryType\":[\"EQ\"],\"columns[2].htmlType\":[\"input\"],\"columns[2].dictType\":[\"\"],\"columns[3].columnId\":[\"10\"],\"columns[3].sort\":[\"4\"],\"columns[3].columnComment\":[\"\"],\"columns[3].javaType\":[\"Date\"],\"columns[3].javaField\":[\"times\"],\"columns[3].isInsert\":[\"1\"],\"columns[3].isEdit\":[\"1\"],\"columns[3].isList\":[\"1\"],\"columns[3].isQuery\":[\"1\"],\"columns[3].queryType\":[\"EQ\"],\"columns[3].isRequired\":[\"1\"],\"columns[3].htmlType\":[\"datetime\"],\"columns[3].dictType\":[\"\"],\"columns[4].columnId\":[\"11\"],\"columns[4].sort\":[\"5\"],\"columns[4].columnComment\":[\"\"],\"columns[4].javaType\":[\"String\"],\"columns[4].javaField\":[\"userName\"],\"columns[4].isInsert\":[\"1\"],\"columns[4].isEdit\":[\"1\"],\"columns[4].isList\":[\"1\"],\"columns[4].isQuery\":[\"1\"],\"columns[4].queryType\":[\"LIKE\"],\"columns[4].htmlType\":[\"input\"],\"columns[4].dictType\":[\"\"],\"tplCategory\":[\"crud\"],\"packageName\":[\"com.ruoyi.project.garbagesort\"],\"moduleName\":[\"garbagesort\"],\"businessName\":[\"challengeResult\"],\"functionName\":[\"挑战结果+详情记录','{\"msg\":\"操作成功\",\"code\":0}',0,NULL,'2021-06-08 10:34:55'),(122,'代码生成',2,'com.ruoyi.project.tool.gen.controller.GenController.editSave()','POST',1,'admin','研发部门','/tool/gen/edit','127.0.0.1','内网IP','{\"tableId\":[\"3\"],\"tableName\":[\"image_classify\"],\"tableComment\":[\"图像识别记录\"],\"className\":[\"ImageClassify\"],\"functionAuthor\":[\"luoxiang\"],\"remark\":[\"\"],\"columns[0].columnId\":[\"12\"],\"columns[0].sort\":[\"1\"],\"columns[0].columnComment\":[\"\"],\"columns[0].javaType\":[\"Long\"],\"columns[0].javaField\":[\"id\"],\"columns[0].isInsert\":[\"1\"],\"columns[0].queryType\":[\"EQ\"],\"columns[0].htmlType\":[\"input\"],\"columns[0].dictType\":[\"\"],\"columns[1].columnId\":[\"13\"],\"columns[1].sort\":[\"2\"],\"columns[1].columnComment\":[\"\"],\"columns[1].javaType\":[\"String\"],\"columns[1].javaField\":[\"filepath\"],\"columns[1].isInsert\":[\"1\"],\"columns[1].isEdit\":[\"1\"],\"columns[1].isList\":[\"1\"],\"columns[1].isQuery\":[\"1\"],\"columns[1].queryType\":[\"EQ\"],\"columns[1].htmlType\":[\"input\"],\"columns[1].dictType\":[\"\"],\"columns[2].columnId\":[\"14\"],\"columns[2].sort\":[\"3\"],\"columns[2].columnComment\":[\"\"],\"columns[2].javaType\":[\"String\"],\"columns[2].javaField\":[\"oneKeyword\"],\"columns[2].isInsert\":[\"1\"],\"columns[2].isEdit\":[\"1\"],\"columns[2].isList\":[\"1\"],\"columns[2].isQuery\":[\"1\"],\"columns[2].queryType\":[\"EQ\"],\"columns[2].htmlType\":[\"input\"],\"columns[2].dictType\":[\"\"],\"columns[3].columnId\":[\"15\"],\"columns[3].sort\":[\"4\"],\"columns[3].columnComment\":[\"\"],\"columns[3].javaType\":[\"String\"],\"columns[3].javaField\":[\"oneResult\"],\"columns[3].isInsert\":[\"1\"],\"columns[3].isEdit\":[\"1\"],\"columns[3].isList\":[\"1\"],\"columns[3].isQuery\":[\"1\"],\"columns[3].queryType\":[\"EQ\"],\"columns[3].htmlType\":[\"input\"],\"columns[3].dictType\":[\"\"],\"columns[4].columnId\":[\"16\"],\"columns[4].sort\":[\"5\"],\"columns[4].columnComment\":[\"\"],\"columns[4].javaType\":[\"String\"],\"columns[4].javaField\":[\"allKeyword\"],\"columns[4].isInsert\":[\"1\"],\"columns[4].isEdit\":[\"1\"],\"columns[4].isList\":[\"1\"],\"columns[4].isQuery\":[\"1\"],\"columns[4].queryType\":[\"EQ\"],\"columns[4].htmlType\":[\"textarea\"],\"columns[4].dictType\":[\"\"],\"columns[5].columnId\":[\"17\"],\"columns[5].sort\":[\"6\"],\"columns[5].columnComment\":[\"\"],\"columns[5].javaType\":[\"String\"],\"columns[5].javaField\":[\"allResult\"],\"columns[5].isInsert\":[\"1\"','{\"msg\":\"操作成功\",\"code\":0}',0,NULL,'2021-06-08 10:35:06'),(123,'代码生成',8,'com.ruoyi.project.tool.gen.controller.GenController.batchGenCode()','GET',1,'admin','研发部门','/tool/gen/batchGenCode','127.0.0.1','内网IP','{\"tables\":[\"keyword_result,keyword_search_num,question_bank,slide_show,speech_classify,challenge_detail,challenge_result,image_classify\"]}',NULL,0,NULL,'2021-06-08 10:35:15'),(124,'菜单管理',2,'com.ruoyi.project.system.menu.controller.MenuController.editSave()','POST',1,'admin','研发部门','/system/menu/edit','127.0.0.1','内网IP','{\"menuId\":[\"2067\"],\"parentId\":[\"2000\"],\"menuType\":[\"C\"],\"menuName\":[\"题库\"],\"url\":[\"/garbagesort/questionBank\"],\"target\":[\"menuItem\"],\"perms\":[\"garbagesort:questionBank:view\"],\"orderNum\":[\"1\"],\"icon\":[\"#\"],\"visible\":[\"0\"],\"isRefresh\":[\"1\"]}','{\"msg\":\"操作成功\",\"code\":0}',0,NULL,'2021-06-08 10:42:16'),(125,'菜单管理',2,'com.ruoyi.project.system.menu.controller.MenuController.editSave()','POST',1,'admin','研发部门','/system/menu/edit','127.0.0.1','内网IP','{\"menuId\":[\"2073\"],\"parentId\":[\"2000\"],\"menuType\":[\"C\"],\"menuName\":[\"幻灯片播放\"],\"url\":[\"/garbagesort/slideShow\"],\"target\":[\"menuItem\"],\"perms\":[\"garbagesort:slideShow:view\"],\"orderNum\":[\"2\"],\"icon\":[\"#\"],\"visible\":[\"0\"],\"isRefresh\":[\"1\"]}','{\"msg\":\"操作成功\",\"code\":0}',0,NULL,'2021-06-08 10:42:37'),(126,'菜单管理',2,'com.ruoyi.project.system.menu.controller.MenuController.editSave()','POST',1,'admin','研发部门','/system/menu/edit','127.0.0.1','内网IP','{\"menuId\":[\"2037\"],\"parentId\":[\"2000\"],\"menuType\":[\"C\"],\"menuName\":[\"挑战明细记录\"],\"url\":[\"/garbagesort/challengeDetail\"],\"target\":[\"menuItem\"],\"perms\":[\"garbagesort:challengeDetail:view\"],\"orderNum\":[\"2\"],\"icon\":[\"#\"],\"visible\":[\"0\"],\"isRefresh\":[\"1\"]}','{\"msg\":\"操作成功\",\"code\":0}',0,NULL,'2021-06-08 10:42:46'),(127,'菜单管理',2,'com.ruoyi.project.system.menu.controller.MenuController.editSave()','POST',1,'admin','研发部门','/system/menu/edit','127.0.0.1','内网IP','{\"menuId\":[\"2043\"],\"parentId\":[\"2000\"],\"menuType\":[\"C\"],\"menuName\":[\"挑战结果+详情记录\"],\"url\":[\"/garbagesort/challengeResult\"],\"target\":[\"menuItem\"],\"perms\":[\"garbagesort:challengeResult:view\"],\"orderNum\":[\"2\"],\"icon\":[\"#\"],\"visible\":[\"0\"],\"isRefresh\":[\"1\"]}','{\"msg\":\"操作成功\",\"code\":0}',0,NULL,'2021-06-08 10:42:55'),(128,'菜单管理',2,'com.ruoyi.project.system.menu.controller.MenuController.editSave()','POST',1,'admin','研发部门','/system/menu/edit','127.0.0.1','内网IP','{\"menuId\":[\"2049\"],\"parentId\":[\"2000\"],\"menuType\":[\"C\"],\"menuName\":[\"图像识别记录\"],\"url\":[\"/garbagesort/imageClassify\"],\"target\":[\"menuItem\"],\"perms\":[\"garbagesort:imageClassify:view\"],\"orderNum\":[\"2\"],\"icon\":[\"#\"],\"visible\":[\"0\"],\"isRefresh\":[\"1\"]}','{\"msg\":\"操作成功\",\"code\":0}',0,NULL,'2021-06-08 10:43:01'),(129,'菜单管理',2,'com.ruoyi.project.system.menu.controller.MenuController.editSave()','POST',1,'admin','研发部门','/system/menu/edit','127.0.0.1','内网IP','{\"menuId\":[\"2055\"],\"parentId\":[\"2000\"],\"menuType\":[\"C\"],\"menuName\":[\"关键词+结果记录\"],\"url\":[\"/garbagesort/keywordResult\"],\"target\":[\"menuItem\"],\"perms\":[\"garbagesort:keywordResult:view\"],\"orderNum\":[\"2\"],\"icon\":[\"#\"],\"visible\":[\"0\"],\"isRefresh\":[\"1\"]}','{\"msg\":\"操作成功\",\"code\":0}',0,NULL,'2021-06-08 10:43:08'),(130,'菜单管理',2,'com.ruoyi.project.system.menu.controller.MenuController.editSave()','POST',1,'admin','研发部门','/system/menu/edit','127.0.0.1','内网IP','{\"menuId\":[\"2061\"],\"parentId\":[\"2000\"],\"menuType\":[\"C\"],\"menuName\":[\"搜索关键词+次数记录\"],\"url\":[\"/garbagesort/keywordSearchNum\"],\"target\":[\"menuItem\"],\"perms\":[\"garbagesort:keywordSearchNum:view\"],\"orderNum\":[\"2\"],\"icon\":[\"#\"],\"visible\":[\"0\"],\"isRefresh\":[\"1\"]}','{\"msg\":\"操作成功\",\"code\":0}',0,NULL,'2021-06-08 10:43:15'),(131,'字典类型',1,'com.ruoyi.project.system.dict.controller.DictTypeController.addSave()','POST',1,'admin','研发部门','/system/dict/add','127.0.0.1','内网IP','{\"dictName\":[\"垃圾类型\"],\"dictType\":[\"garbage_type\"],\"status\":[\"0\"],\"remark\":[\"垃圾类型；1：干垃圾；2：湿垃圾；3、可回收垃圾；4、有害垃圾。\"]}','{\"msg\":\"操作成功\",\"code\":0}',0,NULL,'2021-06-08 12:14:11'),(132,'字典数据',1,'com.ruoyi.project.system.dict.controller.DictDataController.addSave()','POST',1,'admin','研发部门','/system/dict/data/add','127.0.0.1','内网IP','{\"dictLabel\":[\"1\"],\"dictValue\":[\"干垃圾\"],\"dictType\":[\"garbage_type\"],\"cssClass\":[\"1\"],\"dictSort\":[\"1\"],\"listClass\":[\"\"],\"isDefault\":[\"Y\"],\"status\":[\"0\"],\"remark\":[\"\"]}','{\"msg\":\"操作成功\",\"code\":0}',0,NULL,'2021-06-08 12:15:12'),(133,'字典数据',1,'com.ruoyi.project.system.dict.controller.DictDataController.addSave()','POST',1,'admin','研发部门','/system/dict/data/add','127.0.0.1','内网IP','{\"dictLabel\":[\"湿垃圾\"],\"dictValue\":[\"2\"],\"dictType\":[\"garbage_type\"],\"cssClass\":[\"\"],\"dictSort\":[\"2\"],\"listClass\":[\"\"],\"isDefault\":[\"Y\"],\"status\":[\"0\"],\"remark\":[\"\"]}','{\"msg\":\"操作成功\",\"code\":0}',0,NULL,'2021-06-08 12:15:41'),(134,'字典数据',2,'com.ruoyi.project.system.dict.controller.DictDataController.editSave()','POST',1,'admin','研发部门','/system/dict/data/edit','127.0.0.1','内网IP','{\"dictCode\":[\"100\"],\"dictLabel\":[\"干垃圾\"],\"dictValue\":[\"1\"],\"dictType\":[\"garbage_type\"],\"cssClass\":[\"1\"],\"dictSort\":[\"1\"],\"listClass\":[\"\"],\"isDefault\":[\"Y\"],\"status\":[\"0\"],\"remark\":[\"\"]}','{\"msg\":\"操作成功\",\"code\":0}',0,NULL,'2021-06-08 12:16:00'),(135,'字典数据',1,'com.ruoyi.project.system.dict.controller.DictDataController.addSave()','POST',1,'admin','研发部门','/system/dict/data/add','127.0.0.1','内网IP','{\"dictLabel\":[\"可回收垃圾\"],\"dictValue\":[\"3\"],\"dictType\":[\"garbage_type\"],\"cssClass\":[\"\"],\"dictSort\":[\"3\"],\"listClass\":[\"\"],\"isDefault\":[\"Y\"],\"status\":[\"0\"],\"remark\":[\"\"]}','{\"msg\":\"操作成功\",\"code\":0}',0,NULL,'2021-06-08 12:16:18'),(136,'字典数据',1,'com.ruoyi.project.system.dict.controller.DictDataController.addSave()','POST',1,'admin','研发部门','/system/dict/data/add','127.0.0.1','内网IP','{\"dictLabel\":[\"有害垃圾\"],\"dictValue\":[\"4\"],\"dictType\":[\"garbage_type\"],\"cssClass\":[\"\"],\"dictSort\":[\"4\"],\"listClass\":[\"\"],\"isDefault\":[\"Y\"],\"status\":[\"0\"],\"remark\":[\"\"]}','{\"msg\":\"操作成功\",\"code\":0}',0,NULL,'2021-06-08 12:16:29'),(137,'字典类型',1,'com.ruoyi.project.system.dict.controller.DictTypeController.addSave()','POST',1,'admin','研发部门','/system/dict/add','127.0.0.1','内网IP','{\"dictName\":[\"挑战结果\"],\"dictType\":[\"challenge_result\"],\"status\":[\"0\"],\"remark\":[\"\"]}','{\"msg\":\"操作成功\",\"code\":0}',0,NULL,'2021-06-08 12:19:40'),(138,'字典数据',1,'com.ruoyi.project.system.dict.controller.DictDataController.addSave()','POST',1,'admin','研发部门','/system/dict/data/add','127.0.0.1','内网IP','{\"dictLabel\":[\"正确\"],\"dictValue\":[\"1\"],\"dictType\":[\"challenge_result\"],\"cssClass\":[\"\"],\"dictSort\":[\"1\"],\"listClass\":[\"\"],\"isDefault\":[\"Y\"],\"status\":[\"0\"],\"remark\":[\"\"]}','{\"msg\":\"操作成功\",\"code\":0}',0,NULL,'2021-06-08 12:19:56'),(139,'字典数据',1,'com.ruoyi.project.system.dict.controller.DictDataController.addSave()','POST',1,'admin','研发部门','/system/dict/data/add','127.0.0.1','内网IP','{\"dictLabel\":[\"错误\"],\"dictValue\":[\"0\"],\"dictType\":[\"challenge_result\"],\"cssClass\":[\"\"],\"dictSort\":[\"0\"],\"listClass\":[\"\"],\"isDefault\":[\"Y\"],\"status\":[\"0\"],\"remark\":[\"\"]}','{\"msg\":\"操作成功\",\"code\":0}',0,NULL,'2021-06-08 12:20:06'),(140,'代码生成',2,'com.ruoyi.project.tool.gen.controller.GenController.synchDb()','GET',1,'admin','研发部门','/tool/gen/synchDb/question_bank','127.0.0.1','内网IP','\"question_bank\"','{\"msg\":\"操作成功\",\"code\":0}',0,NULL,'2021-06-08 12:25:33'),(141,'代码生成',2,'com.ruoyi.project.tool.gen.controller.GenController.editSave()','POST',1,'admin','研发部门','/tool/gen/edit','127.0.0.1','内网IP','{\"tableId\":[\"6\"],\"tableName\":[\"question_bank\"],\"tableComment\":[\"题库表\"],\"className\":[\"QuestionBank\"],\"functionAuthor\":[\"luoxiang\"],\"remark\":[\"\"],\"columns[0].columnId\":[\"28\"],\"columns[0].sort\":[\"2\"],\"columns[0].columnComment\":[\"id\"],\"columns[0].javaType\":[\"Long\"],\"columns[0].javaField\":[\"questionId\"],\"columns[0].isInsert\":[\"1\"],\"columns[0].queryType\":[\"EQ\"],\"columns[0].htmlType\":[\"input\"],\"columns[0].dictType\":[\"\"],\"columns[1].columnId\":[\"29\"],\"columns[1].sort\":[\"1\"],\"columns[1].columnComment\":[\"\"],\"columns[1].javaType\":[\"Long\"],\"columns[1].javaField\":[\"garbageType\"],\"columns[1].isInsert\":[\"1\"],\"columns[1].isEdit\":[\"1\"],\"columns[1].isList\":[\"1\"],\"columns[1].isQuery\":[\"1\"],\"columns[1].queryType\":[\"EQ\"],\"columns[1].htmlType\":[\"select\"],\"columns[1].dictType\":[\"garbage_type\"],\"columns[2].columnId\":[\"30\"],\"columns[2].sort\":[\"3\"],\"columns[2].columnComment\":[\"垃圾名称\"],\"columns[2].javaType\":[\"String\"],\"columns[2].javaField\":[\"garbageName\"],\"columns[2].isInsert\":[\"1\"],\"columns[2].isEdit\":[\"1\"],\"columns[2].isList\":[\"1\"],\"columns[2].isQuery\":[\"1\"],\"columns[2].queryType\":[\"LIKE\"],\"columns[2].htmlType\":[\"input\"],\"columns[2].dictType\":[\"\"],\"columns[3].columnId\":[\"31\"],\"columns[3].sort\":[\"4\"],\"columns[3].columnComment\":[\"解析\"],\"columns[3].javaType\":[\"String\"],\"columns[3].javaField\":[\"analysis\"],\"columns[3].isInsert\":[\"1\"],\"columns[3].isEdit\":[\"1\"],\"columns[3].isList\":[\"1\"],\"columns[3].isQuery\":[\"1\"],\"columns[3].queryType\":[\"EQ\"],\"columns[3].htmlType\":[\"input\"],\"columns[3].dictType\":[\"\"],\"columns[4].columnId\":[\"32\"],\"columns[4].sort\":[\"5\"],\"columns[4].columnComment\":[\"备注\"],\"columns[4].javaType\":[\"String\"],\"columns[4].javaField\":[\"remark\"],\"columns[4].isInsert\":[\"1\"],\"columns[4].isEdit\":[\"1\"],\"columns[4].isList\":[\"1\"],\"columns[4].queryType\":[\"EQ\"],\"columns[4].htmlType\":[\"input\"],\"columns[4].dictType\":[\"\"],\"tplCategory\":[\"crud\"],\"packageName\":[\"com.ruoyi.project.garbagesort\"],\"moduleName\":[\"garbagesort\"],\"businessName\":[\"questionBank\"],\"functionName\":[\"题库\"],\"params[parentMenuId]\":[\"2000\"],','{\"msg\":\"操作成功\",\"code\":0}',0,NULL,'2021-06-08 12:26:47'),(142,'代码生成',2,'com.ruoyi.project.tool.gen.controller.GenController.synchDb()','GET',1,'admin','研发部门','/tool/gen/synchDb/keyword_result','127.0.0.1','内网IP','\"keyword_result\"','{\"msg\":\"操作成功\",\"code\":0}',0,NULL,'2021-06-08 12:27:09'),(143,'代码生成',2,'com.ruoyi.project.tool.gen.controller.GenController.editSave()','POST',1,'admin','研发部门','/tool/gen/edit','127.0.0.1','内网IP','{\"tableId\":[\"4\"],\"tableName\":[\"keyword_result\"],\"tableComment\":[\"关键词+结果记录表\"],\"className\":[\"KeywordResult\"],\"functionAuthor\":[\"luoxiang\"],\"remark\":[\"\"],\"columns[0].columnId\":[\"20\"],\"columns[0].sort\":[\"1\"],\"columns[0].columnComment\":[\"\"],\"columns[0].javaType\":[\"Long\"],\"columns[0].javaField\":[\"id\"],\"columns[0].isInsert\":[\"1\"],\"columns[0].queryType\":[\"EQ\"],\"columns[0].htmlType\":[\"input\"],\"columns[0].dictType\":[\"\"],\"columns[1].columnId\":[\"21\"],\"columns[1].sort\":[\"2\"],\"columns[1].columnComment\":[\"\"],\"columns[1].javaType\":[\"String\"],\"columns[1].javaField\":[\"keyword\"],\"columns[1].isInsert\":[\"1\"],\"columns[1].isEdit\":[\"1\"],\"columns[1].isList\":[\"1\"],\"columns[1].isQuery\":[\"1\"],\"columns[1].queryType\":[\"EQ\"],\"columns[1].htmlType\":[\"input\"],\"columns[1].dictType\":[\"\"],\"columns[2].columnId\":[\"22\"],\"columns[2].sort\":[\"3\"],\"columns[2].columnComment\":[\"\"],\"columns[2].javaType\":[\"String\"],\"columns[2].javaField\":[\"result\"],\"columns[2].isInsert\":[\"1\"],\"columns[2].isEdit\":[\"1\"],\"columns[2].isList\":[\"1\"],\"columns[2].isQuery\":[\"1\"],\"columns[2].queryType\":[\"EQ\"],\"columns[2].htmlType\":[\"input\"],\"columns[2].dictType\":[\"\"],\"columns[3].columnId\":[\"23\"],\"columns[3].sort\":[\"4\"],\"columns[3].columnComment\":[\"\"],\"columns[3].javaType\":[\"Date\"],\"columns[3].javaField\":[\"times\"],\"columns[3].isInsert\":[\"1\"],\"columns[3].isEdit\":[\"1\"],\"columns[3].isList\":[\"1\"],\"columns[3].isQuery\":[\"1\"],\"columns[3].queryType\":[\"EQ\"],\"columns[3].htmlType\":[\"datetime\"],\"columns[3].dictType\":[\"\"],\"tplCategory\":[\"crud\"],\"packageName\":[\"com.ruoyi.project.garbagesort\"],\"moduleName\":[\"garbagesort\"],\"businessName\":[\"keywordResult\"],\"functionName\":[\"关键词+结果记录\"],\"params[parentMenuId]\":[\"2000\"],\"params[parentMenuName]\":[\"垃圾分类\"],\"genType\":[\"0\"],\"genPath\":[\"/\"],\"subTableName\":[\"\"],\"params[treeCode]\":[\"\"],\"params[treeParentCode]\":[\"\"],\"params[treeName]\":[\"\"]}','{\"msg\":\"操作成功\",\"code\":0}',0,NULL,'2021-06-08 12:27:18'),(144,'代码生成',8,'com.ruoyi.project.tool.gen.controller.GenController.batchGenCode()','GET',1,'admin','研发部门','/tool/gen/batchGenCode','127.0.0.1','内网IP','{\"tables\":[\"keyword_result,keyword_search_num,question_bank,slide_show,speech_classify,challenge_detail,challenge_result,image_classify\"]}',NULL,0,NULL,'2021-06-08 12:27:30'),(145,'菜单管理',2,'com.ruoyi.project.system.menu.controller.MenuController.editSave()','POST',1,'admin','研发部门','/system/menu/edit','127.0.0.1','内网IP','{\"menuId\":[\"2067\"],\"parentId\":[\"2000\"],\"menuType\":[\"C\"],\"menuName\":[\"垃圾分类题库\"],\"url\":[\"/garbagesort/questionBank\"],\"target\":[\"menuItem\"],\"perms\":[\"garbagesort:questionBank:view\"],\"orderNum\":[\"1\"],\"icon\":[\"#\"],\"visible\":[\"0\"],\"isRefresh\":[\"1\"]}','{\"msg\":\"操作成功\",\"code\":0}',0,NULL,'2021-06-08 12:30:47'),(146,'菜单管理',2,'com.ruoyi.project.system.menu.controller.MenuController.editSave()','POST',1,'admin','研发部门','/system/menu/edit','127.0.0.1','内网IP','{\"menuId\":[\"2043\"],\"parentId\":[\"2000\"],\"menuType\":[\"C\"],\"menuName\":[\"挑战赛结果\"],\"url\":[\"/garbagesort/challengeResult\"],\"target\":[\"menuItem\"],\"perms\":[\"garbagesort:challengeResult:view\"],\"orderNum\":[\"2\"],\"icon\":[\"#\"],\"visible\":[\"0\"],\"isRefresh\":[\"1\"]}','{\"msg\":\"操作成功\",\"code\":0}',0,NULL,'2021-06-08 12:31:02'),(147,'菜单管理',2,'com.ruoyi.project.system.menu.controller.MenuController.editSave()','POST',1,'admin','研发部门','/system/menu/edit','127.0.0.1','内网IP','{\"menuId\":[\"2061\"],\"parentId\":[\"2000\"],\"menuType\":[\"C\"],\"menuName\":[\"关键词搜索次数\"],\"url\":[\"/garbagesort/keywordSearchNum\"],\"target\":[\"menuItem\"],\"perms\":[\"garbagesort:keywordSearchNum:view\"],\"orderNum\":[\"2\"],\"icon\":[\"#\"],\"visible\":[\"0\"],\"isRefresh\":[\"1\"]}','{\"msg\":\"操作成功\",\"code\":0}',0,NULL,'2021-06-08 12:31:30'),(148,'菜单管理',2,'com.ruoyi.project.system.menu.controller.MenuController.editSave()','POST',1,'admin','研发部门','/system/menu/edit','127.0.0.1','内网IP','{\"menuId\":[\"2055\"],\"parentId\":[\"2000\"],\"menuType\":[\"C\"],\"menuName\":[\"关键词搜索结果\"],\"url\":[\"/garbagesort/keywordResult\"],\"target\":[\"menuItem\"],\"perms\":[\"garbagesort:keywordResult:view\"],\"orderNum\":[\"2\"],\"icon\":[\"#\"],\"visible\":[\"0\"],\"isRefresh\":[\"1\"]}','{\"msg\":\"操作成功\",\"code\":0}',0,NULL,'2021-06-08 12:31:42'),(149,'菜单管理',2,'com.ruoyi.project.system.menu.controller.MenuController.editSave()','POST',1,'admin','研发部门','/system/menu/edit','127.0.0.1','内网IP','{\"menuId\":[\"2079\"],\"parentId\":[\"2000\"],\"menuType\":[\"C\"],\"menuName\":[\"语音识别记录\"],\"url\":[\"/garbagesort/speechClassify\"],\"target\":[\"menuItem\"],\"perms\":[\"garbagesort:speechClassify:view\"],\"orderNum\":[\"1\"],\"icon\":[\"#\"],\"visible\":[\"1\"],\"isRefresh\":[\"1\"]}','{\"msg\":\"操作成功\",\"code\":0}',0,NULL,'2021-06-08 15:39:58'),(150,'菜单管理',2,'com.ruoyi.project.system.menu.controller.MenuController.editSave()','POST',1,'admin','研发部门','/system/menu/edit','127.0.0.1','内网IP','{\"menuId\":[\"2037\"],\"parentId\":[\"2000\"],\"menuType\":[\"C\"],\"menuName\":[\"挑战明细记录\"],\"url\":[\"/garbagesort/challengeDetail\"],\"target\":[\"menuItem\"],\"perms\":[\"garbagesort:challengeDetail:view\"],\"orderNum\":[\"2\"],\"icon\":[\"#\"],\"visible\":[\"1\"],\"isRefresh\":[\"1\"]}','{\"msg\":\"操作成功\",\"code\":0}',0,NULL,'2021-06-08 15:40:06'),(151,'菜单管理',2,'com.ruoyi.project.system.menu.controller.MenuController.editSave()','POST',1,'admin','研发部门','/system/menu/edit','127.0.0.1','内网IP','{\"menuId\":[\"2043\"],\"parentId\":[\"2000\"],\"menuType\":[\"C\"],\"menuName\":[\"挑战赛结果\"],\"url\":[\"/garbagesort/challengeResult\"],\"target\":[\"menuItem\"],\"perms\":[\"garbagesort:challengeResult:view\"],\"orderNum\":[\"2\"],\"icon\":[\"#\"],\"visible\":[\"1\"],\"isRefresh\":[\"1\"]}','{\"msg\":\"操作成功\",\"code\":0}',0,NULL,'2021-06-08 15:40:15'),(152,'菜单管理',2,'com.ruoyi.project.system.menu.controller.MenuController.editSave()','POST',1,'admin','研发部门','/system/menu/edit','127.0.0.1','内网IP','{\"menuId\":[\"2049\"],\"parentId\":[\"2000\"],\"menuType\":[\"C\"],\"menuName\":[\"图像识别记录\"],\"url\":[\"/garbagesort/imageClassify\"],\"target\":[\"menuItem\"],\"perms\":[\"garbagesort:imageClassify:view\"],\"orderNum\":[\"2\"],\"icon\":[\"#\"],\"visible\":[\"1\"],\"isRefresh\":[\"1\"]}','{\"msg\":\"操作成功\",\"code\":0}',0,NULL,'2021-06-08 15:40:25'),(153,'菜单管理',2,'com.ruoyi.project.system.menu.controller.MenuController.editSave()','POST',1,'admin','研发部门','/system/menu/edit','127.0.0.1','内网IP','{\"menuId\":[\"2055\"],\"parentId\":[\"2000\"],\"menuType\":[\"C\"],\"menuName\":[\"关键词搜索结果\"],\"url\":[\"/garbagesort/keywordResult\"],\"target\":[\"menuItem\"],\"perms\":[\"garbagesort:keywordResult:view\"],\"orderNum\":[\"2\"],\"icon\":[\"#\"],\"visible\":[\"1\"],\"isRefresh\":[\"1\"]}','{\"msg\":\"操作成功\",\"code\":0}',0,NULL,'2021-06-08 15:40:36'),(154,'菜单管理',2,'com.ruoyi.project.system.menu.controller.MenuController.editSave()','POST',1,'admin','研发部门','/system/menu/edit','127.0.0.1','内网IP','{\"menuId\":[\"2073\"],\"parentId\":[\"2000\"],\"menuType\":[\"C\"],\"menuName\":[\"幻灯片播放\"],\"url\":[\"/garbagesort/slideShow\"],\"target\":[\"menuItem\"],\"perms\":[\"garbagesort:slideShow:view\"],\"orderNum\":[\"2\"],\"icon\":[\"#\"],\"visible\":[\"1\"],\"isRefresh\":[\"1\"]}','{\"msg\":\"操作成功\",\"code\":0}',0,NULL,'2021-06-08 15:41:22'),(155,'菜单管理',2,'com.ruoyi.project.system.menu.controller.MenuController.editSave()','POST',1,'admin','研发部门','/system/menu/edit','127.0.0.1','内网IP','{\"menuId\":[\"1\"],\"parentId\":[\"0\"],\"menuType\":[\"M\"],\"menuName\":[\"系统管理\"],\"url\":[\"#\"],\"target\":[\"menuItem\"],\"perms\":[\"\"],\"orderNum\":[\"2\"],\"icon\":[\"fa fa-gear\"],\"visible\":[\"0\"],\"isRefresh\":[\"1\"]}','{\"msg\":\"操作成功\",\"code\":0}',0,NULL,'2021-06-08 15:45:19'),(156,'个人信息',2,'com.ruoyi.project.system.user.controller.ProfileController.update()','POST',1,'admin','研发部门','/system/user/profile/update','127.0.0.1','内网IP','{\"id\":[\"\"],\"userName\":[\"admin\"],\"phonenumber\":[\"15888888888\"],\"email\":[\"ry@163.com\"],\"sex\":[\"1\"]}','{\"msg\":\"操作成功\",\"code\":0}',0,NULL,'2021-06-08 16:21:33');
/*!40000 ALTER TABLE `sys_oper_log` ENABLE KEYS */;
UNLOCK TABLES;

--
-- Table structure for table `sys_post`
--

DROP TABLE IF EXISTS `sys_post`;
/*!40101 SET @saved_cs_client     = @@character_set_client */;
/*!40101 SET character_set_client = utf8 */;
CREATE TABLE `sys_post` (
  `post_id` bigint NOT NULL AUTO_INCREMENT COMMENT '岗位ID',
  `post_code` varchar(64) COLLATE utf8mb4_bin NOT NULL COMMENT '岗位编码',
  `post_name` varchar(50) COLLATE utf8mb4_bin NOT NULL COMMENT '岗位名称',
  `post_sort` int NOT NULL COMMENT '显示顺序',
  `status` char(1) COLLATE utf8mb4_bin NOT NULL COMMENT '状态（0正常 1停用）',
  `create_by` varchar(64) COLLATE utf8mb4_bin DEFAULT '' COMMENT '创建者',
  `create_time` datetime DEFAULT NULL COMMENT '创建时间',
  `update_by` varchar(64) COLLATE utf8mb4_bin DEFAULT '' COMMENT '更新者',
  `update_time` datetime DEFAULT NULL COMMENT '更新时间',
  `remark` varchar(500) COLLATE utf8mb4_bin DEFAULT NULL COMMENT '备注',
  PRIMARY KEY (`post_id`)
) ENGINE=InnoDB AUTO_INCREMENT=5 DEFAULT CHARSET=utf8mb4 COLLATE=utf8mb4_bin COMMENT='岗位信息表';
/*!40101 SET character_set_client = @saved_cs_client */;

--
-- Dumping data for table `sys_post`
--

LOCK TABLES `sys_post` WRITE;
/*!40000 ALTER TABLE `sys_post` DISABLE KEYS */;
INSERT INTO `sys_post` VALUES (1,'ceo','董事长',1,'0','admin','2021-06-08 09:13:55','',NULL,''),(2,'se','项目经理',2,'0','admin','2021-06-08 09:13:55','',NULL,''),(3,'hr','人力资源',3,'0','admin','2021-06-08 09:13:55','',NULL,''),(4,'user','普通员工',4,'0','admin','2021-06-08 09:13:55','',NULL,'');
/*!40000 ALTER TABLE `sys_post` ENABLE KEYS */;
UNLOCK TABLES;

--
-- Table structure for table `sys_role`
--

DROP TABLE IF EXISTS `sys_role`;
/*!40101 SET @saved_cs_client     = @@character_set_client */;
/*!40101 SET character_set_client = utf8 */;
CREATE TABLE `sys_role` (
  `role_id` bigint NOT NULL AUTO_INCREMENT COMMENT '角色ID',
  `role_name` varchar(30) COLLATE utf8mb4_bin NOT NULL COMMENT '角色名称',
  `role_key` varchar(100) COLLATE utf8mb4_bin NOT NULL COMMENT '角色权限字符串',
  `role_sort` int NOT NULL COMMENT '显示顺序',
  `data_scope` char(1) COLLATE utf8mb4_bin DEFAULT '1' COMMENT '数据范围（1：全部数据权限 2：自定数据权限 3：本部门数据权限 4：本部门及以下数据权限）',
  `status` char(1) COLLATE utf8mb4_bin NOT NULL COMMENT '角色状态（0正常 1停用）',
  `del_flag` char(1) COLLATE utf8mb4_bin DEFAULT '0' COMMENT '删除标志（0代表存在 2代表删除）',
  `create_by` varchar(64) COLLATE utf8mb4_bin DEFAULT '' COMMENT '创建者',
  `create_time` datetime DEFAULT NULL COMMENT '创建时间',
  `update_by` varchar(64) COLLATE utf8mb4_bin DEFAULT '' COMMENT '更新者',
  `update_time` datetime DEFAULT NULL COMMENT '更新时间',
  `remark` varchar(500) COLLATE utf8mb4_bin DEFAULT NULL COMMENT '备注',
  PRIMARY KEY (`role_id`)
) ENGINE=InnoDB AUTO_INCREMENT=100 DEFAULT CHARSET=utf8mb4 COLLATE=utf8mb4_bin COMMENT='角色信息表';
/*!40101 SET character_set_client = @saved_cs_client */;

--
-- Dumping data for table `sys_role`
--

LOCK TABLES `sys_role` WRITE;
/*!40000 ALTER TABLE `sys_role` DISABLE KEYS */;
INSERT INTO `sys_role` VALUES (1,'超级管理员','admin',1,'1','0','0','admin','2021-06-08 09:13:55','',NULL,'超级管理员'),(2,'普通角色','common',2,'2','0','0','admin','2021-06-08 09:13:55','',NULL,'普通角色');
/*!40000 ALTER TABLE `sys_role` ENABLE KEYS */;
UNLOCK TABLES;

--
-- Table structure for table `sys_role_dept`
--

DROP TABLE IF EXISTS `sys_role_dept`;
/*!40101 SET @saved_cs_client     = @@character_set_client */;
/*!40101 SET character_set_client = utf8 */;
CREATE TABLE `sys_role_dept` (
  `role_id` bigint NOT NULL COMMENT '角色ID',
  `dept_id` bigint NOT NULL COMMENT '部门ID',
  PRIMARY KEY (`role_id`,`dept_id`)
) ENGINE=InnoDB DEFAULT CHARSET=utf8mb4 COLLATE=utf8mb4_bin COMMENT='角色和部门关联表';
/*!40101 SET character_set_client = @saved_cs_client */;

--
-- Dumping data for table `sys_role_dept`
--

LOCK TABLES `sys_role_dept` WRITE;
/*!40000 ALTER TABLE `sys_role_dept` DISABLE KEYS */;
INSERT INTO `sys_role_dept` VALUES (2,100),(2,101),(2,105);
/*!40000 ALTER TABLE `sys_role_dept` ENABLE KEYS */;
UNLOCK TABLES;

--
-- Table structure for table `sys_role_menu`
--

DROP TABLE IF EXISTS `sys_role_menu`;
/*!40101 SET @saved_cs_client     = @@character_set_client */;
/*!40101 SET character_set_client = utf8 */;
CREATE TABLE `sys_role_menu` (
  `role_id` bigint NOT NULL COMMENT '角色ID',
  `menu_id` bigint NOT NULL COMMENT '菜单ID',
  PRIMARY KEY (`role_id`,`menu_id`)
) ENGINE=InnoDB DEFAULT CHARSET=utf8mb4 COLLATE=utf8mb4_bin COMMENT='角色和菜单关联表';
/*!40101 SET character_set_client = @saved_cs_client */;

--
-- Dumping data for table `sys_role_menu`
--

LOCK TABLES `sys_role_menu` WRITE;
/*!40000 ALTER TABLE `sys_role_menu` DISABLE KEYS */;
INSERT INTO `sys_role_menu` VALUES (2,1),(2,2),(2,3),(2,4),(2,100),(2,101),(2,102),(2,103),(2,104),(2,105),(2,106),(2,107),(2,108),(2,109),(2,110),(2,111),(2,112),(2,113),(2,114),(2,115),(2,116),(2,500),(2,501),(2,1000),(2,1001),(2,1002),(2,1003),(2,1004),(2,1005),(2,1006),(2,1007),(2,1008),(2,1009),(2,1010),(2,1011),(2,1012),(2,1013),(2,1014),(2,1015),(2,1016),(2,1017),(2,1018),(2,1019),(2,1020),(2,1021),(2,1022),(2,1023),(2,1024),(2,1025),(2,1026),(2,1027),(2,1028),(2,1029),(2,1030),(2,1031),(2,1032),(2,1033),(2,1034),(2,1035),(2,1036),(2,1037),(2,1038),(2,1039),(2,1040),(2,1041),(2,1042),(2,1043),(2,1044),(2,1045),(2,1046),(2,1047),(2,1048),(2,1049),(2,1050),(2,1051),(2,1052),(2,1053),(2,1054),(2,1055),(2,1056),(2,1057),(2,1058),(2,1059),(2,1060),(2,1061);
/*!40000 ALTER TABLE `sys_role_menu` ENABLE KEYS */;
UNLOCK TABLES;

--
-- Table structure for table `sys_user`
--

DROP TABLE IF EXISTS `sys_user`;
/*!40101 SET @saved_cs_client     = @@character_set_client */;
/*!40101 SET character_set_client = utf8 */;
CREATE TABLE `sys_user` (
  `user_id` bigint NOT NULL AUTO_INCREMENT COMMENT '用户ID',
  `dept_id` bigint DEFAULT NULL COMMENT '部门ID',
  `login_name` varchar(30) COLLATE utf8mb4_bin NOT NULL COMMENT '登录账号',
  `user_name` varchar(30) COLLATE utf8mb4_bin DEFAULT '' COMMENT '用户昵称',
  `user_type` varchar(2) COLLATE utf8mb4_bin DEFAULT '00' COMMENT '用户类型（00系统用户 01注册用户）',
  `email` varchar(50) COLLATE utf8mb4_bin DEFAULT '' COMMENT '用户邮箱',
  `phonenumber` varchar(11) COLLATE utf8mb4_bin DEFAULT '' COMMENT '手机号码',
  `sex` char(1) COLLATE utf8mb4_bin DEFAULT '0' COMMENT '用户性别（0男 1女 2未知）',
  `avatar` varchar(100) COLLATE utf8mb4_bin DEFAULT '' COMMENT '头像路径',
  `password` varchar(50) COLLATE utf8mb4_bin DEFAULT '' COMMENT '密码',
  `salt` varchar(20) COLLATE utf8mb4_bin DEFAULT '' COMMENT '盐加密',
  `status` char(1) COLLATE utf8mb4_bin DEFAULT '0' COMMENT '帐号状态（0正常 1停用）',
  `del_flag` char(1) COLLATE utf8mb4_bin DEFAULT '0' COMMENT '删除标志（0代表存在 2代表删除）',
  `login_ip` varchar(128) COLLATE utf8mb4_bin DEFAULT '' COMMENT '最后登录IP',
  `login_date` datetime DEFAULT NULL COMMENT '最后登录时间',
  `pwd_update_date` datetime DEFAULT NULL COMMENT '密码最后更新时间',
  `create_by` varchar(64) COLLATE utf8mb4_bin DEFAULT '' COMMENT '创建者',
  `create_time` datetime DEFAULT NULL COMMENT '创建时间',
  `update_by` varchar(64) COLLATE utf8mb4_bin DEFAULT '' COMMENT '更新者',
  `update_time` datetime DEFAULT NULL COMMENT '更新时间',
  `remark` varchar(500) COLLATE utf8mb4_bin DEFAULT NULL COMMENT '备注',
  PRIMARY KEY (`user_id`)
) ENGINE=InnoDB AUTO_INCREMENT=100 DEFAULT CHARSET=utf8mb4 COLLATE=utf8mb4_bin COMMENT='用户信息表';
/*!40101 SET character_set_client = @saved_cs_client */;

--
-- Dumping data for table `sys_user`
--

LOCK TABLES `sys_user` WRITE;
/*!40000 ALTER TABLE `sys_user` DISABLE KEYS */;
INSERT INTO `sys_user` VALUES (1,103,'admin','admin','00','ry@163.com','15888888888','1','','29c67a30398638269fe600f73a054934','111111','0','0','127.0.0.1','2021-06-08 16:17:48','2021-06-08 09:13:55','admin','2021-06-08 09:13:55','','2021-06-08 16:21:33','管理员'),(2,105,'ry','若依','00','ry@qq.com','15666666666','1','','8e6d98b90472783cc73c17047ddccf36','222222','0','0','127.0.0.1','2021-06-08 09:13:55','2021-06-08 09:13:55','admin','2021-06-08 09:13:55','',NULL,'测试员');
/*!40000 ALTER TABLE `sys_user` ENABLE KEYS */;
UNLOCK TABLES;

--
-- Table structure for table `sys_user_online`
--

DROP TABLE IF EXISTS `sys_user_online`;
/*!40101 SET @saved_cs_client     = @@character_set_client */;
/*!40101 SET character_set_client = utf8 */;
CREATE TABLE `sys_user_online` (
  `sessionId` varchar(50) COLLATE utf8mb4_bin NOT NULL DEFAULT '' COMMENT '用户会话id',
  `login_name` varchar(50) COLLATE utf8mb4_bin DEFAULT '' COMMENT '登录账号',
  `dept_name` varchar(50) COLLATE utf8mb4_bin DEFAULT '' COMMENT '部门名称',
  `ipaddr` varchar(128) COLLATE utf8mb4_bin DEFAULT '' COMMENT '登录IP地址',
  `login_location` varchar(255) COLLATE utf8mb4_bin DEFAULT '' COMMENT '登录地点',
  `browser` varchar(50) COLLATE utf8mb4_bin DEFAULT '' COMMENT '浏览器类型',
  `os` varchar(50) COLLATE utf8mb4_bin DEFAULT '' COMMENT '操作系统',
  `status` varchar(10) COLLATE utf8mb4_bin DEFAULT '' COMMENT '在线状态on_line在线off_line离线',
  `start_timestamp` datetime DEFAULT NULL COMMENT 'session创建时间',
  `last_access_time` datetime DEFAULT NULL COMMENT 'session最后访问时间',
  `expire_time` int DEFAULT '0' COMMENT '超时时间，单位为分钟',
  PRIMARY KEY (`sessionId`)
) ENGINE=InnoDB DEFAULT CHARSET=utf8mb4 COLLATE=utf8mb4_bin COMMENT='在线用户记录';
/*!40101 SET character_set_client = @saved_cs_client */;

--
-- Dumping data for table `sys_user_online`
--

LOCK TABLES `sys_user_online` WRITE;
/*!40000 ALTER TABLE `sys_user_online` DISABLE KEYS */;
/*!40000 ALTER TABLE `sys_user_online` ENABLE KEYS */;
UNLOCK TABLES;

--
-- Table structure for table `sys_user_post`
--

DROP TABLE IF EXISTS `sys_user_post`;
/*!40101 SET @saved_cs_client     = @@character_set_client */;
/*!40101 SET character_set_client = utf8 */;
CREATE TABLE `sys_user_post` (
  `user_id` bigint NOT NULL COMMENT '用户ID',
  `post_id` bigint NOT NULL COMMENT '岗位ID',
  PRIMARY KEY (`user_id`,`post_id`)
) ENGINE=InnoDB DEFAULT CHARSET=utf8mb4 COLLATE=utf8mb4_bin COMMENT='用户与岗位关联表';
/*!40101 SET character_set_client = @saved_cs_client */;

--
-- Dumping data for table `sys_user_post`
--

LOCK TABLES `sys_user_post` WRITE;
/*!40000 ALTER TABLE `sys_user_post` DISABLE KEYS */;
INSERT INTO `sys_user_post` VALUES (1,1),(2,2);
/*!40000 ALTER TABLE `sys_user_post` ENABLE KEYS */;
UNLOCK TABLES;

--
-- Table structure for table `sys_user_role`
--

DROP TABLE IF EXISTS `sys_user_role`;
/*!40101 SET @saved_cs_client     = @@character_set_client */;
/*!40101 SET character_set_client = utf8 */;
CREATE TABLE `sys_user_role` (
  `user_id` bigint NOT NULL COMMENT '用户ID',
  `role_id` bigint NOT NULL COMMENT '角色ID',
  PRIMARY KEY (`user_id`,`role_id`)
) ENGINE=InnoDB DEFAULT CHARSET=utf8mb4 COLLATE=utf8mb4_bin COMMENT='用户和角色关联表';
/*!40101 SET character_set_client = @saved_cs_client */;

--
-- Dumping data for table `sys_user_role`
--

LOCK TABLES `sys_user_role` WRITE;
/*!40000 ALTER TABLE `sys_user_role` DISABLE KEYS */;
INSERT INTO `sys_user_role` VALUES (1,1),(2,2);
/*!40000 ALTER TABLE `sys_user_role` ENABLE KEYS */;
UNLOCK TABLES;

--
-- Table structure for table `user`
--

DROP TABLE IF EXISTS `user`;
/*!40101 SET @saved_cs_client     = @@character_set_client */;
/*!40101 SET character_set_client = utf8 */;
CREATE TABLE `user` (
  `user_id` int NOT NULL AUTO_INCREMENT,
  `nick_name` varchar(100) CHARACTER SET utf8 COLLATE utf8_general_ci DEFAULT NULL COMMENT '用户名称',
  `avatar_url` varchar(200) CHARACTER SET utf8 COLLATE utf8_general_ci DEFAULT NULL,
  `use_language` varchar(20) CHARACTER SET utf8 COLLATE utf8_general_ci DEFAULT NULL,
  `gender` tinyint DEFAULT '0',
  `country` varchar(20) CHARACTER SET utf8 COLLATE utf8_general_ci DEFAULT NULL,
  `province` varchar(50) CHARACTER SET utf8 COLLATE utf8_general_ci DEFAULT NULL,
  `city` varchar(50) CHARACTER SET utf8 COLLATE utf8_general_ci DEFAULT NULL,
  PRIMARY KEY (`user_id`) USING BTREE,
  UNIQUE KEY `user_user_id_uindex` (`user_id`) USING BTREE
) ENGINE=InnoDB AUTO_INCREMENT=3 DEFAULT CHARSET=utf8 ROW_FORMAT=DYNAMIC COMMENT='用户表';
/*!40101 SET character_set_client = @saved_cs_client */;

--
-- Dumping data for table `user`
--

LOCK TABLES `user` WRITE;
/*!40000 ALTER TABLE `user` DISABLE KEYS */;
INSERT INTO `user` VALUES (1,'张三',NULL,NULL,0,NULL,NULL,NULL),(2,'李四',NULL,NULL,0,NULL,NULL,NULL);
/*!40000 ALTER TABLE `user` ENABLE KEYS */;
UNLOCK TABLES;
/*!40103 SET TIME_ZONE=@OLD_TIME_ZONE */;

/*!40101 SET SQL_MODE=@OLD_SQL_MODE */;
/*!40014 SET FOREIGN_KEY_CHECKS=@OLD_FOREIGN_KEY_CHECKS */;
/*!40014 SET UNIQUE_CHECKS=@OLD_UNIQUE_CHECKS */;
/*!40101 SET CHARACTER_SET_CLIENT=@OLD_CHARACTER_SET_CLIENT */;
/*!40101 SET CHARACTER_SET_RESULTS=@OLD_CHARACTER_SET_RESULTS */;
/*!40101 SET COLLATION_CONNECTION=@OLD_COLLATION_CONNECTION */;
/*!40111 SET SQL_NOTES=@OLD_SQL_NOTES */;

-- Dump completed on 2021-06-15 14:05:07
