<?xml version="1.0" encoding="UTF-8" ?>
<!DOCTYPE mapper
PUBLIC "-//mybatis.org//DTD Mapper 3.0//EN"
"http://mybatis.org/dtd/mybatis-3-mapper.dtd">
<mapper namespace="yun.open1111.dao.ResourcesDao">

	<resultMap type="Resources" id="ResourcesResult">
		<result property="id" column="id"/>
		<result property="name" column="name"/>
		<result property="publishDate" column="publishDate"/>
		<result property="hits" column="hits"/>
		<result property="downloads" column="downloads"/>
		<result property="shareDate" column="shareDate"/>
		<result property="shareUrl" column="shareUrl"/>
		<association property="yunUser" column="userUk" select="yun.open1111.dao.YunUserDao.findById"></association>
	</resultMap>
	
	<select id="list" parameterType="Map" resultMap="ResourcesResult">
		select * from t_resources
		<where>
		    <if test="name!=null and name!='' ">
				and name like #{name}
			</if>
			<if test="userUk!=null and userUk!='' ">
				and userUk=#{userUk}
			</if>
		</where>
		order by publishDate desc
		<if test="start!=null and size!=null">
			limit #{start},#{size}
		</if>
	</select>
	
	<select id="getTotal" parameterType="Map" resultType="Long">
		select count(*) from t_resources
		<where>
			 <if test="name!=null and name!='' ">
				and name like #{name}
			</if>
			<if test="userUk!=null and userUk!='' ">
				and userUk=#{userUk}
			</if>
		</where>
	</select>
	
	<delete id="delete" parameterType="Integer">
		delete from t_resources where id=#{id}
	</delete>
	
	
	<update id="update" parameterType="Resources">
		update t_resources
		<set>
			<if test="name!=null and name!='' ">
				name=#{name},
			</if>
			<if test="publishDate!=null ">
				publishDate=#{publishDate},
			</if>
			<if test="hits!=null ">
				hits=#{hits},
			</if>
			<if test="downloads!=null ">
				downloads=#{downloads},
			</if>
			<if test="shareDate!=null ">
				shareDate=#{shareDate},
			</if>
			<if test="shareUrl!=null and shareUrl!='' ">
				shareUrl=#{shareUrl},
			</if>
		</set>
		where id=#{id}
	</update>
	
	<select id="listNewest" parameterType="Integer" resultMap="ResourcesResult">
		select * from t_resources
		order by publishDate desc
		limit 0,#{n}
	</select>
	
	<select id="findById" parameterType="Integer" resultMap="ResourcesResult">
		select * from t_resources where id=#{id}
	</select>
	
	<select id="randomList" parameterType="Integer" resultMap="ResourcesResult">
		select * from t_resources order by RAND() limit #{n}
	</select>
	
</mapper> 