<?xml version="1.0" encoding="UTF-8" ?>
<!DOCTYPE mapper
PUBLIC "-//mybatis.org//DTD Mapper 3.0//EN"
"http://mybatis.org/dtd/mybatis-3-mapper.dtd">
<mapper namespace="yun.open1111.dao.YunUserDao">

	<resultMap type="YunUser" id="YunUserResult">
		<result property="userUk" column="userUk"/>
		<result property="userName" column="userName"/>
		<result property="imageUrl" column="imageUrl"/>
		<result property="shareNum" column="shareNum"/>
		<result property="note" column="note"/>
	</resultMap>
	
	<select id="findById" parameterType="String" resultMap="YunUserResult">
		select * from t_yun_user where userUk=#{userUk}
	</select>
	
	<select id="list" parameterType="Map" resultMap="YunUserResult">
		select * from t_yun_user
		<where>
			<if test="userUk!=null and userUk!='' ">
				and userUk=#{userUk}
			</if>
		</where>
		<if test="start!=null and size!=null">
			limit #{start},#{size}
		</if>
	</select>
	
	<select id="getTotal" parameterType="Map" resultType="Long">
		select count(*) from t_yun_user
		<where>
			<if test="userUk!=null and userUk!='' ">
				and userUk=#{userUk}
			</if>
		</where>
	</select>
	
	<delete id="delete" parameterType="Integer">
		delete from t_yun_user where userUk=#{id}
	</delete>
	
	<insert id="add" parameterType="YunUser">
		insert into t_yun_user values(#{userUk},#{userName},#{imageUrl},#{shareNum},#{note})
	</insert>
	
	<update id="update" parameterType="YunUser">
		update t_yun_user
		<set>
			<if test="userName!=null and userName!='' ">
				userName=#{userName},
			</if>
			<if test="imageUrl!=null and imageUrl!='' ">
				imageUrl=#{imageUrl},
			</if>
			<if test="shareNum!=null ">
				shareNum=#{shareNum},
			</if>
			<if test="note!=null and note!='' ">
				note=#{note},
			</if>
		</set>
		where userUk=#{userUk}
	</update>
	
	<select id="listHot" parameterType="Integer" resultMap="YunUserResult">
		select * from t_yun_user 
		order by shareNum desc
		limit 0,#{n}
	</select>
</mapper> 