/*
 Navicat Premium Data Transfer

 Source Server         : 自己 腾讯云 大宽带 82.157.10.80
 Source Server Type    : MySQL
 Source Server Version : 50739
 Source Host           : 82.157.10.80:3306
 Source Schema         : ruoyi-flowable

 Target Server Type    : MySQL
 Target Server Version : 50739
 File Encoding         : 65001

 Date: 09/07/2025 23:21:52
*/

SET NAMES utf8mb4;
SET FOREIGN_KEY_CHECKS = 0;

-- ----------------------------
-- Table structure for act_evt_log
-- ----------------------------
DROP TABLE IF EXISTS `act_evt_log`;
CREATE TABLE `act_evt_log`  (
  `LOG_NR_` bigint(20) NOT NULL AUTO_INCREMENT,
  `TYPE_` varchar(64) CHARACTER SET utf8 COLLATE utf8_bin NULL DEFAULT NULL,
  `PROC_DEF_ID_` varchar(64) CHARACTER SET utf8 COLLATE utf8_bin NULL DEFAULT NULL,
  `PROC_INST_ID_` varchar(64) CHARACTER SET utf8 COLLATE utf8_bin NULL DEFAULT NULL,
  `EXECUTION_ID_` varchar(64) CHARACTER SET utf8 COLLATE utf8_bin NULL DEFAULT NULL,
  `TASK_ID_` varchar(64) CHARACTER SET utf8 COLLATE utf8_bin NULL DEFAULT NULL,
  `TIME_STAMP_` timestamp(3) NOT NULL DEFAULT CURRENT_TIMESTAMP(3),
  `USER_ID_` varchar(255) CHARACTER SET utf8 COLLATE utf8_bin NULL DEFAULT NULL,
  `DATA_` longblob NULL,
  `LOCK_OWNER_` varchar(255) CHARACTER SET utf8 COLLATE utf8_bin NULL DEFAULT NULL,
  `LOCK_TIME_` timestamp(3) NULL DEFAULT NULL,
  `IS_PROCESSED_` tinyint(4) NULL DEFAULT 0,
  PRIMARY KEY (`LOG_NR_`) USING BTREE
) ENGINE = InnoDB AUTO_INCREMENT = 1 CHARACTER SET = utf8 COLLATE = utf8_bin ROW_FORMAT = COMPACT;

-- ----------------------------
-- Records of act_evt_log
-- ----------------------------

-- ----------------------------
-- Table structure for act_ge_bytearray
-- ----------------------------
DROP TABLE IF EXISTS `act_ge_bytearray`;
CREATE TABLE `act_ge_bytearray`  (
  `ID_` varchar(64) CHARACTER SET utf8 COLLATE utf8_bin NOT NULL,
  `REV_` int(11) NULL DEFAULT NULL,
  `NAME_` varchar(255) CHARACTER SET utf8 COLLATE utf8_bin NULL DEFAULT NULL,
  `DEPLOYMENT_ID_` varchar(64) CHARACTER SET utf8 COLLATE utf8_bin NULL DEFAULT NULL,
  `BYTES_` longblob NULL,
  `GENERATED_` tinyint(4) NULL DEFAULT NULL,
  PRIMARY KEY (`ID_`) USING BTREE,
  INDEX `ACT_FK_BYTEARR_DEPL`(`DEPLOYMENT_ID_`) USING BTREE,
  CONSTRAINT `ACT_FK_BYTEARR_DEPL` FOREIGN KEY (`DEPLOYMENT_ID_`) REFERENCES `act_re_deployment` (`ID_`) ON DELETE RESTRICT ON UPDATE RESTRICT
) ENGINE = InnoDB CHARACTER SET = utf8 COLLATE = utf8_bin ROW_FORMAT = COMPACT;

-- ----------------------------
-- Records of act_ge_bytearray
-- ----------------------------
INSERT INTO `act_ge_bytearray` VALUES ('035a3c8a-1ec1-11ed-af71-3887d5e2c283', 1, 'leave.bpmn', '035a3c89-1ec1-11ed-af71-3887d5e2c283', 0x3C3F786D6C2076657273696F6E3D22312E302220656E636F64696E673D225554462D38223F3E0A3C62706D6E323A646566696E6974696F6E7320786D6C6E733A7873693D22687474703A2F2F7777772E77332E6F72672F323030312F584D4C536368656D612D696E7374616E63652220786D6C6E733A62706D6E323D22687474703A2F2F7777772E6F6D672E6F72672F737065632F42504D4E2F32303130303532342F4D4F44454C2220786D6C6E733A62706D6E64693D22687474703A2F2F7777772E6F6D672E6F72672F737065632F42504D4E2F32303130303532342F44492220786D6C6E733A64693D22687474703A2F2F7777772E6F6D672E6F72672F737065632F44442F32303130303532342F44492220786D6C6E733A64633D22687474703A2F2F7777772E6F6D672E6F72672F737065632F44442F32303130303532342F4443222069643D226469616772616D5F50726F636573735F3136363037393533303330343622207461726765744E616D6573706163653D22687474703A2F2F666C6F7761626C652E6F72672F62706D6E223E3C62706D6E323A70726F636573732069643D226C6561766522206E616D653D22E8AFB7E581872220697345786563757461626C653D2274727565223E3C62706D6E323A73746172744576656E742069643D224576656E745F31753261757476223E3C62706D6E323A6F7574676F696E673E466C6F775F3163786F7838343C2F62706D6E323A6F7574676F696E673E3C2F62706D6E323A73746172744576656E743E3C62706D6E323A757365725461736B2069643D2241637469766974795F3067637864777522206E616D653D22E7BB8FE79086223E3C62706D6E323A696E636F6D696E673E466C6F775F3163786F7838343C2F62706D6E323A696E636F6D696E673E3C62706D6E323A6F7574676F696E673E466C6F775F31796B3164736A3C2F62706D6E323A6F7574676F696E673E3C2F62706D6E323A757365725461736B3E3C62706D6E323A73657175656E6365466C6F772069643D22466C6F775F3163786F7838342220736F757263655265663D224576656E745F3175326175747622207461726765745265663D2241637469766974795F3067637864777522202F3E3C62706D6E323A757365725461736B2069643D2241637469766974795F3133757130356D22206E616D653D22E4BABAE4BA8B223E3C62706D6E323A696E636F6D696E673E466C6F775F31796B3164736A3C2F62706D6E323A696E636F6D696E673E3C62706D6E323A6F7574676F696E673E466C6F775F3172697230686A3C2F62706D6E323A6F7574676F696E673E3C2F62706D6E323A757365725461736B3E3C62706D6E323A73657175656E6365466C6F772069643D22466C6F775F31796B3164736A2220736F757263655265663D2241637469766974795F3067637864777522207461726765745265663D2241637469766974795F3133757130356D22202F3E3C62706D6E323A656E644576656E742069643D224576656E745F30686C646A376C223E3C62706D6E323A696E636F6D696E673E466C6F775F3172697230686A3C2F62706D6E323A696E636F6D696E673E3C2F62706D6E323A656E644576656E743E3C62706D6E323A73657175656E6365466C6F772069643D22466C6F775F3172697230686A2220736F757263655265663D2241637469766974795F3133757130356D22207461726765745265663D224576656E745F30686C646A376C22202F3E3C2F62706D6E323A70726F636573733E3C62706D6E64693A42504D4E4469616772616D2069643D2242504D4E4469616772616D5F31223E3C62706D6E64693A42504D4E506C616E652069643D226C656176655F6469222062706D6E456C656D656E743D226C65617665223E3C62706D6E64693A42504D4E456467652069643D22466C6F775F3172697230686A5F6469222062706D6E456C656D656E743D22466C6F775F3172697230686A223E3C64693A776179706F696E7420783D223538302220793D2232383022202F3E3C64693A776179706F696E7420783D223634322220793D2232383022202F3E3C2F62706D6E64693A42504D4E456467653E3C62706D6E64693A42504D4E456467652069643D22466C6F775F31796B3164736A5F6469222062706D6E456C656D656E743D22466C6F775F31796B3164736A223E3C64693A776179706F696E7420783D223432302220793D2232383022202F3E3C64693A776179706F696E7420783D223438302220793D2232383022202F3E3C2F62706D6E64693A42504D4E456467653E3C62706D6E64693A42504D4E456467652069643D22466C6F775F3163786F7838345F6469222062706D6E456C656D656E743D22466C6F775F3163786F783834223E3C64693A776179706F696E7420783D223236382220793D2232383022202F3E3C64693A776179706F696E7420783D223332302220793D2232383022202F3E3C2F62706D6E64693A42504D4E456467653E3C62706D6E64693A42504D4E53686170652069643D224576656E745F317532617574765F6469222062706D6E456C656D656E743D224576656E745F31753261757476223E3C64633A426F756E647320783D223233322220793D22323632222077696474683D22333622206865696768743D22333622202F3E3C2F62706D6E64693A42504D4E53686170653E3C62706D6E64693A42504D4E53686170652069643D2241637469766974795F306763786477755F6469222062706D6E456C656D656E743D2241637469766974795F30676378647775223E3C64633A426F756E647320783D223332302220793D22323430222077696474683D2231303022206865696768743D22383022202F3E3C2F62706D6E64693A42504D4E53686170653E3C62706D6E64693A42504D4E53686170652069643D2241637469766974795F3133757130356D5F6469222062706D6E456C656D656E743D2241637469766974795F3133757130356D223E3C64633A426F756E647320783D223438302220793D22323430222077696474683D2231303022206865696768743D22383022202F3E3C2F62706D6E64693A42504D4E53686170653E3C62706D6E64693A42504D4E53686170652069643D224576656E745F30686C646A376C5F6469222062706D6E456C656D656E743D224576656E745F30686C646A376C223E3C64633A426F756E647320783D223634322220793D22323632222077696474683D22333622206865696768743D22333622202F3E3C2F62706D6E64693A42504D4E53686170653E3C2F62706D6E64693A42504D4E506C616E653E3C2F62706D6E64693A42504D4E4469616772616D3E3C2F62706D6E323A646566696E6974696F6E733E, 0);
INSERT INTO `act_ge_bytearray` VALUES ('0384f60b-1ec1-11ed-af71-3887d5e2c283', 1, 'leave.leave.png', '035a3c89-1ec1-11ed-af71-3887d5e2c283', 0x89504E470D0A1A0A0000000D49484452000002B00000014A0806000000E5A56C5400000EF84944415478DAEDDD4F6CD6F51D07700F1E76F0C0C1C30E1E3C78F0B0040F3BECB083871D3C98CC03B5F401023C0D329554D40191A01B8D7FA2C36AA8C61049604AC29A2EC0D62C6E16B0B4A90F86C53001216320034A4781E140044AF1B7EFB7E9D3FC28F40FD0F6799EDFF37A259F385A469BE69DDFEFDDEFF37DBEBF7BEE0100000000000000000000000000000000000000000000000000000000000000000000000000000000000000000000000000000000000000000000000000000000000000000000000000000000000000000000000000000000000000000000000000000000000000000000000000000000000000000000000000000000000000000000000000000000000000000000000000000000000000000000000000000000000000000000000000000000000000000000000000000000000000000000000000000000000000000000000000000000000000000000000000000000000000000000000000000000000000000000000000000000000000000000000000000000000000000000000000000000000000000000000000000000000000000000000000000000000000000000000000000000000000000000000000000000000000000000000000000000000000000000000000000000000000000000000000000000000000000000000000000000000000000000000000000000000000000000000000000000000000000000000000000000000000000000000000000000000000000000000000000000000000000000000000000000000000000000000000000000000000000000000000000000000000000000000000000000000000000000000000000000000000000000000000000000000000000000000000000000000000000000000000000000000000000000000000000000000000000000000000000000000000000000000000000000000000000000000000000000000000000000000000000000000000000000000000000000000000000000000000000000000000000000000000000000000000000000000000000000000000000000000000000000A02A244972EFD1A3475B77EFDE7D7DC78E1D497B7BBB99E6D9BE7D7BD2D9D97936CC5CF99307F9038071C4F2D0D5D595F4F5F52557AF5E35259A3367CE24BB76EDFA5F2813B3E4CFC81F008C21AE7C290F655322AEB6B7B71F943F237F003086F8B2AD9B77F94C2810D7E4CFC81F008C21EE8173E32EAB0291C89F913F00988402F1DDB7BDC9D13D1B9203DB1B0727FEEFF831377D0542FEE40F00CAAE405C3CDF93ECFFDBCBC93FFEB2EC86891F8B9F73E35720E44FFE00A0AC0AC489037FBEA93C14E7E48136377E0542FEE40F00CAAB401CFCECCD510B44FC9C1BBF02217FF20700655520F6B7FF76D402113FE7C6AF40C89FFC018002A140C89FFCC91F00DC698188EFFA1EAD40C4CFB9F12B10F2277F00505605E270F77BA31688F839377E0542FEE40F00CAAA409CEBF92AD9FFE96F6E7EF9367C2C7ECE8D5F81903FF90380B22A1071BEF9FB47371588F831377D0542FEE40F00CAAF405CB9921CFEFC839B5FBE0D1F8B9F73E35720E44FFE00A06C0A447CD2D13FBB9B47DD83183FE769480A84FCC91F0094BE405CB992F41EDE99ECFBEBCA51CB4371E2DF897FD76A9802217FF20700252910E3AD7A590D5320E44FFE00A0AC0AC44456BDC65A0D53041408F9933F0098D60271A7E5A1388A8002217FF20700D35A208C02217FF2C7E8162C583063F6ECD9B3C234872984E90D93A426FEB9505B5BFB615D5DDDDC30F7FBA901633A79F2E4CCAD5BB7BEFBFEFBEFEF5FB56AD5C5254B965C9F3367CEF08565D1A245FD2FBEF8E2B9D5AB5777AE59B3E657E142F42305D68D5B81903FA3C08E2714D2C7C37DA42D14D281118575DC09FF9FF6304F3CFAE8A3F7FA4902839224B9B750282C5FBB766D6F28A8C91B6FBC916CD9B225D9BB776FD2D3D3930C0C0C2445E7CE9D4BBEFAEAAB64DBB66DC97BEFBD9784023BB06CD9B2CFF3F9FC4C05D62810F2277F8C140AE84F43F9DC7DBBA57594D913FEADC7FC54A1CAEDDAB52BFFCE3BEF5C7CE6996792D6D6D6A4B7B737B91DE7CF9F1FBC683FFBECB3D71A1A1ABAC3C5E54105C22810F2277FC4D5D25036DFB8D58AEB8A152B06EF39DDDDDDC9F1E3C793CB972F0FDE53FAFBFB07FFBC7BF7EEC18594975F7E79B422DB5CEDAF0042D5AEBAB6B4B4ECCBE7F3C9E6CD9B872F1E772AAED2C655D979F3E65DABAFAF5FA140180542FEE4AF7ACD9933E78191ABAEE1FE906CD8B0E1B6174A8E1D3B96AC5FBF3EBEE237B2C4EE8B5FC74F1BAA44B8783CD8DCDCDCB774E9D2C10BC3648AFFDEF3CF3F7F79D1A2459BAAE1B763054281903FA3C0DE2814D78773B9DCA974D98C5BD3FAFAFAEEEAFE12B7B03536368E2CB127AAED953FA8DAF21AB70CC49765E2CBFF5321AEE6BEF6DA6B97EAEBEB3FC9FA867B054281903FA3C0DEB8F29A2EAF71D5B5A3A3E386F752DCADAEAEAEC17F5789852A11B70DC495D7585EEF76CBC044B614BCFAEAAB17C24566BD02611408F993BFEC1BDAF33ABC6D209E6073E8D0A129B9C7C43DB223B614ECABA9A9B9CF9D1E3228EE798DDB062E5CB8904C8758921B1A1A2E848BD87205C22810F2277FD916DFB0955E799DAAF29A2EB1E9631EE31BBBDCE921633A3B3B17C5376C4DF69ED789EC890D1798CBE137E3871408A340C89FFC65D3D05159C3A70DC46D03D3216E2718715EAC23B6202BE2D681B7DF7EFBBB78DA40296CD9B2E5DB5062B728104681903FF9CBECEAEBEEF41BB62673CFEB7846BCB16B8F871D4046C48714C4735EA77ADFEB58FB61F3F9FCE95C2EF78802611408F993BF6C197AC2D6F0D681BB3D6DE04E4E2748EF878D4FEC72E7870C686A6AEA8D074697525B5B5B7C97E8C70A845120E44FFEB2253E1EB6581EE339AFA5B069D3A61B1E3BEBCE0F15EEE4C99333E3E3616FF7E0E8C9168FECCAE572FFCDDAD9B00A8402217FA69A0B6CB8A6CF48EF7D2DD5BD26AEFAA6DFD015BEA7FB3500A8605BB76E7DF7ADB7DE4ACAC14B2FBDB427BED454093FB7F81B7C989F2B100A84FC996A2DB013C961288BB3D28F872DA5F46367C3F73D5703800AB676EDDA03F179D2E560E3C68DFB2AE59893F44B51A174FF4C815020E4CF545B819D480EE335BDF8F74ABD552DDEEB8ADF4BF87E3FD400A082AD5AB5EAE2DEBD7BCBA2C07EF9E59787C385A5504917EED47C72AB9508054281903F93F5023B560EE335BDF8F9EEEEEE92DE63E2B9B0A9EFB5A00140055BB264C9F552EF7F2D3A7BF6EC77E1A2D25BA117EEE19588F4055C815020E4CF545181BD2987F19A5EFCF8F1E3C74B7A8FE9E9E9497F9FBD1A0054B0B8A97D3ACFE31B4FBCB054F2853BBD12115F5253201408F933D55660D3394CFFB9BFBFBFA4F797F8F5D3DF8F0600157E012A2713B82056D42810E53559CB97FCC95F254DB9DD633400B0023B592E66600576F02485E2935E14082B60F267AA7005763887E98F97EA6139566021839E7EFAE9ABE5B207F6F4E9D3FB2B780FEC0DC5A1A8D20A44F8966F3913FDBC02217FF257D505F6A61CA6F7C01E3B76CC1E5860722C5FBEFC3FE5720A41A150E8A8C053080AF1B184A33D5BBB120BC4581F1BEFF30A84FCC95F5516D85173E81402604A3436367E5A2EE7C0363535B555D039B0B75CF152201408F993BF2A2AB0E3E6307D0E6C4B4B8B736081C9F1E69B6F2E5CB366CD0FE55060172F5EDC56294FE29A28054281903FF9ABE647C97A12173025162C58F0A37C3EDF7FEEDCB9529F011BF7BF9E89DF8F02A1402810F2277F99B9C7CC08D7F66BC5E278E4C89192DC63FAFAFA925C2EF743AAC0DEAF0140850BBF157FD6D6D656D202DBDCDCFCFB7051F9588150201408F993BFCCADC2B6158BE3BA75EB4A728FD9B469D30D0F5A70E7870CC8E7F3339F7AEAA981521D7132303070225C50FE157E3B7E448150201408F993BF6C895BC38AE571DEBC7983ABA1D329BEC2387FFEFCF4EAEB13EEFC9011CF3DF7DCAE52BD99EBF5D75FDF182E2AAD0A84638C1408F993BFCCAEC20E9F46D0D8D838ADE78FC7AF973EEA6BBC373F0215A4A6A6E6C70B172EBC3ADDE7F47DFDF5D7BBC205E562F8FA0F29104681903FF9CBA6279F7CF217E933633B3A3AA6E51ED3D5D575C359B57575758FB9E343C6E472B986A54B977E3F5D5B092E5DBA74207CCD03E1A2F26B05C22810F2277F995F85FD5DB148C6A740C67239D5E7BECE9D3BF78754816D76A7878CAAAFAFFF68F5EAD5535E620706068EE5F3F99DE182F28102611408F993BFEC1B7AB46C215D62A7EAE106B1BCCE9F3FFF7AAABCEEABA9A9B9CF5D1E327C8109C5F24FAFBCF2CA85A92AB171E53514E5CFE2BED7AC1D9BA5402810F267E46F74A1B43E10AEFD87D325366E2798CC3DB1716577C4CAEB89300FBAC3431594D85C2EB7AEA1A1E1C264EF898D7B5E87B60D7C90F5F2AA402810F26714D89BC532992EB1C53776DDEDE904F1B481116FD8525EA11AD5D6D62E09BF1D7FD7D2D272BEBFBFFFAE8FCA1A3A6DE06296F7BC2A100A84FC19F99BF04A6C215D36E3115B1B366C487A7B7B6FFB2105F19CD7F45159C56D03CA2B54A9783A415D5DDD1FC385E1DBD6D6D623E137DC6BB7FB84ADF89082F06F1C8A5B06C27F1F56208C02217FF2477CB5AFB6B6F69D11A5737056AE5C99B4B4B40CEE918DAF04161751E27F7B7A7A06F7B86EDBB66DF0F1B0E9276CA5DFB065CF2B1057637F12E6C370A1B8F0C20B2FEC5DBF7EFDDE2FBEF8E2C8A953A72EA5FAEAC558580B854247535353DBE2C58BE3D357CE84D2BA398B0F2950201408F933F277F7868ED82ADCAAC8DEC1EC7154167093B86F75E862138F43896FC4FA26FD9CEB30BD4317A2E6F8F4956AD8E7AA402810F267E46F52164A1E1F7AECECB5DB2DAEF1F1B0F1095B1E5200A0402810F267E4AF140B253342999D1D17428616447A4714D6C18592F8AA6028AD73E356373F3500054281903F237F0028B04681903FF953600150208C02217FF207000A8402217F46FE0050608D02217F4681054081300A84FCC91F0028100A84FC19F903408175E35620E4CF28B00028104681903FF90300054281903F237F0028B00A8402217F4681054081300A84FCC91F0028100A84FC19F90300054281903FA3C002A040180542FEE40F0014080542FE8CFC018002A140C89F516001A83C3B76EC70E32E9FB91C0AC435F933F2070063E8ECECECEDEBEB73F32E83E9E9E9F943281007E5CFC81F008C61E7CE9DBFECE8E8F8F6F4E9D3DFBB89976EE52B9687EDDBB7FF3BCC2CF933F20700E30837ADC7DBDBDBF7C4970FE31E3833ED137FEE07ABB53CC89FFC0100000000000000000000000000000000000000000000007097FE0F9AACDABD0B7E2F080000000049454E44AE426082, 1);
INSERT INTO `act_ge_bytearray` VALUES ('3670f2a4-58b2-11f0-b89a-745d226bb74a', 1, 'sign.bpmn', '3670f2a3-58b2-11f0-b89a-745d226bb74a', 0x3C3F786D6C2076657273696F6E3D22312E302220656E636F64696E673D225554462D38223F3E0A3C62706D6E323A646566696E6974696F6E7320786D6C6E733A7873693D22687474703A2F2F7777772E77332E6F72672F323030312F584D4C536368656D612D696E7374616E63652220786D6C6E733A62706D6E323D22687474703A2F2F7777772E6F6D672E6F72672F737065632F42504D4E2F32303130303532342F4D4F44454C2220786D6C6E733A62706D6E64693D22687474703A2F2F7777772E6F6D672E6F72672F737065632F42504D4E2F32303130303532342F44492220786D6C6E733A64633D22687474703A2F2F7777772E6F6D672E6F72672F737065632F44442F32303130303532342F44432220786D6C6E733A64693D22687474703A2F2F7777772E6F6D672E6F72672F737065632F44442F32303130303532342F44492220786D6C6E733A666C6F7761626C653D22687474703A2F2F666C6F7761626C652E6F72672F62706D6E222069643D226469616772616D5F50726F636573735F3136363130373633323335343322207461726765744E616D6573706163653D22687474703A2F2F666C6F7761626C652E6F72672F62706D6E223E3C62706D6E323A70726F636573732069643D227369676E22206E616D653D22E4BC9AE7ADBE2220697345786563757461626C653D2274727565223E3C62706D6E323A73746172744576656E742069643D224576656E745F306B696E73396122206E616D653D22E5BC80E5A78B223E3C62706D6E323A6F7574676F696E673E466C6F775F3076676B7030393C2F62706D6E323A6F7574676F696E673E3C2F62706D6E323A73746172744576656E743E3C62706D6E323A757365725461736B2069643D2241637469766974795F30387432626B6522206E616D653D22E5AEA1E689B9E4B880223E3C62706D6E323A696E636F6D696E673E466C6F775F3076676B7030393C2F62706D6E323A696E636F6D696E673E3C62706D6E323A6F7574676F696E673E466C6F775F306F6E727864633C2F62706D6E323A6F7574676F696E673E3C2F62706D6E323A757365725461736B3E3C62706D6E323A73657175656E6365466C6F772069643D22466C6F775F3076676B7030392220736F757263655265663D224576656E745F306B696E73396122207461726765745265663D2241637469766974795F30387432626B6522202F3E3C62706D6E323A757365725461736B2069643D2241637469766974795F30696E3274336322206E616D653D22E5AEA1E689B9E4BA8C223E3C62706D6E323A696E636F6D696E673E466C6F775F306F6E727864633C2F62706D6E323A696E636F6D696E673E3C62706D6E323A6F7574676F696E673E466C6F775F307A6E327665313C2F62706D6E323A6F7574676F696E673E3C62706D6E323A6D756C7469496E7374616E63654C6F6F7043686172616374657269737469637320666C6F7761626C653A6578636C75736976653D2266616C73652220666C6F7761626C653A636F6C6C656374696F6E3D22247B636F6C6C5F757365724C6973747D22202F3E3C2F62706D6E323A757365725461736B3E3C62706D6E323A73657175656E6365466C6F772069643D22466C6F775F306F6E727864632220736F757263655265663D2241637469766974795F30387432626B6522207461726765745265663D2241637469766974795F30696E3274336322202F3E3C62706D6E323A656E644576656E742069643D224576656E745F316A686B37313722206E616D653D22E7BB93E69D9F223E3C62706D6E323A696E636F6D696E673E466C6F775F307A6E327665313C2F62706D6E323A696E636F6D696E673E3C2F62706D6E323A656E644576656E743E3C62706D6E323A73657175656E6365466C6F772069643D22466C6F775F307A6E327665312220736F757263655265663D2241637469766974795F30696E3274336322207461726765745265663D224576656E745F316A686B37313722202F3E3C2F62706D6E323A70726F636573733E3C62706D6E64693A42504D4E4469616772616D2069643D2242504D4E4469616772616D5F31223E3C62706D6E64693A42504D4E506C616E652069643D227369676E5F6469222062706D6E456C656D656E743D227369676E223E3C62706D6E64693A42504D4E456467652069643D22466C6F775F3076676B7030395F6469222062706D6E456C656D656E743D22466C6F775F3076676B703039223E3C64693A776179706F696E7420783D223435382220793D2233303022202F3E3C64693A776179706F696E7420783D223531302220793D2233303022202F3E3C2F62706D6E64693A42504D4E456467653E3C62706D6E64693A42504D4E456467652069643D22466C6F775F306F6E727864635F6469222062706D6E456C656D656E743D22466C6F775F306F6E72786463223E3C64693A776179706F696E7420783D223631302220793D2233303022202F3E3C64693A776179706F696E7420783D223637302220793D2233303022202F3E3C2F62706D6E64693A42504D4E456467653E3C62706D6E64693A42504D4E456467652069643D22466C6F775F307A6E327665315F6469222062706D6E456C656D656E743D22466C6F775F307A6E32766531223E3C64693A776179706F696E7420783D223737302220793D2233303022202F3E3C64693A776179706F696E7420783D223833322220793D2233303022202F3E3C2F62706D6E64693A42504D4E456467653E3C62706D6E64693A42504D4E53686170652069643D224576656E745F306B696E7339615F6469222062706D6E456C656D656E743D224576656E745F306B696E733961223E3C64633A426F756E647320783D223432322220793D22323832222077696474683D22333622206865696768743D22333622202F3E3C62706D6E64693A42504D4E4C6162656C3E3C64633A426F756E647320783D223432392220793D22333235222077696474683D22323222206865696768743D22313422202F3E3C2F62706D6E64693A42504D4E4C6162656C3E3C2F62706D6E64693A42504D4E53686170653E3C62706D6E64693A42504D4E53686170652069643D2241637469766974795F30387432626B655F6469222062706D6E456C656D656E743D2241637469766974795F30387432626B65223E3C64633A426F756E647320783D223531302220793D22323630222077696474683D2231303022206865696768743D22383022202F3E3C2F62706D6E64693A42504D4E53686170653E3C62706D6E64693A42504D4E53686170652069643D2241637469766974795F30696E327433635F6469222062706D6E456C656D656E743D2241637469766974795F30696E32743363223E3C64633A426F756E647320783D223637302220793D22323630222077696474683D2231303022206865696768743D22383022202F3E3C2F62706D6E64693A42504D4E53686170653E3C62706D6E64693A42504D4E53686170652069643D224576656E745F316A686B3731375F6469222062706D6E456C656D656E743D224576656E745F316A686B373137223E3C64633A426F756E647320783D223833322220793D22323832222077696474683D22333622206865696768743D22333622202F3E3C62706D6E64693A42504D4E4C6162656C3E3C64633A426F756E647320783D223833392220793D22333235222077696474683D22323222206865696768743D22313422202F3E3C2F62706D6E64693A42504D4E4C6162656C3E3C2F62706D6E64693A42504D4E53686170653E3C2F62706D6E64693A42504D4E506C616E653E3C2F62706D6E64693A42504D4E4469616772616D3E3C2F62706D6E323A646566696E6974696F6E733E, 0);
INSERT INTO `act_ge_bytearray` VALUES ('36834225-58b2-11f0-b89a-745d226bb74a', 1, 'sign.sign.png', '3670f2a3-58b2-11f0-b89a-745d226bb74a', 0x89504E470D0A1A0A0000000D494844520000036E0000015E0806000000FDB44CE3000013E549444154785EEDDDDB6F55577E07F0B948D53C66DA99C7BCCCD3FC0B337DE9C38C5A3552661E006373919149204A244001AC3654C50952CB1B09990052A50608A336287E3069D4348150A43424019130908A492109D762200643B98409A77B519FF464D986630CF65A7B7D3ED257867DF6D97BE1F3D359BFC53E97EF7C0700000000000000000000000000000000000000000000000000000000000000000000000000000000000000000000000000000000000000000000000000000000000000000000000000000000000000000000000000000000000000000000000000000000000000000000000000000000000000000000000000000000000000000000000000000000000000000000000000000000000000000000000000000000000000000000000000000000000000000000000000000000000000000000000000000000000000000000000000000000000000000000000000000000000000000000000000000000000000000000000000000000000000000000000000000000000000000000000000000000000000000000000000000000000000000000000000000000000000000000000000000000000000000000000000000000000000000000000000000000000000000000000000000000000000000000000000000000000000000000000000000000000000000000000000000000000000000000000000000000000000000000000000000000000000000000000000000000000000000000000000000000000000000000000000000000000000000000000000000000000000000000000000000000000000000000000000000000000000000000000000000000000000000000000000000000000000000000000000000000000000000000000000000000000000000000000000000000000000000000000000000000000000000000000000000000000000000000000000000000000000000000000000000000000000000000000000000000000000000000000000000000000000000000000000000000000000000000000000000000000000000000000000000000000000000000000000000000000000000000000000000000000000000000000000000000000000000000000000000000000000000000000000000000000000000000000000000000000000000000000000000000000000000000000000000000000000000000000000000000000000000000000000000000000000000000000000000000000000000000000000000000000000000000000000000000000000000000000000000000000000000000000000000000000000000000000000000000000000000000000000000000000000000000000000000000000000000000000000000000000000000000000000000000000000000000A00D8D46E38F8E1D3BF6EA7BEFBDF7D5CE9D3B1B6FBDF5964C71AADFFBAD3D7BF69CDEB56BD7AFE2C7A7EED4DFF4A7E4FA0300C846D5346FAF9AB6C6D9B3671BD7AE5D6BDCB87143A638E1F71E7EFFBB77EFBE5435D28FC48F519DA9BFE94FC9F50700908D70A523346D713327539F3367CE9CAF1AE70FE2C7A8CED45F3A29B1FE0000B2115E9EE64A471A098F43D5385F8F1FA33A537FE9A4C4FA0300C846788F4BDCC0C9F4253C1EF1635467EA2FAD94567F0000D968B771BE72F14CE3D887FFD838FCF6B3B713FE1CB6C5FBC9E4525AE3ACFED24A69F50700908D761AE7CB43A71A87DEFC9BC6C7FFB2E25B09DBC26DF1FE72EF29AD71567F69A5B4FA0300C8463B8DF389C303A39AE6664E1EDE316A7FB9F794D638ABBFB4525AFD010064A39DC6F93FDF593BAA616E26DC16EF2FF79ED21A67F597564AAB3F00806CB4D3381F7A6BF5A886B999705BBCBFDC7B4A6B9CD55F5A29ADFE0000B2A1714E2BA535CEEA2FAD94567F0000D968A7710E9FE21737CCCD84DBE2FDE5DE535AE3ACFED24A69F50700908D761AE74FDF7D7154C3DC4CB82DDE5FEE3DA535CEEA2FAD94567F0000D968A771BE70EA60E3D0BFFDEDA8A6396C0BB7C5FBCBBDA7B4C659FDA595D2EA0F00201BED34CE219FEDDB32AA710EDBE2FD647229AD71567F69A5B4FA0300C8465B8DF3F5EB8D4FFF63C3A8C6396C0BB78DDA5FEE39A535CEEA2FAD94567F0000D9B85BE37C79E854E3F7EFAE1FD53437136E0BFBC4F7937B4B698DB3FA4B2BA5D51F004036C66D9CAF5F6F9CF97457E377FFFAD7A39AE538619FB0AFAB1F934F698DB3FA4B2BA5D51F004036C66A9CEF769563BCB8FA31F994D638ABBFB4525AFD01006463ACC6B99DAB1CE325DC373E9EB49FD21A67F597564AAB3F00806C8CD538C7CDF044131F4FDA4F698DB3FA4B2BA5D51F004036C66A9C65FA525AE3ACFED24A69F577AFBABBBB1F9A3D7BF68C8E8E8E17AA9F3BAB7C56E56A95C6C8CFF0F79D23B7CF08FBC7C70080E25DBA74E98F0706069E7DF1C5173FEEEBEB3BDFDBDB7BED89279EB81526D4C58B17DF5CBE7CF9F033CF3C73FCD9679FDDB162C58ABFA8EEF2DDF81825D138A795D21A67F597564AABBF89EAECECFC653597F457B931B2486B3761FFFE70FFF89800509CF7DF7F7FF1BA75EB4E2D5AB4A8512DD61ADBB76F6FECDFBFBF71F4E8D1C6850B171A41F819FE1EB687DB57AE5C79ABA7A7E746B5807BB3ABABEB27F1314BA0714E2BA535CEEA2FAD94567FEDAA165C3FAB165E7BC75890DD4BF686E3C5E70080DA3B78F0E05FBEF4D24BA71F7FFCF1C66BAFBDD63877EEDCED455ABBC2FEE17ED502EEAB65CB96BD5A4DA83F8ACF51671AE7B4525AE3ACFED24A69F57737DDDDDD3FE8E8E8F84DB5D8BAFDAA8DD62C5DBAB4B16DDBB63BFE0761B83DEC17DF371C2F1C371C3F3E2700D44E353F7EFF8D37DE18080BB6CD9B37372E5FBEFCED15D90485FB87E35413E9D5B973E7FE3A3E5F5D699CD34A698DB3FA4B2BA5D5DF9D548BAB873B3B3B3F6E5D7075757535366DDAD43879F2643C85DC51D83FDC2FDC3F5AC07D14CE139F1B006AA39A071FDABA75EBEF9F7CF2C9C6B163C7E2397252C2F1AAC5E0B59E9E9EBEF8BC75A4714E2BA535CEEA2FAD94567FE3A9166C3FAD72AA7591B576EDDAC6891327E2296342C2FDC371A2C5DB8970BE780C0090BD6AEE7BE885175E185AB56A55636868289E17EF8B70DCDEDEDEABF3E7CFDF129FBF6E34CE69A5B4C659FDA595D2EA6F2C2357DABE59B485AB64030303F1343129E178D1D5B713AEBC01502BD57CF7FDAD5BB77E1A166DA1C97890C2F1972F5F7E71CE9C39CFC4E3A8138D735A29AD71567F69A5B4FA8B85F79CB5BE3C72C182058D03070EC4D3C37D118E1B8EDFB278FBC87BDE00A88DF09EB6A79E7AEA815D698B85F32C5CB870B89A501F8DC752171AE7B4525AE3ACFED24A69F5171BF920926FAEB43DA8455B53387EEB95B770FE784C00909D6A827B247C10C9FD7E4FDBDD84F3CD9D3B7768E6CC993F8EC754071AE7B4525AE3ACFED24A69F5D76AE423FFBF6E2EA276ECD8114F070F44384FCB55B7AF7D550000D90B1FF91F3EF5713A6CD8B0E17435A13E1F8FA90E34CE69A5B4C659FDA595D2EAAFD5EC96EF690B1F203295A20F2CD91B8F0D00B211BE5C3B5C6D1B1E1E8EE7BB2911CE3B6FDEBC4B75FC926E8D735A29AD71567F69A5B4FA6B9A356BD62F9A0BA7F0D2C5C97E7AE44485F3B5BE64328C271E23006461DDBA75A7FAFBFBE3B96E4A6DD9B2E56835A16E8AC7963B8D735A29AD71567F69A5B4FA6BAA9EDBFB9B8BA6F07D6BD3219CB7E5AA5B7F3C460048DEF0F0F09F2C5EBCB831383818CF7353AA3AFF1FBABABACEAE5EBDFA7BF11873A6714E2BA535CEEA2FAD94567F41F5BCFEC36AA174A3B9689AEAAB6D4DE1BC2D0BB71B615CF158012069AFBFFE7A5F6F6F6F3CC74D8B850B177E5E4DA83F8FC798A26A9CEF54F9B3787B4CE39C56EAD238ABBF3C5397FA6B6AA70EABDB6734174C4B972E8D9FF6A754387FCBE26D463C560048DAFAF5EB7FB77DFBF6787E9B161B376EFCA89A4CFF3E1E638A5A26FF3B362E1AE7B45297C659FDE599BAD45F533B75586D5FDFDCEF95575E899FF6A754387FCB98D7C7630580A4F5F5F59DDFBF7F7F3CBF4D8B3D7BF61CECE8E81888C798A296C9FF8E8D8BC639ADD4A571567F79A62EF5D7D44E1D767676EE6ADEBE6FDFBEF8697F4A85F337C712C6D53A4E0048DECA952BAF4DF577B78DE7C89123E1A5921FC6634CD1180DCB988D8BC639ADD4A5711EA3EED45F06A94BFD358D517FA3EAB0FA79BCB97DBAE79A70FE96311E8FFE390090B6C58B17DFFAF2CB2FE3F96D5A5CB870E17235999E8AC798A2311A9538B71B178D735AA94BE33C46BDC5517F09A62EF5D73446DDC50975F83FCDBF4FF75C13CEDF1C4B6767E770FCEF0180A4CD9B37AF71F3E6CD787E9B16D53886C798F8B38EC639ADC48F4FDDA3FED24AFCF89496E99E6BC2F95BC6F387783E0480A42D5AB4E8E674FF2F68D3B973E7FE6B76FE57DCDE99EDA56AC9A62E573CC6A83BF59741EA527F4D63D4DFA83A0C57B69ADBA77BAE71C50D80AC3DFDF4D3C3D3FDBE83A64F3EF964DFEC7CDFE3F6AD86B929F5C6B91AE298B95FB7A796BA34CEEAAFBDDB534B5DEAAFA99D3A9CED3D6E00707FAC5AB5EA442A9F2AF9F6DB6FEFCCF0532547352AAD72689CEFB46DB2B7A796BA34CEEA6FF49FEFB42D95D4A5FE9ADAA9439F2A0900F7C9EAD5AB77A4F23D6E6BD6ACE99F9DCFF7B88DDBA8B4D238A795BA34CEEA6FF49FEFB42D95D4A5FE9ADAA9C3D9BEC70D00EE8FDEDEDE3F5FB972E5AD78829B0637BBBABA0E5693E9CFE331E64CE39C56EAD638DF8DFA4B2BA5D55F503DA7CF682E96962E5D1A3FEF4FA9254B96DC6A59B8CD88C70A00495BBD7AF5F7162E5C78637070309EE3A6D4C99327DFAD26D233613CF11873A6714E2BA535CEEA2FAD94567F415757D70FABE7F61BCD05D3891327E2A7FF2911CEDBB268BB11C6158F150092B762C58A37FBFBFBE3796E4A3DF7DC73BFAD26D34DF1D872A7714E2BA535CEEA2FAD94567F4DD5737B7819FCED45D3A64D9BE2A7FF2911CEDBB270EB8FC7080059E8EAEAFA494F4FCF57C3C3C3F15C37258686863EA826D2C1308E786CB9D338A795D21A67F597564AABBFA659B366FDA2B968AA9EE7A7FCAA5B385F6767E7372F930CE389C70800D958B66CD9AB9B376F8EE7BB29519DFB9FABC9F4F9784C759043E33C56EED7EDA9A5B4C659FDA595D2EAAF55F51CBFB7B9705ABB766D3C0D3C50E17C2D57DBF6C6630380ACCC9C39F3C7DDDDDD57A7FA7B76F6EDDB175E223918CE1F8FA90E526F9C4B4B698DB3FA4B2BA5D55FABCECECE9F55CFF55F3717503B76EC88A78307229CA765D1F67518473C3600C8CEDCB9737FBD68D1A26B434343F1DCF7400C0E0EFE7B35917E51E5D1782C75A1714E2BA535CEEA2FAD94567FB18E8E8EDF341751E12593070E1C88A785FB2A1CBFF52592E1FCF19800205B3D3D3D7DBDBDBD574393F1205DBF7EFD936AE2FEB09A54FF2A1E439D689CD34A698DB3FA4B2BA5D55FACBBBBFB07D502EAA3E6426AC182050F6CF1168E5B9DEF9B2B7CE1BCE1FCF19800206BF3E7CFDFB27CF9F28B0FEACADBE0E0E0EEB068AB26D27F88CF5D371AE7B4525AE3ACFED24A69F53796EA79FFE12A275AAFBC0D0C0CC4D3C4A484E3B55E691B39DFC3F15800A016E6CC99F34C4F4FCFF0FD7ECFDBC87BDA8ED7FD4A5B93C639AD94D638ABBFB4525AFD8DA77AFEFF69EBE22D247C80C8643F6D32DC3FFA2092DB8BB670BE780C00502BD584F7E8DCB97387366CD870FAF2E5CBF11C3921172F5E7C7FE4D32307C371E373D595C639AD94D638ABBFB4525AFDDD49B80236BBE5659321E1EA5BF8BEB593274FC653C81D85FDC3FDA2AB6CB75F1E19CE139F1B006AA99A087F544D7CCFCF9B37EFD2CB2FBF7CF4DCB97337E349F30E6E9E3A75EADDBEBEBEDB9F1C198E138E179FA3CE34CE69A5B4C659FDA595D2EAEF6EC27BCE463EB0245E7035962E5DDAD8B66D5B63FFFEFD8DA3478F362E5CB8707B52093FC3DFC3F670FB92254B46DD371C2F1CD77BDA002852F872EC6A32DC542DBC061F7BECB12F366EDC7860CF9E3D078F1C3972FCFCF9F357AAF9F4F2E0E0E0B1C3870FEFAB9A93B7D6AC59D35FDDE760759FFF0EF7ABE3976BB743E39C564A6B9CD55F5A29ADFEDA35F25501DF7CCFDB24B3D747FE03C0FFF9EEAC59B3FEB49A18FFAEA3A363A09A243F98FDFFEF55083F3F08DBC3ED61BFB07F7C8092689CD34A698DB3FA4B2BA5D5DF4455F3C62FAB39A4BFCA8D311664774AD8BF3FDC3F3E2600405B34CE69A5B4C659FDA595D2EAEF5E7577773F542DC466747474BC50FDDC59E5B32A57471669E167F8FBCE91DB6784FDE36300004C88C639AD94D638ABBFB4525AFD01006443E39C564A6B9CD55F5A29ADFE0000B2A1714E2BA535CEEA2FAD94567F0000D9D038A795D21A67F597564AAB3F00806C689CD34A698D734EF577E5CA95C6A143876EFF9CCCF694535AFD01006423A7C6B98494D638E7547F6111560DF9F6CFC96C4F39A5D51F004036726A9C4B48698D734EF537DE426CA2DB534E69F50700908D9C1AE712525AE39C53FD8DB7109BE8F694535AFD01006423A7C6B98494D638E7547FE32DC426BA3DE594567F0000D9C8A9712E21A535CE39D5DF780BB1896E4F39A5D51F004036726A9C4B48698D734EF537DE426CA2DB534E69F50700908D9C1AE712525AE39C53FD8DB7109BE8F694535AFD01006423A7C6B98494D638E7547FE32DC426BA3DE594567F0000D9C8A9712E21A535CE39D5DF780BB1896E4F39A5D51F004036726A9C4B48698D734EF537DE426CA2DB534E69F50700908D9C1AE712525AE39C53FD8DB7109BE8F694535AFD01006423A7C6B98494D638E7547FE32DC426BA3DE594567F0000D9D8B973E7AD6BD7AE8D6AE064EA533D0EA7ABC6F97AFC18D5594EF537DE426CA2DB534D89F50700908D3D7BF69C3E7BF6ECA8264EA63E5F7CF1C53F558DF307F163546739D5DF952B576E2FC2C2CFC96C4F3525D61F00403676EDDAF5ABDDBB775F3A73E6CCF95CAE7CD42DD5EFFDCCE79F7FFEDBAA693E5EE591F831AA33F537FD29B9FE0000B2129AB5F03FED556E84F7B8C89427FCDEC3EFBFC8A639FCBB47FEFDEA6F7A5274FD01000000000000000000000000000000000000000000000000000000000000F7C9FF0215F98439596F3D180000000049454E44AE426082, 1);
INSERT INTO `act_ge_bytearray` VALUES ('51c9d9f7-37b0-11f0-966e-00e02421f631', 1, 'source', NULL, 0x3C3F786D6C2076657273696F6E3D22312E302220656E636F64696E673D225554462D38223F3E0A3C62706D6E323A646566696E6974696F6E7320786D6C6E733A7873693D22687474703A2F2F7777772E77332E6F72672F323030312F584D4C536368656D612D696E7374616E63652220786D6C6E733A62706D6E323D22687474703A2F2F7777772E6F6D672E6F72672F737065632F42504D4E2F32303130303532342F4D4F44454C2220786D6C6E733A62706D6E64693D22687474703A2F2F7777772E6F6D672E6F72672F737065632F42504D4E2F32303130303532342F44492220786D6C6E733A64633D22687474703A2F2F7777772E6F6D672E6F72672F737065632F44442F32303130303532342F44432220786D6C6E733A64693D22687474703A2F2F7777772E6F6D672E6F72672F737065632F44442F32303130303532342F4449222069643D226469616772616D5F50726F636573735F3137343739383930303035383622207461726765744E616D6573706163653D22687474703A2F2F666C6F7761626C652E6F72672F62706D6E223E3C62706D6E323A70726F636573732069643D227465737422206E616D653D22E6B58BE8AF952220697345786563757461626C653D2274727565223E3C62706D6E323A73746172744576656E742069643D224576656E745F306F7736786F6B22206E616D653D22E5BC80E5A78B223E3C62706D6E323A6F7574676F696E673E466C6F775F306A64786D6B793C2F62706D6E323A6F7574676F696E673E3C2F62706D6E323A73746172744576656E743E3C62706D6E323A757365725461736B2069643D2241637469766974795F306D30666F777322206E616D653D22E4B8BBE7AEA1E5AEA1E689B9223E3C62706D6E323A696E636F6D696E673E466C6F775F306A64786D6B793C2F62706D6E323A696E636F6D696E673E3C62706D6E323A6F7574676F696E673E466C6F775F303769383765643C2F62706D6E323A6F7574676F696E673E3C2F62706D6E323A757365725461736B3E3C62706D6E323A757365725461736B2069643D2241637469766974795F3130736577623322206E616D653D22E7BB8FE79086E5AEA1E689B9223E3C62706D6E323A696E636F6D696E673E466C6F775F303769383765643C2F62706D6E323A696E636F6D696E673E3C62706D6E323A6F7574676F696E673E466C6F775F306569737170723C2F62706D6E323A6F7574676F696E673E3C2F62706D6E323A757365725461736B3E3C62706D6E323A73657175656E6365466C6F772069643D22466C6F775F303769383765642220736F757263655265663D2241637469766974795F306D30666F777322207461726765745265663D2241637469766974795F3130736577623322202F3E3C62706D6E323A656E644576656E742069643D224576656E745F3178696733786722206E616D653D22E7BB93E69D9F223E3C62706D6E323A696E636F6D696E673E466C6F775F306569737170723C2F62706D6E323A696E636F6D696E673E3C2F62706D6E323A656E644576656E743E3C62706D6E323A73657175656E6365466C6F772069643D22466C6F775F306569737170722220736F757263655265663D2241637469766974795F3130736577623322207461726765745265663D224576656E745F3178696733786722202F3E3C62706D6E323A73657175656E6365466C6F772069643D22466C6F775F306A64786D6B792220736F757263655265663D224576656E745F306F7736786F6B22207461726765745265663D2241637469766974795F306D30666F777322202F3E3C2F62706D6E323A70726F636573733E3C62706D6E64693A42504D4E4469616772616D2069643D2242504D4E4469616772616D5F31223E3C62706D6E64693A42504D4E506C616E652069643D22746573745F6469222062706D6E456C656D656E743D2274657374223E3C62706D6E64693A42504D4E456467652069643D22466C6F775F303769383765645F6469222062706D6E456C656D656E743D22466C6F775F30376938376564223E3C64693A776179706F696E7420783D223337302220793D2232333022202F3E3C64693A776179706F696E7420783D223534302220793D2232333022202F3E3C2F62706D6E64693A42504D4E456467653E3C62706D6E64693A42504D4E456467652069643D22466C6F775F306569737170725F6469222062706D6E456C656D656E743D22466C6F775F30656973717072223E3C64693A776179706F696E7420783D223634302220793D2232333022202F3E3C64693A776179706F696E7420783D223736322220793D2232333022202F3E3C2F62706D6E64693A42504D4E456467653E3C62706D6E64693A42504D4E456467652069643D22466C6F775F306A64786D6B795F6469222062706D6E456C656D656E743D22466C6F775F306A64786D6B79223E3C64693A776179706F696E7420783D223139382220793D2232323022202F3E3C64693A776179706F696E7420783D223233392220793D2232323022202F3E3C64693A776179706F696E7420783D223233392220793D2232333022202F3E3C64693A776179706F696E7420783D223237302220793D2232333022202F3E3C2F62706D6E64693A42504D4E456467653E3C62706D6E64693A42504D4E53686170652069643D2241637469766974795F306D30666F77735F6469222062706D6E456C656D656E743D2241637469766974795F306D30666F7773223E3C64633A426F756E647320783D223237302220793D22313930222077696474683D2231303022206865696768743D22383022202F3E3C2F62706D6E64693A42504D4E53686170653E3C62706D6E64693A42504D4E53686170652069643D2241637469766974795F313073657762335F6469222062706D6E456C656D656E743D2241637469766974795F31307365776233223E3C64633A426F756E647320783D223534302220793D22313930222077696474683D2231303022206865696768743D22383022202F3E3C2F62706D6E64693A42504D4E53686170653E3C62706D6E64693A42504D4E53686170652069643D224576656E745F317869673378675F6469222062706D6E456C656D656E743D224576656E745F31786967337867223E3C64633A426F756E647320783D223736322220793D22323132222077696474683D22333622206865696768743D22333622202F3E3C62706D6E64693A42504D4E4C6162656C3E3C64633A426F756E647320783D223736392220793D22323535222077696474683D22323222206865696768743D22313422202F3E3C2F62706D6E64693A42504D4E4C6162656C3E3C2F62706D6E64693A42504D4E53686170653E3C62706D6E64693A42504D4E53686170652069643D224576656E745F306F7736786F6B5F6469222062706D6E456C656D656E743D224576656E745F306F7736786F6B223E3C64633A426F756E647320783D223136322220793D22323032222077696474683D22333622206865696768743D22333622202F3E3C62706D6E64693A42504D4E4C6162656C3E3C64633A426F756E647320783D223136392220793D22323435222077696474683D22323222206865696768743D22313422202F3E3C2F62706D6E64693A42504D4E4C6162656C3E3C2F62706D6E64693A42504D4E53686170653E3C2F62706D6E64693A42504D4E506C616E653E3C2F62706D6E64693A42504D4E4469616772616D3E3C2F62706D6E323A646566696E6974696F6E733E, NULL);
INSERT INTO `act_ge_bytearray` VALUES ('7094f5be-5171-11f0-9668-745d226bb74a', 1, 'leave.bpmn', '7094f5bd-5171-11f0-9668-745d226bb74a', 0x3C3F786D6C2076657273696F6E3D22312E302220656E636F64696E673D225554462D38223F3E0A3C62706D6E323A646566696E6974696F6E7320786D6C6E733A7873693D22687474703A2F2F7777772E77332E6F72672F323030312F584D4C536368656D612D696E7374616E63652220786D6C6E733A62706D6E323D22687474703A2F2F7777772E6F6D672E6F72672F737065632F42504D4E2F32303130303532342F4D4F44454C2220786D6C6E733A62706D6E64693D22687474703A2F2F7777772E6F6D672E6F72672F737065632F42504D4E2F32303130303532342F44492220786D6C6E733A64693D22687474703A2F2F7777772E6F6D672E6F72672F737065632F44442F32303130303532342F44492220786D6C6E733A64633D22687474703A2F2F7777772E6F6D672E6F72672F737065632F44442F32303130303532342F4443222069643D226469616772616D5F50726F636573735F3136363037393533303330343622207461726765744E616D6573706163653D22687474703A2F2F666C6F7761626C652E6F72672F62706D6E223E3C62706D6E323A70726F636573732069643D226C6561766522206E616D653D22E8AFB7E581872220697345786563757461626C653D2274727565223E3C62706D6E323A73746172744576656E742069643D224576656E745F31753261757476223E3C62706D6E323A6F7574676F696E673E466C6F775F3163786F7838343C2F62706D6E323A6F7574676F696E673E3C2F62706D6E323A73746172744576656E743E3C62706D6E323A757365725461736B2069643D2241637469766974795F3067637864777522206E616D653D22E7BB8FE79086223E3C62706D6E323A696E636F6D696E673E466C6F775F3163786F7838343C2F62706D6E323A696E636F6D696E673E3C62706D6E323A6F7574676F696E673E466C6F775F31796B3164736A3C2F62706D6E323A6F7574676F696E673E3C2F62706D6E323A757365725461736B3E3C62706D6E323A73657175656E6365466C6F772069643D22466C6F775F3163786F7838342220736F757263655265663D224576656E745F3175326175747622207461726765745265663D2241637469766974795F3067637864777522202F3E3C62706D6E323A757365725461736B2069643D2241637469766974795F3133757130356D22206E616D653D22E4BABAE4BA8B223E3C62706D6E323A696E636F6D696E673E466C6F775F31796B3164736A3C2F62706D6E323A696E636F6D696E673E3C62706D6E323A6F7574676F696E673E466C6F775F3172697230686A3C2F62706D6E323A6F7574676F696E673E3C2F62706D6E323A757365725461736B3E3C62706D6E323A73657175656E6365466C6F772069643D22466C6F775F31796B3164736A2220736F757263655265663D2241637469766974795F3067637864777522207461726765745265663D2241637469766974795F3133757130356D22202F3E3C62706D6E323A656E644576656E742069643D224576656E745F30686C646A376C223E3C62706D6E323A696E636F6D696E673E466C6F775F3172697230686A3C2F62706D6E323A696E636F6D696E673E3C2F62706D6E323A656E644576656E743E3C62706D6E323A73657175656E6365466C6F772069643D22466C6F775F3172697230686A2220736F757263655265663D2241637469766974795F3133757130356D22207461726765745265663D224576656E745F30686C646A376C22202F3E3C2F62706D6E323A70726F636573733E3C62706D6E64693A42504D4E4469616772616D2069643D2242504D4E4469616772616D5F31223E3C62706D6E64693A42504D4E506C616E652069643D226C656176655F6469222062706D6E456C656D656E743D226C65617665223E3C62706D6E64693A42504D4E456467652069643D22466C6F775F3172697230686A5F6469222062706D6E456C656D656E743D22466C6F775F3172697230686A223E3C64693A776179706F696E7420783D223538302220793D2232383022202F3E3C64693A776179706F696E7420783D223634322220793D2232383022202F3E3C2F62706D6E64693A42504D4E456467653E3C62706D6E64693A42504D4E456467652069643D22466C6F775F31796B3164736A5F6469222062706D6E456C656D656E743D22466C6F775F31796B3164736A223E3C64693A776179706F696E7420783D223432302220793D2232383022202F3E3C64693A776179706F696E7420783D223438302220793D2232383022202F3E3C2F62706D6E64693A42504D4E456467653E3C62706D6E64693A42504D4E456467652069643D22466C6F775F3163786F7838345F6469222062706D6E456C656D656E743D22466C6F775F3163786F783834223E3C64693A776179706F696E7420783D223236382220793D2232383022202F3E3C64693A776179706F696E7420783D223332302220793D2232383022202F3E3C2F62706D6E64693A42504D4E456467653E3C62706D6E64693A42504D4E53686170652069643D224576656E745F317532617574765F6469222062706D6E456C656D656E743D224576656E745F31753261757476223E3C64633A426F756E647320783D223233322220793D22323632222077696474683D22333622206865696768743D22333622202F3E3C2F62706D6E64693A42504D4E53686170653E3C62706D6E64693A42504D4E53686170652069643D2241637469766974795F306763786477755F6469222062706D6E456C656D656E743D2241637469766974795F30676378647775223E3C64633A426F756E647320783D223332302220793D22323430222077696474683D2231303022206865696768743D22383022202F3E3C2F62706D6E64693A42504D4E53686170653E3C62706D6E64693A42504D4E53686170652069643D2241637469766974795F3133757130356D5F6469222062706D6E456C656D656E743D2241637469766974795F3133757130356D223E3C64633A426F756E647320783D223438302220793D22323430222077696474683D2231303022206865696768743D22383022202F3E3C2F62706D6E64693A42504D4E53686170653E3C62706D6E64693A42504D4E53686170652069643D224576656E745F30686C646A376C5F6469222062706D6E456C656D656E743D224576656E745F30686C646A376C223E3C64633A426F756E647320783D223634322220793D22323632222077696474683D22333622206865696768743D22333622202F3E3C2F62706D6E64693A42504D4E53686170653E3C2F62706D6E64693A42504D4E506C616E653E3C2F62706D6E64693A42504D4E4469616772616D3E3C2F62706D6E323A646566696E6974696F6E733E, 0);
INSERT INTO `act_ge_bytearray` VALUES ('70a65adf-5171-11f0-9668-745d226bb74a', 1, 'leave.leave.png', '7094f5bd-5171-11f0-9668-745d226bb74a', 0x89504E470D0A1A0A0000000D49484452000002B00000014A0806000000E5A56C54000011FC49444154785EEDDDDF8FD5657E07F0FD91347BE9B6BB97DEECD5FE0BDBDEF462376D6AE2EE05303F18C89041C168A24460D24AB38C92B4DCA9B80249930AC8A69538178335B50A52122B2A0497151BD682CACF328003C3161859397D9ED939E6F8CC0087819979BEDFE7F54ADE19393FBEDFAF339FF39C375FCE9CF3AD6F0100000000000000000000000000000000000000000000000000000000000000000000000000000000000000000000000000000000000000000000000000000000000000000000000000000000000000000000000000000000000000000000000000000000000000000000000000000000000000000000000000000000000000000000000000000000000000000000000000000000000000000000000000000000000000000000000000000000000000000000000000000000000000000000000000000000000000000000000000000000000000000000000000000000000000000000000000000000000000000000000000000000000000000000000000000000000000000000000000000000000000000000000000000000000000000000000000000000000000000000000000000000000000000000000000000000000000000000000000000000000000000000000000000000000000000000000000000000000000000000000000000000000000000000000000000000000000000000000000000000000000000000000000000000000000000000000000000000000000000000000000000000000000000000000000000000000000000000000000000000000000000000000000000000000000000000000000000000000000000000000000000000000000000000000000000000000000000000000000000000000000000000000000000000000000000000000000000000000000000000000000000000000000000000000000000000000000000000000000000000000000000000000000000000000000000000000000000000000000000000000000000000000000000000000000000000000000000000000000000000000000000000000000000000508446A3F127C78E1D7BE5DD77DFFD72D7AE5D8D37DF7C536639E1FB7E63EFDEBDA777EFDEFDF3F4E75377E66FEE53F2FC015051A13CEC084F5E8DB367CF36AE5EBDDA181B1B93594EFCBEC7EFFF9E3D7B2E8542F140FA33AA33F337F72979FE00A8A878E62B3E79A54F6A32FB3973E6CCF95020DE4F7F467566FEF24989F3074045C57FB675E62B8FC49F432810D7D29F519D99BF7C52E2FC015051F13570E91399CC5DE2CF23FD19D599F9CB2BA5CD1F0015D56E81F8FDC5338D631FFC73E3F05B4F8F27FE77BC2CBD9DDC5D4A2B10E62FAF94367F0054543B05E2F2C8A9C6476FFC7DE337FFB6EA1B8997C5EBD2DBCBF4535A81307F79A5B4F903A0A2DA2910270E0F4D2A0FCD9C3CBC73D2ED65FA29AD4098BFBC52DAFC015051ED1488FF7E7BFDA4E2D04CBC2EBDBD4C3FA51508F397574A9B3F002AAA9D02F1D19B6B27158766E275E9ED65FA29AD4098BFBC52DAFC0150510A445E29AD4098BFBC52DAFC015051ED1488F85BDF697168265E97DE5EA69FD20A84F9CB2BA5CD1F0015D54E81F8E49D1726158766E275E9ED65FA29AD4098BFBC52DAFC015051ED14880BA70E353EFA8F5F4E2A0FF1B2785D7A7B997E4A2B10E62FAF94367F0054543B0522E6D3FD5B27158878597A3BB9BB945620CC5F5E296DFE00A8A8B60AC4B56B8D4FFE6BE3A402112F8BD74DBABD4C3BA51508F397574A9B3F002AEA7605227ED2D1EFDED930A93C3413AFF36948F72EA51508F397574A9B3F002AEAA605E2DAB5C6994F76377EFBEF7F37A934A489B789B77536ECEE535A81307F79A5B4F903A0A2A62A10B73BEB75B3381B76F729AD4098BFBC52DAFC01505153158876CE7ADD2CF1BEE9F6A4FD945620CC5F5E296DFE00A8A8A90A445A0AEE34E9F6A4FD945620CC5F5E296DFE00A8A8A90A84CC5D4A2B10E62FAF94367FD3D5DBDB7B5F6767E7BC8E8E8EE7C3D75D219F865C09694C7C8D7FDE3571FDBC78FB741B00DF70E9D2A53F1D1A1A7AFA85175EF8CDC0C0C0F9FEFEFEAB8F3CF2C88DB8B02C5FBEFCFACA952B479F7AEAA9E34F3FFDF4CE55AB56FD75B8CBB7D36D944481C82BA51508F397574A9BBF3BD5D5D5F5B3F05C321832365156DB4DBCFD60BC7FBA4DA070EFBDF7DEF2679F7DF6D4B265CB1AA1B43676ECD8D13870E040E3E8D1A38D0B172E34A2F835FE395E1EAF5FBD7AF58DBEBEBEB15064DFE8EEEEFE51BACD12281079A5B40261FEF24A69F3D7AE503C7F120AE8BE298AE974B22F6E2FDD07509843870EFDCD8B2FBE78FAE1871F6EBCFAEAAB8D73E7CE8D97D576C5DBC7FB8522FBE58A152B5E090BCB0FD27DD4990291574A2B10E62FAF94367FB7D3DBDBFBBD8E8E8E5F85D239FEAF78AD79E289271ADBB76FBFE58992787DBC5D7ADFB8BDB8DDB8FD749F40CD8575E2BBAFBFFEFA502CAE5BB66C695CBE7CF99BCDF40EC5FBC7ED8405E54A4F4FCF2FD2FDD5950291574A2B10E62FAF94367FB7124AE6FD5D5D5DBF692D9EDDDDDD8DCD9B37374E9E3C993E85DC52BC7DBC5FBC7F52643F8CFB49F70DD454580FEEDBB66DDBEF1E7DF4D1C6B163C7D2B5E2AEC4ED85527CB5AFAF6F20DD6F1D291079A5B40261FEF24A69F37733A1B8FE38E4546BD95CBF7E7DE3C48913E953C61D89F78FDB494AEC89B8BFF418809A096BC07DCF3FFFFCC89A356B1A232323E9FA704FC4EDF6F7F75F59BC78F1D674FF75A340E495D20A84F9CB2BA5CDDF5426CEBC7E5D5EE359D3A1A1A1F469E2AEC4ED2567634F38130B35161EF7DFDDB66DDB27B1BCC6C57626C5EDAF5CB9F2E2C2850B9F4A8FA34E1488BC525A81307F79A5B4F94BC5D7A4B6BE6C60C992258D83070FA64F0FF744DC6EDC7E4B89FDD06B62A1A6E26B5E1F7BECB1193BF39A8AFB59BA74E96858581E4C8FA52E1488BC525A81307F79A5B4F94B4DFCC2D6D7675E67AABC36C5EDB79E898DFB4F8F09A8B8F0407F20FEC2D6BD7ECDEBEDC4FDF5F4F48CCC9F3FFF87E931D5810291574A2B10E62FAF94367FAD26DE2AEBAB6699DCB97367FA743023E27E5ACEC27EE52DB6A066E25B65C57709980B1B376E3C1D1696E7D263AA030522AF945620CC5F5E296DFE5A75B6BCCF6BFC45ABD994FC62D7BEF4D8808A8A1F5210CFBE8E8E8EA68FFB5911F7BB68D1A24B75FCB0030522AF945620CC5F5E296DFE9A162C58F0D366818CFFA47FB7EF3670A7E2FE5A5F4A108F273D46A082E2276C0D0E0EA68FF959B575EBD6A36161D99C1E5BD5291079A5B40261FEF24A69F3D7D4F9C78F871D2F8FF1FD5AE742DC6FCB59D8C1F418818A191D1DFDB3E5CB9737868787D3C7FBAC0AFBFF43F81BF2D9B56BD77E273DC62A5320F24A6905C2FCE595D2E62F0AEBFAF743611C6B96C7D93EFBDA14F7DB5260C7E271A5C70A54C86BAFBD36D0DFDF9F3ED6E7C4D2A54B3F0B0BCB9FA7C798A3709C6F87FC657A794A81C82B752910E6AF9AA9CBFC35B53387E1FA79CDE2183FF6752E251F3B3B2F3D56A042366CD8F0DB1D3B76A48FF339B169D3A6F8B17FFF981E638E5A16C15B2EE00A445EA94B81307FD54C5DE6AFA99D390C976F68DEEEE5975F4E97FD5915F7DF72CC1BD263052A646060E0FC810307D2C7F99CD8BB77EFA18E8E8EA1F41873D4B208DE72015720F24A5D0A84F9AB66EA327F4DEDCC615757D7EEE6F5FBF7EF4F97FD5915F7DF3C96785CADC70954CCEAD5ABAFCEF67BBFDECC912347E24B083E488F3147532CDC532EE00A445EA94B819862EECC5F055297F96B9A62FE26CD61F87ABC79F95C3FD7C4FDB71CE3F1E47F07A892E5CB97DFF8E28B2FD2C7F99CB870E1C2E5B0A89C4A8F3147532CD869C617700522AFD4A5404C316F69CC5F86A9CBFC354D317769E21CFE5FF3CF73FD5C13F7DF3C96AEAEAED1F4FF07A890458B1635AE5FBF9E3ECEE744388EF8B1B2E90258E928107925FDF9D43DE62FAFA43F9FD232D7CF3571FF2DC7F387F4F910A89065CB965D9FEBBF15379D3B77EE7F3AAB7F06F6ED4EFF849B6DEA72066C8AB9337F15485DE6AF698AF99B3487F14C67F3F2B97EAE7106166AE4C9279F1C9DEBD725357DFCF1C7FB3BABFB1AD86F1487A6AA158870C853A6DDEB734F5D0A84F99BFAFADC5397F96B6A670E3BBD061698096BD6AC3991CBBB10BCF5D65BBB2AF82E049316EC56552C10B7BAEC76D7E79EBA1408F337F5F5B9A72EF3D7D4CE1C7A17026046AC5DBB76672EEF03BB6EDDBAF8718355791FD89B2ED8AD1488BC52970261FEA6BE3EF7D465FE9ADA99C34EEF030BCC84FEFEFEBF5ABD7AF58DF4813E07AE7777771FEAACC82771B54B81C82B752B10B763FEF24A69F3177566F4495C8F3FFEF88D9602EB93B8A0CAD6AE5DFB9DA54B978E0D0F0FA78FF55975F2E4C977C28272261E4F7A8C55A640E495D20A84F9CB2BA5CD5FD4DDDDFDFDB0B68F358BE3891327D2E57F56C4FDB694D7B1785CE9B10215B36AD5AA37060707D3C7FBAC7AE699677E1D1695CDE9B1559D0291574A2B10E62FAF94367F4D616D8F2F0F1B2F8F9B376F4E97FF5911F7DB526007D363042A28FC4DF4477D7D7D5F8E8E8EA68FF959313232F27E585086E371A4C756750A445E29AD4098BFBC52DAFC352D58B0E0A7CDF218D6F9593F0B1BF7D7D5D5F5F5CB07E2F1A4C70854D48A152B5ED9B2654BFAB89F1561DFFF1A1695E7D263AA832A1688A9D2EEF5B9A7B40261FEF24A69F3D72AACF1FB9A0572FDFAF5E9D3C08C8AFB6B39FBBA2F3D36A0C2E6CF9FFFC3DEDEDE2BB3FD3E7DFBF7EF8F2F1D188EFB4F8FA90EAA5620EA9ED20A84F9CB2BA5CD5FABAEAEAE9F84B5FEAB6691DCB97367FA743023E27E5ACAEB57F138D263032AAEA7A7E717CB962DBB3A323292AE0133627878F83FC382F279C883E9B1D4850291574A2B10E62FAF94367FA98E8E8E5F35CB647C29C1C18307D3A7857B2A6EBFF5A50371FFE9310135D1D7D737D0DFDF7F252EB633E9DAB56B1F8705EC83B0B8FC6D7A0C75A240E495D20A84F9CB2BA5CD5FAAB7B7F77BA1487ED82C944B962C99B1121BB71BF6F7F519DFB8DFB8FFF498801A59BC78F1D6952B575E9CA933B1C3C3C37B62790D0BCA3FA5FBAE1B0522AF945620CC5F5E296DFEA612D6FDFB434EB49E891D1A1A4A9F26EE4ADC5EEB99D789FDDD9F1E0B50430B172E7CAAAFAF6FF45EBF2676E235AFC7EB7EE6B54981C82BA51508F397574A9BBF9B09EBFF8F5B4B6C4CFC45ABBB7D778278FFE417B6C6CB6BDC5F7A0C408D8507FE833D3D3D231B376E3C7DF9F2E574ADB823172F5E7C6FE2DD0686E376D37DD5950291574A2B10E62FAF94367FB712CF8876B6BC9C20269E8D8DEFD77AF2E4C9F429E496E2EDE3FD92B3AEE32F1B88FB49F70D14202C083F080BC0738B162DBAF4D24B2F1D3D77EEDCF574F1B885EBA74E9D7A67606060FC9D06E276E2F6D27DD4990291574A2B10E62FAF94367FB7135F933AF18B5D69F11CFFD8D9EDDBB7370E1C38D0387AF468E3C2850BE34F2AF16BFC73BC3C5E9F7C3C6C3337E276BDE61518FFB083B0286C0E0574F8A1871EFA7CD3A64D07F7EEDD7BE8C89123C7CF9F3FFFFBB0AE5C1E1E1E3E76F8F0E1FD61917E73DDBA7583E13E87C27DFE37DEAF8E1F52D00E0522AF945620CC5F5E296DFEDA35F1165B5FBF4FEC5D669FB7CA02A6F2ED050B16FC455820FE21FC0D77282C16F153B49AAF658A5FDF8F97C7EBE3EDE2EDD30D944481C82BA51508F397574A9BBF3B159E377ED6F9C78F9D1D9BA298DE2AF1F683F1FEE9360198060522AF945620CC5F5E296DFEA6ABB7B7F7BE5048E77574743C1FBEEE0AF934E4CA44598D5FE39F774D5C3F2FDE3EDD0600774181C82BA51508F397574A9B3F002A4A81C82BA51508F397574A9B3F002A4A81C82BA51508F397574A9B3F002A4A81C82BA51508F397574A9B3F002A4A81C82BA51508F397574A9B3F002A4A81C82BA51508F397574A9B3F002A4A81C82BA51508F397574A9B3F002A4A81C82BA51508F397574A9B3F002A4A81C82BA51508F397574A9B3F002A4A81C82BA51508F397574A9B3F002A4A81C82BA51508F397574A9B3F002A4A81C82BA51508F397574A9B3F002A4A81C82BA51508F397574A9B3F002A4A81C82BA51508F397574A9B3F002A4A81C82BA51508F397574A9B3F002A4A81C82BA51508F397574A9B3F002A4A81C82BA51508F397574A9B3F002A6AD7AE5D37AE5EBD3AE9894C663FE1E7703A14886BE9CFA8CECC5F3E2971FE00A8A8BD7BF79E3E7BF6ECA4273399FD7CFEF9E7FF120AC4FBE9CFA8CECC5F3E2971FE00A8A8DDBB77FF7CCF9E3D97CE9C3973DE99B0B949F8BE9FF9ECB3CF7E1DCAC3F19007D29F519D99BFB94FC9F3074085C527AD78E625642CBE064E663DF1FB1EBFFF459687F8FF3DF1FF6FFEE62645CF1F0000000000000000000000000000000000000000000000402DFC3F26CEA745DE581F5A0000000049454E44AE426082, 1);
INSERT INTO `act_ge_bytearray` VALUES ('7c1f1aa7-1eaa-11ed-94d4-3887d5e2c283', 3, 'source', NULL, 0x3C3F786D6C2076657273696F6E3D22312E302220656E636F64696E673D225554462D38223F3E0A3C62706D6E323A646566696E6974696F6E7320786D6C6E733A7873693D22687474703A2F2F7777772E77332E6F72672F323030312F584D4C536368656D612D696E7374616E63652220786D6C6E733A62706D6E323D22687474703A2F2F7777772E6F6D672E6F72672F737065632F42504D4E2F32303130303532342F4D4F44454C2220786D6C6E733A62706D6E64693D22687474703A2F2F7777772E6F6D672E6F72672F737065632F42504D4E2F32303130303532342F44492220786D6C6E733A64693D22687474703A2F2F7777772E6F6D672E6F72672F737065632F44442F32303130303532342F44492220786D6C6E733A64633D22687474703A2F2F7777772E6F6D672E6F72672F737065632F44442F32303130303532342F4443222069643D226469616772616D5F50726F636573735F3136363037393533303330343622207461726765744E616D6573706163653D22687474703A2F2F666C6F7761626C652E6F72672F62706D6E223E3C62706D6E323A70726F636573732069643D226C6561766522206E616D653D22E8AFB7E581872220697345786563757461626C653D2274727565223E3C62706D6E323A73746172744576656E742069643D224576656E745F31753261757476223E3C62706D6E323A6F7574676F696E673E466C6F775F3163786F7838343C2F62706D6E323A6F7574676F696E673E3C2F62706D6E323A73746172744576656E743E3C62706D6E323A757365725461736B2069643D2241637469766974795F3067637864777522206E616D653D22E7BB8FE79086223E3C62706D6E323A696E636F6D696E673E466C6F775F3163786F7838343C2F62706D6E323A696E636F6D696E673E3C62706D6E323A6F7574676F696E673E466C6F775F31796B3164736A3C2F62706D6E323A6F7574676F696E673E3C2F62706D6E323A757365725461736B3E3C62706D6E323A73657175656E6365466C6F772069643D22466C6F775F3163786F7838342220736F757263655265663D224576656E745F3175326175747622207461726765745265663D2241637469766974795F3067637864777522202F3E3C62706D6E323A757365725461736B2069643D2241637469766974795F3133757130356D22206E616D653D22E4BABAE4BA8B223E3C62706D6E323A696E636F6D696E673E466C6F775F31796B3164736A3C2F62706D6E323A696E636F6D696E673E3C62706D6E323A6F7574676F696E673E466C6F775F3172697230686A3C2F62706D6E323A6F7574676F696E673E3C2F62706D6E323A757365725461736B3E3C62706D6E323A73657175656E6365466C6F772069643D22466C6F775F31796B3164736A2220736F757263655265663D2241637469766974795F3067637864777522207461726765745265663D2241637469766974795F3133757130356D22202F3E3C62706D6E323A656E644576656E742069643D224576656E745F30686C646A376C223E3C62706D6E323A696E636F6D696E673E466C6F775F3172697230686A3C2F62706D6E323A696E636F6D696E673E3C2F62706D6E323A656E644576656E743E3C62706D6E323A73657175656E6365466C6F772069643D22466C6F775F3172697230686A2220736F757263655265663D2241637469766974795F3133757130356D22207461726765745265663D224576656E745F30686C646A376C22202F3E3C2F62706D6E323A70726F636573733E3C62706D6E64693A42504D4E4469616772616D2069643D2242504D4E4469616772616D5F31223E3C62706D6E64693A42504D4E506C616E652069643D226C656176655F6469222062706D6E456C656D656E743D226C65617665223E3C62706D6E64693A42504D4E456467652069643D22466C6F775F3172697230686A5F6469222062706D6E456C656D656E743D22466C6F775F3172697230686A223E3C64693A776179706F696E7420783D223538302220793D2232383022202F3E3C64693A776179706F696E7420783D223634322220793D2232383022202F3E3C2F62706D6E64693A42504D4E456467653E3C62706D6E64693A42504D4E456467652069643D22466C6F775F31796B3164736A5F6469222062706D6E456C656D656E743D22466C6F775F31796B3164736A223E3C64693A776179706F696E7420783D223432302220793D2232383022202F3E3C64693A776179706F696E7420783D223438302220793D2232383022202F3E3C2F62706D6E64693A42504D4E456467653E3C62706D6E64693A42504D4E456467652069643D22466C6F775F3163786F7838345F6469222062706D6E456C656D656E743D22466C6F775F3163786F783834223E3C64693A776179706F696E7420783D223236382220793D2232383022202F3E3C64693A776179706F696E7420783D223332302220793D2232383022202F3E3C2F62706D6E64693A42504D4E456467653E3C62706D6E64693A42504D4E53686170652069643D224576656E745F317532617574765F6469222062706D6E456C656D656E743D224576656E745F31753261757476223E3C64633A426F756E647320783D223233322220793D22323632222077696474683D22333622206865696768743D22333622202F3E3C2F62706D6E64693A42504D4E53686170653E3C62706D6E64693A42504D4E53686170652069643D2241637469766974795F306763786477755F6469222062706D6E456C656D656E743D2241637469766974795F30676378647775223E3C64633A426F756E647320783D223332302220793D22323430222077696474683D2231303022206865696768743D22383022202F3E3C2F62706D6E64693A42504D4E53686170653E3C62706D6E64693A42504D4E53686170652069643D2241637469766974795F3133757130356D5F6469222062706D6E456C656D656E743D2241637469766974795F3133757130356D223E3C64633A426F756E647320783D223438302220793D22323430222077696474683D2231303022206865696768743D22383022202F3E3C2F62706D6E64693A42504D4E53686170653E3C62706D6E64693A42504D4E53686170652069643D224576656E745F30686C646A376C5F6469222062706D6E456C656D656E743D224576656E745F30686C646A376C223E3C64633A426F756E647320783D223634322220793D22323632222077696474683D22333622206865696768743D22333622202F3E3C2F62706D6E64693A42504D4E53686170653E3C2F62706D6E64693A42504D4E506C616E653E3C2F62706D6E64693A42504D4E4469616772616D3E3C2F62706D6E323A646566696E6974696F6E733E, NULL);
INSERT INTO `act_ge_bytearray` VALUES ('92440463-3852-11f0-a959-00e02421f631', 1, 'test111.bpmn', '92440462-3852-11f0-a959-00e02421f631', 0x3C3F786D6C2076657273696F6E3D22312E302220656E636F64696E673D225554462D38223F3E0A3C62706D6E323A646566696E6974696F6E7320786D6C6E733A7873693D22687474703A2F2F7777772E77332E6F72672F323030312F584D4C536368656D612D696E7374616E63652220786D6C6E733A62706D6E323D22687474703A2F2F7777772E6F6D672E6F72672F737065632F42504D4E2F32303130303532342F4D4F44454C2220786D6C6E733A62706D6E64693D22687474703A2F2F7777772E6F6D672E6F72672F737065632F42504D4E2F32303130303532342F44492220786D6C6E733A64633D22687474703A2F2F7777772E6F6D672E6F72672F737065632F44442F32303130303532342F44432220786D6C6E733A64693D22687474703A2F2F7777772E6F6D672E6F72672F737065632F44442F32303130303532342F44492220786D6C6E733A666C6F7761626C653D22687474703A2F2F666C6F7761626C652E6F72672F62706D6E222069643D226469616772616D5F50726F636573735F3137343830353730343934373422207461726765744E616D6573706163653D22687474703A2F2F666C6F7761626C652E6F72672F62706D6E223E3C62706D6E323A70726F636573732069643D227465737431313122206E616D653D22313131313131313131313131312220697345786563757461626C653D2274727565223E3C62706D6E323A73746172744576656E742069643D224576656E745F30306F6C78657922206E616D653D22E5BC80E5A78B223E3C62706D6E323A6F7574676F696E673E466C6F775F30396433756F343C2F62706D6E323A6F7574676F696E673E3C2F62706D6E323A73746172744576656E743E3C62706D6E323A6578636C7573697665476174657761792069643D22476174657761795F306630306B3139223E3C62706D6E323A696E636F6D696E673E466C6F775F30396433756F343C2F62706D6E323A696E636F6D696E673E3C62706D6E323A6F7574676F696E673E466C6F775F307134326B786B3C2F62706D6E323A6F7574676F696E673E3C62706D6E323A6F7574676F696E673E466C6F775F3168316C6F396A3C2F62706D6E323A6F7574676F696E673E3C2F62706D6E323A6578636C7573697665476174657761793E3C62706D6E323A73657175656E6365466C6F772069643D22466C6F775F30396433756F342220736F757263655265663D224576656E745F30306F6C78657922207461726765745265663D22476174657761795F306630306B313922202F3E3C62706D6E323A757365725461736B2069643D2241637469766974795F3063776E72743922206E616D653D22E983A8E997A8E8B49FE8B4A3E4BABA223E3C62706D6E323A696E636F6D696E673E466C6F775F307134326B786B3C2F62706D6E323A696E636F6D696E673E3C62706D6E323A6F7574676F696E673E466C6F775F316C6D783378773C2F62706D6E323A6F7574676F696E673E3C62706D6E323A6D756C7469496E7374616E63654C6F6F7043686172616374657269737469637320666C6F7761626C653A636F6C6C656374696F6E3D22247B636F6C6C5F757365724C6973747D2220666C6F7761626C653A656C656D656E745661726961626C653D22617070726F7665724C697374223E3C62706D6E323A6C6F6F7043617264696E616C697479207873693A747970653D2262706D6E323A74466F726D616C45787072657373696F6E223E247B617070726F7665724C6973742E73697A6528297D3C2F62706D6E323A6C6F6F7043617264696E616C6974793E3C62706D6E323A636F6D706C6574696F6E436F6E646974696F6E207873693A747970653D2262706D6E323A74466F726D616C45787072657373696F6E223E247B6E724F66436F6D706C65746564496E7374616E636573202667743B3D20317D3C2F62706D6E323A636F6D706C6574696F6E436F6E646974696F6E3E3C2F62706D6E323A6D756C7469496E7374616E63654C6F6F704368617261637465726973746963733E3C2F62706D6E323A757365725461736B3E3C62706D6E323A73657175656E6365466C6F772069643D22466C6F775F307134326B786B22206E616D653D22312220736F757263655265663D22476174657761795F306630306B313922207461726765745265663D2241637469766974795F3063776E727439223E3C62706D6E323A636F6E646974696F6E45787072657373696F6E207873693A747970653D2262706D6E323A74466F726D616C45787072657373696F6E223E7B74797065203D3D20317D3C2F62706D6E323A636F6E646974696F6E45787072657373696F6E3E3C2F62706D6E323A73657175656E6365466C6F773E3C62706D6E323A757365725461736B2069643D2241637469766974795F30337273746F3822206E616D653D22E680BBE8A381223E3C62706D6E323A696E636F6D696E673E466C6F775F3168316C6F396A3C2F62706D6E323A696E636F6D696E673E3C62706D6E323A6F7574676F696E673E466C6F775F31397564676E663C2F62706D6E323A6F7574676F696E673E3C2F62706D6E323A757365725461736B3E3C62706D6E323A73657175656E6365466C6F772069643D22466C6F775F3168316C6F396A22206E616D653D22322220736F757263655265663D22476174657761795F306630306B313922207461726765745265663D2241637469766974795F30337273746F38223E3C62706D6E323A636F6E646974696F6E45787072657373696F6E207873693A747970653D2262706D6E323A74466F726D616C45787072657373696F6E223E7B74797065203D3D20327D3C2F62706D6E323A636F6E646974696F6E45787072657373696F6E3E3C2F62706D6E323A73657175656E6365466C6F773E3C62706D6E323A656E644576656E742069643D224576656E745F30726B6E78327822206E616D653D2231E7BB93E69D9F223E3C62706D6E323A696E636F6D696E673E466C6F775F316C6D783378773C2F62706D6E323A696E636F6D696E673E3C2F62706D6E323A656E644576656E743E3C62706D6E323A73657175656E6365466C6F772069643D22466C6F775F316C6D783378772220736F757263655265663D2241637469766974795F3063776E72743922207461726765745265663D224576656E745F30726B6E78327822202F3E3C62706D6E323A656E644576656E742069643D224576656E745F3069667268696B22206E616D653D2232E7BB93E69D9F223E3C62706D6E323A696E636F6D696E673E466C6F775F31397564676E663C2F62706D6E323A696E636F6D696E673E3C2F62706D6E323A656E644576656E743E3C62706D6E323A73657175656E6365466C6F772069643D22466C6F775F31397564676E662220736F757263655265663D2241637469766974795F30337273746F3822207461726765745265663D224576656E745F3069667268696B22202F3E3C2F62706D6E323A70726F636573733E3C62706D6E64693A42504D4E4469616772616D2069643D2242504D4E4469616772616D5F31223E3C62706D6E64693A42504D4E506C616E652069643D22746573743131315F6469222062706D6E456C656D656E743D2274657374313131223E3C62706D6E64693A42504D4E456467652069643D22466C6F775F31397564676E665F6469222062706D6E456C656D656E743D22466C6F775F31397564676E66223E3C64693A776179706F696E7420783D223439302220793D2234313022202F3E3C64693A776179706F696E7420783D223632322220793D2234313022202F3E3C2F62706D6E64693A42504D4E456467653E3C62706D6E64693A42504D4E456467652069643D22466C6F775F316C6D783378775F6469222062706D6E456C656D656E743D22466C6F775F316C6D78337877223E3C64693A776179706F696E7420783D223530302220793D2231393022202F3E3C64693A776179706F696E7420783D223632322220793D2231393022202F3E3C2F62706D6E64693A42504D4E456467653E3C62706D6E64693A42504D4E456467652069643D22466C6F775F3168316C6F396A5F6469222062706D6E456C656D656E743D22466C6F775F3168316C6F396A223E3C64693A776179706F696E7420783D223236302220793D2233313522202F3E3C64693A776179706F696E7420783D223236302220793D2234313022202F3E3C64693A776179706F696E7420783D223339302220793D2234313022202F3E3C62706D6E64693A42504D4E4C6162656C3E3C64633A426F756E647320783D223237322220793D22333630222077696474683D223722206865696768743D22313422202F3E3C2F62706D6E64693A42504D4E4C6162656C3E3C2F62706D6E64693A42504D4E456467653E3C62706D6E64693A42504D4E456467652069643D22466C6F775F307134326B786B5F6469222062706D6E456C656D656E743D22466C6F775F307134326B786B223E3C64693A776179706F696E7420783D223236302220793D2232363522202F3E3C64693A776179706F696E7420783D223236302220793D2231393022202F3E3C64693A776179706F696E7420783D223430302220793D2231393022202F3E3C62706D6E64693A42504D4E4C6162656C3E3C64633A426F756E647320783D223237322220793D22323235222077696474683D223722206865696768743D22313422202F3E3C2F62706D6E64693A42504D4E4C6162656C3E3C2F62706D6E64693A42504D4E456467653E3C62706D6E64693A42504D4E456467652069643D22466C6F775F30396433756F345F6469222062706D6E456C656D656E743D22466C6F775F30396433756F34223E3C64693A776179706F696E7420783D223137382220793D2232393022202F3E3C64693A776179706F696E7420783D223233352220793D2232393022202F3E3C2F62706D6E64693A42504D4E456467653E3C62706D6E64693A42504D4E53686170652069643D224576656E745F30306F6C7865795F6469222062706D6E456C656D656E743D224576656E745F30306F6C786579223E3C64633A426F756E647320783D223134322220793D22323732222077696474683D22333622206865696768743D22333622202F3E3C62706D6E64693A42504D4E4C6162656C3E3C64633A426F756E647320783D223134392220793D22333135222077696474683D22323222206865696768743D22313422202F3E3C2F62706D6E64693A42504D4E4C6162656C3E3C2F62706D6E64693A42504D4E53686170653E3C62706D6E64693A42504D4E53686170652069643D22476174657761795F306630306B31395F6469222062706D6E456C656D656E743D22476174657761795F306630306B3139222069734D61726B657256697369626C653D2274727565223E3C64633A426F756E647320783D223233352220793D22323635222077696474683D22353022206865696768743D22353022202F3E3C2F62706D6E64693A42504D4E53686170653E3C62706D6E64693A42504D4E53686170652069643D2241637469766974795F3063776E7274395F6469222062706D6E456C656D656E743D2241637469766974795F3063776E727439223E3C64633A426F756E647320783D223430302220793D22313530222077696474683D2231303022206865696768743D22383022202F3E3C2F62706D6E64693A42504D4E53686170653E3C62706D6E64693A42504D4E53686170652069643D2241637469766974795F30337273746F385F6469222062706D6E456C656D656E743D2241637469766974795F30337273746F38223E3C64633A426F756E647320783D223339302220793D22333730222077696474683D2231303022206865696768743D22383022202F3E3C2F62706D6E64693A42504D4E53686170653E3C62706D6E64693A42504D4E53686170652069643D224576656E745F30726B6E7832785F6469222062706D6E456C656D656E743D224576656E745F30726B6E783278223E3C64633A426F756E647320783D223632322220793D22313732222077696474683D22333622206865696768743D22333622202F3E3C62706D6E64693A42504D4E4C6162656C3E3C64633A426F756E647320783D223632352220793D22323135222077696474683D22333022206865696768743D22313422202F3E3C2F62706D6E64693A42504D4E4C6162656C3E3C2F62706D6E64693A42504D4E53686170653E3C62706D6E64693A42504D4E53686170652069643D224576656E745F3069667268696B5F6469222062706D6E456C656D656E743D224576656E745F3069667268696B223E3C64633A426F756E647320783D223632322220793D22333932222077696474683D22333622206865696768743D22333622202F3E3C62706D6E64693A42504D4E4C6162656C3E3C64633A426F756E647320783D223632352220793D22343335222077696474683D22333022206865696768743D22313422202F3E3C2F62706D6E64693A42504D4E4C6162656C3E3C2F62706D6E64693A42504D4E53686170653E3C2F62706D6E64693A42504D4E506C616E653E3C2F62706D6E64693A42504D4E4469616772616D3E3C2F62706D6E323A646566696E6974696F6E733E, 0);
INSERT INTO `act_ge_bytearray` VALUES ('9259af44-3852-11f0-a959-00e02421f631', 1, 'test111.test111.png', '92440462-3852-11f0-a959-00e02421f631', 0x89504E470D0A1A0A0000000D494844520000029C000001CC0806000000782D78CF00001AA44944415478DAEDDD5F6C5CF5A1E0F1ECBD51D5873E206D1FFAB00F3CF08074575A1E90B6576225EFF2B67D400259938C13ECA88D367F68E2A05616B158E7DEC84240549A042945F85E2F4D7BBB2551D8B4B96C20647CBD402F213729EEC43789839BD4C66B6A9A35E0C01827E5ECEF67CD4883633BB667C6331E7F3ED24F0E337662FDCEFCF9F23B73CE59B3060000000000000000000000000000000000000000000000000000000000000000000000000000000000000000000000000000000000000000000000000000000000000000000000000000000000000000000000000000000000000000000000000000000000000000000000000000000000000000000000000000000000000000000000000000000000000000000000000000000000000000000000000000000000000000000000000000000000000000000000000000000000000000000000000000000000000000000000000000000000000000000000000000000000000000000000000000000000000000000000000000000000000000000000000000000000000000000000000000000000000000000000000000000000000000000000000000000000000000000000000000000000000000000000000000000000000000000000000000000000000000000000000000000000000000000000000000000000000000000000000000000000000000000000000000000000000000000000000000000000A02C9224593B3838F8F33367CE4CF4F4F424A74E9D329679643299A9DEDEDE33E1CFDFF6880400EACEA54B975E0CB19384E84C6EDCB8917CF1C517C6328F38EF030303C9E9D3A7274427005077DE7AEBADDCD0D090F0AB8171F1E2C5D1109CBFF6A80400EA4ADCA59BCBE5045F8DAC7486ED31EE510900D45D708ABDDA19717B78540200AB32386F7C3C9AFCFE6C77D2FFC6DF4E8FF8E7789B48149C00002507E7C4F84872E1B52793BE7FFCE15746BC2DDE27140527004049C139DCFFABDB62B3303EE8FFB550149C0000A505E7C59EA7E70CCE789F50149C00002505E785537BE60CCE789F50149C00008253700200D46E70C6A3D2E70ACE789F50149C00002505E795B79F9F3338E37D425170020094149CD7477E975C78BDE3F6DDE9E1B6789F50149C00002505671C57FFE5A7B70567BC4D240A4E0080D283737232B9F29B43B7EF4E0FB7C5FB84A2E00400587270C62B090DBC7D70CECF70C6FB5C6D487002002C3E38272793D12B99247B72F79CB15918F17BE2F75AED149C00000B0ACE3BAD6A5AED149C00002505E7425635E75BED148E82130060DEE05C6A6C168670149C0000F306A72138A93DEBD7AF7F60DDBA757BC3E80EA3278C8B615C0D231BEE3B156F4FA552EDE974FA3EB30580E03404270B1222F2FE10912F86A0FC53F873B288311C7EEEB9F073F79A450004A72138B94D6363E33D211A8F2C3232671B3763B086BFEF5B661500C169084ED6343434ACCDAF4CDE9A198FDBB66D4BBABABA92DEDEDEA4BFBF3F19191949C6C6C692A1A1A1249BCD26994C263974E850B279F3E6D9C23317469B190640701A8273156B6969B92B9D4EBF31331663440E0C0C240B75EBD6ADE9207DE69967660BCFC3E1DFF9BAD90640700A4E5699F859CB109B83C571D8D9D9995CBB762D29450CCFDDBB77CF8CCEB376B10320380527AB2B36BF1962F30F85206C6A6A4A8E1D3B96944B5CF1ECEEEEBE2D3AAD740220380527AB40FCCC6608CE7F2A846088C0E4FCF9F34925C4CF78C6982DDEBD6E0B0020380527752E44DFA1E295CDBEBEBEA4926274CE58E97420110082537052AFE209DA8BE3EFC48913C97298B17B3DE7F39C00084EC1499DCA5F1D683AFCF6EDDB972C97F899CEE20389E2793A6D0D0004A7E0A4CE84D07BB07857FAE8E868B29CE2D1EBC527877745220004A7E0A4CEA452A9570AC11777715743F1793AE3C9E66D150004A7E0A44E3436367E2344DE6421F6E2D582AA61C62AE7B02D03C0925650E24109825370525BCFBBF03D0F1542AFADAD2DA996F859CEE2CB602EE4F50200BEA26857D9BC6F80825370B2BCCFBB78904EE1FB8E1E3D9A5453BC6C66D1EFDC6E0B02B0A437BE3BBD010A4EC1C9F23EEFC2ED3D85FBB3D96C558373C67939BB6D41004A7AE39BEB0D50700A4E96F77917FEFB4AE1F6E53E3A7DA618BC85DF259EA6C91604A02C6F7C33DF0005A7E064799F77E1EB6785FFCEE572550DCEA1A1A1E2DF2F6B0B02657BC1338CE221386B6B784CAEAE516DD7AF5F77A43AB0F4E0340BCCB3C2F2DB78946CE1FB04A7154E96F779172F2759B87D6A6AAAAAC139323252FC7B5EB40501C149496F7C3343B3568233FC0AB38E5AB95F7052EEE75DB8FD6AB5CFC139C7B9387B6C414070B2A437BEB942B3968273BEDBAA7DBFE0A4DCCFBBE2A3D463F055536F6FAFA3D401C1C9D2DD293405A7E0A43ACFBBF01A7DB81079C78F1FAF6A707675751507E75E5B10109C5484E0149C2C7B94361522AFA3A3A3AAC1B975EBD62F8B4E8BF480AD03084E04A7E0A40EE4AFA57EB3107AE3E3E35589CD818181E2D5CD515B06109C084EC1491D892759AFF6E52D675CD6F2455B05109C084EC1497D05E72385D8DBB871E3B2AF725EBB766DE6A99BEEB75500C1495D07E71AA745129CABF3B5FA6C21F85E78E185650DCECECECEE2D83C626B008293BA0E4E4370AEE2D7EA86E255C637DF7C735962F3D8B163C5B179B3B1B1F11E5B03109C084EC1499DCA5F5B7D3AFE5A5A5A92C1C1C18AC6E6F9F3E793743AFD65D167379FB31500C189E0149CD4B1FC11EBD942006ED9B2A562D1D9D7D797343737FFB9E83448A71A1A1AD6DA0A80E044700A4EEAFF35FBEE303E2A5EE92CF7EEF513274E7C6565338C2BE1DFB9CBEC038213C129385925E249D78BA3B3702051A947AF8F8E8E26FBF6ED9B7944FAD5F0EFDD6BD601C189E0149CACBED7EEBB8B77AF174E9914CFD3B9D8F01C1B1B4BBABBBB67AE6AC6D11362F39B661B109C084EC1C92A153FD3597C2051F18897C18CD75EEFEFEF9F0ECAA9A9A9E9B8CCE572D32B99D96C763A4EDBDADA92D97E3E8C433EB309084E04A7213829BC8E37149FA7B394110F0E4AA7D3F79955407022380DC1C96DE21589F297C1BCB9C8D0CCE5574A1F348B80E044701A82933BCAEF6A6F0AAFEF87E3E730E3813F312AF37139118F3A8FB7C76BA287F150FC7EB306084E04A7213801109C084E43700280E044700A4E00109C084E4370022038119C2B62DCB87123B970E1C2F4D7526E179C002038119CB38E188FE1579EFE5ACAED82130004278253700280E044700A4EC10980E004C12938014070223805A7E0044070223805A7E00400C189E0149C002038119C825370022038119C8253700280E044700A4E00109C084EC1293801109C20380527002C7F70EED9D3B3B6F540E67F3E7E20F31FCCE4EA09CEC9C949C15903636262E29FC3F698F0A804A06E83B3F5F937FE3AC4E69930A6F6EC79F96B667275E8EDEDFD646464644504D98D1B37A6E3317E2DE5F65A1DE7CE9D3B1C82F39447250075199C8D2FBFFC97AD0733EFEC3C90F96108CE3EB3B87A643299C743747E383C3CFCC795B2D2596F23CCFBC7972F5F7EF5F5D75F1F0EBDF91D8F4A00EA32380B1EDF9FF9AF21385F328BAB4B089DED2174AEC4DDEB46D546368C473C1A01A8FBE0DC7920F3DF5BF7671E378B00005424385B0FF4FCAAF5E0E9FF62160100A850706646B63FFFC6BF358B000054243801004070020020380100109C000020380100109C0000084E0000109C0000084E0000109C0000084E000004270000084E000004270000821300000427000082130000C109000082130000C1090080E0040000C1090080E0040000C1090080E004004070020080E0040040700200203801004070020020380100587D1EC807E7BDA6020080B2C76618A3617484312C3A0100A8446C3E90FFEF4744270000958ACD35A21300804AC7A6E80400A0E2B1293A0100A8786C8A4E0060E54892E41B274F9E6C3D74E8D0D9A79F7EFA0FEDEDED9FECDCB9736AFBF6ED37C3D7CF9E78E2893FEEDDBBF75F3B3A3A5EDCB56BD75F99B19A894DD10900D4B673E7CE351D3C78F0F78F3DF6D897ADADADC9CF7EF6B3A4B7B737E9EFEF4F46464692B1B1B164686828C966B3D3B7777575255BB76EFD72DBB66D9FFCE0073FF8FB969696BBCC62D56353740200B5E7D2A54BFFF9273FF9C9D0E6CD9B935FFEF297D371B918838383C94B2FBD946CDAB4E98B1D3B76FC2884E7D7CD6A556353740200B521B4E2DA93274FFEAF189A71B5727C7C3C29C5E8E86872E0C0812F43787E9C4AA5BE6D86AB1A9BA21300A87A6C7EE3F0E1C397B76DDB36BD42594E7D7D7D494B4B4B6EC3860D8F9AE9AAC6A6E80400AA169B77EDDFBFFFE3DDBB7797BCAA3997B85B7EFBF6EDB9A6A6A6BF31E3558D4DD109002C7B6CAE7DE9A597DE7FF2C927935C2E9754528CD92D5BB67C924AA59ACCFC8263F3DF84D19CFF5A8AD9FE1ED1090054DEFF0EE26EF44AAD6CCEB6D2F9E8A38FDEF099CE05C7E6DFC5FF2FC87F5D6A74CEF7F7884E00A072CE9D3BF7703C40E8DAB56BC9727AEFBDF76E3535358D3A7A7DDED88C9AF3919894109DC5B15918333F4B2B3A0180CAD8BF7FFF9F7EF18B5F24D5D0D9D9399C4AA5DA6D85396373AE585C4C74CEF6F35D73FCBCE80400CAEB9D77DED91957373FFBECB3AA04673C65525353D3B893C3CF199BA546E7626253740200E5F7ECB3CF7EF4EAABAF26D5F4E31FFFF8D2BA75EBF68ACD3B1E8DBED8E85C4A6C8A4E00A07C464747EF6E6969493EFDF4D3AA06E7FBEFBFFFD9FAF5EB2F89CD059DFA68A1D1594A6C8A4E00A03C5E79E5957D1D1D1D492DD8B871E3586363E33D2B752E53A9D42BE974FABE0AC7E642A3B31CB1293A0180D2FDE8473FBA76FCF8F19A08CEA79E7A2ABB6EDDBAB6953A97E1774FE2586478967252F7B9A2F32FCA189BA21300284D7B7BFBA7FDFDFD35119C217CDF0DC1D6BDD2837311E1598E2B08CD169D97CB1C9BA2130058BA1D3B76DC8C4789D78277DF7D37BB7EFDFA53F5129C7708CF725EAE72B6E82C776C8A4E006069E2014395BE8CE5425DBD7A7524045AB6DE827396F0ACC4B5D1E36EF4992B9B97F3B7979BE80400161749B5E2A38F3EFABF778AB6953E1E7EF8E1E46B5FFB5A8CC1E6326EC6F956384BB90CE67C3AC2B812C65ACF2200605E1B366CF8726A6AAA565638DF0B51767125C7FB1C2B9BBF0DE3A1A26F2DE70AE1423EC359EEE8ACC40A2D0050AFB66EDDFAC5D8D8584D04E73BEFBCF36608B49E7A09CE5942734D99A373AE531FCD76947AB9A2536C02008BF3C4134F5CAF95A3D48F1E3D9AA987A3D4EF109AE58ACE3B9D67B3D46BAF8B4D00A03CDADBDBCFBCF6DA6B35119CBB77EF7E25045BC74A9DCB458466A9D1B9D093BA97333AC52600B0341D1D1D5B3A3B3B6BA13773E9747A708957EA59E916139D8BBD825039A2536C02004BD7D2D2F2F5E6E6E63F57FBD448EFBFFF7ECFBA75EBAEAEE24DB190E85CEAE52A4B894EB10900946ED7AE5DBFCD6432550DCEF6F6F67F48A552CFADF24D315F74967A6DF4A544A7D80400CA63D3A64DFF71CB962D37AB757AA4B1B1B1B7D7AD5BF7515353D3BFB335E68CCEE635A55F4168B6E87C546C0200CB62E7CE9DBF397EFC785582F3B1C71E3B1A82F3595B61DEE82C8EC5522E57B990BF476C0200E5D7D8D878CFA64D9B96FD9C9C67CF9EFD87B8BAD9D2D27297ADB0A0E87C744DE9E7D39CEFEF119B0040E57CEF7BDFDBB16BD7AEDC721D4014E2369E7773388CEF98FD05476725894D00A0F2BEFBDDEFFEF4A9A79E9ABC75EB564563F3F3CF3FBF9C4EA7CF85D86C33EB35119D621300581E0D0D0D6B9B9B9BFFCFDEBD7B3FA9D44AE7D8D858EF860D1BCEAEE4AB0AD559748A4D0060F9A373E3C68D5DDFFFFEF73F29F7673AFBFAFA8EC4DDE8A954AADD4CD744748A4D00A07AD6AF5FFFDF42787E7AE4C8913F957ACAA4898989DFB5B5B5FD3C1E20B484CB3F5299E8149B0040F5C5A3D743781E6D6E6EFE7FAFBEFAEA078BDDCD3E3E3E7EF6D9679FFD1FF9D07C31FC7DDF32AB35119D621300A82D2118EF0FC1F84A3A9DFEACB5B5F5F2912347FACF9F3F7FE5C30F3F1C2BAC7E7EFEF9E71F0C0D0DFDEECC9933BF09917974E3C68DEF869F9B08E3700C57B35833D129360180DA15AFBD1E7789C7037EC298BEFE7918B930927C5C5EC9DF7E288C07E3E741CD5A4D45A7D80400A062D129360100A858748A4D00002A169D621300808A45A7D80400A062D129360100A85874368B4D00002A169DF13455621300808AC907270000084E000004270000084E000004270000821300000427000082130000C109000082130000C1090080E0040000C1090080E0040000C1090080E004004070020080E0040040700200203801004070020020380100109C000020380100109C0000084EB3000080E004004070020080E0040040700200203801004070020020380100109C000020380100109C0000084E0000109C0000084E0000109C0000084E000004270000084E000004270000821300000427000075129CADCFBFF1D7AD073383617CB0F3E0E946330900407983F340E6BDD603A7D7E7C3F30333090040598373D78137FE53E3CB2FFFE58EFD3DFF3EC4E7FB66120080B206E774743E9FF9AB109BE776ECCF3C68260100286B704EEF4E3F9039D9FA5CCFDD66110080B2066708CD87771DE839B867CF9EBF30830000943D38771DC8F487E84CF2E323B3080040598313000004278B9224C9DAC1C1C19F9F397366A2A7A7273975EA94B1CC2393C94CF5F6F69E097FFEB64724008293BA73E9D2A51743EC24213A931B376E245F7CF185B1CC23CEFBC0C04072FAF4E909D10980E0A4EEBCF5D65BB9A1A121E15703E3E2C58BA321387FED510980E0A4AEC45DBAB95C4EF0D5C84A67D81EE31E9500084EEA2E38C55EED8CB83D3C2A01109CACCAE0BCF1F168F2FBB3DD49FF1B7F3B3DE29FE36D2251700280E0A4E4E09C181F492EBCF664D2F78F3FFCCA88B7C5FB84A2E00400C14949C139DCFFABDB62B3303EE8FFB550149C002038292D382FF63C3D6770C6FB84A2E00400C14949C179E1D49E398333DE2714052700084E04A7E00400C149ED06673C2A7DAEE08CF70945C1090082939282F3CADBCFCF199CF13EA128380140705252705E1FF95D72E1F58EDB77A787DBE27D4251700280E0A4A4E08CE3EABFFCF4B6E08CB78944C109008293D283737232B9F29B43B7EF4E0FB7C5FB84A2E00400C1C99283335E4968E0ED83737E8633DEE76A4382130004278B0FCEC9C964F44A26C99EDC3D676C1646FC9EF8BD563B052700084E16149C775AD5B4DA29380140705252702E645573BED54EE12838014070326F702E35360B43380A4E00109CCC1B9C86E064E55ABF7EFD03E1F57D6F18DD61F48471318CAB6164C37DA7E2EDA954AA3D9D4EDF67B600C189E0149CB0D0D7F3FB4344BE1882F24FF1B57D116338FCDC73E1E7EE358B80E044700A4EB84D6363E33DE1B5FCC8222373B67133066BF8FBBE655601C189E0149CB0A6A1A1616D7E65F2D6CC78DCB66D5BD2D5D595F4F6F626FDFDFDC9C8C848323636960C0D0D25D96C36C96432C9A1438792CD9B37CF169EB930DACC302038119C829355ACA5A5E5AE743AFDC6CC588C11393030902CD4AD5BB7A683F499679E992D3C0F877FE7EB661B109C084EC1C92A133F6B196273B0380E3B3B3B936BD7AE25A588E1B97BF7EE99D179D62E76407022380527AB2B36BF1962F30F85206C6A6A4A8E1D3B96944B5CF1ECEEEEBE2D3AAD74028213C129385905E267364370FE532104430426E7CF9F4F2A217EC633C66CF1EE755B00109C084EC149FDBF5E1F2A5ED9ECEBEB4B2A2946E78C954E0712018213C12938A957F104EDC5F177E2C4896439CCD8BD9EF3794E407022380527752A7F75A0E9F0DBB76F5FB25CE2673A8B0F248AE7E9B43500C189E0149CD4DFEBF483C5BBD247474793E5148F5E2F3E39BC2B12018213C12938A933A954EA9542F0C55DDCD5507C9ECE78B2795B05109C084EC1499D686C6CFC46789D9E2CC45EBC5A5035CC58E51CB66500C1C9575646E2C106825370B2329F9FE17B1E2A845E5B5B5B522DF1B39CC597C15CC8EB0A80E05C45DB37BF0B6CDE3736C12938A9CDE7673C48A7F07D478F1E4DAA295E36B3E8776EB70501C1C957DED0EEF4C626380527B5F9FC0CB7F714EECF66B3550DCE19E7E5ECB60501C1C9AC6F6873BDB1094EC1496D3E3FC37F5F29DCBEDC47A7CF1483B7F0BBC4D334D98280E064DE37B4996F6C825370529BCFCFF0F5B3C27FE772B9AA06E7D0D050F1EF97B50581B2BDE019AB6308CEDA1A1E93C66CA3DAAE5FBFEE48750016FE3F14A954EAB7F1E8D7C2F7094E2B9CD4E6F3335E4EB270FBD4D4545583736464A4F8F7BC680B0230EB1BDACCD05CA9C1197EE559C742EF179CAC94E767B8FD6AB5CFC139C7B9387B6C4100BEF286365768AEE4E09CEFB63BDD2F385929CFCFE2A3D463F055536F6FAFA3D401B8DD9D4253700A4E6AFBF919C2EE7021F28E1F3F5ED5E0ECEAEA2A0ECEBDB620008B22380527351BA54D85C8EBE8E8A86A706EDDBAF5CBA2D3223D60EB002038052775207F2DF59B85D01B1F1FAF4A6C0E0C0C14AF6E8EDA3200084EC1491D892759AFF6E52D675CD6F2455B0500C12938A9AFE07CA4107B1B376E5CF655CE6BD7AECD3C75D3FDB60A00AB2238D7382D12AB4888BCB385E07BE185179635383B3B3B8B63F388AD01C0AA084E277E6715066743F12AE39B6FBEB92CB179ECD8B1E2D8BCD9D8D8788FAD0180E0149CD4A9FCB5D5A7E3AFA5A525191C1CAC686C9E3F7F3E49A7D35F167D76F3395B0100C12938A963F923D6B38500DCB2654BC5A2B3AFAF2F696E6EFE73D169904E353434ACB51500109C82933A17E2EFEE303E2A5EE92CF7EEF513274E7C6565338C2BE1DFB9CBEC0320380527AB443CE97A7174160E242AF5E8F5D1D1D164DFBE7D338F48BF1AFEBD7BCD3A00825370B2CAE4573AB3C571184F9914CFD3B9D8F01C1B1B4BBABBBB67AE6AC6D11362F39B661B00C1293859A5E2673A8B0F242A1EF13298F1DAEBFDFDFDD341393535351D97B95C6E7A25339BCD4EC7695B5B5B32DBCF8771C8673601109C8213A6E54F9974768E705CD4880707A5D3E9FBCC2A00825370C26DE21589F297C1BCB9C8D0CCE5574A1F348B00084EC1097794DFD5DE1402F270FC1C663CF02746653E2E27E251E7F1F6784DF4301E8ADF6FD600109C82130040701A82130040700A4E0000C169084E0040701A82130040700A4E0000C169084E0040701A82130040700A4E0000C169084E0040700A3DC10900203805270080E03404270080E0149C00008253700200084E43700200084EC10900501BC139393929F66A604C4C4CFC73D81E131E9500405DE9EDEDFD64646444F0D5C03877EEDCE1109CA73C2A0180BA92C9641E0FD1F9E1F0F0F01FAD7456678479FFF8F2E5CBAFBEFEFAEBC3A137BFE3510900D49D103ADB43E85C89BBD78DAA8D6C188F78340200000000000000000000000000000000000000000000006BFE3FEFF920656FC1A3F40000000049454E44AE426082, 1);
INSERT INTO `act_ge_bytearray` VALUES ('dc1417b0-2139-11ed-89a5-3887d5e2c283', 1, 'source', NULL, 0x3C3F786D6C2076657273696F6E3D22312E302220656E636F64696E673D225554462D38223F3E0A3C62706D6E323A646566696E6974696F6E7320786D6C6E733A7873693D22687474703A2F2F7777772E77332E6F72672F323030312F584D4C536368656D612D696E7374616E63652220786D6C6E733A62706D6E323D22687474703A2F2F7777772E6F6D672E6F72672F737065632F42504D4E2F32303130303532342F4D4F44454C2220786D6C6E733A62706D6E64693D22687474703A2F2F7777772E6F6D672E6F72672F737065632F42504D4E2F32303130303532342F44492220786D6C6E733A64633D22687474703A2F2F7777772E6F6D672E6F72672F737065632F44442F32303130303532342F44432220786D6C6E733A64693D22687474703A2F2F7777772E6F6D672E6F72672F737065632F44442F32303130303532342F44492220786D6C6E733A666C6F7761626C653D22687474703A2F2F666C6F7761626C652E6F72672F62706D6E222069643D226469616772616D5F50726F636573735F3136363130373633323335343322207461726765744E616D6573706163653D22687474703A2F2F666C6F7761626C652E6F72672F62706D6E223E3C62706D6E323A70726F636573732069643D227369676E22206E616D653D22E4BC9AE7ADBE2220697345786563757461626C653D2274727565223E3C62706D6E323A73746172744576656E742069643D224576656E745F306B696E73396122206E616D653D22E5BC80E5A78B223E3C62706D6E323A6F7574676F696E673E466C6F775F3076676B7030393C2F62706D6E323A6F7574676F696E673E3C2F62706D6E323A73746172744576656E743E3C62706D6E323A757365725461736B2069643D2241637469766974795F30387432626B6522206E616D653D22E5AEA1E689B9E4B880223E3C62706D6E323A696E636F6D696E673E466C6F775F3076676B7030393C2F62706D6E323A696E636F6D696E673E3C62706D6E323A6F7574676F696E673E466C6F775F306F6E727864633C2F62706D6E323A6F7574676F696E673E3C2F62706D6E323A757365725461736B3E3C62706D6E323A73657175656E6365466C6F772069643D22466C6F775F3076676B7030392220736F757263655265663D224576656E745F306B696E73396122207461726765745265663D2241637469766974795F30387432626B6522202F3E3C62706D6E323A757365725461736B2069643D2241637469766974795F30696E3274336322206E616D653D22E5AEA1E689B9E4BA8C223E3C62706D6E323A696E636F6D696E673E466C6F775F306F6E727864633C2F62706D6E323A696E636F6D696E673E3C62706D6E323A6F7574676F696E673E466C6F775F307A6E327665313C2F62706D6E323A6F7574676F696E673E3C62706D6E323A6D756C7469496E7374616E63654C6F6F7043686172616374657269737469637320666C6F7761626C653A6578636C75736976653D2266616C73652220666C6F7761626C653A636F6C6C656374696F6E3D22247B636F6C6C5F757365724C6973747D22202F3E3C2F62706D6E323A757365725461736B3E3C62706D6E323A73657175656E6365466C6F772069643D22466C6F775F306F6E727864632220736F757263655265663D2241637469766974795F30387432626B6522207461726765745265663D2241637469766974795F30696E3274336322202F3E3C62706D6E323A656E644576656E742069643D224576656E745F316A686B37313722206E616D653D22E7BB93E69D9F223E3C62706D6E323A696E636F6D696E673E466C6F775F307A6E327665313C2F62706D6E323A696E636F6D696E673E3C2F62706D6E323A656E644576656E743E3C62706D6E323A73657175656E6365466C6F772069643D22466C6F775F307A6E327665312220736F757263655265663D2241637469766974795F30696E3274336322207461726765745265663D224576656E745F316A686B37313722202F3E3C2F62706D6E323A70726F636573733E3C62706D6E64693A42504D4E4469616772616D2069643D2242504D4E4469616772616D5F31223E3C62706D6E64693A42504D4E506C616E652069643D227369676E5F6469222062706D6E456C656D656E743D227369676E223E3C62706D6E64693A42504D4E456467652069643D22466C6F775F3076676B7030395F6469222062706D6E456C656D656E743D22466C6F775F3076676B703039223E3C64693A776179706F696E7420783D223435382220793D2233303022202F3E3C64693A776179706F696E7420783D223531302220793D2233303022202F3E3C2F62706D6E64693A42504D4E456467653E3C62706D6E64693A42504D4E456467652069643D22466C6F775F306F6E727864635F6469222062706D6E456C656D656E743D22466C6F775F306F6E72786463223E3C64693A776179706F696E7420783D223631302220793D2233303022202F3E3C64693A776179706F696E7420783D223637302220793D2233303022202F3E3C2F62706D6E64693A42504D4E456467653E3C62706D6E64693A42504D4E456467652069643D22466C6F775F307A6E327665315F6469222062706D6E456C656D656E743D22466C6F775F307A6E32766531223E3C64693A776179706F696E7420783D223737302220793D2233303022202F3E3C64693A776179706F696E7420783D223833322220793D2233303022202F3E3C2F62706D6E64693A42504D4E456467653E3C62706D6E64693A42504D4E53686170652069643D224576656E745F306B696E7339615F6469222062706D6E456C656D656E743D224576656E745F306B696E733961223E3C64633A426F756E647320783D223432322220793D22323832222077696474683D22333622206865696768743D22333622202F3E3C62706D6E64693A42504D4E4C6162656C3E3C64633A426F756E647320783D223432392220793D22333235222077696474683D22323222206865696768743D22313422202F3E3C2F62706D6E64693A42504D4E4C6162656C3E3C2F62706D6E64693A42504D4E53686170653E3C62706D6E64693A42504D4E53686170652069643D2241637469766974795F30387432626B655F6469222062706D6E456C656D656E743D2241637469766974795F30387432626B65223E3C64633A426F756E647320783D223531302220793D22323630222077696474683D2231303022206865696768743D22383022202F3E3C2F62706D6E64693A42504D4E53686170653E3C62706D6E64693A42504D4E53686170652069643D2241637469766974795F30696E327433635F6469222062706D6E456C656D656E743D2241637469766974795F30696E32743363223E3C64633A426F756E647320783D223637302220793D22323630222077696474683D2231303022206865696768743D22383022202F3E3C2F62706D6E64693A42504D4E53686170653E3C62706D6E64693A42504D4E53686170652069643D224576656E745F316A686B3731375F6469222062706D6E456C656D656E743D224576656E745F316A686B373137223E3C64633A426F756E647320783D223833322220793D22323832222077696474683D22333622206865696768743D22333622202F3E3C62706D6E64693A42504D4E4C6162656C3E3C64633A426F756E647320783D223833392220793D22333235222077696474683D22323222206865696768743D22313422202F3E3C2F62706D6E64693A42504D4E4C6162656C3E3C2F62706D6E64693A42504D4E53686170653E3C2F62706D6E64693A42504D4E506C616E653E3C2F62706D6E64693A42504D4E4469616772616D3E3C2F62706D6E323A646566696E6974696F6E733E, NULL);
INSERT INTO `act_ge_bytearray` VALUES ('f505144e-1ec3-11ed-af71-3887d5e2c283', 1, 'leave.bpmn', 'f505144d-1ec3-11ed-af71-3887d5e2c283', 0x3C3F786D6C2076657273696F6E3D22312E302220656E636F64696E673D225554462D38223F3E0A3C62706D6E323A646566696E6974696F6E7320786D6C6E733A7873693D22687474703A2F2F7777772E77332E6F72672F323030312F584D4C536368656D612D696E7374616E63652220786D6C6E733A62706D6E323D22687474703A2F2F7777772E6F6D672E6F72672F737065632F42504D4E2F32303130303532342F4D4F44454C2220786D6C6E733A62706D6E64693D22687474703A2F2F7777772E6F6D672E6F72672F737065632F42504D4E2F32303130303532342F44492220786D6C6E733A64693D22687474703A2F2F7777772E6F6D672E6F72672F737065632F44442F32303130303532342F44492220786D6C6E733A64633D22687474703A2F2F7777772E6F6D672E6F72672F737065632F44442F32303130303532342F4443222069643D226469616772616D5F50726F636573735F3136363037393533303330343622207461726765744E616D6573706163653D22687474703A2F2F666C6F7761626C652E6F72672F62706D6E223E3C62706D6E323A70726F636573732069643D226C6561766522206E616D653D22E8AFB7E581872220697345786563757461626C653D2274727565223E3C62706D6E323A73746172744576656E742069643D224576656E745F31753261757476223E3C62706D6E323A6F7574676F696E673E466C6F775F3163786F7838343C2F62706D6E323A6F7574676F696E673E3C2F62706D6E323A73746172744576656E743E3C62706D6E323A757365725461736B2069643D2241637469766974795F3067637864777522206E616D653D22E7BB8FE79086223E3C62706D6E323A696E636F6D696E673E466C6F775F3163786F7838343C2F62706D6E323A696E636F6D696E673E3C62706D6E323A6F7574676F696E673E466C6F775F31796B3164736A3C2F62706D6E323A6F7574676F696E673E3C2F62706D6E323A757365725461736B3E3C62706D6E323A73657175656E6365466C6F772069643D22466C6F775F3163786F7838342220736F757263655265663D224576656E745F3175326175747622207461726765745265663D2241637469766974795F3067637864777522202F3E3C62706D6E323A757365725461736B2069643D2241637469766974795F3133757130356D22206E616D653D22E4BABAE4BA8B223E3C62706D6E323A696E636F6D696E673E466C6F775F31796B3164736A3C2F62706D6E323A696E636F6D696E673E3C62706D6E323A6F7574676F696E673E466C6F775F3172697230686A3C2F62706D6E323A6F7574676F696E673E3C2F62706D6E323A757365725461736B3E3C62706D6E323A73657175656E6365466C6F772069643D22466C6F775F31796B3164736A2220736F757263655265663D2241637469766974795F3067637864777522207461726765745265663D2241637469766974795F3133757130356D22202F3E3C62706D6E323A656E644576656E742069643D224576656E745F30686C646A376C223E3C62706D6E323A696E636F6D696E673E466C6F775F3172697230686A3C2F62706D6E323A696E636F6D696E673E3C2F62706D6E323A656E644576656E743E3C62706D6E323A73657175656E6365466C6F772069643D22466C6F775F3172697230686A2220736F757263655265663D2241637469766974795F3133757130356D22207461726765745265663D224576656E745F30686C646A376C22202F3E3C2F62706D6E323A70726F636573733E3C62706D6E64693A42504D4E4469616772616D2069643D2242504D4E4469616772616D5F31223E3C62706D6E64693A42504D4E506C616E652069643D226C656176655F6469222062706D6E456C656D656E743D226C65617665223E3C62706D6E64693A42504D4E456467652069643D22466C6F775F3172697230686A5F6469222062706D6E456C656D656E743D22466C6F775F3172697230686A223E3C64693A776179706F696E7420783D223538302220793D2232383022202F3E3C64693A776179706F696E7420783D223634322220793D2232383022202F3E3C2F62706D6E64693A42504D4E456467653E3C62706D6E64693A42504D4E456467652069643D22466C6F775F31796B3164736A5F6469222062706D6E456C656D656E743D22466C6F775F31796B3164736A223E3C64693A776179706F696E7420783D223432302220793D2232383022202F3E3C64693A776179706F696E7420783D223438302220793D2232383022202F3E3C2F62706D6E64693A42504D4E456467653E3C62706D6E64693A42504D4E456467652069643D22466C6F775F3163786F7838345F6469222062706D6E456C656D656E743D22466C6F775F3163786F783834223E3C64693A776179706F696E7420783D223236382220793D2232383022202F3E3C64693A776179706F696E7420783D223332302220793D2232383022202F3E3C2F62706D6E64693A42504D4E456467653E3C62706D6E64693A42504D4E53686170652069643D224576656E745F317532617574765F6469222062706D6E456C656D656E743D224576656E745F31753261757476223E3C64633A426F756E647320783D223233322220793D22323632222077696474683D22333622206865696768743D22333622202F3E3C2F62706D6E64693A42504D4E53686170653E3C62706D6E64693A42504D4E53686170652069643D2241637469766974795F306763786477755F6469222062706D6E456C656D656E743D2241637469766974795F30676378647775223E3C64633A426F756E647320783D223332302220793D22323430222077696474683D2231303022206865696768743D22383022202F3E3C2F62706D6E64693A42504D4E53686170653E3C62706D6E64693A42504D4E53686170652069643D2241637469766974795F3133757130356D5F6469222062706D6E456C656D656E743D2241637469766974795F3133757130356D223E3C64633A426F756E647320783D223438302220793D22323430222077696474683D2231303022206865696768743D22383022202F3E3C2F62706D6E64693A42504D4E53686170653E3C62706D6E64693A42504D4E53686170652069643D224576656E745F30686C646A376C5F6469222062706D6E456C656D656E743D224576656E745F30686C646A376C223E3C64633A426F756E647320783D223634322220793D22323632222077696474683D22333622206865696768743D22333622202F3E3C2F62706D6E64693A42504D4E53686170653E3C2F62706D6E64693A42504D4E506C616E653E3C2F62706D6E64693A42504D4E4469616772616D3E3C2F62706D6E323A646566696E6974696F6E733E, 0);
INSERT INTO `act_ge_bytearray` VALUES ('f51986af-1ec3-11ed-af71-3887d5e2c283', 1, 'leave.leave.png', 'f505144d-1ec3-11ed-af71-3887d5e2c283', 0x89504E470D0A1A0A0000000D49484452000002B00000014A0806000000E5A56C5400000EF84944415478DAEDDD4F6CD6F51D07700F1E76F0C0C1C30E1E3C78F0B0040F3BECB083871D3C98CC03B5F401023C0D329554D40191A01B8D7FA2C36AA8C61049604AC29A2EC0D62C6E16B0B4A90F86C53001216320034A4781E140044AF1B7EFB7E9D3FC28F40FD0F6799EDFF37A259F385A469BE69DDFEFDDEFF37DBEBF7BEE0100000000000000000000000000000000000000000000000000000000000000000000000000000000000000000000000000000000000000000000000000000000000000000000000000000000000000000000000000000000000000000000000000000000000000000000000000000000000000000000000000000000000000000000000000000000000000000000000000000000000000000000000000000000000000000000000000000000000000000000000000000000000000000000000000000000000000000000000000000000000000000000000000000000000000000000000000000000000000000000000000000000000000000000000000000000000000000000000000000000000000000000000000000000000000000000000000000000000000000000000000000000000000000000000000000000000000000000000000000000000000000000000000000000000000000000000000000000000000000000000000000000000000000000000000000000000000000000000000000000000000000000000000000000000000000000000000000000000000000000000000000000000000000000000000000000000000000000000000000000000000000000000000000000000000000000000000000000000000000000000000000000000000000000000000000000000000000000000000000000000000000000000000000000000000000000000000000000000000000000000000000000000000000000000000000000000000000000000000000000000000000000000000000000000000000000000000000000000000000000000000000000000000000000000000000000000000000000000000000000000000000000000000000000A02A244972EFD1A3475B77EFDE7D7DC78E1D497B7BBB99E6D9BE7D7BD2D9D97936CC5CF99307F9038071C4F2D0D5D595F4F5F52557AF5E35259A3367CE24BB76EDFA5F2813B3E4CFC81F008C21AE7C290F655322AEB6B7B71F943F237F003086F8B2AD9B77F94C2810D7E4CFC81F008C21EE8173E32EAB0291C89F913F00988402F1DDB7BDC9D13D1B9203DB1B0727FEEFF831377D0542FEE40F00CAAE405C3CDF93ECFFDBCBC93FFEB2EC86891F8B9F73E35720E44FFE00A0AC0AC489037FBEA93C14E7E48136377E0542FEE40F00CAAB401CFCECCD510B44FC9C1BBF02217FF20700655520F6B7FF76D402113FE7C6AF40C89FFC018002A140C89FFCC91F00DC698188EFFA1EAD40C4CFB9F12B10F2277F00505605E270F77BA31688F839377E0542FEE40F00CAAA409CEBF92AD9FFE96F6E7EF9367C2C7ECE8D5F81903FF90380B22A1071BEF9FB47371588F831377D0542FEE40F00CAAF405CB9921CFEFC839B5FBE0D1F8B9F73E35720E44FFE00A06C0A447CD2D13FBB9B47DD83183FE769480A84FCC91F0094BE405CB992F41EDE99ECFBEBCA51CB4371E2DF897FD76A9802217FF20700252910E3AD7A590D5320E44FFE00A0AC0AC44456BDC65A0D53041408F9933F0098D60271A7E5A1388A8002217FF20700D35A208C02217FF2C7E8162C583063F6ECD9B3C234872984E90D93A426FEB9505B5BFB615D5DDDDC30F7FBA901633A79F2E4CCAD5BB7BEFBFEFBEFEF5FB56AD5C5254B965C9F3367CEF08565D1A245FD2FBEF8E2B9D5AB5777AE59B3E657E142F42305D68D5B81903FA3C08E2714D2C7C37DA42D14D281118575DC09FF9FF6304F3CFAE8A3F7FA4902839224B9B750282C5FBB766D6F28A8C91B6FBC916CD9B225D9BB776FD2D3D3930C0C0C2445E7CE9D4BBEFAEAAB64DBB66DC97BEFBD9784023BB06CD9B2CFF3F9FC4C05D62810F2277F8C140AE84F43F9DC7DBBA57594D913FEADC7FC54A1CAEDDAB52BFFCE3BEF5C7CE6996792D6D6D6A4B7B737B91DE7CF9F1FBC683FFBECB3D71A1A1ABAC3C5E54105C22810F2277FC4D5D25036DFB8D58AEB8A152B06EF39DDDDDDC9F1E3C793CB972F0FDE53FAFBFB07FFBC7BF7EEC18594975F7E79B422DB5CEDAF0042D5AEBAB6B4B4ECCBE7F3C9E6CD9B872F1E772AAED2C655D979F3E65DABAFAF5FA140180542FEE4AF7ACD9933E78191ABAEE1FE906CD8B0E1B6174A8E1D3B96AC5FBF3EBEE237B2C4EE8B5FC74F1BAA44B8783CD8DCDCDCB774E9D2C10BC3648AFFDEF3CF3F7F79D1A2459BAAE1B763054281903FA3C0DE2814D78773B9DCA974D98C5BD3FAFAFAEEEAFE12B7B03536368E2CB127AAED953FA8DAF21AB70CC49765E2CBFF5321AEE6BEF6DA6B97EAEBEB3FC9FA867B054281903FA3C0DEB8F29A2EAF71D5B5A3A3E386F752DCADAEAEAEC17F5789852A11B70DC495D7585EEF76CBC044B614BCFAEAAB17C24566BD02611408F993BFEC1BDAF33ABC6D209E6073E8D0A129B9C7C43DB223B614ECABA9A9B9CF9D1E3228EE798DDB062E5CB8904C8758921B1A1A2E848BD87205C22810F2277FD916DFB0955E799DAAF29A2EB1E9631EE31BBBDCE921633A3B3B17C5376C4DF69ED789EC890D1798CBE137E3871408A340C89FFC65D3D05159C3A70DC46D03D3216E2718715EAC23B6202BE2D681B7DF7EFBBB78DA40296CD9B2E5DB5062B728104681903FF9CBECEAEBEEF41BB62673CFEB7846BCB16B8F871D4046C48714C4735EA77ADFEB58FB61F3F9FCE95C2EF78802611408F993BF6C197AC2D6F0D681BB3D6DE04E4E2748EF878D4FEC72E7870C686A6AEA8D074697525B5B5B7C97E8C70A845120E44FFEB2253E1EB6581EE339AFA5B069D3A61B1E3BEBCE0F15EEE4C99333E3E3616FF7E0E8C9168FECCAE572FFCDDAD9B00A8402217FA69A0B6CB8A6CF48EF7D2DD5BD26AEFAA6DFD015BEA7FB3500A8605BB76E7DF7ADB7DE4ACAC14B2FBDB427BED454093FB7F81B7C989F2B100A84FC996A2DB013C961288BB3D28F872DA5F46367C3F73D5703800AB676EDDA03F179D2E560E3C68DFB2AE59893F44B51A174FF4C815020E4CF545B819D480EE335BDF8F74ABD552DDEEB8ADF4BF87E3FD400A082AD5AB5EAE2DEBD7BCBA2C07EF9E59787C385A5504917EED47C72AB9508054281903F93F5023B560EE335BDF8F9EEEEEE92DE63E2B9B0A9EFB5A00140055BB264C9F552EF7F2D3A7BF6EC77E1A2D25BA117EEE19588F4055C815020E4CF545181BD2987F19A5EFCF8F1E3C74B7A8FE9E9E9497F9FBD1A0054B0B8A97D3ACFE31B4FBCB054F2853BBD12115F5253201408F933D55660D3394CFFB9BFBFBFA4F797F8F5D3DF8F0600157E012A2713B82056D42810E53559CB97FCC95F254DB9DD633400B0023B592E66600576F02485E2935E14082B60F267AA7005763887E98F97EA6139566021839E7EFAE9ABE5B207F6F4E9D3FB2B780FEC0DC5A1A8D20A44F8966F3913FDBC02217FF257D505F6A61CA6F7C01E3B76CC1E5860722C5FBEFC3FE5720A41A150E8A8C053080AF1B184A33D5BBB120BC4581F1BEFF30A84FCC95F5516D85173E81402604A3436367E5A2EE7C0363535B555D039B0B75CF152201408F993BF2A2AB0E3E6307D0E6C4B4B8B736081C9F1E69B6F2E5CB366CD0FE55060172F5EDC56294FE29A28054281903FF9ABE647C97A12173025162C58F0A37C3EDF7FEEDCB9529F011BF7BF9E89DF8F02A1402810F2277F99B9C7CC08D7F66BC5E278E4C89192DC63FAFAFA925C2EF743AAC0DEAF0140850BBF157FD6D6D656D202DBDCDCFCFB7051F9588150201408F993BFCCADC2B6158BE3BA75EB4A728FD9B469D30D0F5A70E7870CC8E7F3339F7AEAA981521D7132303070225C50FE157E3B7E448150201408F993BF6C895BC38AE571DEBC7983ABA1D329BEC2387FFEFCF4EAEB13EEFC9011CF3DF7DCAE52BD99EBF5D75FDF182E2AAD0A84638C1408F993BFCCAEC20E9F46D0D8D838ADE78FC7AF973EEA6BBC373F0215A4A6A6E6C70B172EBC3ADDE7F47DFDF5D7BBC205E562F8FA0F29104681903FF9CBA6279F7CF217E933633B3A3AA6E51ED3D5D575C359B57575758FB9E343C6E472B986A54B977E3F5D5B092E5DBA74207CCD03E1A2F26B05C22810F2277F995F85FD5DB148C6A740C67239D5E7BECE9D3BF78754816D76A7878CAAAFAFFF68F5EAD5535E620706068EE5F3F99DE182F28102611408F993BFEC1B7AB46C215D62A7EAE106B1BCCE9F3FFF7AAABCEEABA9A9B9CF5D1E327C8109C5F24FAFBCF2CA85A92AB171E53514E5CFE2BED7AC1D9BA5402810F267E46F74A1B43E10AEFD87D325366E2798CC3DB1716577C4CAEB89300FBAC3431594D85C2EB7AEA1A1E1C264EF898D7B5E87B60D7C90F5F2AA402810F26714D89BC532992EB1C53776DDEDE904F1B481116FD8525EA11AD5D6D62E09BF1D7FD7D2D272BEBFBFFFAE8FCA1A3A6DE06296F7BC2A100A84FC19F99BF04A6C215D36E3115B1B366C487A7B7B6FFB2105F19CD7F45159C56D03CA2B54A9783A415D5DDD1FC385E1DBD6D6D623E137DC6BB7FB84ADF89082F06F1C8A5B06C27F1F56208C02217FF2477CB5AFB6B6F69D11A5737056AE5C99B4B4B40CEE918DAF04161751E27F7B7A7A06F7B86EDBB66DF0F1B0E9276CA5DFB065CF2B1057637F12E6C370A1B8F0C20B2FEC5DBF7EFDDE2FBEF8E2C8A953A72EA5FAEAC558580B854247535353DBE2C58BE3D357CE84D2BA398B0F2950201408F933F277F7868ED82ADCAAC8DEC1EC7154167093B86F75E862138F43896FC4FA26FD9CEB30BD4317A2E6F8F4956AD8E7AA402810F267E46F52164A1E1F7AECECB5DB2DAEF1F1B0F1095B1E5200A0402810F267E4AF140B253342999D1D17428616447A4714D6C18592F8AA6028AD73E356373F3500054281903F237F0028B04681903FF953600150208C02217FF207000A8402217F46FE0050608D02217F4681054081300A84FCC91F0028100A84FC19F903408175E35620E4CF28B00028104681903FF90300054281903F237F0028B00A8402217F4681054081300A84FCC91F0028100A84FC19F90300054281903FA3C002A040180542FEE40F0014080542FE8CFC018002A140C89F516001A83C3B76EC70E32E9FB91C0AC435F933F2070063E8ECECECEDEBEB73F32E83E9E9E9F943281007E5CFC81F008C61E7CE9DBFECE8E8F8F6F4E9D3DFBB89976EE52B9687EDDBB7FF3BCC2CF933F20700E30837ADC7DBDBDBF7C4970FE31E3833ED137FEE07ABB53CC89FFC0100000000000000000000000000000000000000000000007097FE0F9AACDABD0B7E2F080000000049454E44AE426082, 1);
INSERT INTO `act_ge_bytearray` VALUES ('fb80ec31-384e-11f0-a959-00e02421f631', 4, 'source', NULL, 0x3C3F786D6C2076657273696F6E3D22312E302220656E636F64696E673D225554462D38223F3E0A3C62706D6E323A646566696E6974696F6E7320786D6C6E733A7873693D22687474703A2F2F7777772E77332E6F72672F323030312F584D4C536368656D612D696E7374616E63652220786D6C6E733A62706D6E323D22687474703A2F2F7777772E6F6D672E6F72672F737065632F42504D4E2F32303130303532342F4D4F44454C2220786D6C6E733A62706D6E64693D22687474703A2F2F7777772E6F6D672E6F72672F737065632F42504D4E2F32303130303532342F44492220786D6C6E733A64633D22687474703A2F2F7777772E6F6D672E6F72672F737065632F44442F32303130303532342F44432220786D6C6E733A64693D22687474703A2F2F7777772E6F6D672E6F72672F737065632F44442F32303130303532342F44492220786D6C6E733A666C6F7761626C653D22687474703A2F2F666C6F7761626C652E6F72672F62706D6E222069643D226469616772616D5F50726F636573735F3137343830353730343934373422207461726765744E616D6573706163653D22687474703A2F2F666C6F7761626C652E6F72672F62706D6E223E3C62706D6E323A70726F636573732069643D227465737431313122206E616D653D22313131313131313131313131312220697345786563757461626C653D2274727565223E3C62706D6E323A73746172744576656E742069643D224576656E745F30306F6C78657922206E616D653D22E5BC80E5A78B223E3C62706D6E323A6F7574676F696E673E466C6F775F30396433756F343C2F62706D6E323A6F7574676F696E673E3C2F62706D6E323A73746172744576656E743E3C62706D6E323A6578636C7573697665476174657761792069643D22476174657761795F306630306B3139223E3C62706D6E323A696E636F6D696E673E466C6F775F30396433756F343C2F62706D6E323A696E636F6D696E673E3C62706D6E323A6F7574676F696E673E466C6F775F307134326B786B3C2F62706D6E323A6F7574676F696E673E3C62706D6E323A6F7574676F696E673E466C6F775F3168316C6F396A3C2F62706D6E323A6F7574676F696E673E3C2F62706D6E323A6578636C7573697665476174657761793E3C62706D6E323A73657175656E6365466C6F772069643D22466C6F775F30396433756F342220736F757263655265663D224576656E745F30306F6C78657922207461726765745265663D22476174657761795F306630306B313922202F3E3C62706D6E323A757365725461736B2069643D2241637469766974795F3063776E72743922206E616D653D22E983A8E997A8E8B49FE8B4A3E4BABA223E3C62706D6E323A696E636F6D696E673E466C6F775F307134326B786B3C2F62706D6E323A696E636F6D696E673E3C62706D6E323A6F7574676F696E673E466C6F775F316C6D783378773C2F62706D6E323A6F7574676F696E673E3C62706D6E323A6D756C7469496E7374616E63654C6F6F7043686172616374657269737469637320666C6F7761626C653A636F6C6C656374696F6E3D22247B636F6C6C5F757365724C6973747D2220666C6F7761626C653A656C656D656E745661726961626C653D22617070726F7665724C697374223E3C62706D6E323A6C6F6F7043617264696E616C697479207873693A747970653D2262706D6E323A74466F726D616C45787072657373696F6E223E247B617070726F7665724C6973742E73697A6528297D3C2F62706D6E323A6C6F6F7043617264696E616C6974793E3C62706D6E323A636F6D706C6574696F6E436F6E646974696F6E207873693A747970653D2262706D6E323A74466F726D616C45787072657373696F6E223E247B6E724F66436F6D706C65746564496E7374616E636573202667743B3D20317D3C2F62706D6E323A636F6D706C6574696F6E436F6E646974696F6E3E3C2F62706D6E323A6D756C7469496E7374616E63654C6F6F704368617261637465726973746963733E3C2F62706D6E323A757365725461736B3E3C62706D6E323A73657175656E6365466C6F772069643D22466C6F775F307134326B786B22206E616D653D22312220736F757263655265663D22476174657761795F306630306B313922207461726765745265663D2241637469766974795F3063776E727439223E3C62706D6E323A636F6E646974696F6E45787072657373696F6E207873693A747970653D2262706D6E323A74466F726D616C45787072657373696F6E223E247B74797065203D3D20317D3C2F62706D6E323A636F6E646974696F6E45787072657373696F6E3E3C2F62706D6E323A73657175656E6365466C6F773E3C62706D6E323A757365725461736B2069643D2241637469766974795F30337273746F3822206E616D653D22E680BBE8A381223E3C62706D6E323A696E636F6D696E673E466C6F775F3168316C6F396A3C2F62706D6E323A696E636F6D696E673E3C62706D6E323A6F7574676F696E673E466C6F775F31397564676E663C2F62706D6E323A6F7574676F696E673E3C2F62706D6E323A757365725461736B3E3C62706D6E323A73657175656E6365466C6F772069643D22466C6F775F3168316C6F396A22206E616D653D22322220736F757263655265663D22476174657761795F306630306B313922207461726765745265663D2241637469766974795F30337273746F38223E3C62706D6E323A636F6E646974696F6E45787072657373696F6E207873693A747970653D2262706D6E323A74466F726D616C45787072657373696F6E223E247B74797065203D3D20327D3C2F62706D6E323A636F6E646974696F6E45787072657373696F6E3E3C2F62706D6E323A73657175656E6365466C6F773E3C62706D6E323A656E644576656E742069643D224576656E745F30726B6E78327822206E616D653D2231E7BB93E69D9F223E3C62706D6E323A696E636F6D696E673E466C6F775F316C6D783378773C2F62706D6E323A696E636F6D696E673E3C2F62706D6E323A656E644576656E743E3C62706D6E323A73657175656E6365466C6F772069643D22466C6F775F316C6D783378772220736F757263655265663D2241637469766974795F3063776E72743922207461726765745265663D224576656E745F30726B6E78327822202F3E3C62706D6E323A656E644576656E742069643D224576656E745F3069667268696B22206E616D653D2232E7BB93E69D9F223E3C62706D6E323A696E636F6D696E673E466C6F775F31397564676E663C2F62706D6E323A696E636F6D696E673E3C2F62706D6E323A656E644576656E743E3C62706D6E323A73657175656E6365466C6F772069643D22466C6F775F31397564676E662220736F757263655265663D2241637469766974795F30337273746F3822207461726765745265663D224576656E745F3069667268696B22202F3E3C2F62706D6E323A70726F636573733E3C62706D6E64693A42504D4E4469616772616D2069643D2242504D4E4469616772616D5F31223E3C62706D6E64693A42504D4E506C616E652069643D22746573743131315F6469222062706D6E456C656D656E743D2274657374313131223E3C62706D6E64693A42504D4E456467652069643D22466C6F775F31397564676E665F6469222062706D6E456C656D656E743D22466C6F775F31397564676E66223E3C64693A776179706F696E7420783D223439302220793D2234313022202F3E3C64693A776179706F696E7420783D223632322220793D2234313022202F3E3C2F62706D6E64693A42504D4E456467653E3C62706D6E64693A42504D4E456467652069643D22466C6F775F316C6D783378775F6469222062706D6E456C656D656E743D22466C6F775F316C6D78337877223E3C64693A776179706F696E7420783D223530302220793D2231393022202F3E3C64693A776179706F696E7420783D223632322220793D2231393022202F3E3C2F62706D6E64693A42504D4E456467653E3C62706D6E64693A42504D4E456467652069643D22466C6F775F3168316C6F396A5F6469222062706D6E456C656D656E743D22466C6F775F3168316C6F396A223E3C64693A776179706F696E7420783D223236302220793D2233313522202F3E3C64693A776179706F696E7420783D223236302220793D2234313022202F3E3C64693A776179706F696E7420783D223339302220793D2234313022202F3E3C62706D6E64693A42504D4E4C6162656C3E3C64633A426F756E647320783D223237322220793D22333630222077696474683D223722206865696768743D22313422202F3E3C2F62706D6E64693A42504D4E4C6162656C3E3C2F62706D6E64693A42504D4E456467653E3C62706D6E64693A42504D4E456467652069643D22466C6F775F307134326B786B5F6469222062706D6E456C656D656E743D22466C6F775F307134326B786B223E3C64693A776179706F696E7420783D223236302220793D2232363522202F3E3C64693A776179706F696E7420783D223236302220793D2231393022202F3E3C64693A776179706F696E7420783D223430302220793D2231393022202F3E3C62706D6E64693A42504D4E4C6162656C3E3C64633A426F756E647320783D223237322220793D22323235222077696474683D223722206865696768743D22313422202F3E3C2F62706D6E64693A42504D4E4C6162656C3E3C2F62706D6E64693A42504D4E456467653E3C62706D6E64693A42504D4E456467652069643D22466C6F775F30396433756F345F6469222062706D6E456C656D656E743D22466C6F775F30396433756F34223E3C64693A776179706F696E7420783D223137382220793D2232393022202F3E3C64693A776179706F696E7420783D223233352220793D2232393022202F3E3C2F62706D6E64693A42504D4E456467653E3C62706D6E64693A42504D4E53686170652069643D224576656E745F30306F6C7865795F6469222062706D6E456C656D656E743D224576656E745F30306F6C786579223E3C64633A426F756E647320783D223134322220793D22323732222077696474683D22333622206865696768743D22333622202F3E3C62706D6E64693A42504D4E4C6162656C3E3C64633A426F756E647320783D223134392220793D22333135222077696474683D22323222206865696768743D22313422202F3E3C2F62706D6E64693A42504D4E4C6162656C3E3C2F62706D6E64693A42504D4E53686170653E3C62706D6E64693A42504D4E53686170652069643D22476174657761795F306630306B31395F6469222062706D6E456C656D656E743D22476174657761795F306630306B3139222069734D61726B657256697369626C653D2274727565223E3C64633A426F756E647320783D223233352220793D22323635222077696474683D22353022206865696768743D22353022202F3E3C2F62706D6E64693A42504D4E53686170653E3C62706D6E64693A42504D4E53686170652069643D2241637469766974795F3063776E7274395F6469222062706D6E456C656D656E743D2241637469766974795F3063776E727439223E3C64633A426F756E647320783D223430302220793D22313530222077696474683D2231303022206865696768743D22383022202F3E3C2F62706D6E64693A42504D4E53686170653E3C62706D6E64693A42504D4E53686170652069643D2241637469766974795F30337273746F385F6469222062706D6E456C656D656E743D2241637469766974795F30337273746F38223E3C64633A426F756E647320783D223339302220793D22333730222077696474683D2231303022206865696768743D22383022202F3E3C2F62706D6E64693A42504D4E53686170653E3C62706D6E64693A42504D4E53686170652069643D224576656E745F30726B6E7832785F6469222062706D6E456C656D656E743D224576656E745F30726B6E783278223E3C64633A426F756E647320783D223632322220793D22313732222077696474683D22333622206865696768743D22333622202F3E3C62706D6E64693A42504D4E4C6162656C3E3C64633A426F756E647320783D223632352220793D22323135222077696474683D22333022206865696768743D22313422202F3E3C2F62706D6E64693A42504D4E4C6162656C3E3C2F62706D6E64693A42504D4E53686170653E3C62706D6E64693A42504D4E53686170652069643D224576656E745F3069667268696B5F6469222062706D6E456C656D656E743D224576656E745F3069667268696B223E3C64633A426F756E647320783D223632322220793D22333932222077696474683D22333622206865696768743D22333622202F3E3C62706D6E64693A42504D4E4C6162656C3E3C64633A426F756E647320783D223632352220793D22343335222077696474683D22333022206865696768743D22313422202F3E3C2F62706D6E64693A42504D4E4C6162656C3E3C2F62706D6E64693A42504D4E53686170653E3C2F62706D6E64693A42504D4E506C616E653E3C2F62706D6E64693A42504D4E4469616772616D3E3C2F62706D6E323A646566696E6974696F6E733E, NULL);

-- ----------------------------
-- Table structure for act_ge_property
-- ----------------------------
DROP TABLE IF EXISTS `act_ge_property`;
CREATE TABLE `act_ge_property`  (
  `NAME_` varchar(64) CHARACTER SET utf8 COLLATE utf8_bin NOT NULL,
  `VALUE_` varchar(300) CHARACTER SET utf8 COLLATE utf8_bin NULL DEFAULT NULL,
  `REV_` int(11) NULL DEFAULT NULL,
  PRIMARY KEY (`NAME_`) USING BTREE
) ENGINE = InnoDB CHARACTER SET = utf8 COLLATE = utf8_bin ROW_FORMAT = COMPACT;

-- ----------------------------
-- Records of act_ge_property
-- ----------------------------
INSERT INTO `act_ge_property` VALUES ('batch.schema.version', '6.7.2.0', 1);
INSERT INTO `act_ge_property` VALUES ('cfg.execution-related-entities-count', 'true', 1);
INSERT INTO `act_ge_property` VALUES ('cfg.task-related-entities-count', 'true', 1);
INSERT INTO `act_ge_property` VALUES ('common.schema.version', '6.7.2.0', 1);
INSERT INTO `act_ge_property` VALUES ('entitylink.schema.version', '6.7.2.0', 1);
INSERT INTO `act_ge_property` VALUES ('eventsubscription.schema.version', '6.7.2.0', 1);
INSERT INTO `act_ge_property` VALUES ('identitylink.schema.version', '6.7.2.0', 1);
INSERT INTO `act_ge_property` VALUES ('job.schema.version', '6.7.2.0', 1);
INSERT INTO `act_ge_property` VALUES ('next.dbid', '1', 1);
INSERT INTO `act_ge_property` VALUES ('schema.history', 'upgrade(6.7.0.0->6.7.2.0)', 2);
INSERT INTO `act_ge_property` VALUES ('schema.version', '6.7.2.0', 2);
INSERT INTO `act_ge_property` VALUES ('task.schema.version', '6.7.2.0', 1);
INSERT INTO `act_ge_property` VALUES ('variable.schema.version', '6.7.2.0', 1);

-- ----------------------------
-- Table structure for act_hi_actinst
-- ----------------------------
DROP TABLE IF EXISTS `act_hi_actinst`;
CREATE TABLE `act_hi_actinst`  (
  `ID_` varchar(64) CHARACTER SET utf8 COLLATE utf8_bin NOT NULL,
  `REV_` int(11) NULL DEFAULT 1,
  `PROC_DEF_ID_` varchar(64) CHARACTER SET utf8 COLLATE utf8_bin NOT NULL,
  `PROC_INST_ID_` varchar(64) CHARACTER SET utf8 COLLATE utf8_bin NOT NULL,
  `EXECUTION_ID_` varchar(64) CHARACTER SET utf8 COLLATE utf8_bin NOT NULL,
  `ACT_ID_` varchar(255) CHARACTER SET utf8 COLLATE utf8_bin NOT NULL,
  `TASK_ID_` varchar(64) CHARACTER SET utf8 COLLATE utf8_bin NULL DEFAULT NULL,
  `CALL_PROC_INST_ID_` varchar(64) CHARACTER SET utf8 COLLATE utf8_bin NULL DEFAULT NULL,
  `ACT_NAME_` varchar(255) CHARACTER SET utf8 COLLATE utf8_bin NULL DEFAULT NULL,
  `ACT_TYPE_` varchar(255) CHARACTER SET utf8 COLLATE utf8_bin NOT NULL,
  `ASSIGNEE_` varchar(255) CHARACTER SET utf8 COLLATE utf8_bin NULL DEFAULT NULL,
  `START_TIME_` datetime(3) NOT NULL,
  `END_TIME_` datetime(3) NULL DEFAULT NULL,
  `TRANSACTION_ORDER_` int(11) NULL DEFAULT NULL,
  `DURATION_` bigint(20) NULL DEFAULT NULL,
  `DELETE_REASON_` varchar(4000) CHARACTER SET utf8 COLLATE utf8_bin NULL DEFAULT NULL,
  `TENANT_ID_` varchar(255) CHARACTER SET utf8 COLLATE utf8_bin NULL DEFAULT '',
  PRIMARY KEY (`ID_`) USING BTREE,
  INDEX `ACT_IDX_HI_ACT_INST_START`(`START_TIME_`) USING BTREE,
  INDEX `ACT_IDX_HI_ACT_INST_END`(`END_TIME_`) USING BTREE,
  INDEX `ACT_IDX_HI_ACT_INST_PROCINST`(`PROC_INST_ID_`, `ACT_ID_`) USING BTREE,
  INDEX `ACT_IDX_HI_ACT_INST_EXEC`(`EXECUTION_ID_`, `ACT_ID_`) USING BTREE
) ENGINE = InnoDB CHARACTER SET = utf8 COLLATE = utf8_bin ROW_FORMAT = COMPACT;

-- ----------------------------
-- Records of act_hi_actinst
-- ----------------------------
INSERT INTO `act_hi_actinst` VALUES ('09191b60-ce3a-11ef-bcf7-e4a8dfac961e', 1, 'leave:2:f519d4d0-1ec3-11ed-af71-3887d5e2c283', 'd1ede070-ce39-11ef-bcf7-e4a8dfac961e', 'd2049cc8-ce39-11ef-bcf7-e4a8dfac961e', 'Flow_1yk1dsj', NULL, NULL, NULL, 'sequenceFlow', NULL, '2025-01-09 11:30:12.784', '2025-01-09 11:30:12.784', 1, 0, NULL, '');
INSERT INTO `act_hi_actinst` VALUES ('091dd651-ce3a-11ef-bcf7-e4a8dfac961e', 2, 'leave:2:f519d4d0-1ec3-11ed-af71-3887d5e2c283', 'd1ede070-ce39-11ef-bcf7-e4a8dfac961e', 'd2049cc8-ce39-11ef-bcf7-e4a8dfac961e', 'Activity_13uq05m', '091dd652-ce3a-11ef-bcf7-e4a8dfac961e', NULL, '人事', 'userTask', '4', '2025-01-09 11:30:12.815', '2025-01-09 11:30:52.174', 2, 39359, NULL, '');
INSERT INTO `act_hi_actinst` VALUES ('0a260e61-2097-11ed-b609-3887d5e2c283', 1, 'leave:2:f519d4d0-1ec3-11ed-af71-3887d5e2c283', '0a24aec8-2097-11ed-b609-3887d5e2c283', '0a260e60-2097-11ed-b609-3887d5e2c283', 'Event_1u2autv', NULL, NULL, NULL, 'startEvent', NULL, '2022-08-20 22:47:40.077', '2022-08-20 22:47:40.077', 1, 0, NULL, '');
INSERT INTO `act_hi_actinst` VALUES ('0a260e62-2097-11ed-b609-3887d5e2c283', 1, 'leave:2:f519d4d0-1ec3-11ed-af71-3887d5e2c283', '0a24aec8-2097-11ed-b609-3887d5e2c283', '0a260e60-2097-11ed-b609-3887d5e2c283', 'Flow_1cxox84', NULL, NULL, NULL, 'sequenceFlow', NULL, '2022-08-20 22:47:40.077', '2022-08-20 22:47:40.077', 2, 0, NULL, '');
INSERT INTO `act_hi_actinst` VALUES ('0a260e63-2097-11ed-b609-3887d5e2c283', 1, 'leave:2:f519d4d0-1ec3-11ed-af71-3887d5e2c283', '0a24aec8-2097-11ed-b609-3887d5e2c283', '0a260e60-2097-11ed-b609-3887d5e2c283', 'Activity_0gcxdwu', '0a263574-2097-11ed-b609-3887d5e2c283', NULL, '经理', 'userTask', '2', '2022-08-20 22:47:40.077', NULL, 3, NULL, NULL, '');
INSERT INTO `act_hi_actinst` VALUES ('0f92f9a8-5171-11f0-9668-745d226bb74a', 1, 'leave:2:f519d4d0-1ec3-11ed-af71-3887d5e2c283', '0f7a688f-5171-11f0-9668-745d226bb74a', '0f92f9a7-5171-11f0-9668-745d226bb74a', 'Event_1u2autv', NULL, NULL, NULL, 'startEvent', NULL, '2025-06-25 11:04:08.293', '2025-06-25 11:04:08.293', 1, 0, NULL, '');
INSERT INTO `act_hi_actinst` VALUES ('0f92f9a9-5171-11f0-9668-745d226bb74a', 1, 'leave:2:f519d4d0-1ec3-11ed-af71-3887d5e2c283', '0f7a688f-5171-11f0-9668-745d226bb74a', '0f92f9a7-5171-11f0-9668-745d226bb74a', 'Flow_1cxox84', NULL, NULL, NULL, 'sequenceFlow', NULL, '2025-06-25 11:04:08.293', '2025-06-25 11:04:08.293', 2, 0, NULL, '');
INSERT INTO `act_hi_actinst` VALUES ('0f92f9aa-5171-11f0-9668-745d226bb74a', 1, 'leave:2:f519d4d0-1ec3-11ed-af71-3887d5e2c283', '0f7a688f-5171-11f0-9668-745d226bb74a', '0f92f9a7-5171-11f0-9668-745d226bb74a', 'Activity_0gcxdwu', '0f92f9ab-5171-11f0-9668-745d226bb74a', NULL, '经理', 'userTask', '2', '2025-06-25 11:04:08.293', NULL, 3, NULL, NULL, '');
INSERT INTO `act_hi_actinst` VALUES ('209b0556-ce3a-11ef-bcf7-e4a8dfac961e', 1, 'leave:2:f519d4d0-1ec3-11ed-af71-3887d5e2c283', 'd1ede070-ce39-11ef-bcf7-e4a8dfac961e', 'd2049cc8-ce39-11ef-bcf7-e4a8dfac961e', 'Flow_1rir0hj', NULL, NULL, NULL, 'sequenceFlow', NULL, '2025-01-09 11:30:52.223', '2025-01-09 11:30:52.223', 1, 0, NULL, '');
INSERT INTO `act_hi_actinst` VALUES ('209ed5e7-ce3a-11ef-bcf7-e4a8dfac961e', 1, 'leave:2:f519d4d0-1ec3-11ed-af71-3887d5e2c283', 'd1ede070-ce39-11ef-bcf7-e4a8dfac961e', 'd2049cc8-ce39-11ef-bcf7-e4a8dfac961e', 'Event_0hldj7l', NULL, NULL, NULL, 'endEvent', NULL, '2025-01-09 11:30:52.248', '2025-01-09 11:30:52.253', 2, 5, NULL, '');
INSERT INTO `act_hi_actinst` VALUES ('26d61eb4-2843-11ed-9000-3887d5e2c283', 1, 'leave:2:f519d4d0-1ec3-11ed-af71-3887d5e2c283', 'e9b53134-283f-11ed-9000-3887d5e2c283', 'e9b7f05c-283f-11ed-9000-3887d5e2c283', 'Flow_1yk1dsj', NULL, NULL, NULL, 'sequenceFlow', NULL, '2022-08-30 17:07:19.784', '2022-08-30 17:07:19.784', 1, 0, NULL, '');
INSERT INTO `act_hi_actinst` VALUES ('26d645c5-2843-11ed-9000-3887d5e2c283', 1, 'leave:2:f519d4d0-1ec3-11ed-af71-3887d5e2c283', 'e9b53134-283f-11ed-9000-3887d5e2c283', 'e9b7f05c-283f-11ed-9000-3887d5e2c283', 'Activity_13uq05m', '26d645c6-2843-11ed-9000-3887d5e2c283', NULL, '人事', 'userTask', '4', '2022-08-30 17:07:19.785', NULL, 2, NULL, NULL, '');
INSERT INTO `act_hi_actinst` VALUES ('2c600759-5ca7-11f0-b23a-d6bd7300036d', 1, 'leave:3:70aa0460-5171-11f0-9668-745d226bb74a', '2c481280-5ca7-11f0-b23a-d6bd7300036d', '2c600758-5ca7-11f0-b23a-d6bd7300036d', 'Event_1u2autv', NULL, NULL, NULL, 'startEvent', NULL, '2025-07-09 17:29:12.227', '2025-07-09 17:29:12.240', 1, 13, NULL, '');
INSERT INTO `act_hi_actinst` VALUES ('2cfe6a3a-5ca7-11f0-b23a-d6bd7300036d', 1, 'leave:3:70aa0460-5171-11f0-9668-745d226bb74a', '2c481280-5ca7-11f0-b23a-d6bd7300036d', '2c600758-5ca7-11f0-b23a-d6bd7300036d', 'Flow_1cxox84', NULL, NULL, NULL, 'sequenceFlow', NULL, '2025-07-09 17:29:13.265', '2025-07-09 17:29:13.265', 2, 0, NULL, '');
INSERT INTO `act_hi_actinst` VALUES ('2cfe6a3b-5ca7-11f0-b23a-d6bd7300036d', 1, 'leave:3:70aa0460-5171-11f0-9668-745d226bb74a', '2c481280-5ca7-11f0-b23a-d6bd7300036d', '2c600758-5ca7-11f0-b23a-d6bd7300036d', 'Activity_0gcxdwu', '2d003efc-5ca7-11f0-b23a-d6bd7300036d', NULL, '经理', 'userTask', '8', '2025-07-09 17:29:13.265', NULL, 3, NULL, NULL, '');
INSERT INTO `act_hi_actinst` VALUES ('323bcf07-5171-11f0-9668-745d226bb74a', 1, 'leave:2:f519d4d0-1ec3-11ed-af71-3887d5e2c283', '322fc10e-5171-11f0-9668-745d226bb74a', '323bcf06-5171-11f0-9668-745d226bb74a', 'Event_1u2autv', NULL, NULL, NULL, 'startEvent', NULL, '2025-06-25 11:05:06.442', '2025-06-25 11:05:06.442', 1, 0, NULL, '');
INSERT INTO `act_hi_actinst` VALUES ('323bcf08-5171-11f0-9668-745d226bb74a', 1, 'leave:2:f519d4d0-1ec3-11ed-af71-3887d5e2c283', '322fc10e-5171-11f0-9668-745d226bb74a', '323bcf06-5171-11f0-9668-745d226bb74a', 'Flow_1cxox84', NULL, NULL, NULL, 'sequenceFlow', NULL, '2025-06-25 11:05:06.442', '2025-06-25 11:05:06.442', 2, 0, NULL, '');
INSERT INTO `act_hi_actinst` VALUES ('323bcf09-5171-11f0-9668-745d226bb74a', 1, 'leave:2:f519d4d0-1ec3-11ed-af71-3887d5e2c283', '322fc10e-5171-11f0-9668-745d226bb74a', '323bcf06-5171-11f0-9668-745d226bb74a', 'Activity_0gcxdwu', '323bcf0a-5171-11f0-9668-745d226bb74a', NULL, '经理', 'userTask', '2', '2025-06-25 11:05:06.442', NULL, 3, NULL, NULL, '');
INSERT INTO `act_hi_actinst` VALUES ('70108ab9-516e-11f0-9668-745d226bb74a', 1, 'leave:2:f519d4d0-1ec3-11ed-af71-3887d5e2c283', '7004a3d0-516e-11f0-9668-745d226bb74a', '70108ab8-516e-11f0-9668-745d226bb74a', 'Event_1u2autv', NULL, NULL, NULL, 'startEvent', NULL, '2025-06-25 10:45:21.687', '2025-06-25 10:45:21.690', 1, 3, NULL, '');
INSERT INTO `act_hi_actinst` VALUES ('7011751a-516e-11f0-9668-745d226bb74a', 1, 'leave:2:f519d4d0-1ec3-11ed-af71-3887d5e2c283', '7004a3d0-516e-11f0-9668-745d226bb74a', '70108ab8-516e-11f0-9668-745d226bb74a', 'Flow_1cxox84', NULL, NULL, NULL, 'sequenceFlow', NULL, '2025-06-25 10:45:21.693', '2025-06-25 10:45:21.693', 2, 0, NULL, '');
INSERT INTO `act_hi_actinst` VALUES ('7011751b-516e-11f0-9668-745d226bb74a', 1, 'leave:2:f519d4d0-1ec3-11ed-af71-3887d5e2c283', '7004a3d0-516e-11f0-9668-745d226bb74a', '70108ab8-516e-11f0-9668-745d226bb74a', 'Activity_0gcxdwu', '7012115c-516e-11f0-9668-745d226bb74a', NULL, '经理', 'userTask', '2', '2025-06-25 10:45:21.693', NULL, 3, NULL, NULL, '');
INSERT INTO `act_hi_actinst` VALUES ('7ad425f8-5619-11f0-ab2d-745d226bb74a', 1, 'leave:3:70aa0460-5171-11f0-9668-745d226bb74a', '7aca88ff-5619-11f0-ab2d-745d226bb74a', '7ad425f7-5619-11f0-ab2d-745d226bb74a', 'Event_1u2autv', NULL, NULL, NULL, 'startEvent', NULL, '2025-07-01 09:19:48.338', '2025-07-01 09:19:48.354', 1, 16, NULL, '');
INSERT INTO `act_hi_actinst` VALUES ('7ad696f9-5619-11f0-ab2d-745d226bb74a', 1, 'leave:3:70aa0460-5171-11f0-9668-745d226bb74a', '7aca88ff-5619-11f0-ab2d-745d226bb74a', '7ad425f7-5619-11f0-ab2d-745d226bb74a', 'Flow_1cxox84', NULL, NULL, NULL, 'sequenceFlow', NULL, '2025-07-01 09:19:48.354', '2025-07-01 09:19:48.354', 2, 0, NULL, '');
INSERT INTO `act_hi_actinst` VALUES ('7ad696fa-5619-11f0-ab2d-745d226bb74a', 1, 'leave:3:70aa0460-5171-11f0-9668-745d226bb74a', '7aca88ff-5619-11f0-ab2d-745d226bb74a', '7ad425f7-5619-11f0-ab2d-745d226bb74a', 'Activity_0gcxdwu', '7ad696fb-5619-11f0-ab2d-745d226bb74a', NULL, '经理', 'userTask', '7', '2025-07-01 09:19:48.354', NULL, 3, NULL, NULL, '');
INSERT INTO `act_hi_actinst` VALUES ('7bf975e4-2097-11ed-8938-3887d5e2c283', 1, 'leave:2:f519d4d0-1ec3-11ed-af71-3887d5e2c283', '7bf2bf1b-2097-11ed-8938-3887d5e2c283', '7bf94ed3-2097-11ed-8938-3887d5e2c283', 'Event_1u2autv', NULL, NULL, NULL, 'startEvent', NULL, '2022-08-20 22:50:51.045', '2022-08-20 22:50:51.049', 1, 4, NULL, '');
INSERT INTO `act_hi_actinst` VALUES ('7bfa6045-2097-11ed-8938-3887d5e2c283', 1, 'leave:2:f519d4d0-1ec3-11ed-af71-3887d5e2c283', '7bf2bf1b-2097-11ed-8938-3887d5e2c283', '7bf94ed3-2097-11ed-8938-3887d5e2c283', 'Flow_1cxox84', NULL, NULL, NULL, 'sequenceFlow', NULL, '2022-08-20 22:50:51.051', '2022-08-20 22:50:51.051', 2, 0, NULL, '');
INSERT INTO `act_hi_actinst` VALUES ('7bfa6046-2097-11ed-8938-3887d5e2c283', 2, 'leave:2:f519d4d0-1ec3-11ed-af71-3887d5e2c283', '7bf2bf1b-2097-11ed-8938-3887d5e2c283', '7bf94ed3-2097-11ed-8938-3887d5e2c283', 'Activity_0gcxdwu', '7bfe7ef7-2097-11ed-8938-3887d5e2c283', NULL, '经理', 'userTask', '2', '2022-08-20 22:50:51.051', '2025-06-25 10:37:40.909', 3, 89812009858, '主动取消任务，原因：11', '');
INSERT INTO `act_hi_actinst` VALUES ('7e5cf1da-5171-11f0-9668-745d226bb74a', 1, 'leave:3:70aa0460-5171-11f0-9668-745d226bb74a', '7e52dfb1-5171-11f0-9668-745d226bb74a', '7e5cf1d9-5171-11f0-9668-745d226bb74a', 'Event_1u2autv', NULL, NULL, NULL, 'startEvent', NULL, '2025-06-25 11:07:14.166', '2025-06-25 11:07:14.166', 1, 0, NULL, '');
INSERT INTO `act_hi_actinst` VALUES ('7e5cf1db-5171-11f0-9668-745d226bb74a', 1, 'leave:3:70aa0460-5171-11f0-9668-745d226bb74a', '7e52dfb1-5171-11f0-9668-745d226bb74a', '7e5cf1d9-5171-11f0-9668-745d226bb74a', 'Flow_1cxox84', NULL, NULL, NULL, 'sequenceFlow', NULL, '2025-06-25 11:07:14.166', '2025-06-25 11:07:14.166', 2, 0, NULL, '');
INSERT INTO `act_hi_actinst` VALUES ('7e5cf1dc-5171-11f0-9668-745d226bb74a', 2, 'leave:3:70aa0460-5171-11f0-9668-745d226bb74a', '7e52dfb1-5171-11f0-9668-745d226bb74a', '7e5cf1d9-5171-11f0-9668-745d226bb74a', 'Activity_0gcxdwu', '7e5cf1dd-5171-11f0-9668-745d226bb74a', NULL, '经理', 'userTask', '8', '2025-06-25 11:07:14.166', '2025-06-25 15:23:28.503', 3, 15374337, '不通过任务，原因：不通过', '');
INSERT INTO `act_hi_actinst` VALUES ('7e8cb5a4-2095-11ed-b609-3887d5e2c283', 1, 'leave:2:f519d4d0-1ec3-11ed-af71-3887d5e2c283', '7e853b8b-2095-11ed-b609-3887d5e2c283', '7e8cb5a3-2095-11ed-b609-3887d5e2c283', 'Event_1u2autv', NULL, NULL, NULL, 'startEvent', NULL, '2022-08-20 22:36:36.372', '2022-08-20 22:36:36.379', 1, 7, NULL, '');
INSERT INTO `act_hi_actinst` VALUES ('7e8e8a65-2095-11ed-b609-3887d5e2c283', 1, 'leave:2:f519d4d0-1ec3-11ed-af71-3887d5e2c283', '7e853b8b-2095-11ed-b609-3887d5e2c283', '7e8cb5a3-2095-11ed-b609-3887d5e2c283', 'Flow_1cxox84', NULL, NULL, NULL, 'sequenceFlow', NULL, '2022-08-20 22:36:36.384', '2022-08-20 22:36:36.384', 2, 0, NULL, '');
INSERT INTO `act_hi_actinst` VALUES ('7e8e8a66-2095-11ed-b609-3887d5e2c283', 2, 'leave:2:f519d4d0-1ec3-11ed-af71-3887d5e2c283', '7e853b8b-2095-11ed-b609-3887d5e2c283', '7e8cb5a3-2095-11ed-b609-3887d5e2c283', 'Activity_0gcxdwu', '7e92a917-2095-11ed-b609-3887d5e2c283', NULL, '经理', 'userTask', '2', '2022-08-20 22:36:36.384', '2022-08-20 22:57:45.651', 3, 1269267, '主动取消任务，原因：不请假了', '');
INSERT INTO `act_hi_actinst` VALUES ('b876a602-2096-11ed-b609-3887d5e2c283', 1, 'leave:2:f519d4d0-1ec3-11ed-af71-3887d5e2c283', 'b8745c09-2096-11ed-b609-3887d5e2c283', 'b876a601-2096-11ed-b609-3887d5e2c283', 'Event_1u2autv', NULL, NULL, NULL, 'startEvent', NULL, '2022-08-20 22:45:23.032', '2022-08-20 22:45:23.032', 1, 0, NULL, '');
INSERT INTO `act_hi_actinst` VALUES ('b876a603-2096-11ed-b609-3887d5e2c283', 1, 'leave:2:f519d4d0-1ec3-11ed-af71-3887d5e2c283', 'b8745c09-2096-11ed-b609-3887d5e2c283', 'b876a601-2096-11ed-b609-3887d5e2c283', 'Flow_1cxox84', NULL, NULL, NULL, 'sequenceFlow', NULL, '2022-08-20 22:45:23.032', '2022-08-20 22:45:23.032', 2, 0, NULL, '');
INSERT INTO `act_hi_actinst` VALUES ('b876a604-2096-11ed-b609-3887d5e2c283', 1, 'leave:2:f519d4d0-1ec3-11ed-af71-3887d5e2c283', 'b8745c09-2096-11ed-b609-3887d5e2c283', 'b876a601-2096-11ed-b609-3887d5e2c283', 'Activity_0gcxdwu', 'b876a605-2096-11ed-b609-3887d5e2c283', NULL, '经理', 'userTask', '2', '2022-08-20 22:45:23.032', NULL, 3, NULL, NULL, '');
INSERT INTO `act_hi_actinst` VALUES ('d2049cc9-ce39-11ef-bcf7-e4a8dfac961e', 1, 'leave:2:f519d4d0-1ec3-11ed-af71-3887d5e2c283', 'd1ede070-ce39-11ef-bcf7-e4a8dfac961e', 'd2049cc8-ce39-11ef-bcf7-e4a8dfac961e', 'Event_1u2autv', NULL, NULL, NULL, 'startEvent', NULL, '2025-01-09 11:28:40.375', '2025-01-09 11:28:40.396', 1, 21, NULL, '');
INSERT INTO `act_hi_actinst` VALUES ('d209a5da-ce39-11ef-bcf7-e4a8dfac961e', 1, 'leave:2:f519d4d0-1ec3-11ed-af71-3887d5e2c283', 'd1ede070-ce39-11ef-bcf7-e4a8dfac961e', 'd2049cc8-ce39-11ef-bcf7-e4a8dfac961e', 'Flow_1cxox84', NULL, NULL, NULL, 'sequenceFlow', NULL, '2025-01-09 11:28:40.408', '2025-01-09 11:28:40.408', 2, 0, NULL, '');
INSERT INTO `act_hi_actinst` VALUES ('d209a5db-ce39-11ef-bcf7-e4a8dfac961e', 2, 'leave:2:f519d4d0-1ec3-11ed-af71-3887d5e2c283', 'd1ede070-ce39-11ef-bcf7-e4a8dfac961e', 'd2049cc8-ce39-11ef-bcf7-e4a8dfac961e', 'Activity_0gcxdwu', 'd21d2ddc-ce39-11ef-bcf7-e4a8dfac961e', NULL, '经理', 'userTask', '2', '2025-01-09 11:28:40.408', '2025-01-09 11:30:12.757', 3, 92349, NULL, '');
INSERT INTO `act_hi_actinst` VALUES ('da71cb93-2095-11ed-b609-3887d5e2c283', 1, 'leave:2:f519d4d0-1ec3-11ed-af71-3887d5e2c283', 'da70e12a-2095-11ed-b609-3887d5e2c283', 'da71cb92-2095-11ed-b609-3887d5e2c283', 'Event_1u2autv', NULL, NULL, NULL, 'startEvent', NULL, '2022-08-20 22:39:10.546', '2022-08-20 22:39:10.546', 1, 0, NULL, '');
INSERT INTO `act_hi_actinst` VALUES ('da71cb94-2095-11ed-b609-3887d5e2c283', 1, 'leave:2:f519d4d0-1ec3-11ed-af71-3887d5e2c283', 'da70e12a-2095-11ed-b609-3887d5e2c283', 'da71cb92-2095-11ed-b609-3887d5e2c283', 'Flow_1cxox84', NULL, NULL, NULL, 'sequenceFlow', NULL, '2022-08-20 22:39:10.546', '2022-08-20 22:39:10.546', 2, 0, NULL, '');
INSERT INTO `act_hi_actinst` VALUES ('da71cb95-2095-11ed-b609-3887d5e2c283', 1, 'leave:2:f519d4d0-1ec3-11ed-af71-3887d5e2c283', 'da70e12a-2095-11ed-b609-3887d5e2c283', 'da71cb92-2095-11ed-b609-3887d5e2c283', 'Activity_0gcxdwu', 'da71f2a6-2095-11ed-b609-3887d5e2c283', NULL, '经理', 'userTask', '2', '2022-08-20 22:39:10.546', NULL, 3, NULL, NULL, '');
INSERT INTO `act_hi_actinst` VALUES ('e9b7f05d-283f-11ed-9000-3887d5e2c283', 1, 'leave:2:f519d4d0-1ec3-11ed-af71-3887d5e2c283', 'e9b53134-283f-11ed-9000-3887d5e2c283', 'e9b7f05c-283f-11ed-9000-3887d5e2c283', 'Event_1u2autv', NULL, NULL, NULL, 'startEvent', NULL, '2022-08-30 16:44:08.755', '2022-08-30 16:44:08.759', 1, 4, NULL, '');
INSERT INTO `act_hi_actinst` VALUES ('e9b8dabe-283f-11ed-9000-3887d5e2c283', 1, 'leave:2:f519d4d0-1ec3-11ed-af71-3887d5e2c283', 'e9b53134-283f-11ed-9000-3887d5e2c283', 'e9b7f05c-283f-11ed-9000-3887d5e2c283', 'Flow_1cxox84', NULL, NULL, NULL, 'sequenceFlow', NULL, '2022-08-30 16:44:08.761', '2022-08-30 16:44:08.761', 2, 0, NULL, '');
INSERT INTO `act_hi_actinst` VALUES ('e9b8dabf-283f-11ed-9000-3887d5e2c283', 2, 'leave:2:f519d4d0-1ec3-11ed-af71-3887d5e2c283', 'e9b53134-283f-11ed-9000-3887d5e2c283', 'e9b7f05c-283f-11ed-9000-3887d5e2c283', 'Activity_0gcxdwu', 'e9bbe800-283f-11ed-9000-3887d5e2c283', NULL, '经理', 'userTask', '2', '2022-08-30 16:44:08.761', '2022-08-30 17:07:19.783', 3, 1391022, NULL, '');

-- ----------------------------
-- Table structure for act_hi_attachment
-- ----------------------------
DROP TABLE IF EXISTS `act_hi_attachment`;
CREATE TABLE `act_hi_attachment`  (
  `ID_` varchar(64) CHARACTER SET utf8 COLLATE utf8_bin NOT NULL,
  `REV_` int(11) NULL DEFAULT NULL,
  `USER_ID_` varchar(255) CHARACTER SET utf8 COLLATE utf8_bin NULL DEFAULT NULL,
  `NAME_` varchar(255) CHARACTER SET utf8 COLLATE utf8_bin NULL DEFAULT NULL,
  `DESCRIPTION_` varchar(4000) CHARACTER SET utf8 COLLATE utf8_bin NULL DEFAULT NULL,
  `TYPE_` varchar(255) CHARACTER SET utf8 COLLATE utf8_bin NULL DEFAULT NULL,
  `TASK_ID_` varchar(64) CHARACTER SET utf8 COLLATE utf8_bin NULL DEFAULT NULL,
  `PROC_INST_ID_` varchar(64) CHARACTER SET utf8 COLLATE utf8_bin NULL DEFAULT NULL,
  `URL_` varchar(4000) CHARACTER SET utf8 COLLATE utf8_bin NULL DEFAULT NULL,
  `CONTENT_ID_` varchar(64) CHARACTER SET utf8 COLLATE utf8_bin NULL DEFAULT NULL,
  `TIME_` datetime(3) NULL DEFAULT NULL,
  PRIMARY KEY (`ID_`) USING BTREE
) ENGINE = InnoDB CHARACTER SET = utf8 COLLATE = utf8_bin ROW_FORMAT = COMPACT;

-- ----------------------------
-- Records of act_hi_attachment
-- ----------------------------

-- ----------------------------
-- Table structure for act_hi_comment
-- ----------------------------
DROP TABLE IF EXISTS `act_hi_comment`;
CREATE TABLE `act_hi_comment`  (
  `ID_` varchar(64) CHARACTER SET utf8 COLLATE utf8_bin NOT NULL,
  `TYPE_` varchar(255) CHARACTER SET utf8 COLLATE utf8_bin NULL DEFAULT NULL,
  `TIME_` datetime(3) NOT NULL,
  `USER_ID_` varchar(255) CHARACTER SET utf8 COLLATE utf8_bin NULL DEFAULT NULL,
  `TASK_ID_` varchar(64) CHARACTER SET utf8 COLLATE utf8_bin NULL DEFAULT NULL,
  `PROC_INST_ID_` varchar(64) CHARACTER SET utf8 COLLATE utf8_bin NULL DEFAULT NULL,
  `ACTION_` varchar(255) CHARACTER SET utf8 COLLATE utf8_bin NULL DEFAULT NULL,
  `MESSAGE_` varchar(4000) CHARACTER SET utf8 COLLATE utf8_bin NULL DEFAULT NULL,
  `FULL_MSG_` longblob NULL,
  PRIMARY KEY (`ID_`) USING BTREE
) ENGINE = InnoDB CHARACTER SET = utf8 COLLATE = utf8_bin ROW_FORMAT = COMPACT;

-- ----------------------------
-- Records of act_hi_comment
-- ----------------------------

-- ----------------------------
-- Table structure for act_hi_detail
-- ----------------------------
DROP TABLE IF EXISTS `act_hi_detail`;
CREATE TABLE `act_hi_detail`  (
  `ID_` varchar(64) CHARACTER SET utf8 COLLATE utf8_bin NOT NULL,
  `TYPE_` varchar(255) CHARACTER SET utf8 COLLATE utf8_bin NOT NULL,
  `PROC_INST_ID_` varchar(64) CHARACTER SET utf8 COLLATE utf8_bin NULL DEFAULT NULL,
  `EXECUTION_ID_` varchar(64) CHARACTER SET utf8 COLLATE utf8_bin NULL DEFAULT NULL,
  `TASK_ID_` varchar(64) CHARACTER SET utf8 COLLATE utf8_bin NULL DEFAULT NULL,
  `ACT_INST_ID_` varchar(64) CHARACTER SET utf8 COLLATE utf8_bin NULL DEFAULT NULL,
  `NAME_` varchar(255) CHARACTER SET utf8 COLLATE utf8_bin NOT NULL,
  `VAR_TYPE_` varchar(255) CHARACTER SET utf8 COLLATE utf8_bin NULL DEFAULT NULL,
  `REV_` int(11) NULL DEFAULT NULL,
  `TIME_` datetime(3) NOT NULL,
  `BYTEARRAY_ID_` varchar(64) CHARACTER SET utf8 COLLATE utf8_bin NULL DEFAULT NULL,
  `DOUBLE_` double NULL DEFAULT NULL,
  `LONG_` bigint(20) NULL DEFAULT NULL,
  `TEXT_` varchar(4000) CHARACTER SET utf8 COLLATE utf8_bin NULL DEFAULT NULL,
  `TEXT2_` varchar(4000) CHARACTER SET utf8 COLLATE utf8_bin NULL DEFAULT NULL,
  PRIMARY KEY (`ID_`) USING BTREE,
  INDEX `ACT_IDX_HI_DETAIL_PROC_INST`(`PROC_INST_ID_`) USING BTREE,
  INDEX `ACT_IDX_HI_DETAIL_ACT_INST`(`ACT_INST_ID_`) USING BTREE,
  INDEX `ACT_IDX_HI_DETAIL_TIME`(`TIME_`) USING BTREE,
  INDEX `ACT_IDX_HI_DETAIL_NAME`(`NAME_`) USING BTREE,
  INDEX `ACT_IDX_HI_DETAIL_TASK_ID`(`TASK_ID_`) USING BTREE
) ENGINE = InnoDB CHARACTER SET = utf8 COLLATE = utf8_bin ROW_FORMAT = COMPACT;

-- ----------------------------
-- Records of act_hi_detail
-- ----------------------------
INSERT INTO `act_hi_detail` VALUES ('0a260e5b-2097-11ed-b609-3887d5e2c283', 'VariableUpdate', '0a24aec8-2097-11ed-b609-3887d5e2c283', '0a24aec8-2097-11ed-b609-3887d5e2c283', NULL, NULL, 'field126', 'string', 0, '2022-08-20 22:47:40.077', NULL, NULL, NULL, '333', NULL);
INSERT INTO `act_hi_detail` VALUES ('0a260e5d-2097-11ed-b609-3887d5e2c283', 'VariableUpdate', '0a24aec8-2097-11ed-b609-3887d5e2c283', '0a24aec8-2097-11ed-b609-3887d5e2c283', NULL, NULL, 'field127', 'string', 0, '2022-08-20 22:47:40.077', NULL, NULL, NULL, '333', NULL);
INSERT INTO `act_hi_detail` VALUES ('0a260e5f-2097-11ed-b609-3887d5e2c283', 'VariableUpdate', '0a24aec8-2097-11ed-b609-3887d5e2c283', '0a24aec8-2097-11ed-b609-3887d5e2c283', NULL, NULL, 'field128', 'integer', 0, '2022-08-20 22:47:40.077', NULL, NULL, 1, '1', NULL);
INSERT INTO `act_hi_detail` VALUES ('0f92f9a2-5171-11f0-9668-745d226bb74a', 'VariableUpdate', '0f7a688f-5171-11f0-9668-745d226bb74a', '0f7a688f-5171-11f0-9668-745d226bb74a', NULL, NULL, 'field126', 'string', 0, '2025-06-25 11:04:08.293', NULL, NULL, NULL, 'zzz', NULL);
INSERT INTO `act_hi_detail` VALUES ('0f92f9a4-5171-11f0-9668-745d226bb74a', 'VariableUpdate', '0f7a688f-5171-11f0-9668-745d226bb74a', '0f7a688f-5171-11f0-9668-745d226bb74a', NULL, NULL, 'field127', 'string', 0, '2025-06-25 11:04:08.293', NULL, NULL, NULL, 'zzz', NULL);
INSERT INTO `act_hi_detail` VALUES ('0f92f9a6-5171-11f0-9668-745d226bb74a', 'VariableUpdate', '0f7a688f-5171-11f0-9668-745d226bb74a', '0f7a688f-5171-11f0-9668-745d226bb74a', NULL, NULL, 'field128', 'integer', 0, '2025-06-25 11:04:08.293', NULL, NULL, 1, '1', NULL);
INSERT INTO `act_hi_detail` VALUES ('2c5fe043-5ca7-11f0-b23a-d6bd7300036d', 'VariableUpdate', '2c481280-5ca7-11f0-b23a-d6bd7300036d', '2c481280-5ca7-11f0-b23a-d6bd7300036d', NULL, NULL, 'field126', 'string', 0, '2025-07-09 17:29:12.226', NULL, NULL, NULL, '我是请假', NULL);
INSERT INTO `act_hi_detail` VALUES ('2c5fe045-5ca7-11f0-b23a-d6bd7300036d', 'VariableUpdate', '2c481280-5ca7-11f0-b23a-d6bd7300036d', '2c481280-5ca7-11f0-b23a-d6bd7300036d', NULL, NULL, 'field127', 'string', 0, '2025-07-09 17:29:12.226', NULL, NULL, NULL, '我是请假', NULL);
INSERT INTO `act_hi_detail` VALUES ('2c600757-5ca7-11f0-b23a-d6bd7300036d', 'VariableUpdate', '2c481280-5ca7-11f0-b23a-d6bd7300036d', '2c481280-5ca7-11f0-b23a-d6bd7300036d', NULL, NULL, 'field128', 'integer', 0, '2025-07-09 17:29:12.227', NULL, NULL, 1, '1', NULL);
INSERT INTO `act_hi_detail` VALUES ('323bcf01-5171-11f0-9668-745d226bb74a', 'VariableUpdate', '322fc10e-5171-11f0-9668-745d226bb74a', '322fc10e-5171-11f0-9668-745d226bb74a', NULL, NULL, 'field126', 'string', 0, '2025-06-25 11:05:06.442', NULL, NULL, NULL, 'zz', NULL);
INSERT INTO `act_hi_detail` VALUES ('323bcf03-5171-11f0-9668-745d226bb74a', 'VariableUpdate', '322fc10e-5171-11f0-9668-745d226bb74a', '322fc10e-5171-11f0-9668-745d226bb74a', NULL, NULL, 'field127', 'string', 0, '2025-06-25 11:05:06.442', NULL, NULL, NULL, 'zz', NULL);
INSERT INTO `act_hi_detail` VALUES ('323bcf05-5171-11f0-9668-745d226bb74a', 'VariableUpdate', '322fc10e-5171-11f0-9668-745d226bb74a', '322fc10e-5171-11f0-9668-745d226bb74a', NULL, NULL, 'field128', 'integer', 0, '2025-06-25 11:05:06.442', NULL, NULL, 1, '1', NULL);
INSERT INTO `act_hi_detail` VALUES ('70103c93-516e-11f0-9668-745d226bb74a', 'VariableUpdate', '7004a3d0-516e-11f0-9668-745d226bb74a', '7004a3d0-516e-11f0-9668-745d226bb74a', NULL, NULL, 'field126', 'string', 0, '2025-06-25 10:45:21.685', NULL, NULL, NULL, 'aaa', NULL);
INSERT INTO `act_hi_detail` VALUES ('70103c95-516e-11f0-9668-745d226bb74a', 'VariableUpdate', '7004a3d0-516e-11f0-9668-745d226bb74a', '7004a3d0-516e-11f0-9668-745d226bb74a', NULL, NULL, 'field127', 'string', 0, '2025-06-25 10:45:21.685', NULL, NULL, NULL, 'ccc', NULL);
INSERT INTO `act_hi_detail` VALUES ('70103c97-516e-11f0-9668-745d226bb74a', 'VariableUpdate', '7004a3d0-516e-11f0-9668-745d226bb74a', '7004a3d0-516e-11f0-9668-745d226bb74a', NULL, NULL, 'field128', 'integer', 0, '2025-06-25 10:45:21.685', NULL, NULL, 1, '1', NULL);
INSERT INTO `act_hi_detail` VALUES ('7ad425f2-5619-11f0-ab2d-745d226bb74a', 'VariableUpdate', '7aca88ff-5619-11f0-ab2d-745d226bb74a', '7aca88ff-5619-11f0-ab2d-745d226bb74a', NULL, NULL, 'field126', 'string', 0, '2025-07-01 09:19:48.338', NULL, NULL, NULL, 'sss', NULL);
INSERT INTO `act_hi_detail` VALUES ('7ad425f4-5619-11f0-ab2d-745d226bb74a', 'VariableUpdate', '7aca88ff-5619-11f0-ab2d-745d226bb74a', '7aca88ff-5619-11f0-ab2d-745d226bb74a', NULL, NULL, 'field127', 'string', 0, '2025-07-01 09:19:48.338', NULL, NULL, NULL, 'sss', NULL);
INSERT INTO `act_hi_detail` VALUES ('7ad425f6-5619-11f0-ab2d-745d226bb74a', 'VariableUpdate', '7aca88ff-5619-11f0-ab2d-745d226bb74a', '7aca88ff-5619-11f0-ab2d-745d226bb74a', NULL, NULL, 'field128', 'integer', 0, '2025-07-01 09:19:48.338', NULL, NULL, 1, '1', NULL);
INSERT INTO `act_hi_detail` VALUES ('7bf927be-2097-11ed-8938-3887d5e2c283', 'VariableUpdate', '7bf2bf1b-2097-11ed-8938-3887d5e2c283', '7bf2bf1b-2097-11ed-8938-3887d5e2c283', NULL, NULL, 'field126', 'string', 0, '2022-08-20 22:50:51.043', NULL, NULL, NULL, '444', NULL);
INSERT INTO `act_hi_detail` VALUES ('7bf927c0-2097-11ed-8938-3887d5e2c283', 'VariableUpdate', '7bf2bf1b-2097-11ed-8938-3887d5e2c283', '7bf2bf1b-2097-11ed-8938-3887d5e2c283', NULL, NULL, 'field127', 'string', 0, '2022-08-20 22:50:51.043', NULL, NULL, NULL, '444', NULL);
INSERT INTO `act_hi_detail` VALUES ('7bf927c2-2097-11ed-8938-3887d5e2c283', 'VariableUpdate', '7bf2bf1b-2097-11ed-8938-3887d5e2c283', '7bf2bf1b-2097-11ed-8938-3887d5e2c283', NULL, NULL, 'field128', 'integer', 0, '2022-08-20 22:50:51.043', NULL, NULL, 1, '1', NULL);
INSERT INTO `act_hi_detail` VALUES ('7e5cf1d4-5171-11f0-9668-745d226bb74a', 'VariableUpdate', '7e52dfb1-5171-11f0-9668-745d226bb74a', '7e52dfb1-5171-11f0-9668-745d226bb74a', NULL, NULL, 'field126', 'string', 0, '2025-06-25 11:07:14.166', NULL, NULL, NULL, 'qq', NULL);
INSERT INTO `act_hi_detail` VALUES ('7e5cf1d6-5171-11f0-9668-745d226bb74a', 'VariableUpdate', '7e52dfb1-5171-11f0-9668-745d226bb74a', '7e52dfb1-5171-11f0-9668-745d226bb74a', NULL, NULL, 'field127', 'string', 0, '2025-06-25 11:07:14.166', NULL, NULL, NULL, 'qq', NULL);
INSERT INTO `act_hi_detail` VALUES ('7e5cf1d8-5171-11f0-9668-745d226bb74a', 'VariableUpdate', '7e52dfb1-5171-11f0-9668-745d226bb74a', '7e52dfb1-5171-11f0-9668-745d226bb74a', NULL, NULL, 'field128', 'integer', 0, '2025-06-25 11:07:14.166', NULL, NULL, 1, '1', NULL);
INSERT INTO `act_hi_detail` VALUES ('7e8c677e-2095-11ed-b609-3887d5e2c283', 'VariableUpdate', '7e853b8b-2095-11ed-b609-3887d5e2c283', '7e853b8b-2095-11ed-b609-3887d5e2c283', NULL, NULL, 'field126', 'string', 0, '2022-08-20 22:36:36.369', NULL, NULL, NULL, '111', NULL);
INSERT INTO `act_hi_detail` VALUES ('7e8c6780-2095-11ed-b609-3887d5e2c283', 'VariableUpdate', '7e853b8b-2095-11ed-b609-3887d5e2c283', '7e853b8b-2095-11ed-b609-3887d5e2c283', NULL, NULL, 'field127', 'string', 0, '2022-08-20 22:36:36.370', NULL, NULL, NULL, '222', NULL);
INSERT INTO `act_hi_detail` VALUES ('7e8c6782-2095-11ed-b609-3887d5e2c283', 'VariableUpdate', '7e853b8b-2095-11ed-b609-3887d5e2c283', '7e853b8b-2095-11ed-b609-3887d5e2c283', NULL, NULL, 'field128', 'integer', 0, '2022-08-20 22:36:36.370', NULL, NULL, 1, '1', NULL);
INSERT INTO `act_hi_detail` VALUES ('b8767eec-2096-11ed-b609-3887d5e2c283', 'VariableUpdate', 'b8745c09-2096-11ed-b609-3887d5e2c283', 'b8745c09-2096-11ed-b609-3887d5e2c283', NULL, NULL, 'field126', 'string', 0, '2022-08-20 22:45:23.031', NULL, NULL, NULL, '222', NULL);
INSERT INTO `act_hi_detail` VALUES ('b8767eee-2096-11ed-b609-3887d5e2c283', 'VariableUpdate', 'b8745c09-2096-11ed-b609-3887d5e2c283', 'b8745c09-2096-11ed-b609-3887d5e2c283', NULL, NULL, 'field127', 'string', 0, '2022-08-20 22:45:23.031', NULL, NULL, NULL, '222', NULL);
INSERT INTO `act_hi_detail` VALUES ('b8767ef0-2096-11ed-b609-3887d5e2c283', 'VariableUpdate', 'b8745c09-2096-11ed-b609-3887d5e2c283', 'b8745c09-2096-11ed-b609-3887d5e2c283', NULL, NULL, 'field128', 'integer', 0, '2022-08-20 22:45:23.031', NULL, NULL, 1, '1', NULL);
INSERT INTO `act_hi_detail` VALUES ('d2040083-ce39-11ef-bcf7-e4a8dfac961e', 'VariableUpdate', 'd1ede070-ce39-11ef-bcf7-e4a8dfac961e', 'd1ede070-ce39-11ef-bcf7-e4a8dfac961e', NULL, NULL, 'field126', 'string', 0, '2025-01-09 11:28:40.371', NULL, NULL, NULL, '123', NULL);
INSERT INTO `act_hi_detail` VALUES ('d2040085-ce39-11ef-bcf7-e4a8dfac961e', 'VariableUpdate', 'd1ede070-ce39-11ef-bcf7-e4a8dfac961e', 'd1ede070-ce39-11ef-bcf7-e4a8dfac961e', NULL, NULL, 'field127', 'string', 0, '2025-01-09 11:28:40.371', NULL, NULL, NULL, '123', NULL);
INSERT INTO `act_hi_detail` VALUES ('d2042797-ce39-11ef-bcf7-e4a8dfac961e', 'VariableUpdate', 'd1ede070-ce39-11ef-bcf7-e4a8dfac961e', 'd1ede070-ce39-11ef-bcf7-e4a8dfac961e', NULL, NULL, 'field128', 'integer', 0, '2025-01-09 11:28:40.372', NULL, NULL, 1, '1', NULL);
INSERT INTO `act_hi_detail` VALUES ('da71a47d-2095-11ed-b609-3887d5e2c283', 'VariableUpdate', 'da70e12a-2095-11ed-b609-3887d5e2c283', 'da70e12a-2095-11ed-b609-3887d5e2c283', NULL, NULL, 'field126', 'string', 0, '2022-08-20 22:39:10.545', NULL, NULL, NULL, '111', NULL);
INSERT INTO `act_hi_detail` VALUES ('da71a47f-2095-11ed-b609-3887d5e2c283', 'VariableUpdate', 'da70e12a-2095-11ed-b609-3887d5e2c283', 'da70e12a-2095-11ed-b609-3887d5e2c283', NULL, NULL, 'field127', 'string', 0, '2022-08-20 22:39:10.545', NULL, NULL, NULL, '111', NULL);
INSERT INTO `act_hi_detail` VALUES ('da71cb91-2095-11ed-b609-3887d5e2c283', 'VariableUpdate', 'da70e12a-2095-11ed-b609-3887d5e2c283', 'da70e12a-2095-11ed-b609-3887d5e2c283', NULL, NULL, 'field128', 'integer', 0, '2022-08-20 22:39:10.546', NULL, NULL, 1, '1', NULL);
INSERT INTO `act_hi_detail` VALUES ('e9b7c947-283f-11ed-9000-3887d5e2c283', 'VariableUpdate', 'e9b53134-283f-11ed-9000-3887d5e2c283', 'e9b53134-283f-11ed-9000-3887d5e2c283', NULL, NULL, 'field126', 'string', 0, '2022-08-30 16:44:08.754', NULL, NULL, NULL, '123', NULL);
INSERT INTO `act_hi_detail` VALUES ('e9b7c949-283f-11ed-9000-3887d5e2c283', 'VariableUpdate', 'e9b53134-283f-11ed-9000-3887d5e2c283', 'e9b53134-283f-11ed-9000-3887d5e2c283', NULL, NULL, 'field127', 'string', 0, '2022-08-30 16:44:08.754', NULL, NULL, NULL, '123', NULL);
INSERT INTO `act_hi_detail` VALUES ('e9b7c94b-283f-11ed-9000-3887d5e2c283', 'VariableUpdate', 'e9b53134-283f-11ed-9000-3887d5e2c283', 'e9b53134-283f-11ed-9000-3887d5e2c283', NULL, NULL, 'field128', 'integer', 0, '2022-08-30 16:44:08.754', NULL, NULL, 1, '1', NULL);

-- ----------------------------
-- Table structure for act_hi_entitylink
-- ----------------------------
DROP TABLE IF EXISTS `act_hi_entitylink`;
CREATE TABLE `act_hi_entitylink`  (
  `ID_` varchar(64) CHARACTER SET utf8 COLLATE utf8_bin NOT NULL,
  `LINK_TYPE_` varchar(255) CHARACTER SET utf8 COLLATE utf8_bin NULL DEFAULT NULL,
  `CREATE_TIME_` datetime(3) NULL DEFAULT NULL,
  `SCOPE_ID_` varchar(255) CHARACTER SET utf8 COLLATE utf8_bin NULL DEFAULT NULL,
  `SUB_SCOPE_ID_` varchar(255) CHARACTER SET utf8 COLLATE utf8_bin NULL DEFAULT NULL,
  `SCOPE_TYPE_` varchar(255) CHARACTER SET utf8 COLLATE utf8_bin NULL DEFAULT NULL,
  `SCOPE_DEFINITION_ID_` varchar(255) CHARACTER SET utf8 COLLATE utf8_bin NULL DEFAULT NULL,
  `PARENT_ELEMENT_ID_` varchar(255) CHARACTER SET utf8 COLLATE utf8_bin NULL DEFAULT NULL,
  `REF_SCOPE_ID_` varchar(255) CHARACTER SET utf8 COLLATE utf8_bin NULL DEFAULT NULL,
  `REF_SCOPE_TYPE_` varchar(255) CHARACTER SET utf8 COLLATE utf8_bin NULL DEFAULT NULL,
  `REF_SCOPE_DEFINITION_ID_` varchar(255) CHARACTER SET utf8 COLLATE utf8_bin NULL DEFAULT NULL,
  `ROOT_SCOPE_ID_` varchar(255) CHARACTER SET utf8 COLLATE utf8_bin NULL DEFAULT NULL,
  `ROOT_SCOPE_TYPE_` varchar(255) CHARACTER SET utf8 COLLATE utf8_bin NULL DEFAULT NULL,
  `HIERARCHY_TYPE_` varchar(255) CHARACTER SET utf8 COLLATE utf8_bin NULL DEFAULT NULL,
  PRIMARY KEY (`ID_`) USING BTREE,
  INDEX `ACT_IDX_HI_ENT_LNK_SCOPE`(`SCOPE_ID_`, `SCOPE_TYPE_`, `LINK_TYPE_`) USING BTREE,
  INDEX `ACT_IDX_HI_ENT_LNK_REF_SCOPE`(`REF_SCOPE_ID_`, `REF_SCOPE_TYPE_`, `LINK_TYPE_`) USING BTREE,
  INDEX `ACT_IDX_HI_ENT_LNK_ROOT_SCOPE`(`ROOT_SCOPE_ID_`, `ROOT_SCOPE_TYPE_`, `LINK_TYPE_`) USING BTREE,
  INDEX `ACT_IDX_HI_ENT_LNK_SCOPE_DEF`(`SCOPE_DEFINITION_ID_`, `SCOPE_TYPE_`, `LINK_TYPE_`) USING BTREE
) ENGINE = InnoDB CHARACTER SET = utf8 COLLATE = utf8_bin ROW_FORMAT = COMPACT;

-- ----------------------------
-- Records of act_hi_entitylink
-- ----------------------------

-- ----------------------------
-- Table structure for act_hi_identitylink
-- ----------------------------
DROP TABLE IF EXISTS `act_hi_identitylink`;
CREATE TABLE `act_hi_identitylink`  (
  `ID_` varchar(64) CHARACTER SET utf8 COLLATE utf8_bin NOT NULL,
  `GROUP_ID_` varchar(255) CHARACTER SET utf8 COLLATE utf8_bin NULL DEFAULT NULL,
  `TYPE_` varchar(255) CHARACTER SET utf8 COLLATE utf8_bin NULL DEFAULT NULL,
  `USER_ID_` varchar(255) CHARACTER SET utf8 COLLATE utf8_bin NULL DEFAULT NULL,
  `TASK_ID_` varchar(64) CHARACTER SET utf8 COLLATE utf8_bin NULL DEFAULT NULL,
  `CREATE_TIME_` datetime(3) NULL DEFAULT NULL,
  `PROC_INST_ID_` varchar(64) CHARACTER SET utf8 COLLATE utf8_bin NULL DEFAULT NULL,
  `SCOPE_ID_` varchar(255) CHARACTER SET utf8 COLLATE utf8_bin NULL DEFAULT NULL,
  `SUB_SCOPE_ID_` varchar(255) CHARACTER SET utf8 COLLATE utf8_bin NULL DEFAULT NULL,
  `SCOPE_TYPE_` varchar(255) CHARACTER SET utf8 COLLATE utf8_bin NULL DEFAULT NULL,
  `SCOPE_DEFINITION_ID_` varchar(255) CHARACTER SET utf8 COLLATE utf8_bin NULL DEFAULT NULL,
  PRIMARY KEY (`ID_`) USING BTREE,
  INDEX `ACT_IDX_HI_IDENT_LNK_USER`(`USER_ID_`) USING BTREE,
  INDEX `ACT_IDX_HI_IDENT_LNK_SCOPE`(`SCOPE_ID_`, `SCOPE_TYPE_`) USING BTREE,
  INDEX `ACT_IDX_HI_IDENT_LNK_SUB_SCOPE`(`SUB_SCOPE_ID_`, `SCOPE_TYPE_`) USING BTREE,
  INDEX `ACT_IDX_HI_IDENT_LNK_SCOPE_DEF`(`SCOPE_DEFINITION_ID_`, `SCOPE_TYPE_`) USING BTREE,
  INDEX `ACT_IDX_HI_IDENT_LNK_TASK`(`TASK_ID_`) USING BTREE,
  INDEX `ACT_IDX_HI_IDENT_LNK_PROCINST`(`PROC_INST_ID_`) USING BTREE
) ENGINE = InnoDB CHARACTER SET = utf8 COLLATE = utf8_bin ROW_FORMAT = COMPACT;

-- ----------------------------
-- Records of act_hi_identitylink
-- ----------------------------
INSERT INTO `act_hi_identitylink` VALUES ('08f6ed5f-ce3a-11ef-bcf7-e4a8dfac961e', NULL, 'participant', '2', NULL, '2025-01-09 11:30:12.560', 'd1ede070-ce39-11ef-bcf7-e4a8dfac961e', NULL, NULL, NULL, NULL);
INSERT INTO `act_hi_identitylink` VALUES ('092b1cc3-ce3a-11ef-bcf7-e4a8dfac961e', NULL, 'assignee', '4', '091dd652-ce3a-11ef-bcf7-e4a8dfac961e', '2025-01-09 11:30:12.902', NULL, NULL, NULL, NULL, NULL);
INSERT INTO `act_hi_identitylink` VALUES ('09341d74-ce3a-11ef-bcf7-e4a8dfac961e', NULL, 'participant', '4', NULL, '2025-01-09 11:30:12.962', 'd1ede070-ce39-11ef-bcf7-e4a8dfac961e', NULL, NULL, NULL, NULL);
INSERT INTO `act_hi_identitylink` VALUES ('0a24aec9-2097-11ed-b609-3887d5e2c283', NULL, 'starter', '1', NULL, '2022-08-20 22:47:40.068', '0a24aec8-2097-11ed-b609-3887d5e2c283', NULL, NULL, NULL, NULL);
INSERT INTO `act_hi_identitylink` VALUES ('0a27e325-2097-11ed-b609-3887d5e2c283', NULL, 'assignee', '2', '0a263574-2097-11ed-b609-3887d5e2c283', '2022-08-20 22:47:40.089', NULL, NULL, NULL, NULL, NULL);
INSERT INTO `act_hi_identitylink` VALUES ('0a2969c6-2097-11ed-b609-3887d5e2c283', NULL, 'participant', '2', NULL, '2022-08-20 22:47:40.099', '0a24aec8-2097-11ed-b609-3887d5e2c283', NULL, NULL, NULL, NULL);
INSERT INTO `act_hi_identitylink` VALUES ('0f7a6890-5171-11f0-9668-745d226bb74a', NULL, 'starter', '1', NULL, '2025-06-25 11:04:08.132', '0f7a688f-5171-11f0-9668-745d226bb74a', NULL, NULL, NULL, NULL);
INSERT INTO `act_hi_identitylink` VALUES ('0fa410ac-5171-11f0-9668-745d226bb74a', NULL, 'assignee', '2', '0f92f9ab-5171-11f0-9668-745d226bb74a', '2025-06-25 11:04:08.405', NULL, NULL, NULL, NULL, NULL);
INSERT INTO `act_hi_identitylink` VALUES ('0fab158d-5171-11f0-9668-745d226bb74a', NULL, 'participant', '2', NULL, '2025-06-25 11:04:08.451', '0f7a688f-5171-11f0-9668-745d226bb74a', NULL, NULL, NULL, NULL);
INSERT INTO `act_hi_identitylink` VALUES ('20766655-ce3a-11ef-bcf7-e4a8dfac961e', NULL, 'participant', '4', NULL, '2025-01-09 11:30:51.983', 'd1ede070-ce39-11ef-bcf7-e4a8dfac961e', NULL, NULL, NULL, NULL);
INSERT INTO `act_hi_identitylink` VALUES ('26d31173-2843-11ed-9000-3887d5e2c283', NULL, 'participant', '2', NULL, '2022-08-30 17:07:19.764', 'e9b53134-283f-11ed-9000-3887d5e2c283', NULL, NULL, NULL, NULL);
INSERT INTO `act_hi_identitylink` VALUES ('26dbeb17-2843-11ed-9000-3887d5e2c283', NULL, 'assignee', '4', '26d645c6-2843-11ed-9000-3887d5e2c283', '2022-08-30 17:07:19.822', NULL, NULL, NULL, NULL, NULL);
INSERT INTO `act_hi_identitylink` VALUES ('26dd98c8-2843-11ed-9000-3887d5e2c283', NULL, 'participant', '4', NULL, '2022-08-30 17:07:19.833', 'e9b53134-283f-11ed-9000-3887d5e2c283', NULL, NULL, NULL, NULL);
INSERT INTO `act_hi_identitylink` VALUES ('2c4860a1-5ca7-11f0-b23a-d6bd7300036d', NULL, 'starter', '1', NULL, '2025-07-09 17:29:12.073', '2c481280-5ca7-11f0-b23a-d6bd7300036d', NULL, NULL, NULL, NULL);
INSERT INTO `act_hi_identitylink` VALUES ('2d1a088d-5ca7-11f0-b23a-d6bd7300036d', NULL, 'assignee', '8', '2d003efc-5ca7-11f0-b23a-d6bd7300036d', '2025-07-09 17:29:13.446', NULL, NULL, NULL, NULL, NULL);
INSERT INTO `act_hi_identitylink` VALUES ('2d29e70e-5ca7-11f0-b23a-d6bd7300036d', NULL, 'participant', '8', NULL, '2025-07-09 17:29:13.550', '2c481280-5ca7-11f0-b23a-d6bd7300036d', NULL, NULL, NULL, NULL);
INSERT INTO `act_hi_identitylink` VALUES ('322fc10f-5171-11f0-9668-745d226bb74a', NULL, 'starter', '1', NULL, '2025-06-25 11:05:06.363', '322fc10e-5171-11f0-9668-745d226bb74a', NULL, NULL, NULL, NULL);
INSERT INTO `act_hi_identitylink` VALUES ('3245930b-5171-11f0-9668-745d226bb74a', NULL, 'assignee', '2', '323bcf0a-5171-11f0-9668-745d226bb74a', '2025-06-25 11:05:06.506', NULL, NULL, NULL, NULL, NULL);
INSERT INTO `act_hi_identitylink` VALUES ('324a4dfc-5171-11f0-9668-745d226bb74a', NULL, 'participant', '2', NULL, '2025-06-25 11:05:06.537', '322fc10e-5171-11f0-9668-745d226bb74a', NULL, NULL, NULL, NULL);
INSERT INTO `act_hi_identitylink` VALUES ('7004a3d1-516e-11f0-9668-745d226bb74a', NULL, 'starter', '1', NULL, '2025-06-25 10:45:21.609', '7004a3d0-516e-11f0-9668-745d226bb74a', NULL, NULL, NULL, NULL);
INSERT INTO `act_hi_identitylink` VALUES ('701c237d-516e-11f0-9668-745d226bb74a', NULL, 'assignee', '2', '7012115c-516e-11f0-9668-745d226bb74a', '2025-06-25 10:45:21.763', NULL, NULL, NULL, NULL, NULL);
INSERT INTO `act_hi_identitylink` VALUES ('7022da3e-516e-11f0-9668-745d226bb74a', NULL, 'participant', '2', NULL, '2025-06-25 10:45:21.807', '7004a3d0-516e-11f0-9668-745d226bb74a', NULL, NULL, NULL, NULL);
INSERT INTO `act_hi_identitylink` VALUES ('7acab010-5619-11f0-ab2d-745d226bb74a', NULL, 'starter', '1', NULL, '2025-07-01 09:19:48.276', '7aca88ff-5619-11f0-ab2d-745d226bb74a', NULL, NULL, NULL, NULL);
INSERT INTO `act_hi_identitylink` VALUES ('7ae515ec-5619-11f0-ab2d-745d226bb74a', NULL, 'assignee', '7', '7ad696fb-5619-11f0-ab2d-745d226bb74a', '2025-07-01 09:19:48.449', NULL, NULL, NULL, NULL, NULL);
INSERT INTO `act_hi_identitylink` VALUES ('7aedc87d-5619-11f0-ab2d-745d226bb74a', NULL, 'participant', '7', NULL, '2025-07-01 09:19:48.506', '7aca88ff-5619-11f0-ab2d-745d226bb74a', NULL, NULL, NULL, NULL);
INSERT INTO `act_hi_identitylink` VALUES ('7bf2bf1c-2097-11ed-8938-3887d5e2c283', NULL, 'starter', '1', NULL, '2022-08-20 22:50:51.003', '7bf2bf1b-2097-11ed-8938-3887d5e2c283', NULL, NULL, NULL, NULL);
INSERT INTO `act_hi_identitylink` VALUES ('7c066e38-2097-11ed-8938-3887d5e2c283', NULL, 'assignee', '2', '7bfe7ef7-2097-11ed-8938-3887d5e2c283', '2022-08-20 22:50:51.130', NULL, NULL, NULL, NULL, NULL);
INSERT INTO `act_hi_identitylink` VALUES ('7c0a3ec9-2097-11ed-8938-3887d5e2c283', NULL, 'participant', '2', NULL, '2022-08-20 22:50:51.155', '7bf2bf1b-2097-11ed-8938-3887d5e2c283', NULL, NULL, NULL, NULL);
INSERT INTO `act_hi_identitylink` VALUES ('7e52dfb2-5171-11f0-9668-745d226bb74a', NULL, 'starter', '1', NULL, '2025-06-25 11:07:14.100', '7e52dfb1-5171-11f0-9668-745d226bb74a', NULL, NULL, NULL, NULL);
INSERT INTO `act_hi_identitylink` VALUES ('7e672b0e-5171-11f0-9668-745d226bb74a', NULL, 'assignee', '8', '7e5cf1dd-5171-11f0-9668-745d226bb74a', '2025-06-25 11:07:14.233', NULL, NULL, NULL, NULL, NULL);
INSERT INTO `act_hi_identitylink` VALUES ('7e6de1cf-5171-11f0-9668-745d226bb74a', NULL, 'participant', '8', NULL, '2025-06-25 11:07:14.277', '7e52dfb1-5171-11f0-9668-745d226bb74a', NULL, NULL, NULL, NULL);
INSERT INTO `act_hi_identitylink` VALUES ('7e85629c-2095-11ed-b609-3887d5e2c283', NULL, 'starter', '1', NULL, '2022-08-20 22:36:36.326', '7e853b8b-2095-11ed-b609-3887d5e2c283', NULL, NULL, NULL, NULL);
INSERT INTO `act_hi_identitylink` VALUES ('7e9df3b8-2095-11ed-b609-3887d5e2c283', NULL, 'assignee', '2', '7e92a917-2095-11ed-b609-3887d5e2c283', '2022-08-20 22:36:36.485', NULL, NULL, NULL, NULL, NULL);
INSERT INTO `act_hi_identitylink` VALUES ('7ea98c79-2095-11ed-b609-3887d5e2c283', NULL, 'participant', '2', NULL, '2022-08-20 22:36:36.561', '7e853b8b-2095-11ed-b609-3887d5e2c283', NULL, NULL, NULL, NULL);
INSERT INTO `act_hi_identitylink` VALUES ('b8745c0a-2096-11ed-b609-3887d5e2c283', NULL, 'starter', '1', NULL, '2022-08-20 22:45:23.017', 'b8745c09-2096-11ed-b609-3887d5e2c283', NULL, NULL, NULL, NULL);
INSERT INTO `act_hi_identitylink` VALUES ('b8782ca6-2096-11ed-b609-3887d5e2c283', NULL, 'assignee', '2', 'b876a605-2096-11ed-b609-3887d5e2c283', '2022-08-20 22:45:23.042', NULL, NULL, NULL, NULL, NULL);
INSERT INTO `act_hi_identitylink` VALUES ('b878eff7-2096-11ed-b609-3887d5e2c283', NULL, 'participant', '2', NULL, '2022-08-20 22:45:23.047', 'b8745c09-2096-11ed-b609-3887d5e2c283', NULL, NULL, NULL, NULL);
INSERT INTO `act_hi_identitylink` VALUES ('d1eea3c1-ce39-11ef-bcf7-e4a8dfac961e', NULL, 'starter', '1', NULL, '2025-01-09 11:28:40.236', 'd1ede070-ce39-11ef-bcf7-e4a8dfac961e', NULL, NULL, NULL, NULL);
INSERT INTO `act_hi_identitylink` VALUES ('d234384d-ce39-11ef-bcf7-e4a8dfac961e', NULL, 'assignee', '2', 'd21d2ddc-ce39-11ef-bcf7-e4a8dfac961e', '2025-01-09 11:28:40.687', NULL, NULL, NULL, NULL, NULL);
INSERT INTO `act_hi_identitylink` VALUES ('d240463e-ce39-11ef-bcf7-e4a8dfac961e', NULL, 'participant', '2', NULL, '2025-01-09 11:28:40.766', 'd1ede070-ce39-11ef-bcf7-e4a8dfac961e', NULL, NULL, NULL, NULL);
INSERT INTO `act_hi_identitylink` VALUES ('da70e12b-2095-11ed-b609-3887d5e2c283', NULL, 'starter', '1', NULL, '2022-08-20 22:39:10.540', 'da70e12a-2095-11ed-b609-3887d5e2c283', NULL, NULL, NULL, NULL);
INSERT INTO `act_hi_identitylink` VALUES ('da73c767-2095-11ed-b609-3887d5e2c283', NULL, 'assignee', '2', 'da71f2a6-2095-11ed-b609-3887d5e2c283', '2022-08-20 22:39:10.559', NULL, NULL, NULL, NULL, NULL);
INSERT INTO `act_hi_identitylink` VALUES ('da74b1c8-2095-11ed-b609-3887d5e2c283', NULL, 'participant', '2', NULL, '2022-08-20 22:39:10.565', 'da70e12a-2095-11ed-b609-3887d5e2c283', NULL, NULL, NULL, NULL);
INSERT INTO `act_hi_identitylink` VALUES ('e9b55845-283f-11ed-9000-3887d5e2c283', NULL, 'starter', '1', NULL, '2022-08-30 16:44:08.739', 'e9b53134-283f-11ed-9000-3887d5e2c283', NULL, NULL, NULL, NULL);
INSERT INTO `act_hi_identitylink` VALUES ('e9c4c1a1-283f-11ed-9000-3887d5e2c283', NULL, 'assignee', '2', 'e9bbe800-283f-11ed-9000-3887d5e2c283', '2022-08-30 16:44:08.839', NULL, NULL, NULL, NULL, NULL);
INSERT INTO `act_hi_identitylink` VALUES ('e9c64842-283f-11ed-9000-3887d5e2c283', NULL, 'participant', '2', NULL, '2022-08-30 16:44:08.849', 'e9b53134-283f-11ed-9000-3887d5e2c283', NULL, NULL, NULL, NULL);

-- ----------------------------
-- Table structure for act_hi_procinst
-- ----------------------------
DROP TABLE IF EXISTS `act_hi_procinst`;
CREATE TABLE `act_hi_procinst`  (
  `ID_` varchar(64) CHARACTER SET utf8 COLLATE utf8_bin NOT NULL,
  `REV_` int(11) NULL DEFAULT 1,
  `PROC_INST_ID_` varchar(64) CHARACTER SET utf8 COLLATE utf8_bin NOT NULL,
  `BUSINESS_KEY_` varchar(255) CHARACTER SET utf8 COLLATE utf8_bin NULL DEFAULT NULL,
  `PROC_DEF_ID_` varchar(64) CHARACTER SET utf8 COLLATE utf8_bin NOT NULL,
  `START_TIME_` datetime(3) NOT NULL,
  `END_TIME_` datetime(3) NULL DEFAULT NULL,
  `DURATION_` bigint(20) NULL DEFAULT NULL,
  `START_USER_ID_` varchar(255) CHARACTER SET utf8 COLLATE utf8_bin NULL DEFAULT NULL,
  `START_ACT_ID_` varchar(255) CHARACTER SET utf8 COLLATE utf8_bin NULL DEFAULT NULL,
  `END_ACT_ID_` varchar(255) CHARACTER SET utf8 COLLATE utf8_bin NULL DEFAULT NULL,
  `SUPER_PROCESS_INSTANCE_ID_` varchar(64) CHARACTER SET utf8 COLLATE utf8_bin NULL DEFAULT NULL,
  `DELETE_REASON_` varchar(4000) CHARACTER SET utf8 COLLATE utf8_bin NULL DEFAULT NULL,
  `TENANT_ID_` varchar(255) CHARACTER SET utf8 COLLATE utf8_bin NULL DEFAULT '',
  `NAME_` varchar(255) CHARACTER SET utf8 COLLATE utf8_bin NULL DEFAULT NULL,
  `CALLBACK_ID_` varchar(255) CHARACTER SET utf8 COLLATE utf8_bin NULL DEFAULT NULL,
  `CALLBACK_TYPE_` varchar(255) CHARACTER SET utf8 COLLATE utf8_bin NULL DEFAULT NULL,
  `REFERENCE_ID_` varchar(255) CHARACTER SET utf8 COLLATE utf8_bin NULL DEFAULT NULL,
  `REFERENCE_TYPE_` varchar(255) CHARACTER SET utf8 COLLATE utf8_bin NULL DEFAULT NULL,
  `PROPAGATED_STAGE_INST_ID_` varchar(255) CHARACTER SET utf8 COLLATE utf8_bin NULL DEFAULT NULL,
  `BUSINESS_STATUS_` varchar(255) CHARACTER SET utf8 COLLATE utf8_bin NULL DEFAULT NULL,
  PRIMARY KEY (`ID_`) USING BTREE,
  UNIQUE INDEX `PROC_INST_ID_`(`PROC_INST_ID_`) USING BTREE,
  INDEX `ACT_IDX_HI_PRO_INST_END`(`END_TIME_`) USING BTREE,
  INDEX `ACT_IDX_HI_PRO_I_BUSKEY`(`BUSINESS_KEY_`) USING BTREE
) ENGINE = InnoDB CHARACTER SET = utf8 COLLATE = utf8_bin ROW_FORMAT = COMPACT;

-- ----------------------------
-- Records of act_hi_procinst
-- ----------------------------
INSERT INTO `act_hi_procinst` VALUES ('0a24aec8-2097-11ed-b609-3887d5e2c283', 2, '0a24aec8-2097-11ed-b609-3887d5e2c283', NULL, 'leave:2:f519d4d0-1ec3-11ed-af71-3887d5e2c283', '2022-08-20 22:47:40.068', NULL, NULL, '1', 'Event_1u2autv', NULL, NULL, NULL, '', '请假', NULL, NULL, NULL, NULL, NULL, NULL);
INSERT INTO `act_hi_procinst` VALUES ('0f7a688f-5171-11f0-9668-745d226bb74a', 2, '0f7a688f-5171-11f0-9668-745d226bb74a', NULL, 'leave:2:f519d4d0-1ec3-11ed-af71-3887d5e2c283', '2025-06-25 11:04:08.131', NULL, NULL, '1', 'Event_1u2autv', NULL, NULL, NULL, '', '请假', NULL, NULL, NULL, NULL, NULL, NULL);
INSERT INTO `act_hi_procinst` VALUES ('2c481280-5ca7-11f0-b23a-d6bd7300036d', 2, '2c481280-5ca7-11f0-b23a-d6bd7300036d', NULL, 'leave:3:70aa0460-5171-11f0-9668-745d226bb74a', '2025-07-09 17:29:12.070', NULL, NULL, '1', 'Event_1u2autv', NULL, NULL, NULL, '', '请假', NULL, NULL, NULL, NULL, NULL, NULL);
INSERT INTO `act_hi_procinst` VALUES ('322fc10e-5171-11f0-9668-745d226bb74a', 2, '322fc10e-5171-11f0-9668-745d226bb74a', NULL, 'leave:2:f519d4d0-1ec3-11ed-af71-3887d5e2c283', '2025-06-25 11:05:06.363', NULL, NULL, '1', 'Event_1u2autv', NULL, NULL, NULL, '', '请假', NULL, NULL, NULL, NULL, NULL, NULL);
INSERT INTO `act_hi_procinst` VALUES ('7004a3d0-516e-11f0-9668-745d226bb74a', 2, '7004a3d0-516e-11f0-9668-745d226bb74a', NULL, 'leave:2:f519d4d0-1ec3-11ed-af71-3887d5e2c283', '2025-06-25 10:45:21.609', NULL, NULL, '1', 'Event_1u2autv', NULL, NULL, NULL, '', '请假', NULL, NULL, NULL, NULL, NULL, NULL);
INSERT INTO `act_hi_procinst` VALUES ('7aca88ff-5619-11f0-ab2d-745d226bb74a', 2, '7aca88ff-5619-11f0-ab2d-745d226bb74a', NULL, 'leave:3:70aa0460-5171-11f0-9668-745d226bb74a', '2025-07-01 09:19:48.275', NULL, NULL, '1', 'Event_1u2autv', NULL, NULL, NULL, '', '请假', NULL, NULL, NULL, NULL, NULL, NULL);
INSERT INTO `act_hi_procinst` VALUES ('7bf2bf1b-2097-11ed-8938-3887d5e2c283', 3, '7bf2bf1b-2097-11ed-8938-3887d5e2c283', NULL, 'leave:2:f519d4d0-1ec3-11ed-af71-3887d5e2c283', '2022-08-20 22:50:51.001', '2025-06-25 10:37:41.198', 89812010197, '1', 'Event_1u2autv', NULL, NULL, '主动取消任务，原因：11', '', '请假', NULL, NULL, NULL, NULL, NULL, NULL);
INSERT INTO `act_hi_procinst` VALUES ('7e52dfb1-5171-11f0-9668-745d226bb74a', 3, '7e52dfb1-5171-11f0-9668-745d226bb74a', NULL, 'leave:3:70aa0460-5171-11f0-9668-745d226bb74a', '2025-06-25 11:07:14.100', '2025-06-25 15:23:28.698', 15374598, '1', 'Event_1u2autv', NULL, NULL, '不通过任务，原因：不通过', '', '请假', NULL, NULL, NULL, NULL, NULL, NULL);
INSERT INTO `act_hi_procinst` VALUES ('7e853b8b-2095-11ed-b609-3887d5e2c283', 3, '7e853b8b-2095-11ed-b609-3887d5e2c283', NULL, 'leave:2:f519d4d0-1ec3-11ed-af71-3887d5e2c283', '2022-08-20 22:36:36.323', '2022-08-20 22:57:45.682', 1269359, '1', 'Event_1u2autv', NULL, NULL, '主动取消任务，原因：不请假了', '', '请假', NULL, NULL, NULL, NULL, NULL, NULL);
INSERT INTO `act_hi_procinst` VALUES ('b8745c09-2096-11ed-b609-3887d5e2c283', 2, 'b8745c09-2096-11ed-b609-3887d5e2c283', NULL, 'leave:2:f519d4d0-1ec3-11ed-af71-3887d5e2c283', '2022-08-20 22:45:23.017', NULL, NULL, '1', 'Event_1u2autv', NULL, NULL, NULL, '', '请假', NULL, NULL, NULL, NULL, NULL, NULL);
INSERT INTO `act_hi_procinst` VALUES ('d1ede070-ce39-11ef-bcf7-e4a8dfac961e', 3, 'd1ede070-ce39-11ef-bcf7-e4a8dfac961e', NULL, 'leave:2:f519d4d0-1ec3-11ed-af71-3887d5e2c283', '2025-01-09 11:28:40.226', '2025-01-09 11:30:52.692', 132466, '1', 'Event_1u2autv', 'Event_0hldj7l', NULL, NULL, '', '请假', NULL, NULL, NULL, NULL, NULL, NULL);
INSERT INTO `act_hi_procinst` VALUES ('da70e12a-2095-11ed-b609-3887d5e2c283', 2, 'da70e12a-2095-11ed-b609-3887d5e2c283', NULL, 'leave:2:f519d4d0-1ec3-11ed-af71-3887d5e2c283', '2022-08-20 22:39:10.540', NULL, NULL, '1', 'Event_1u2autv', NULL, NULL, NULL, '', '请假', NULL, NULL, NULL, NULL, NULL, NULL);
INSERT INTO `act_hi_procinst` VALUES ('e9b53134-283f-11ed-9000-3887d5e2c283', 2, 'e9b53134-283f-11ed-9000-3887d5e2c283', NULL, 'leave:2:f519d4d0-1ec3-11ed-af71-3887d5e2c283', '2022-08-30 16:44:08.737', NULL, NULL, '1', 'Event_1u2autv', NULL, NULL, NULL, '', '请假', NULL, NULL, NULL, NULL, NULL, NULL);

-- ----------------------------
-- Table structure for act_hi_taskinst
-- ----------------------------
DROP TABLE IF EXISTS `act_hi_taskinst`;
CREATE TABLE `act_hi_taskinst`  (
  `ID_` varchar(64) CHARACTER SET utf8 COLLATE utf8_bin NOT NULL,
  `REV_` int(11) NULL DEFAULT 1,
  `PROC_DEF_ID_` varchar(64) CHARACTER SET utf8 COLLATE utf8_bin NULL DEFAULT NULL,
  `TASK_DEF_ID_` varchar(64) CHARACTER SET utf8 COLLATE utf8_bin NULL DEFAULT NULL,
  `TASK_DEF_KEY_` varchar(255) CHARACTER SET utf8 COLLATE utf8_bin NULL DEFAULT NULL,
  `PROC_INST_ID_` varchar(64) CHARACTER SET utf8 COLLATE utf8_bin NULL DEFAULT NULL,
  `EXECUTION_ID_` varchar(64) CHARACTER SET utf8 COLLATE utf8_bin NULL DEFAULT NULL,
  `SCOPE_ID_` varchar(255) CHARACTER SET utf8 COLLATE utf8_bin NULL DEFAULT NULL,
  `SUB_SCOPE_ID_` varchar(255) CHARACTER SET utf8 COLLATE utf8_bin NULL DEFAULT NULL,
  `SCOPE_TYPE_` varchar(255) CHARACTER SET utf8 COLLATE utf8_bin NULL DEFAULT NULL,
  `SCOPE_DEFINITION_ID_` varchar(255) CHARACTER SET utf8 COLLATE utf8_bin NULL DEFAULT NULL,
  `PROPAGATED_STAGE_INST_ID_` varchar(255) CHARACTER SET utf8 COLLATE utf8_bin NULL DEFAULT NULL,
  `NAME_` varchar(255) CHARACTER SET utf8 COLLATE utf8_bin NULL DEFAULT NULL,
  `PARENT_TASK_ID_` varchar(64) CHARACTER SET utf8 COLLATE utf8_bin NULL DEFAULT NULL,
  `DESCRIPTION_` varchar(4000) CHARACTER SET utf8 COLLATE utf8_bin NULL DEFAULT NULL,
  `OWNER_` varchar(255) CHARACTER SET utf8 COLLATE utf8_bin NULL DEFAULT NULL,
  `ASSIGNEE_` varchar(255) CHARACTER SET utf8 COLLATE utf8_bin NULL DEFAULT NULL,
  `START_TIME_` datetime(3) NOT NULL,
  `CLAIM_TIME_` datetime(3) NULL DEFAULT NULL,
  `END_TIME_` datetime(3) NULL DEFAULT NULL,
  `DURATION_` bigint(20) NULL DEFAULT NULL,
  `DELETE_REASON_` varchar(4000) CHARACTER SET utf8 COLLATE utf8_bin NULL DEFAULT NULL,
  `PRIORITY_` int(11) NULL DEFAULT NULL,
  `DUE_DATE_` datetime(3) NULL DEFAULT NULL,
  `FORM_KEY_` varchar(255) CHARACTER SET utf8 COLLATE utf8_bin NULL DEFAULT NULL,
  `CATEGORY_` varchar(255) CHARACTER SET utf8 COLLATE utf8_bin NULL DEFAULT NULL,
  `TENANT_ID_` varchar(255) CHARACTER SET utf8 COLLATE utf8_bin NULL DEFAULT '',
  `LAST_UPDATED_TIME_` datetime(3) NULL DEFAULT NULL,
  PRIMARY KEY (`ID_`) USING BTREE,
  INDEX `ACT_IDX_HI_TASK_SCOPE`(`SCOPE_ID_`, `SCOPE_TYPE_`) USING BTREE,
  INDEX `ACT_IDX_HI_TASK_SUB_SCOPE`(`SUB_SCOPE_ID_`, `SCOPE_TYPE_`) USING BTREE,
  INDEX `ACT_IDX_HI_TASK_SCOPE_DEF`(`SCOPE_DEFINITION_ID_`, `SCOPE_TYPE_`) USING BTREE,
  INDEX `ACT_IDX_HI_TASK_INST_PROCINST`(`PROC_INST_ID_`) USING BTREE
) ENGINE = InnoDB CHARACTER SET = utf8 COLLATE = utf8_bin ROW_FORMAT = COMPACT;

-- ----------------------------
-- Records of act_hi_taskinst
-- ----------------------------
INSERT INTO `act_hi_taskinst` VALUES ('091dd652-ce3a-11ef-bcf7-e4a8dfac961e', 2, 'leave:2:f519d4d0-1ec3-11ed-af71-3887d5e2c283', NULL, 'Activity_13uq05m', 'd1ede070-ce39-11ef-bcf7-e4a8dfac961e', 'd2049cc8-ce39-11ef-bcf7-e4a8dfac961e', NULL, NULL, NULL, NULL, NULL, '人事', NULL, NULL, NULL, '4', '2025-01-09 11:30:12.815', NULL, '2025-01-09 11:30:52.098', 39283, NULL, 50, NULL, NULL, NULL, '', '2025-01-09 11:30:52.098');
INSERT INTO `act_hi_taskinst` VALUES ('0a263574-2097-11ed-b609-3887d5e2c283', 1, 'leave:2:f519d4d0-1ec3-11ed-af71-3887d5e2c283', NULL, 'Activity_0gcxdwu', '0a24aec8-2097-11ed-b609-3887d5e2c283', '0a260e60-2097-11ed-b609-3887d5e2c283', NULL, NULL, NULL, NULL, NULL, '经理', NULL, NULL, NULL, '2', '2022-08-20 22:47:40.078', NULL, NULL, NULL, NULL, 50, NULL, NULL, NULL, '', '2022-08-20 22:47:40.089');
INSERT INTO `act_hi_taskinst` VALUES ('0f92f9ab-5171-11f0-9668-745d226bb74a', 1, 'leave:2:f519d4d0-1ec3-11ed-af71-3887d5e2c283', NULL, 'Activity_0gcxdwu', '0f7a688f-5171-11f0-9668-745d226bb74a', '0f92f9a7-5171-11f0-9668-745d226bb74a', NULL, NULL, NULL, NULL, NULL, '经理', NULL, NULL, NULL, '2', '2025-06-25 11:04:08.293', NULL, NULL, NULL, NULL, 50, NULL, NULL, NULL, '', '2025-06-25 11:04:08.405');
INSERT INTO `act_hi_taskinst` VALUES ('26d645c6-2843-11ed-9000-3887d5e2c283', 1, 'leave:2:f519d4d0-1ec3-11ed-af71-3887d5e2c283', NULL, 'Activity_13uq05m', 'e9b53134-283f-11ed-9000-3887d5e2c283', 'e9b7f05c-283f-11ed-9000-3887d5e2c283', NULL, NULL, NULL, NULL, NULL, '人事', NULL, NULL, NULL, '4', '2022-08-30 17:07:19.785', NULL, NULL, NULL, NULL, 50, NULL, NULL, NULL, '', '2022-08-30 17:07:19.822');
INSERT INTO `act_hi_taskinst` VALUES ('2d003efc-5ca7-11f0-b23a-d6bd7300036d', 1, 'leave:3:70aa0460-5171-11f0-9668-745d226bb74a', NULL, 'Activity_0gcxdwu', '2c481280-5ca7-11f0-b23a-d6bd7300036d', '2c600758-5ca7-11f0-b23a-d6bd7300036d', NULL, NULL, NULL, NULL, NULL, '经理', NULL, NULL, NULL, '8', '2025-07-09 17:29:13.266', NULL, NULL, NULL, NULL, 50, NULL, NULL, NULL, '', '2025-07-09 17:29:13.445');
INSERT INTO `act_hi_taskinst` VALUES ('323bcf0a-5171-11f0-9668-745d226bb74a', 1, 'leave:2:f519d4d0-1ec3-11ed-af71-3887d5e2c283', NULL, 'Activity_0gcxdwu', '322fc10e-5171-11f0-9668-745d226bb74a', '323bcf06-5171-11f0-9668-745d226bb74a', NULL, NULL, NULL, NULL, NULL, '经理', NULL, NULL, NULL, '2', '2025-06-25 11:05:06.442', NULL, NULL, NULL, NULL, 50, NULL, NULL, NULL, '', '2025-06-25 11:05:06.506');
INSERT INTO `act_hi_taskinst` VALUES ('7012115c-516e-11f0-9668-745d226bb74a', 1, 'leave:2:f519d4d0-1ec3-11ed-af71-3887d5e2c283', NULL, 'Activity_0gcxdwu', '7004a3d0-516e-11f0-9668-745d226bb74a', '70108ab8-516e-11f0-9668-745d226bb74a', NULL, NULL, NULL, NULL, NULL, '经理', NULL, NULL, NULL, '2', '2025-06-25 10:45:21.693', NULL, NULL, NULL, NULL, 50, NULL, NULL, NULL, '', '2025-06-25 10:45:21.763');
INSERT INTO `act_hi_taskinst` VALUES ('7ad696fb-5619-11f0-ab2d-745d226bb74a', 1, 'leave:3:70aa0460-5171-11f0-9668-745d226bb74a', NULL, 'Activity_0gcxdwu', '7aca88ff-5619-11f0-ab2d-745d226bb74a', '7ad425f7-5619-11f0-ab2d-745d226bb74a', NULL, NULL, NULL, NULL, NULL, '经理', NULL, NULL, NULL, '7', '2025-07-01 09:19:48.354', NULL, NULL, NULL, NULL, 50, NULL, NULL, NULL, '', '2025-07-01 09:19:48.449');
INSERT INTO `act_hi_taskinst` VALUES ('7bfe7ef7-2097-11ed-8938-3887d5e2c283', 2, 'leave:2:f519d4d0-1ec3-11ed-af71-3887d5e2c283', NULL, 'Activity_0gcxdwu', '7bf2bf1b-2097-11ed-8938-3887d5e2c283', '7bf94ed3-2097-11ed-8938-3887d5e2c283', NULL, NULL, NULL, NULL, NULL, '经理', NULL, NULL, NULL, '2', '2022-08-20 22:50:51.051', NULL, '2025-06-25 10:37:40.751', 89812009700, '主动取消任务，原因：11', 50, NULL, NULL, NULL, '', '2025-06-25 10:37:40.751');
INSERT INTO `act_hi_taskinst` VALUES ('7e5cf1dd-5171-11f0-9668-745d226bb74a', 2, 'leave:3:70aa0460-5171-11f0-9668-745d226bb74a', NULL, 'Activity_0gcxdwu', '7e52dfb1-5171-11f0-9668-745d226bb74a', '7e5cf1d9-5171-11f0-9668-745d226bb74a', NULL, NULL, NULL, NULL, NULL, '经理', NULL, NULL, NULL, '8', '2025-06-25 11:07:14.166', NULL, '2025-06-25 15:23:28.455', 15374289, '不通过任务，原因：不通过', 50, NULL, NULL, NULL, '', '2025-06-25 15:23:28.455');
INSERT INTO `act_hi_taskinst` VALUES ('7e92a917-2095-11ed-b609-3887d5e2c283', 2, 'leave:2:f519d4d0-1ec3-11ed-af71-3887d5e2c283', NULL, 'Activity_0gcxdwu', '7e853b8b-2095-11ed-b609-3887d5e2c283', '7e8cb5a3-2095-11ed-b609-3887d5e2c283', NULL, NULL, NULL, NULL, NULL, '经理', NULL, NULL, NULL, '2', '2022-08-20 22:36:36.384', NULL, '2022-08-20 22:57:45.596', 1269212, '主动取消任务，原因：不请假了', 50, NULL, NULL, NULL, '', '2022-08-20 22:57:45.596');
INSERT INTO `act_hi_taskinst` VALUES ('b876a605-2096-11ed-b609-3887d5e2c283', 1, 'leave:2:f519d4d0-1ec3-11ed-af71-3887d5e2c283', NULL, 'Activity_0gcxdwu', 'b8745c09-2096-11ed-b609-3887d5e2c283', 'b876a601-2096-11ed-b609-3887d5e2c283', NULL, NULL, NULL, NULL, NULL, '经理', NULL, NULL, NULL, '2', '2022-08-20 22:45:23.032', NULL, NULL, NULL, NULL, 50, NULL, NULL, NULL, '', '2022-08-20 22:45:23.042');
INSERT INTO `act_hi_taskinst` VALUES ('d21d2ddc-ce39-11ef-bcf7-e4a8dfac961e', 2, 'leave:2:f519d4d0-1ec3-11ed-af71-3887d5e2c283', NULL, 'Activity_0gcxdwu', 'd1ede070-ce39-11ef-bcf7-e4a8dfac961e', 'd2049cc8-ce39-11ef-bcf7-e4a8dfac961e', NULL, NULL, NULL, NULL, NULL, '经理', NULL, NULL, NULL, '2', '2025-01-09 11:28:40.408', NULL, '2025-01-09 11:30:12.671', 92263, NULL, 50, NULL, NULL, NULL, '', '2025-01-09 11:30:12.671');
INSERT INTO `act_hi_taskinst` VALUES ('da71f2a6-2095-11ed-b609-3887d5e2c283', 1, 'leave:2:f519d4d0-1ec3-11ed-af71-3887d5e2c283', NULL, 'Activity_0gcxdwu', 'da70e12a-2095-11ed-b609-3887d5e2c283', 'da71cb92-2095-11ed-b609-3887d5e2c283', NULL, NULL, NULL, NULL, NULL, '经理', NULL, NULL, NULL, '2', '2022-08-20 22:39:10.546', NULL, NULL, NULL, NULL, 50, NULL, NULL, NULL, '', '2022-08-20 22:39:10.559');
INSERT INTO `act_hi_taskinst` VALUES ('e9bbe800-283f-11ed-9000-3887d5e2c283', 2, 'leave:2:f519d4d0-1ec3-11ed-af71-3887d5e2c283', NULL, 'Activity_0gcxdwu', 'e9b53134-283f-11ed-9000-3887d5e2c283', 'e9b7f05c-283f-11ed-9000-3887d5e2c283', NULL, NULL, NULL, NULL, NULL, '经理', NULL, NULL, NULL, '2', '2022-08-30 16:44:08.761', NULL, '2022-08-30 17:07:19.778', 1391017, NULL, 50, NULL, NULL, NULL, '', '2022-08-30 17:07:19.778');

-- ----------------------------
-- Table structure for act_hi_tsk_log
-- ----------------------------
DROP TABLE IF EXISTS `act_hi_tsk_log`;
CREATE TABLE `act_hi_tsk_log`  (
  `ID_` bigint(20) NOT NULL AUTO_INCREMENT,
  `TYPE_` varchar(64) CHARACTER SET utf8 COLLATE utf8_bin NULL DEFAULT NULL,
  `TASK_ID_` varchar(64) CHARACTER SET utf8 COLLATE utf8_bin NOT NULL,
  `TIME_STAMP_` timestamp(3) NOT NULL DEFAULT CURRENT_TIMESTAMP(3) ON UPDATE CURRENT_TIMESTAMP(3),
  `USER_ID_` varchar(255) CHARACTER SET utf8 COLLATE utf8_bin NULL DEFAULT NULL,
  `DATA_` varchar(4000) CHARACTER SET utf8 COLLATE utf8_bin NULL DEFAULT NULL,
  `EXECUTION_ID_` varchar(64) CHARACTER SET utf8 COLLATE utf8_bin NULL DEFAULT NULL,
  `PROC_INST_ID_` varchar(64) CHARACTER SET utf8 COLLATE utf8_bin NULL DEFAULT NULL,
  `PROC_DEF_ID_` varchar(64) CHARACTER SET utf8 COLLATE utf8_bin NULL DEFAULT NULL,
  `SCOPE_ID_` varchar(255) CHARACTER SET utf8 COLLATE utf8_bin NULL DEFAULT NULL,
  `SCOPE_DEFINITION_ID_` varchar(255) CHARACTER SET utf8 COLLATE utf8_bin NULL DEFAULT NULL,
  `SUB_SCOPE_ID_` varchar(255) CHARACTER SET utf8 COLLATE utf8_bin NULL DEFAULT NULL,
  `SCOPE_TYPE_` varchar(255) CHARACTER SET utf8 COLLATE utf8_bin NULL DEFAULT NULL,
  `TENANT_ID_` varchar(255) CHARACTER SET utf8 COLLATE utf8_bin NULL DEFAULT '',
  PRIMARY KEY (`ID_`) USING BTREE
) ENGINE = InnoDB AUTO_INCREMENT = 1 CHARACTER SET = utf8 COLLATE = utf8_bin ROW_FORMAT = COMPACT;

-- ----------------------------
-- Records of act_hi_tsk_log
-- ----------------------------

-- ----------------------------
-- Table structure for act_hi_varinst
-- ----------------------------
DROP TABLE IF EXISTS `act_hi_varinst`;
CREATE TABLE `act_hi_varinst`  (
  `ID_` varchar(64) CHARACTER SET utf8 COLLATE utf8_bin NOT NULL,
  `REV_` int(11) NULL DEFAULT 1,
  `PROC_INST_ID_` varchar(64) CHARACTER SET utf8 COLLATE utf8_bin NULL DEFAULT NULL,
  `EXECUTION_ID_` varchar(64) CHARACTER SET utf8 COLLATE utf8_bin NULL DEFAULT NULL,
  `TASK_ID_` varchar(64) CHARACTER SET utf8 COLLATE utf8_bin NULL DEFAULT NULL,
  `NAME_` varchar(255) CHARACTER SET utf8 COLLATE utf8_bin NOT NULL,
  `VAR_TYPE_` varchar(100) CHARACTER SET utf8 COLLATE utf8_bin NULL DEFAULT NULL,
  `SCOPE_ID_` varchar(255) CHARACTER SET utf8 COLLATE utf8_bin NULL DEFAULT NULL,
  `SUB_SCOPE_ID_` varchar(255) CHARACTER SET utf8 COLLATE utf8_bin NULL DEFAULT NULL,
  `SCOPE_TYPE_` varchar(255) CHARACTER SET utf8 COLLATE utf8_bin NULL DEFAULT NULL,
  `BYTEARRAY_ID_` varchar(64) CHARACTER SET utf8 COLLATE utf8_bin NULL DEFAULT NULL,
  `DOUBLE_` double NULL DEFAULT NULL,
  `LONG_` bigint(20) NULL DEFAULT NULL,
  `TEXT_` varchar(4000) CHARACTER SET utf8 COLLATE utf8_bin NULL DEFAULT NULL,
  `TEXT2_` varchar(4000) CHARACTER SET utf8 COLLATE utf8_bin NULL DEFAULT NULL,
  `CREATE_TIME_` datetime(3) NULL DEFAULT NULL,
  `LAST_UPDATED_TIME_` datetime(3) NULL DEFAULT NULL,
  PRIMARY KEY (`ID_`) USING BTREE,
  INDEX `ACT_IDX_HI_PROCVAR_NAME_TYPE`(`NAME_`, `VAR_TYPE_`) USING BTREE,
  INDEX `ACT_IDX_HI_VAR_SCOPE_ID_TYPE`(`SCOPE_ID_`, `SCOPE_TYPE_`) USING BTREE,
  INDEX `ACT_IDX_HI_VAR_SUB_ID_TYPE`(`SUB_SCOPE_ID_`, `SCOPE_TYPE_`) USING BTREE,
  INDEX `ACT_IDX_HI_PROCVAR_PROC_INST`(`PROC_INST_ID_`) USING BTREE,
  INDEX `ACT_IDX_HI_PROCVAR_TASK_ID`(`TASK_ID_`) USING BTREE,
  INDEX `ACT_IDX_HI_PROCVAR_EXE`(`EXECUTION_ID_`) USING BTREE
) ENGINE = InnoDB CHARACTER SET = utf8 COLLATE = utf8_bin ROW_FORMAT = COMPACT;

-- ----------------------------
-- Records of act_hi_varinst
-- ----------------------------
INSERT INTO `act_hi_varinst` VALUES ('0a260e5a-2097-11ed-b609-3887d5e2c283', 0, '0a24aec8-2097-11ed-b609-3887d5e2c283', '0a24aec8-2097-11ed-b609-3887d5e2c283', NULL, 'field126', 'string', NULL, NULL, NULL, NULL, NULL, NULL, '333', NULL, '2022-08-20 22:47:40.077', '2022-08-20 22:47:40.077');
INSERT INTO `act_hi_varinst` VALUES ('0a260e5c-2097-11ed-b609-3887d5e2c283', 0, '0a24aec8-2097-11ed-b609-3887d5e2c283', '0a24aec8-2097-11ed-b609-3887d5e2c283', NULL, 'field127', 'string', NULL, NULL, NULL, NULL, NULL, NULL, '333', NULL, '2022-08-20 22:47:40.077', '2022-08-20 22:47:40.077');
INSERT INTO `act_hi_varinst` VALUES ('0a260e5e-2097-11ed-b609-3887d5e2c283', 0, '0a24aec8-2097-11ed-b609-3887d5e2c283', '0a24aec8-2097-11ed-b609-3887d5e2c283', NULL, 'field128', 'integer', NULL, NULL, NULL, NULL, NULL, 1, '1', NULL, '2022-08-20 22:47:40.077', '2022-08-20 22:47:40.077');
INSERT INTO `act_hi_varinst` VALUES ('0f92f9a1-5171-11f0-9668-745d226bb74a', 0, '0f7a688f-5171-11f0-9668-745d226bb74a', '0f7a688f-5171-11f0-9668-745d226bb74a', NULL, 'field126', 'string', NULL, NULL, NULL, NULL, NULL, NULL, 'zzz', NULL, '2025-06-25 11:04:08.293', '2025-06-25 11:04:08.293');
INSERT INTO `act_hi_varinst` VALUES ('0f92f9a3-5171-11f0-9668-745d226bb74a', 0, '0f7a688f-5171-11f0-9668-745d226bb74a', '0f7a688f-5171-11f0-9668-745d226bb74a', NULL, 'field127', 'string', NULL, NULL, NULL, NULL, NULL, NULL, 'zzz', NULL, '2025-06-25 11:04:08.293', '2025-06-25 11:04:08.293');
INSERT INTO `act_hi_varinst` VALUES ('0f92f9a5-5171-11f0-9668-745d226bb74a', 0, '0f7a688f-5171-11f0-9668-745d226bb74a', '0f7a688f-5171-11f0-9668-745d226bb74a', NULL, 'field128', 'integer', NULL, NULL, NULL, NULL, NULL, 1, '1', NULL, '2025-06-25 11:04:08.293', '2025-06-25 11:04:08.293');
INSERT INTO `act_hi_varinst` VALUES ('2c5f4402-5ca7-11f0-b23a-d6bd7300036d', 0, '2c481280-5ca7-11f0-b23a-d6bd7300036d', '2c481280-5ca7-11f0-b23a-d6bd7300036d', NULL, 'field126', 'string', NULL, NULL, NULL, NULL, NULL, NULL, '我是请假', NULL, '2025-07-09 17:29:12.226', '2025-07-09 17:29:12.226');
INSERT INTO `act_hi_varinst` VALUES ('2c5fe044-5ca7-11f0-b23a-d6bd7300036d', 0, '2c481280-5ca7-11f0-b23a-d6bd7300036d', '2c481280-5ca7-11f0-b23a-d6bd7300036d', NULL, 'field127', 'string', NULL, NULL, NULL, NULL, NULL, NULL, '我是请假', NULL, '2025-07-09 17:29:12.226', '2025-07-09 17:29:12.226');
INSERT INTO `act_hi_varinst` VALUES ('2c5fe046-5ca7-11f0-b23a-d6bd7300036d', 0, '2c481280-5ca7-11f0-b23a-d6bd7300036d', '2c481280-5ca7-11f0-b23a-d6bd7300036d', NULL, 'field128', 'integer', NULL, NULL, NULL, NULL, NULL, 1, '1', NULL, '2025-07-09 17:29:12.226', '2025-07-09 17:29:12.226');
INSERT INTO `act_hi_varinst` VALUES ('323bcf00-5171-11f0-9668-745d226bb74a', 0, '322fc10e-5171-11f0-9668-745d226bb74a', '322fc10e-5171-11f0-9668-745d226bb74a', NULL, 'field126', 'string', NULL, NULL, NULL, NULL, NULL, NULL, 'zz', NULL, '2025-06-25 11:05:06.442', '2025-06-25 11:05:06.442');
INSERT INTO `act_hi_varinst` VALUES ('323bcf02-5171-11f0-9668-745d226bb74a', 0, '322fc10e-5171-11f0-9668-745d226bb74a', '322fc10e-5171-11f0-9668-745d226bb74a', NULL, 'field127', 'string', NULL, NULL, NULL, NULL, NULL, NULL, 'zz', NULL, '2025-06-25 11:05:06.442', '2025-06-25 11:05:06.442');
INSERT INTO `act_hi_varinst` VALUES ('323bcf04-5171-11f0-9668-745d226bb74a', 0, '322fc10e-5171-11f0-9668-745d226bb74a', '322fc10e-5171-11f0-9668-745d226bb74a', NULL, 'field128', 'integer', NULL, NULL, NULL, NULL, NULL, 1, '1', NULL, '2025-06-25 11:05:06.442', '2025-06-25 11:05:06.442');
INSERT INTO `act_hi_varinst` VALUES ('70103c92-516e-11f0-9668-745d226bb74a', 0, '7004a3d0-516e-11f0-9668-745d226bb74a', '7004a3d0-516e-11f0-9668-745d226bb74a', NULL, 'field126', 'string', NULL, NULL, NULL, NULL, NULL, NULL, 'aaa', NULL, '2025-06-25 10:45:21.685', '2025-06-25 10:45:21.685');
INSERT INTO `act_hi_varinst` VALUES ('70103c94-516e-11f0-9668-745d226bb74a', 0, '7004a3d0-516e-11f0-9668-745d226bb74a', '7004a3d0-516e-11f0-9668-745d226bb74a', NULL, 'field127', 'string', NULL, NULL, NULL, NULL, NULL, NULL, 'ccc', NULL, '2025-06-25 10:45:21.685', '2025-06-25 10:45:21.685');
INSERT INTO `act_hi_varinst` VALUES ('70103c96-516e-11f0-9668-745d226bb74a', 0, '7004a3d0-516e-11f0-9668-745d226bb74a', '7004a3d0-516e-11f0-9668-745d226bb74a', NULL, 'field128', 'integer', NULL, NULL, NULL, NULL, NULL, 1, '1', NULL, '2025-06-25 10:45:21.685', '2025-06-25 10:45:21.685');
INSERT INTO `act_hi_varinst` VALUES ('7ad425f1-5619-11f0-ab2d-745d226bb74a', 0, '7aca88ff-5619-11f0-ab2d-745d226bb74a', '7aca88ff-5619-11f0-ab2d-745d226bb74a', NULL, 'field126', 'string', NULL, NULL, NULL, NULL, NULL, NULL, 'sss', NULL, '2025-07-01 09:19:48.338', '2025-07-01 09:19:48.338');
INSERT INTO `act_hi_varinst` VALUES ('7ad425f3-5619-11f0-ab2d-745d226bb74a', 0, '7aca88ff-5619-11f0-ab2d-745d226bb74a', '7aca88ff-5619-11f0-ab2d-745d226bb74a', NULL, 'field127', 'string', NULL, NULL, NULL, NULL, NULL, NULL, 'sss', NULL, '2025-07-01 09:19:48.338', '2025-07-01 09:19:48.338');
INSERT INTO `act_hi_varinst` VALUES ('7ad425f5-5619-11f0-ab2d-745d226bb74a', 0, '7aca88ff-5619-11f0-ab2d-745d226bb74a', '7aca88ff-5619-11f0-ab2d-745d226bb74a', NULL, 'field128', 'integer', NULL, NULL, NULL, NULL, NULL, 1, '1', NULL, '2025-07-01 09:19:48.338', '2025-07-01 09:19:48.338');
INSERT INTO `act_hi_varinst` VALUES ('7bf88b7d-2097-11ed-8938-3887d5e2c283', 0, '7bf2bf1b-2097-11ed-8938-3887d5e2c283', '7bf2bf1b-2097-11ed-8938-3887d5e2c283', NULL, 'field126', 'string', NULL, NULL, NULL, NULL, NULL, NULL, '444', NULL, '2022-08-20 22:50:51.042', '2022-08-20 22:50:51.042');
INSERT INTO `act_hi_varinst` VALUES ('7bf927bf-2097-11ed-8938-3887d5e2c283', 0, '7bf2bf1b-2097-11ed-8938-3887d5e2c283', '7bf2bf1b-2097-11ed-8938-3887d5e2c283', NULL, 'field127', 'string', NULL, NULL, NULL, NULL, NULL, NULL, '444', NULL, '2022-08-20 22:50:51.043', '2022-08-20 22:50:51.043');
INSERT INTO `act_hi_varinst` VALUES ('7bf927c1-2097-11ed-8938-3887d5e2c283', 0, '7bf2bf1b-2097-11ed-8938-3887d5e2c283', '7bf2bf1b-2097-11ed-8938-3887d5e2c283', NULL, 'field128', 'integer', NULL, NULL, NULL, NULL, NULL, 1, '1', NULL, '2022-08-20 22:50:51.043', '2022-08-20 22:50:51.043');
INSERT INTO `act_hi_varinst` VALUES ('7e5cf1d3-5171-11f0-9668-745d226bb74a', 0, '7e52dfb1-5171-11f0-9668-745d226bb74a', '7e52dfb1-5171-11f0-9668-745d226bb74a', NULL, 'field126', 'string', NULL, NULL, NULL, NULL, NULL, NULL, 'qq', NULL, '2025-06-25 11:07:14.166', '2025-06-25 11:07:14.166');
INSERT INTO `act_hi_varinst` VALUES ('7e5cf1d5-5171-11f0-9668-745d226bb74a', 0, '7e52dfb1-5171-11f0-9668-745d226bb74a', '7e52dfb1-5171-11f0-9668-745d226bb74a', NULL, 'field127', 'string', NULL, NULL, NULL, NULL, NULL, NULL, 'qq', NULL, '2025-06-25 11:07:14.166', '2025-06-25 11:07:14.166');
INSERT INTO `act_hi_varinst` VALUES ('7e5cf1d7-5171-11f0-9668-745d226bb74a', 0, '7e52dfb1-5171-11f0-9668-745d226bb74a', '7e52dfb1-5171-11f0-9668-745d226bb74a', NULL, 'field128', 'integer', NULL, NULL, NULL, NULL, NULL, 1, '1', NULL, '2025-06-25 11:07:14.166', '2025-06-25 11:07:14.166');
INSERT INTO `act_hi_varinst` VALUES ('7e8bcb3d-2095-11ed-b609-3887d5e2c283', 0, '7e853b8b-2095-11ed-b609-3887d5e2c283', '7e853b8b-2095-11ed-b609-3887d5e2c283', NULL, 'field126', 'string', NULL, NULL, NULL, NULL, NULL, NULL, '111', NULL, '2022-08-20 22:36:36.369', '2022-08-20 22:36:36.369');
INSERT INTO `act_hi_varinst` VALUES ('7e8c677f-2095-11ed-b609-3887d5e2c283', 0, '7e853b8b-2095-11ed-b609-3887d5e2c283', '7e853b8b-2095-11ed-b609-3887d5e2c283', NULL, 'field127', 'string', NULL, NULL, NULL, NULL, NULL, NULL, '222', NULL, '2022-08-20 22:36:36.370', '2022-08-20 22:36:36.370');
INSERT INTO `act_hi_varinst` VALUES ('7e8c6781-2095-11ed-b609-3887d5e2c283', 0, '7e853b8b-2095-11ed-b609-3887d5e2c283', '7e853b8b-2095-11ed-b609-3887d5e2c283', NULL, 'field128', 'integer', NULL, NULL, NULL, NULL, NULL, 1, '1', NULL, '2022-08-20 22:36:36.370', '2022-08-20 22:36:36.370');
INSERT INTO `act_hi_varinst` VALUES ('b8767eeb-2096-11ed-b609-3887d5e2c283', 0, 'b8745c09-2096-11ed-b609-3887d5e2c283', 'b8745c09-2096-11ed-b609-3887d5e2c283', NULL, 'field126', 'string', NULL, NULL, NULL, NULL, NULL, NULL, '222', NULL, '2022-08-20 22:45:23.031', '2022-08-20 22:45:23.031');
INSERT INTO `act_hi_varinst` VALUES ('b8767eed-2096-11ed-b609-3887d5e2c283', 0, 'b8745c09-2096-11ed-b609-3887d5e2c283', 'b8745c09-2096-11ed-b609-3887d5e2c283', NULL, 'field127', 'string', NULL, NULL, NULL, NULL, NULL, NULL, '222', NULL, '2022-08-20 22:45:23.031', '2022-08-20 22:45:23.031');
INSERT INTO `act_hi_varinst` VALUES ('b8767eef-2096-11ed-b609-3887d5e2c283', 0, 'b8745c09-2096-11ed-b609-3887d5e2c283', 'b8745c09-2096-11ed-b609-3887d5e2c283', NULL, 'field128', 'integer', NULL, NULL, NULL, NULL, NULL, 1, '1', NULL, '2022-08-20 22:45:23.031', '2022-08-20 22:45:23.031');
INSERT INTO `act_hi_varinst` VALUES ('d2022bc2-ce39-11ef-bcf7-e4a8dfac961e', 0, 'd1ede070-ce39-11ef-bcf7-e4a8dfac961e', 'd1ede070-ce39-11ef-bcf7-e4a8dfac961e', NULL, 'field126', 'string', NULL, NULL, NULL, NULL, NULL, NULL, '123', NULL, '2025-01-09 11:28:40.371', '2025-01-09 11:28:40.371');
INSERT INTO `act_hi_varinst` VALUES ('d2040084-ce39-11ef-bcf7-e4a8dfac961e', 0, 'd1ede070-ce39-11ef-bcf7-e4a8dfac961e', 'd1ede070-ce39-11ef-bcf7-e4a8dfac961e', NULL, 'field127', 'string', NULL, NULL, NULL, NULL, NULL, NULL, '123', NULL, '2025-01-09 11:28:40.371', '2025-01-09 11:28:40.371');
INSERT INTO `act_hi_varinst` VALUES ('d2042796-ce39-11ef-bcf7-e4a8dfac961e', 0, 'd1ede070-ce39-11ef-bcf7-e4a8dfac961e', 'd1ede070-ce39-11ef-bcf7-e4a8dfac961e', NULL, 'field128', 'integer', NULL, NULL, NULL, NULL, NULL, 1, '1', NULL, '2025-01-09 11:28:40.372', '2025-01-09 11:28:40.372');
INSERT INTO `act_hi_varinst` VALUES ('da71a47c-2095-11ed-b609-3887d5e2c283', 0, 'da70e12a-2095-11ed-b609-3887d5e2c283', 'da70e12a-2095-11ed-b609-3887d5e2c283', NULL, 'field126', 'string', NULL, NULL, NULL, NULL, NULL, NULL, '111', NULL, '2022-08-20 22:39:10.545', '2022-08-20 22:39:10.545');
INSERT INTO `act_hi_varinst` VALUES ('da71a47e-2095-11ed-b609-3887d5e2c283', 0, 'da70e12a-2095-11ed-b609-3887d5e2c283', 'da70e12a-2095-11ed-b609-3887d5e2c283', NULL, 'field127', 'string', NULL, NULL, NULL, NULL, NULL, NULL, '111', NULL, '2022-08-20 22:39:10.545', '2022-08-20 22:39:10.545');
INSERT INTO `act_hi_varinst` VALUES ('da71cb90-2095-11ed-b609-3887d5e2c283', 0, 'da70e12a-2095-11ed-b609-3887d5e2c283', 'da70e12a-2095-11ed-b609-3887d5e2c283', NULL, 'field128', 'integer', NULL, NULL, NULL, NULL, NULL, 1, '1', NULL, '2022-08-20 22:39:10.546', '2022-08-20 22:39:10.546');
INSERT INTO `act_hi_varinst` VALUES ('e9b77b26-283f-11ed-9000-3887d5e2c283', 0, 'e9b53134-283f-11ed-9000-3887d5e2c283', 'e9b53134-283f-11ed-9000-3887d5e2c283', NULL, 'field126', 'string', NULL, NULL, NULL, NULL, NULL, NULL, '123', NULL, '2022-08-30 16:44:08.753', '2022-08-30 16:44:08.753');
INSERT INTO `act_hi_varinst` VALUES ('e9b7c948-283f-11ed-9000-3887d5e2c283', 0, 'e9b53134-283f-11ed-9000-3887d5e2c283', 'e9b53134-283f-11ed-9000-3887d5e2c283', NULL, 'field127', 'string', NULL, NULL, NULL, NULL, NULL, NULL, '123', NULL, '2022-08-30 16:44:08.754', '2022-08-30 16:44:08.754');
INSERT INTO `act_hi_varinst` VALUES ('e9b7c94a-283f-11ed-9000-3887d5e2c283', 0, 'e9b53134-283f-11ed-9000-3887d5e2c283', 'e9b53134-283f-11ed-9000-3887d5e2c283', NULL, 'field128', 'integer', NULL, NULL, NULL, NULL, NULL, 1, '1', NULL, '2022-08-30 16:44:08.754', '2022-08-30 16:44:08.754');

-- ----------------------------
-- Table structure for act_id_bytearray
-- ----------------------------
DROP TABLE IF EXISTS `act_id_bytearray`;
CREATE TABLE `act_id_bytearray`  (
  `ID_` varchar(64) CHARACTER SET utf8 COLLATE utf8_bin NOT NULL,
  `REV_` int(11) NULL DEFAULT NULL,
  `NAME_` varchar(255) CHARACTER SET utf8 COLLATE utf8_bin NULL DEFAULT NULL,
  `BYTES_` longblob NULL,
  PRIMARY KEY (`ID_`) USING BTREE
) ENGINE = InnoDB CHARACTER SET = utf8 COLLATE = utf8_bin ROW_FORMAT = COMPACT;

-- ----------------------------
-- Records of act_id_bytearray
-- ----------------------------

-- ----------------------------
-- Table structure for act_id_group
-- ----------------------------
DROP TABLE IF EXISTS `act_id_group`;
CREATE TABLE `act_id_group`  (
  `ID_` varchar(64) CHARACTER SET utf8 COLLATE utf8_bin NOT NULL,
  `REV_` int(11) NULL DEFAULT NULL,
  `NAME_` varchar(255) CHARACTER SET utf8 COLLATE utf8_bin NULL DEFAULT NULL,
  `TYPE_` varchar(255) CHARACTER SET utf8 COLLATE utf8_bin NULL DEFAULT NULL,
  PRIMARY KEY (`ID_`) USING BTREE
) ENGINE = InnoDB CHARACTER SET = utf8 COLLATE = utf8_bin ROW_FORMAT = COMPACT;

-- ----------------------------
-- Records of act_id_group
-- ----------------------------

-- ----------------------------
-- Table structure for act_id_info
-- ----------------------------
DROP TABLE IF EXISTS `act_id_info`;
CREATE TABLE `act_id_info`  (
  `ID_` varchar(64) CHARACTER SET utf8 COLLATE utf8_bin NOT NULL,
  `REV_` int(11) NULL DEFAULT NULL,
  `USER_ID_` varchar(64) CHARACTER SET utf8 COLLATE utf8_bin NULL DEFAULT NULL,
  `TYPE_` varchar(64) CHARACTER SET utf8 COLLATE utf8_bin NULL DEFAULT NULL,
  `KEY_` varchar(255) CHARACTER SET utf8 COLLATE utf8_bin NULL DEFAULT NULL,
  `VALUE_` varchar(255) CHARACTER SET utf8 COLLATE utf8_bin NULL DEFAULT NULL,
  `PASSWORD_` longblob NULL,
  `PARENT_ID_` varchar(255) CHARACTER SET utf8 COLLATE utf8_bin NULL DEFAULT NULL,
  PRIMARY KEY (`ID_`) USING BTREE
) ENGINE = InnoDB CHARACTER SET = utf8 COLLATE = utf8_bin ROW_FORMAT = COMPACT;

-- ----------------------------
-- Records of act_id_info
-- ----------------------------

-- ----------------------------
-- Table structure for act_id_membership
-- ----------------------------
DROP TABLE IF EXISTS `act_id_membership`;
CREATE TABLE `act_id_membership`  (
  `USER_ID_` varchar(64) CHARACTER SET utf8 COLLATE utf8_bin NOT NULL,
  `GROUP_ID_` varchar(64) CHARACTER SET utf8 COLLATE utf8_bin NOT NULL,
  PRIMARY KEY (`USER_ID_`, `GROUP_ID_`) USING BTREE,
  INDEX `ACT_FK_MEMB_GROUP`(`GROUP_ID_`) USING BTREE,
  CONSTRAINT `ACT_FK_MEMB_GROUP` FOREIGN KEY (`GROUP_ID_`) REFERENCES `act_id_group` (`ID_`) ON DELETE RESTRICT ON UPDATE RESTRICT,
  CONSTRAINT `ACT_FK_MEMB_USER` FOREIGN KEY (`USER_ID_`) REFERENCES `act_id_user` (`ID_`) ON DELETE RESTRICT ON UPDATE RESTRICT
) ENGINE = InnoDB CHARACTER SET = utf8 COLLATE = utf8_bin ROW_FORMAT = COMPACT;

-- ----------------------------
-- Records of act_id_membership
-- ----------------------------

-- ----------------------------
-- Table structure for act_id_priv
-- ----------------------------
DROP TABLE IF EXISTS `act_id_priv`;
CREATE TABLE `act_id_priv`  (
  `ID_` varchar(64) CHARACTER SET utf8 COLLATE utf8_bin NOT NULL,
  `NAME_` varchar(255) CHARACTER SET utf8 COLLATE utf8_bin NOT NULL,
  PRIMARY KEY (`ID_`) USING BTREE,
  UNIQUE INDEX `ACT_UNIQ_PRIV_NAME`(`NAME_`) USING BTREE
) ENGINE = InnoDB CHARACTER SET = utf8 COLLATE = utf8_bin ROW_FORMAT = COMPACT;

-- ----------------------------
-- Records of act_id_priv
-- ----------------------------

-- ----------------------------
-- Table structure for act_id_priv_mapping
-- ----------------------------
DROP TABLE IF EXISTS `act_id_priv_mapping`;
CREATE TABLE `act_id_priv_mapping`  (
  `ID_` varchar(64) CHARACTER SET utf8 COLLATE utf8_bin NOT NULL,
  `PRIV_ID_` varchar(64) CHARACTER SET utf8 COLLATE utf8_bin NOT NULL,
  `USER_ID_` varchar(255) CHARACTER SET utf8 COLLATE utf8_bin NULL DEFAULT NULL,
  `GROUP_ID_` varchar(255) CHARACTER SET utf8 COLLATE utf8_bin NULL DEFAULT NULL,
  PRIMARY KEY (`ID_`) USING BTREE,
  INDEX `ACT_FK_PRIV_MAPPING`(`PRIV_ID_`) USING BTREE,
  INDEX `ACT_IDX_PRIV_USER`(`USER_ID_`) USING BTREE,
  INDEX `ACT_IDX_PRIV_GROUP`(`GROUP_ID_`) USING BTREE,
  CONSTRAINT `ACT_FK_PRIV_MAPPING` FOREIGN KEY (`PRIV_ID_`) REFERENCES `act_id_priv` (`ID_`) ON DELETE RESTRICT ON UPDATE RESTRICT
) ENGINE = InnoDB CHARACTER SET = utf8 COLLATE = utf8_bin ROW_FORMAT = COMPACT;

-- ----------------------------
-- Records of act_id_priv_mapping
-- ----------------------------

-- ----------------------------
-- Table structure for act_id_property
-- ----------------------------
DROP TABLE IF EXISTS `act_id_property`;
CREATE TABLE `act_id_property`  (
  `NAME_` varchar(64) CHARACTER SET utf8 COLLATE utf8_bin NOT NULL,
  `VALUE_` varchar(300) CHARACTER SET utf8 COLLATE utf8_bin NULL DEFAULT NULL,
  `REV_` int(11) NULL DEFAULT NULL,
  PRIMARY KEY (`NAME_`) USING BTREE
) ENGINE = InnoDB CHARACTER SET = utf8 COLLATE = utf8_bin ROW_FORMAT = COMPACT;

-- ----------------------------
-- Records of act_id_property
-- ----------------------------
INSERT INTO `act_id_property` VALUES ('schema.version', '6.7.2.0', 1);

-- ----------------------------
-- Table structure for act_id_token
-- ----------------------------
DROP TABLE IF EXISTS `act_id_token`;
CREATE TABLE `act_id_token`  (
  `ID_` varchar(64) CHARACTER SET utf8 COLLATE utf8_bin NOT NULL,
  `REV_` int(11) NULL DEFAULT NULL,
  `TOKEN_VALUE_` varchar(255) CHARACTER SET utf8 COLLATE utf8_bin NULL DEFAULT NULL,
  `TOKEN_DATE_` timestamp(3) NULL DEFAULT NULL,
  `IP_ADDRESS_` varchar(255) CHARACTER SET utf8 COLLATE utf8_bin NULL DEFAULT NULL,
  `USER_AGENT_` varchar(255) CHARACTER SET utf8 COLLATE utf8_bin NULL DEFAULT NULL,
  `USER_ID_` varchar(255) CHARACTER SET utf8 COLLATE utf8_bin NULL DEFAULT NULL,
  `TOKEN_DATA_` varchar(2000) CHARACTER SET utf8 COLLATE utf8_bin NULL DEFAULT NULL,
  PRIMARY KEY (`ID_`) USING BTREE
) ENGINE = InnoDB CHARACTER SET = utf8 COLLATE = utf8_bin ROW_FORMAT = COMPACT;

-- ----------------------------
-- Records of act_id_token
-- ----------------------------

-- ----------------------------
-- Table structure for act_id_user
-- ----------------------------
DROP TABLE IF EXISTS `act_id_user`;
CREATE TABLE `act_id_user`  (
  `ID_` varchar(64) CHARACTER SET utf8 COLLATE utf8_bin NOT NULL,
  `REV_` int(11) NULL DEFAULT NULL,
  `FIRST_` varchar(255) CHARACTER SET utf8 COLLATE utf8_bin NULL DEFAULT NULL,
  `LAST_` varchar(255) CHARACTER SET utf8 COLLATE utf8_bin NULL DEFAULT NULL,
  `DISPLAY_NAME_` varchar(255) CHARACTER SET utf8 COLLATE utf8_bin NULL DEFAULT NULL,
  `EMAIL_` varchar(255) CHARACTER SET utf8 COLLATE utf8_bin NULL DEFAULT NULL,
  `PWD_` varchar(255) CHARACTER SET utf8 COLLATE utf8_bin NULL DEFAULT NULL,
  `PICTURE_ID_` varchar(64) CHARACTER SET utf8 COLLATE utf8_bin NULL DEFAULT NULL,
  `TENANT_ID_` varchar(255) CHARACTER SET utf8 COLLATE utf8_bin NULL DEFAULT '',
  PRIMARY KEY (`ID_`) USING BTREE
) ENGINE = InnoDB CHARACTER SET = utf8 COLLATE = utf8_bin ROW_FORMAT = COMPACT;

-- ----------------------------
-- Records of act_id_user
-- ----------------------------

-- ----------------------------
-- Table structure for act_procdef_info
-- ----------------------------
DROP TABLE IF EXISTS `act_procdef_info`;
CREATE TABLE `act_procdef_info`  (
  `ID_` varchar(64) CHARACTER SET utf8 COLLATE utf8_bin NOT NULL,
  `PROC_DEF_ID_` varchar(64) CHARACTER SET utf8 COLLATE utf8_bin NOT NULL,
  `REV_` int(11) NULL DEFAULT NULL,
  `INFO_JSON_ID_` varchar(64) CHARACTER SET utf8 COLLATE utf8_bin NULL DEFAULT NULL,
  PRIMARY KEY (`ID_`) USING BTREE,
  UNIQUE INDEX `ACT_UNIQ_INFO_PROCDEF`(`PROC_DEF_ID_`) USING BTREE,
  INDEX `ACT_IDX_INFO_PROCDEF`(`PROC_DEF_ID_`) USING BTREE,
  INDEX `ACT_FK_INFO_JSON_BA`(`INFO_JSON_ID_`) USING BTREE,
  CONSTRAINT `ACT_FK_INFO_JSON_BA` FOREIGN KEY (`INFO_JSON_ID_`) REFERENCES `act_ge_bytearray` (`ID_`) ON DELETE RESTRICT ON UPDATE RESTRICT,
  CONSTRAINT `ACT_FK_INFO_PROCDEF` FOREIGN KEY (`PROC_DEF_ID_`) REFERENCES `act_re_procdef` (`ID_`) ON DELETE RESTRICT ON UPDATE RESTRICT
) ENGINE = InnoDB CHARACTER SET = utf8 COLLATE = utf8_bin ROW_FORMAT = COMPACT;

-- ----------------------------
-- Records of act_procdef_info
-- ----------------------------

-- ----------------------------
-- Table structure for act_re_deployment
-- ----------------------------
DROP TABLE IF EXISTS `act_re_deployment`;
CREATE TABLE `act_re_deployment`  (
  `ID_` varchar(64) CHARACTER SET utf8 COLLATE utf8_bin NOT NULL,
  `NAME_` varchar(255) CHARACTER SET utf8 COLLATE utf8_bin NULL DEFAULT NULL,
  `CATEGORY_` varchar(255) CHARACTER SET utf8 COLLATE utf8_bin NULL DEFAULT NULL,
  `KEY_` varchar(255) CHARACTER SET utf8 COLLATE utf8_bin NULL DEFAULT NULL,
  `TENANT_ID_` varchar(255) CHARACTER SET utf8 COLLATE utf8_bin NULL DEFAULT '',
  `DEPLOY_TIME_` timestamp(3) NULL DEFAULT NULL,
  `DERIVED_FROM_` varchar(64) CHARACTER SET utf8 COLLATE utf8_bin NULL DEFAULT NULL,
  `DERIVED_FROM_ROOT_` varchar(64) CHARACTER SET utf8 COLLATE utf8_bin NULL DEFAULT NULL,
  `PARENT_DEPLOYMENT_ID_` varchar(255) CHARACTER SET utf8 COLLATE utf8_bin NULL DEFAULT NULL,
  `ENGINE_VERSION_` varchar(255) CHARACTER SET utf8 COLLATE utf8_bin NULL DEFAULT NULL,
  PRIMARY KEY (`ID_`) USING BTREE
) ENGINE = InnoDB CHARACTER SET = utf8 COLLATE = utf8_bin ROW_FORMAT = COMPACT;

-- ----------------------------
-- Records of act_re_deployment
-- ----------------------------
INSERT INTO `act_re_deployment` VALUES ('035a3c89-1ec1-11ed-af71-3887d5e2c283', '请假', '2', 'leave', '', '2022-08-18 14:43:05.212', NULL, NULL, '035a3c89-1ec1-11ed-af71-3887d5e2c283', NULL);
INSERT INTO `act_re_deployment` VALUES ('3670f2a3-58b2-11f0-b89a-745d226bb74a', '会签', '2', 'sign', '', '2025-07-04 16:38:08.927', NULL, NULL, '3670f2a3-58b2-11f0-b89a-745d226bb74a', NULL);
INSERT INTO `act_re_deployment` VALUES ('7094f5bd-5171-11f0-9668-745d226bb74a', '请假', '2', 'leave', '', '2025-06-25 11:06:51.045', NULL, NULL, '7094f5bd-5171-11f0-9668-745d226bb74a', NULL);
INSERT INTO `act_re_deployment` VALUES ('92440462-3852-11f0-a959-00e02421f631', '1111111111111', '2', 'test111', '', '2025-05-24 11:52:54.089', NULL, NULL, '92440462-3852-11f0-a959-00e02421f631', NULL);
INSERT INTO `act_re_deployment` VALUES ('f505144d-1ec3-11ed-af71-3887d5e2c283', '请假', '2', 'leave', '', '2022-08-18 15:04:09.655', NULL, NULL, 'f505144d-1ec3-11ed-af71-3887d5e2c283', NULL);

-- ----------------------------
-- Table structure for act_re_model
-- ----------------------------
DROP TABLE IF EXISTS `act_re_model`;
CREATE TABLE `act_re_model`  (
  `ID_` varchar(64) CHARACTER SET utf8 COLLATE utf8_bin NOT NULL,
  `REV_` int(11) NULL DEFAULT NULL,
  `NAME_` varchar(255) CHARACTER SET utf8 COLLATE utf8_bin NULL DEFAULT NULL,
  `KEY_` varchar(255) CHARACTER SET utf8 COLLATE utf8_bin NULL DEFAULT NULL,
  `CATEGORY_` varchar(255) CHARACTER SET utf8 COLLATE utf8_bin NULL DEFAULT NULL,
  `CREATE_TIME_` timestamp(3) NULL DEFAULT NULL,
  `LAST_UPDATE_TIME_` timestamp(3) NULL DEFAULT NULL,
  `VERSION_` int(11) NULL DEFAULT NULL,
  `META_INFO_` varchar(4000) CHARACTER SET utf8 COLLATE utf8_bin NULL DEFAULT NULL,
  `DEPLOYMENT_ID_` varchar(64) CHARACTER SET utf8 COLLATE utf8_bin NULL DEFAULT NULL,
  `EDITOR_SOURCE_VALUE_ID_` varchar(64) CHARACTER SET utf8 COLLATE utf8_bin NULL DEFAULT NULL,
  `EDITOR_SOURCE_EXTRA_VALUE_ID_` varchar(64) CHARACTER SET utf8 COLLATE utf8_bin NULL DEFAULT NULL,
  `TENANT_ID_` varchar(255) CHARACTER SET utf8 COLLATE utf8_bin NULL DEFAULT '',
  PRIMARY KEY (`ID_`) USING BTREE,
  INDEX `ACT_FK_MODEL_SOURCE`(`EDITOR_SOURCE_VALUE_ID_`) USING BTREE,
  INDEX `ACT_FK_MODEL_SOURCE_EXTRA`(`EDITOR_SOURCE_EXTRA_VALUE_ID_`) USING BTREE,
  INDEX `ACT_FK_MODEL_DEPLOYMENT`(`DEPLOYMENT_ID_`) USING BTREE,
  CONSTRAINT `ACT_FK_MODEL_DEPLOYMENT` FOREIGN KEY (`DEPLOYMENT_ID_`) REFERENCES `act_re_deployment` (`ID_`) ON DELETE RESTRICT ON UPDATE RESTRICT,
  CONSTRAINT `ACT_FK_MODEL_SOURCE` FOREIGN KEY (`EDITOR_SOURCE_VALUE_ID_`) REFERENCES `act_ge_bytearray` (`ID_`) ON DELETE RESTRICT ON UPDATE RESTRICT,
  CONSTRAINT `ACT_FK_MODEL_SOURCE_EXTRA` FOREIGN KEY (`EDITOR_SOURCE_EXTRA_VALUE_ID_`) REFERENCES `act_ge_bytearray` (`ID_`) ON DELETE RESTRICT ON UPDATE RESTRICT
) ENGINE = InnoDB CHARACTER SET = utf8 COLLATE = utf8_bin ROW_FORMAT = COMPACT;

-- ----------------------------
-- Records of act_re_model
-- ----------------------------
INSERT INTO `act_re_model` VALUES ('762bc640-384e-11f0-a959-00e02421f631', 10, '1111111111111', 'test111', '2', '2025-05-24 11:23:28.967', '2025-07-01 13:48:47.733', 1, '{\"description\":null,\"formType\":10,\"formId\":7,\"formCustomCreatePath\":null,\"formCustomViewPath\":null}', '92440462-3852-11f0-a959-00e02421f631', 'fb80ec31-384e-11f0-a959-00e02421f631', NULL, '');
INSERT INTO `act_re_model` VALUES ('b405a066-37ae-11f0-966e-00e02421f631', 5, '测试', 'test', '1', '2025-05-23 16:19:53.259', '2025-05-23 16:31:43.697', 1, '{\"description\":null,\"formType\":10,\"formId\":6,\"formCustomCreatePath\":null,\"formCustomViewPath\":null}', NULL, '51c9d9f7-37b0-11f0-966e-00e02421f631', NULL, '');
INSERT INTO `act_re_model` VALUES ('c182240f-2138-11ed-89a5-3887d5e2c283', 5, '会签', 'sign', '2', '2022-08-21 18:05:16.677', '2025-07-04 16:38:09.447', 1, '{\"description\":\"会签\",\"formType\":10,\"formId\":4,\"formCustomCreatePath\":null,\"formCustomViewPath\":null}', '3670f2a3-58b2-11f0-b89a-745d226bb74a', 'dc1417b0-2139-11ed-89a5-3887d5e2c283', NULL, '');
INSERT INTO `act_re_model` VALUES ('e05bc4b6-1ea9-11ed-94d4-3887d5e2c283', 10, '请假', 'leave', '2', '2022-08-18 11:57:28.077', '2025-06-25 11:06:51.763', 1, '{\"description\":\"请假流程\",\"formType\":10,\"formId\":3,\"formCustomCreatePath\":null,\"formCustomViewPath\":null}', '7094f5bd-5171-11f0-9668-745d226bb74a', '7c1f1aa7-1eaa-11ed-94d4-3887d5e2c283', NULL, '');

-- ----------------------------
-- Table structure for act_re_procdef
-- ----------------------------
DROP TABLE IF EXISTS `act_re_procdef`;
CREATE TABLE `act_re_procdef`  (
  `ID_` varchar(64) CHARACTER SET utf8 COLLATE utf8_bin NOT NULL,
  `REV_` int(11) NULL DEFAULT NULL,
  `CATEGORY_` varchar(255) CHARACTER SET utf8 COLLATE utf8_bin NULL DEFAULT NULL,
  `NAME_` varchar(255) CHARACTER SET utf8 COLLATE utf8_bin NULL DEFAULT NULL,
  `KEY_` varchar(255) CHARACTER SET utf8 COLLATE utf8_bin NOT NULL,
  `VERSION_` int(11) NOT NULL,
  `DEPLOYMENT_ID_` varchar(64) CHARACTER SET utf8 COLLATE utf8_bin NULL DEFAULT NULL,
  `RESOURCE_NAME_` varchar(4000) CHARACTER SET utf8 COLLATE utf8_bin NULL DEFAULT NULL,
  `DGRM_RESOURCE_NAME_` varchar(4000) CHARACTER SET utf8 COLLATE utf8_bin NULL DEFAULT NULL,
  `DESCRIPTION_` varchar(4000) CHARACTER SET utf8 COLLATE utf8_bin NULL DEFAULT NULL,
  `HAS_START_FORM_KEY_` tinyint(4) NULL DEFAULT NULL,
  `HAS_GRAPHICAL_NOTATION_` tinyint(4) NULL DEFAULT NULL,
  `SUSPENSION_STATE_` int(11) NULL DEFAULT NULL,
  `TENANT_ID_` varchar(255) CHARACTER SET utf8 COLLATE utf8_bin NULL DEFAULT '',
  `ENGINE_VERSION_` varchar(255) CHARACTER SET utf8 COLLATE utf8_bin NULL DEFAULT NULL,
  `DERIVED_FROM_` varchar(64) CHARACTER SET utf8 COLLATE utf8_bin NULL DEFAULT NULL,
  `DERIVED_FROM_ROOT_` varchar(64) CHARACTER SET utf8 COLLATE utf8_bin NULL DEFAULT NULL,
  `DERIVED_VERSION_` int(11) NOT NULL DEFAULT 0,
  PRIMARY KEY (`ID_`) USING BTREE,
  UNIQUE INDEX `ACT_UNIQ_PROCDEF`(`KEY_`, `VERSION_`, `DERIVED_VERSION_`, `TENANT_ID_`) USING BTREE
) ENGINE = InnoDB CHARACTER SET = utf8 COLLATE = utf8_bin ROW_FORMAT = COMPACT;

-- ----------------------------
-- Records of act_re_procdef
-- ----------------------------
INSERT INTO `act_re_procdef` VALUES ('leave:1:0385442c-1ec1-11ed-af71-3887d5e2c283', 5, '2', '请假', 'leave', 1, '035a3c89-1ec1-11ed-af71-3887d5e2c283', 'leave.bpmn', 'leave.leave.png', NULL, 0, 1, 2, '', NULL, NULL, NULL, 0);
INSERT INTO `act_re_procdef` VALUES ('leave:2:f519d4d0-1ec3-11ed-af71-3887d5e2c283', 3, '2', '请假', 'leave', 2, 'f505144d-1ec3-11ed-af71-3887d5e2c283', 'leave.bpmn', 'leave.leave.png', NULL, 0, 1, 2, '', NULL, NULL, NULL, 0);
INSERT INTO `act_re_procdef` VALUES ('leave:3:70aa0460-5171-11f0-9668-745d226bb74a', 2, '2', '请假', 'leave', 3, '7094f5bd-5171-11f0-9668-745d226bb74a', 'leave.bpmn', 'leave.leave.png', NULL, 0, 1, 1, '', NULL, NULL, NULL, 0);
INSERT INTO `act_re_procdef` VALUES ('sign:1:36860146-58b2-11f0-b89a-745d226bb74a', 2, '2', '会签', 'sign', 1, '3670f2a3-58b2-11f0-b89a-745d226bb74a', 'sign.bpmn', 'sign.sign.png', NULL, 0, 1, 1, '', NULL, NULL, NULL, 0);
INSERT INTO `act_re_procdef` VALUES ('test111:1:925d58c5-3852-11f0-a959-00e02421f631', 2, '2', '1111111111111', 'test111', 1, '92440462-3852-11f0-a959-00e02421f631', 'test111.bpmn', 'test111.test111.png', NULL, 0, 1, 1, '', NULL, NULL, NULL, 0);

-- ----------------------------
-- Table structure for act_ru_actinst
-- ----------------------------
DROP TABLE IF EXISTS `act_ru_actinst`;
CREATE TABLE `act_ru_actinst`  (
  `ID_` varchar(64) CHARACTER SET utf8 COLLATE utf8_bin NOT NULL,
  `REV_` int(11) NULL DEFAULT 1,
  `PROC_DEF_ID_` varchar(64) CHARACTER SET utf8 COLLATE utf8_bin NOT NULL,
  `PROC_INST_ID_` varchar(64) CHARACTER SET utf8 COLLATE utf8_bin NOT NULL,
  `EXECUTION_ID_` varchar(64) CHARACTER SET utf8 COLLATE utf8_bin NOT NULL,
  `ACT_ID_` varchar(255) CHARACTER SET utf8 COLLATE utf8_bin NOT NULL,
  `TASK_ID_` varchar(64) CHARACTER SET utf8 COLLATE utf8_bin NULL DEFAULT NULL,
  `CALL_PROC_INST_ID_` varchar(64) CHARACTER SET utf8 COLLATE utf8_bin NULL DEFAULT NULL,
  `ACT_NAME_` varchar(255) CHARACTER SET utf8 COLLATE utf8_bin NULL DEFAULT NULL,
  `ACT_TYPE_` varchar(255) CHARACTER SET utf8 COLLATE utf8_bin NOT NULL,
  `ASSIGNEE_` varchar(255) CHARACTER SET utf8 COLLATE utf8_bin NULL DEFAULT NULL,
  `START_TIME_` datetime(3) NOT NULL,
  `END_TIME_` datetime(3) NULL DEFAULT NULL,
  `DURATION_` bigint(20) NULL DEFAULT NULL,
  `TRANSACTION_ORDER_` int(11) NULL DEFAULT NULL,
  `DELETE_REASON_` varchar(4000) CHARACTER SET utf8 COLLATE utf8_bin NULL DEFAULT NULL,
  `TENANT_ID_` varchar(255) CHARACTER SET utf8 COLLATE utf8_bin NULL DEFAULT '',
  PRIMARY KEY (`ID_`) USING BTREE,
  INDEX `ACT_IDX_RU_ACTI_START`(`START_TIME_`) USING BTREE,
  INDEX `ACT_IDX_RU_ACTI_END`(`END_TIME_`) USING BTREE,
  INDEX `ACT_IDX_RU_ACTI_PROC`(`PROC_INST_ID_`) USING BTREE,
  INDEX `ACT_IDX_RU_ACTI_PROC_ACT`(`PROC_INST_ID_`, `ACT_ID_`) USING BTREE,
  INDEX `ACT_IDX_RU_ACTI_EXEC`(`EXECUTION_ID_`) USING BTREE,
  INDEX `ACT_IDX_RU_ACTI_EXEC_ACT`(`EXECUTION_ID_`, `ACT_ID_`) USING BTREE,
  INDEX `ACT_IDX_RU_ACTI_TASK`(`TASK_ID_`) USING BTREE
) ENGINE = InnoDB CHARACTER SET = utf8 COLLATE = utf8_bin ROW_FORMAT = COMPACT;

-- ----------------------------
-- Records of act_ru_actinst
-- ----------------------------
INSERT INTO `act_ru_actinst` VALUES ('0a260e61-2097-11ed-b609-3887d5e2c283', 1, 'leave:2:f519d4d0-1ec3-11ed-af71-3887d5e2c283', '0a24aec8-2097-11ed-b609-3887d5e2c283', '0a260e60-2097-11ed-b609-3887d5e2c283', 'Event_1u2autv', NULL, NULL, NULL, 'startEvent', NULL, '2022-08-20 22:47:40.077', '2022-08-20 22:47:40.077', 0, 1, NULL, '');
INSERT INTO `act_ru_actinst` VALUES ('0a260e62-2097-11ed-b609-3887d5e2c283', 1, 'leave:2:f519d4d0-1ec3-11ed-af71-3887d5e2c283', '0a24aec8-2097-11ed-b609-3887d5e2c283', '0a260e60-2097-11ed-b609-3887d5e2c283', 'Flow_1cxox84', NULL, NULL, NULL, 'sequenceFlow', NULL, '2022-08-20 22:47:40.077', '2022-08-20 22:47:40.077', 0, 2, NULL, '');
INSERT INTO `act_ru_actinst` VALUES ('0a260e63-2097-11ed-b609-3887d5e2c283', 1, 'leave:2:f519d4d0-1ec3-11ed-af71-3887d5e2c283', '0a24aec8-2097-11ed-b609-3887d5e2c283', '0a260e60-2097-11ed-b609-3887d5e2c283', 'Activity_0gcxdwu', '0a263574-2097-11ed-b609-3887d5e2c283', NULL, '经理', 'userTask', '2', '2022-08-20 22:47:40.077', NULL, NULL, 3, NULL, '');
INSERT INTO `act_ru_actinst` VALUES ('0f92f9a8-5171-11f0-9668-745d226bb74a', 1, 'leave:2:f519d4d0-1ec3-11ed-af71-3887d5e2c283', '0f7a688f-5171-11f0-9668-745d226bb74a', '0f92f9a7-5171-11f0-9668-745d226bb74a', 'Event_1u2autv', NULL, NULL, NULL, 'startEvent', NULL, '2025-06-25 11:04:08.293', '2025-06-25 11:04:08.293', 0, 1, NULL, '');
INSERT INTO `act_ru_actinst` VALUES ('0f92f9a9-5171-11f0-9668-745d226bb74a', 1, 'leave:2:f519d4d0-1ec3-11ed-af71-3887d5e2c283', '0f7a688f-5171-11f0-9668-745d226bb74a', '0f92f9a7-5171-11f0-9668-745d226bb74a', 'Flow_1cxox84', NULL, NULL, NULL, 'sequenceFlow', NULL, '2025-06-25 11:04:08.293', '2025-06-25 11:04:08.293', 0, 2, NULL, '');
INSERT INTO `act_ru_actinst` VALUES ('0f92f9aa-5171-11f0-9668-745d226bb74a', 1, 'leave:2:f519d4d0-1ec3-11ed-af71-3887d5e2c283', '0f7a688f-5171-11f0-9668-745d226bb74a', '0f92f9a7-5171-11f0-9668-745d226bb74a', 'Activity_0gcxdwu', '0f92f9ab-5171-11f0-9668-745d226bb74a', NULL, '经理', 'userTask', '2', '2025-06-25 11:04:08.293', NULL, NULL, 3, NULL, '');
INSERT INTO `act_ru_actinst` VALUES ('26d61eb4-2843-11ed-9000-3887d5e2c283', 1, 'leave:2:f519d4d0-1ec3-11ed-af71-3887d5e2c283', 'e9b53134-283f-11ed-9000-3887d5e2c283', 'e9b7f05c-283f-11ed-9000-3887d5e2c283', 'Flow_1yk1dsj', NULL, NULL, NULL, 'sequenceFlow', NULL, '2022-08-30 17:07:19.784', '2022-08-30 17:07:19.784', 0, 1, NULL, '');
INSERT INTO `act_ru_actinst` VALUES ('26d645c5-2843-11ed-9000-3887d5e2c283', 1, 'leave:2:f519d4d0-1ec3-11ed-af71-3887d5e2c283', 'e9b53134-283f-11ed-9000-3887d5e2c283', 'e9b7f05c-283f-11ed-9000-3887d5e2c283', 'Activity_13uq05m', '26d645c6-2843-11ed-9000-3887d5e2c283', NULL, '人事', 'userTask', '4', '2022-08-30 17:07:19.785', NULL, NULL, 2, NULL, '');
INSERT INTO `act_ru_actinst` VALUES ('2c600759-5ca7-11f0-b23a-d6bd7300036d', 1, 'leave:3:70aa0460-5171-11f0-9668-745d226bb74a', '2c481280-5ca7-11f0-b23a-d6bd7300036d', '2c600758-5ca7-11f0-b23a-d6bd7300036d', 'Event_1u2autv', NULL, NULL, NULL, 'startEvent', NULL, '2025-07-09 17:29:12.227', '2025-07-09 17:29:12.240', 13, 1, NULL, '');
INSERT INTO `act_ru_actinst` VALUES ('2cfe6a3a-5ca7-11f0-b23a-d6bd7300036d', 1, 'leave:3:70aa0460-5171-11f0-9668-745d226bb74a', '2c481280-5ca7-11f0-b23a-d6bd7300036d', '2c600758-5ca7-11f0-b23a-d6bd7300036d', 'Flow_1cxox84', NULL, NULL, NULL, 'sequenceFlow', NULL, '2025-07-09 17:29:13.265', '2025-07-09 17:29:13.265', 0, 2, NULL, '');
INSERT INTO `act_ru_actinst` VALUES ('2cfe6a3b-5ca7-11f0-b23a-d6bd7300036d', 1, 'leave:3:70aa0460-5171-11f0-9668-745d226bb74a', '2c481280-5ca7-11f0-b23a-d6bd7300036d', '2c600758-5ca7-11f0-b23a-d6bd7300036d', 'Activity_0gcxdwu', '2d003efc-5ca7-11f0-b23a-d6bd7300036d', NULL, '经理', 'userTask', '8', '2025-07-09 17:29:13.265', NULL, NULL, 3, NULL, '');
INSERT INTO `act_ru_actinst` VALUES ('323bcf07-5171-11f0-9668-745d226bb74a', 1, 'leave:2:f519d4d0-1ec3-11ed-af71-3887d5e2c283', '322fc10e-5171-11f0-9668-745d226bb74a', '323bcf06-5171-11f0-9668-745d226bb74a', 'Event_1u2autv', NULL, NULL, NULL, 'startEvent', NULL, '2025-06-25 11:05:06.442', '2025-06-25 11:05:06.442', 0, 1, NULL, '');
INSERT INTO `act_ru_actinst` VALUES ('323bcf08-5171-11f0-9668-745d226bb74a', 1, 'leave:2:f519d4d0-1ec3-11ed-af71-3887d5e2c283', '322fc10e-5171-11f0-9668-745d226bb74a', '323bcf06-5171-11f0-9668-745d226bb74a', 'Flow_1cxox84', NULL, NULL, NULL, 'sequenceFlow', NULL, '2025-06-25 11:05:06.442', '2025-06-25 11:05:06.442', 0, 2, NULL, '');
INSERT INTO `act_ru_actinst` VALUES ('323bcf09-5171-11f0-9668-745d226bb74a', 1, 'leave:2:f519d4d0-1ec3-11ed-af71-3887d5e2c283', '322fc10e-5171-11f0-9668-745d226bb74a', '323bcf06-5171-11f0-9668-745d226bb74a', 'Activity_0gcxdwu', '323bcf0a-5171-11f0-9668-745d226bb74a', NULL, '经理', 'userTask', '2', '2025-06-25 11:05:06.442', NULL, NULL, 3, NULL, '');
INSERT INTO `act_ru_actinst` VALUES ('70108ab9-516e-11f0-9668-745d226bb74a', 1, 'leave:2:f519d4d0-1ec3-11ed-af71-3887d5e2c283', '7004a3d0-516e-11f0-9668-745d226bb74a', '70108ab8-516e-11f0-9668-745d226bb74a', 'Event_1u2autv', NULL, NULL, NULL, 'startEvent', NULL, '2025-06-25 10:45:21.687', '2025-06-25 10:45:21.690', 3, 1, NULL, '');
INSERT INTO `act_ru_actinst` VALUES ('7011751a-516e-11f0-9668-745d226bb74a', 1, 'leave:2:f519d4d0-1ec3-11ed-af71-3887d5e2c283', '7004a3d0-516e-11f0-9668-745d226bb74a', '70108ab8-516e-11f0-9668-745d226bb74a', 'Flow_1cxox84', NULL, NULL, NULL, 'sequenceFlow', NULL, '2025-06-25 10:45:21.693', '2025-06-25 10:45:21.693', 0, 2, NULL, '');
INSERT INTO `act_ru_actinst` VALUES ('7011751b-516e-11f0-9668-745d226bb74a', 1, 'leave:2:f519d4d0-1ec3-11ed-af71-3887d5e2c283', '7004a3d0-516e-11f0-9668-745d226bb74a', '70108ab8-516e-11f0-9668-745d226bb74a', 'Activity_0gcxdwu', '7012115c-516e-11f0-9668-745d226bb74a', NULL, '经理', 'userTask', '2', '2025-06-25 10:45:21.693', NULL, NULL, 3, NULL, '');
INSERT INTO `act_ru_actinst` VALUES ('7ad425f8-5619-11f0-ab2d-745d226bb74a', 1, 'leave:3:70aa0460-5171-11f0-9668-745d226bb74a', '7aca88ff-5619-11f0-ab2d-745d226bb74a', '7ad425f7-5619-11f0-ab2d-745d226bb74a', 'Event_1u2autv', NULL, NULL, NULL, 'startEvent', NULL, '2025-07-01 09:19:48.338', '2025-07-01 09:19:48.354', 16, 1, NULL, '');
INSERT INTO `act_ru_actinst` VALUES ('7ad696f9-5619-11f0-ab2d-745d226bb74a', 1, 'leave:3:70aa0460-5171-11f0-9668-745d226bb74a', '7aca88ff-5619-11f0-ab2d-745d226bb74a', '7ad425f7-5619-11f0-ab2d-745d226bb74a', 'Flow_1cxox84', NULL, NULL, NULL, 'sequenceFlow', NULL, '2025-07-01 09:19:48.354', '2025-07-01 09:19:48.354', 0, 2, NULL, '');
INSERT INTO `act_ru_actinst` VALUES ('7ad696fa-5619-11f0-ab2d-745d226bb74a', 1, 'leave:3:70aa0460-5171-11f0-9668-745d226bb74a', '7aca88ff-5619-11f0-ab2d-745d226bb74a', '7ad425f7-5619-11f0-ab2d-745d226bb74a', 'Activity_0gcxdwu', '7ad696fb-5619-11f0-ab2d-745d226bb74a', NULL, '经理', 'userTask', '7', '2025-07-01 09:19:48.354', NULL, NULL, 3, NULL, '');
INSERT INTO `act_ru_actinst` VALUES ('b876a602-2096-11ed-b609-3887d5e2c283', 1, 'leave:2:f519d4d0-1ec3-11ed-af71-3887d5e2c283', 'b8745c09-2096-11ed-b609-3887d5e2c283', 'b876a601-2096-11ed-b609-3887d5e2c283', 'Event_1u2autv', NULL, NULL, NULL, 'startEvent', NULL, '2022-08-20 22:45:23.032', '2022-08-20 22:45:23.032', 0, 1, NULL, '');
INSERT INTO `act_ru_actinst` VALUES ('b876a603-2096-11ed-b609-3887d5e2c283', 1, 'leave:2:f519d4d0-1ec3-11ed-af71-3887d5e2c283', 'b8745c09-2096-11ed-b609-3887d5e2c283', 'b876a601-2096-11ed-b609-3887d5e2c283', 'Flow_1cxox84', NULL, NULL, NULL, 'sequenceFlow', NULL, '2022-08-20 22:45:23.032', '2022-08-20 22:45:23.032', 0, 2, NULL, '');
INSERT INTO `act_ru_actinst` VALUES ('b876a604-2096-11ed-b609-3887d5e2c283', 1, 'leave:2:f519d4d0-1ec3-11ed-af71-3887d5e2c283', 'b8745c09-2096-11ed-b609-3887d5e2c283', 'b876a601-2096-11ed-b609-3887d5e2c283', 'Activity_0gcxdwu', 'b876a605-2096-11ed-b609-3887d5e2c283', NULL, '经理', 'userTask', '2', '2022-08-20 22:45:23.032', NULL, NULL, 3, NULL, '');
INSERT INTO `act_ru_actinst` VALUES ('da71cb93-2095-11ed-b609-3887d5e2c283', 1, 'leave:2:f519d4d0-1ec3-11ed-af71-3887d5e2c283', 'da70e12a-2095-11ed-b609-3887d5e2c283', 'da71cb92-2095-11ed-b609-3887d5e2c283', 'Event_1u2autv', NULL, NULL, NULL, 'startEvent', NULL, '2022-08-20 22:39:10.546', '2022-08-20 22:39:10.546', 0, 1, NULL, '');
INSERT INTO `act_ru_actinst` VALUES ('da71cb94-2095-11ed-b609-3887d5e2c283', 1, 'leave:2:f519d4d0-1ec3-11ed-af71-3887d5e2c283', 'da70e12a-2095-11ed-b609-3887d5e2c283', 'da71cb92-2095-11ed-b609-3887d5e2c283', 'Flow_1cxox84', NULL, NULL, NULL, 'sequenceFlow', NULL, '2022-08-20 22:39:10.546', '2022-08-20 22:39:10.546', 0, 2, NULL, '');
INSERT INTO `act_ru_actinst` VALUES ('da71cb95-2095-11ed-b609-3887d5e2c283', 1, 'leave:2:f519d4d0-1ec3-11ed-af71-3887d5e2c283', 'da70e12a-2095-11ed-b609-3887d5e2c283', 'da71cb92-2095-11ed-b609-3887d5e2c283', 'Activity_0gcxdwu', 'da71f2a6-2095-11ed-b609-3887d5e2c283', NULL, '经理', 'userTask', '2', '2022-08-20 22:39:10.546', NULL, NULL, 3, NULL, '');
INSERT INTO `act_ru_actinst` VALUES ('e9b7f05d-283f-11ed-9000-3887d5e2c283', 1, 'leave:2:f519d4d0-1ec3-11ed-af71-3887d5e2c283', 'e9b53134-283f-11ed-9000-3887d5e2c283', 'e9b7f05c-283f-11ed-9000-3887d5e2c283', 'Event_1u2autv', NULL, NULL, NULL, 'startEvent', NULL, '2022-08-30 16:44:08.755', '2022-08-30 16:44:08.759', 4, 1, NULL, '');
INSERT INTO `act_ru_actinst` VALUES ('e9b8dabe-283f-11ed-9000-3887d5e2c283', 1, 'leave:2:f519d4d0-1ec3-11ed-af71-3887d5e2c283', 'e9b53134-283f-11ed-9000-3887d5e2c283', 'e9b7f05c-283f-11ed-9000-3887d5e2c283', 'Flow_1cxox84', NULL, NULL, NULL, 'sequenceFlow', NULL, '2022-08-30 16:44:08.761', '2022-08-30 16:44:08.761', 0, 2, NULL, '');
INSERT INTO `act_ru_actinst` VALUES ('e9b8dabf-283f-11ed-9000-3887d5e2c283', 2, 'leave:2:f519d4d0-1ec3-11ed-af71-3887d5e2c283', 'e9b53134-283f-11ed-9000-3887d5e2c283', 'e9b7f05c-283f-11ed-9000-3887d5e2c283', 'Activity_0gcxdwu', 'e9bbe800-283f-11ed-9000-3887d5e2c283', NULL, '经理', 'userTask', '2', '2022-08-30 16:44:08.761', '2022-08-30 17:07:19.783', 1391022, 3, NULL, '');

-- ----------------------------
-- Table structure for act_ru_deadletter_job
-- ----------------------------
DROP TABLE IF EXISTS `act_ru_deadletter_job`;
CREATE TABLE `act_ru_deadletter_job`  (
  `ID_` varchar(64) CHARACTER SET utf8 COLLATE utf8_bin NOT NULL,
  `REV_` int(11) NULL DEFAULT NULL,
  `CATEGORY_` varchar(255) CHARACTER SET utf8 COLLATE utf8_bin NULL DEFAULT NULL,
  `TYPE_` varchar(255) CHARACTER SET utf8 COLLATE utf8_bin NOT NULL,
  `EXCLUSIVE_` tinyint(1) NULL DEFAULT NULL,
  `EXECUTION_ID_` varchar(64) CHARACTER SET utf8 COLLATE utf8_bin NULL DEFAULT NULL,
  `PROCESS_INSTANCE_ID_` varchar(64) CHARACTER SET utf8 COLLATE utf8_bin NULL DEFAULT NULL,
  `PROC_DEF_ID_` varchar(64) CHARACTER SET utf8 COLLATE utf8_bin NULL DEFAULT NULL,
  `ELEMENT_ID_` varchar(255) CHARACTER SET utf8 COLLATE utf8_bin NULL DEFAULT NULL,
  `ELEMENT_NAME_` varchar(255) CHARACTER SET utf8 COLLATE utf8_bin NULL DEFAULT NULL,
  `SCOPE_ID_` varchar(255) CHARACTER SET utf8 COLLATE utf8_bin NULL DEFAULT NULL,
  `SUB_SCOPE_ID_` varchar(255) CHARACTER SET utf8 COLLATE utf8_bin NULL DEFAULT NULL,
  `SCOPE_TYPE_` varchar(255) CHARACTER SET utf8 COLLATE utf8_bin NULL DEFAULT NULL,
  `SCOPE_DEFINITION_ID_` varchar(255) CHARACTER SET utf8 COLLATE utf8_bin NULL DEFAULT NULL,
  `CORRELATION_ID_` varchar(255) CHARACTER SET utf8 COLLATE utf8_bin NULL DEFAULT NULL,
  `EXCEPTION_STACK_ID_` varchar(64) CHARACTER SET utf8 COLLATE utf8_bin NULL DEFAULT NULL,
  `EXCEPTION_MSG_` varchar(4000) CHARACTER SET utf8 COLLATE utf8_bin NULL DEFAULT NULL,
  `DUEDATE_` timestamp(3) NULL DEFAULT NULL,
  `REPEAT_` varchar(255) CHARACTER SET utf8 COLLATE utf8_bin NULL DEFAULT NULL,
  `HANDLER_TYPE_` varchar(255) CHARACTER SET utf8 COLLATE utf8_bin NULL DEFAULT NULL,
  `HANDLER_CFG_` varchar(4000) CHARACTER SET utf8 COLLATE utf8_bin NULL DEFAULT NULL,
  `CUSTOM_VALUES_ID_` varchar(64) CHARACTER SET utf8 COLLATE utf8_bin NULL DEFAULT NULL,
  `CREATE_TIME_` timestamp(3) NULL DEFAULT NULL,
  `TENANT_ID_` varchar(255) CHARACTER SET utf8 COLLATE utf8_bin NULL DEFAULT '',
  PRIMARY KEY (`ID_`) USING BTREE,
  INDEX `ACT_IDX_DEADLETTER_JOB_EXCEPTION_STACK_ID`(`EXCEPTION_STACK_ID_`) USING BTREE,
  INDEX `ACT_IDX_DEADLETTER_JOB_CUSTOM_VALUES_ID`(`CUSTOM_VALUES_ID_`) USING BTREE,
  INDEX `ACT_IDX_DEADLETTER_JOB_CORRELATION_ID`(`CORRELATION_ID_`) USING BTREE,
  INDEX `ACT_IDX_DJOB_SCOPE`(`SCOPE_ID_`, `SCOPE_TYPE_`) USING BTREE,
  INDEX `ACT_IDX_DJOB_SUB_SCOPE`(`SUB_SCOPE_ID_`, `SCOPE_TYPE_`) USING BTREE,
  INDEX `ACT_IDX_DJOB_SCOPE_DEF`(`SCOPE_DEFINITION_ID_`, `SCOPE_TYPE_`) USING BTREE,
  INDEX `ACT_FK_DEADLETTER_JOB_EXECUTION`(`EXECUTION_ID_`) USING BTREE,
  INDEX `ACT_FK_DEADLETTER_JOB_PROCESS_INSTANCE`(`PROCESS_INSTANCE_ID_`) USING BTREE,
  INDEX `ACT_FK_DEADLETTER_JOB_PROC_DEF`(`PROC_DEF_ID_`) USING BTREE,
  CONSTRAINT `ACT_FK_DEADLETTER_JOB_CUSTOM_VALUES` FOREIGN KEY (`CUSTOM_VALUES_ID_`) REFERENCES `act_ge_bytearray` (`ID_`) ON DELETE RESTRICT ON UPDATE RESTRICT,
  CONSTRAINT `ACT_FK_DEADLETTER_JOB_EXCEPTION` FOREIGN KEY (`EXCEPTION_STACK_ID_`) REFERENCES `act_ge_bytearray` (`ID_`) ON DELETE RESTRICT ON UPDATE RESTRICT,
  CONSTRAINT `ACT_FK_DEADLETTER_JOB_EXECUTION` FOREIGN KEY (`EXECUTION_ID_`) REFERENCES `act_ru_execution` (`ID_`) ON DELETE RESTRICT ON UPDATE RESTRICT,
  CONSTRAINT `ACT_FK_DEADLETTER_JOB_PROCESS_INSTANCE` FOREIGN KEY (`PROCESS_INSTANCE_ID_`) REFERENCES `act_ru_execution` (`ID_`) ON DELETE RESTRICT ON UPDATE RESTRICT,
  CONSTRAINT `ACT_FK_DEADLETTER_JOB_PROC_DEF` FOREIGN KEY (`PROC_DEF_ID_`) REFERENCES `act_re_procdef` (`ID_`) ON DELETE RESTRICT ON UPDATE RESTRICT
) ENGINE = InnoDB CHARACTER SET = utf8 COLLATE = utf8_bin ROW_FORMAT = COMPACT;

-- ----------------------------
-- Records of act_ru_deadletter_job
-- ----------------------------

-- ----------------------------
-- Table structure for act_ru_entitylink
-- ----------------------------
DROP TABLE IF EXISTS `act_ru_entitylink`;
CREATE TABLE `act_ru_entitylink`  (
  `ID_` varchar(64) CHARACTER SET utf8 COLLATE utf8_bin NOT NULL,
  `REV_` int(11) NULL DEFAULT NULL,
  `CREATE_TIME_` datetime(3) NULL DEFAULT NULL,
  `LINK_TYPE_` varchar(255) CHARACTER SET utf8 COLLATE utf8_bin NULL DEFAULT NULL,
  `SCOPE_ID_` varchar(255) CHARACTER SET utf8 COLLATE utf8_bin NULL DEFAULT NULL,
  `SUB_SCOPE_ID_` varchar(255) CHARACTER SET utf8 COLLATE utf8_bin NULL DEFAULT NULL,
  `SCOPE_TYPE_` varchar(255) CHARACTER SET utf8 COLLATE utf8_bin NULL DEFAULT NULL,
  `SCOPE_DEFINITION_ID_` varchar(255) CHARACTER SET utf8 COLLATE utf8_bin NULL DEFAULT NULL,
  `PARENT_ELEMENT_ID_` varchar(255) CHARACTER SET utf8 COLLATE utf8_bin NULL DEFAULT NULL,
  `REF_SCOPE_ID_` varchar(255) CHARACTER SET utf8 COLLATE utf8_bin NULL DEFAULT NULL,
  `REF_SCOPE_TYPE_` varchar(255) CHARACTER SET utf8 COLLATE utf8_bin NULL DEFAULT NULL,
  `REF_SCOPE_DEFINITION_ID_` varchar(255) CHARACTER SET utf8 COLLATE utf8_bin NULL DEFAULT NULL,
  `ROOT_SCOPE_ID_` varchar(255) CHARACTER SET utf8 COLLATE utf8_bin NULL DEFAULT NULL,
  `ROOT_SCOPE_TYPE_` varchar(255) CHARACTER SET utf8 COLLATE utf8_bin NULL DEFAULT NULL,
  `HIERARCHY_TYPE_` varchar(255) CHARACTER SET utf8 COLLATE utf8_bin NULL DEFAULT NULL,
  PRIMARY KEY (`ID_`) USING BTREE,
  INDEX `ACT_IDX_ENT_LNK_SCOPE`(`SCOPE_ID_`, `SCOPE_TYPE_`, `LINK_TYPE_`) USING BTREE,
  INDEX `ACT_IDX_ENT_LNK_REF_SCOPE`(`REF_SCOPE_ID_`, `REF_SCOPE_TYPE_`, `LINK_TYPE_`) USING BTREE,
  INDEX `ACT_IDX_ENT_LNK_ROOT_SCOPE`(`ROOT_SCOPE_ID_`, `ROOT_SCOPE_TYPE_`, `LINK_TYPE_`) USING BTREE,
  INDEX `ACT_IDX_ENT_LNK_SCOPE_DEF`(`SCOPE_DEFINITION_ID_`, `SCOPE_TYPE_`, `LINK_TYPE_`) USING BTREE
) ENGINE = InnoDB CHARACTER SET = utf8 COLLATE = utf8_bin ROW_FORMAT = COMPACT;

-- ----------------------------
-- Records of act_ru_entitylink
-- ----------------------------

-- ----------------------------
-- Table structure for act_ru_event_subscr
-- ----------------------------
DROP TABLE IF EXISTS `act_ru_event_subscr`;
CREATE TABLE `act_ru_event_subscr`  (
  `ID_` varchar(64) CHARACTER SET utf8 COLLATE utf8_bin NOT NULL,
  `REV_` int(11) NULL DEFAULT NULL,
  `EVENT_TYPE_` varchar(255) CHARACTER SET utf8 COLLATE utf8_bin NOT NULL,
  `EVENT_NAME_` varchar(255) CHARACTER SET utf8 COLLATE utf8_bin NULL DEFAULT NULL,
  `EXECUTION_ID_` varchar(64) CHARACTER SET utf8 COLLATE utf8_bin NULL DEFAULT NULL,
  `PROC_INST_ID_` varchar(64) CHARACTER SET utf8 COLLATE utf8_bin NULL DEFAULT NULL,
  `ACTIVITY_ID_` varchar(64) CHARACTER SET utf8 COLLATE utf8_bin NULL DEFAULT NULL,
  `CONFIGURATION_` varchar(255) CHARACTER SET utf8 COLLATE utf8_bin NULL DEFAULT NULL,
  `CREATED_` timestamp(3) NOT NULL DEFAULT CURRENT_TIMESTAMP(3),
  `PROC_DEF_ID_` varchar(64) CHARACTER SET utf8 COLLATE utf8_bin NULL DEFAULT NULL,
  `SUB_SCOPE_ID_` varchar(64) CHARACTER SET utf8 COLLATE utf8_bin NULL DEFAULT NULL,
  `SCOPE_ID_` varchar(64) CHARACTER SET utf8 COLLATE utf8_bin NULL DEFAULT NULL,
  `SCOPE_DEFINITION_ID_` varchar(64) CHARACTER SET utf8 COLLATE utf8_bin NULL DEFAULT NULL,
  `SCOPE_TYPE_` varchar(64) CHARACTER SET utf8 COLLATE utf8_bin NULL DEFAULT NULL,
  `TENANT_ID_` varchar(255) CHARACTER SET utf8 COLLATE utf8_bin NULL DEFAULT '',
  PRIMARY KEY (`ID_`) USING BTREE,
  INDEX `ACT_IDX_EVENT_SUBSCR_CONFIG_`(`CONFIGURATION_`) USING BTREE,
  INDEX `ACT_FK_EVENT_EXEC`(`EXECUTION_ID_`) USING BTREE,
  CONSTRAINT `ACT_FK_EVENT_EXEC` FOREIGN KEY (`EXECUTION_ID_`) REFERENCES `act_ru_execution` (`ID_`) ON DELETE RESTRICT ON UPDATE RESTRICT
) ENGINE = InnoDB CHARACTER SET = utf8 COLLATE = utf8_bin ROW_FORMAT = COMPACT;

-- ----------------------------
-- Records of act_ru_event_subscr
-- ----------------------------

-- ----------------------------
-- Table structure for act_ru_execution
-- ----------------------------
DROP TABLE IF EXISTS `act_ru_execution`;
CREATE TABLE `act_ru_execution`  (
  `ID_` varchar(64) CHARACTER SET utf8 COLLATE utf8_bin NOT NULL,
  `REV_` int(11) NULL DEFAULT NULL,
  `PROC_INST_ID_` varchar(64) CHARACTER SET utf8 COLLATE utf8_bin NULL DEFAULT NULL,
  `BUSINESS_KEY_` varchar(255) CHARACTER SET utf8 COLLATE utf8_bin NULL DEFAULT NULL,
  `PARENT_ID_` varchar(64) CHARACTER SET utf8 COLLATE utf8_bin NULL DEFAULT NULL,
  `PROC_DEF_ID_` varchar(64) CHARACTER SET utf8 COLLATE utf8_bin NULL DEFAULT NULL,
  `SUPER_EXEC_` varchar(64) CHARACTER SET utf8 COLLATE utf8_bin NULL DEFAULT NULL,
  `ROOT_PROC_INST_ID_` varchar(64) CHARACTER SET utf8 COLLATE utf8_bin NULL DEFAULT NULL,
  `ACT_ID_` varchar(255) CHARACTER SET utf8 COLLATE utf8_bin NULL DEFAULT NULL,
  `IS_ACTIVE_` tinyint(4) NULL DEFAULT NULL,
  `IS_CONCURRENT_` tinyint(4) NULL DEFAULT NULL,
  `IS_SCOPE_` tinyint(4) NULL DEFAULT NULL,
  `IS_EVENT_SCOPE_` tinyint(4) NULL DEFAULT NULL,
  `IS_MI_ROOT_` tinyint(4) NULL DEFAULT NULL,
  `SUSPENSION_STATE_` int(11) NULL DEFAULT NULL,
  `CACHED_ENT_STATE_` int(11) NULL DEFAULT NULL,
  `TENANT_ID_` varchar(255) CHARACTER SET utf8 COLLATE utf8_bin NULL DEFAULT '',
  `NAME_` varchar(255) CHARACTER SET utf8 COLLATE utf8_bin NULL DEFAULT NULL,
  `START_ACT_ID_` varchar(255) CHARACTER SET utf8 COLLATE utf8_bin NULL DEFAULT NULL,
  `START_TIME_` datetime(3) NULL DEFAULT NULL,
  `START_USER_ID_` varchar(255) CHARACTER SET utf8 COLLATE utf8_bin NULL DEFAULT NULL,
  `LOCK_TIME_` timestamp(3) NULL DEFAULT NULL,
  `LOCK_OWNER_` varchar(255) CHARACTER SET utf8 COLLATE utf8_bin NULL DEFAULT NULL,
  `IS_COUNT_ENABLED_` tinyint(4) NULL DEFAULT NULL,
  `EVT_SUBSCR_COUNT_` int(11) NULL DEFAULT NULL,
  `TASK_COUNT_` int(11) NULL DEFAULT NULL,
  `JOB_COUNT_` int(11) NULL DEFAULT NULL,
  `TIMER_JOB_COUNT_` int(11) NULL DEFAULT NULL,
  `SUSP_JOB_COUNT_` int(11) NULL DEFAULT NULL,
  `DEADLETTER_JOB_COUNT_` int(11) NULL DEFAULT NULL,
  `EXTERNAL_WORKER_JOB_COUNT_` int(11) NULL DEFAULT NULL,
  `VAR_COUNT_` int(11) NULL DEFAULT NULL,
  `ID_LINK_COUNT_` int(11) NULL DEFAULT NULL,
  `CALLBACK_ID_` varchar(255) CHARACTER SET utf8 COLLATE utf8_bin NULL DEFAULT NULL,
  `CALLBACK_TYPE_` varchar(255) CHARACTER SET utf8 COLLATE utf8_bin NULL DEFAULT NULL,
  `REFERENCE_ID_` varchar(255) CHARACTER SET utf8 COLLATE utf8_bin NULL DEFAULT NULL,
  `REFERENCE_TYPE_` varchar(255) CHARACTER SET utf8 COLLATE utf8_bin NULL DEFAULT NULL,
  `PROPAGATED_STAGE_INST_ID_` varchar(255) CHARACTER SET utf8 COLLATE utf8_bin NULL DEFAULT NULL,
  `BUSINESS_STATUS_` varchar(255) CHARACTER SET utf8 COLLATE utf8_bin NULL DEFAULT NULL,
  PRIMARY KEY (`ID_`) USING BTREE,
  INDEX `ACT_IDX_EXEC_BUSKEY`(`BUSINESS_KEY_`) USING BTREE,
  INDEX `ACT_IDC_EXEC_ROOT`(`ROOT_PROC_INST_ID_`) USING BTREE,
  INDEX `ACT_IDX_EXEC_REF_ID_`(`REFERENCE_ID_`) USING BTREE,
  INDEX `ACT_FK_EXE_PROCINST`(`PROC_INST_ID_`) USING BTREE,
  INDEX `ACT_FK_EXE_PARENT`(`PARENT_ID_`) USING BTREE,
  INDEX `ACT_FK_EXE_SUPER`(`SUPER_EXEC_`) USING BTREE,
  INDEX `ACT_FK_EXE_PROCDEF`(`PROC_DEF_ID_`) USING BTREE,
  CONSTRAINT `ACT_FK_EXE_PARENT` FOREIGN KEY (`PARENT_ID_`) REFERENCES `act_ru_execution` (`ID_`) ON DELETE CASCADE ON UPDATE RESTRICT,
  CONSTRAINT `ACT_FK_EXE_PROCDEF` FOREIGN KEY (`PROC_DEF_ID_`) REFERENCES `act_re_procdef` (`ID_`) ON DELETE RESTRICT ON UPDATE RESTRICT,
  CONSTRAINT `ACT_FK_EXE_PROCINST` FOREIGN KEY (`PROC_INST_ID_`) REFERENCES `act_ru_execution` (`ID_`) ON DELETE CASCADE ON UPDATE CASCADE,
  CONSTRAINT `ACT_FK_EXE_SUPER` FOREIGN KEY (`SUPER_EXEC_`) REFERENCES `act_ru_execution` (`ID_`) ON DELETE CASCADE ON UPDATE RESTRICT
) ENGINE = InnoDB CHARACTER SET = utf8 COLLATE = utf8_bin ROW_FORMAT = COMPACT;

-- ----------------------------
-- Records of act_ru_execution
-- ----------------------------
INSERT INTO `act_ru_execution` VALUES ('0a24aec8-2097-11ed-b609-3887d5e2c283', 2, '0a24aec8-2097-11ed-b609-3887d5e2c283', NULL, NULL, 'leave:2:f519d4d0-1ec3-11ed-af71-3887d5e2c283', NULL, '0a24aec8-2097-11ed-b609-3887d5e2c283', NULL, 1, 0, 1, 0, 0, 1, NULL, '', '请假', 'Event_1u2autv', '2022-08-20 22:47:40.068', '1', NULL, NULL, 1, 0, 0, 0, 0, 0, 0, 0, 0, 0, NULL, NULL, NULL, NULL, NULL, NULL);
INSERT INTO `act_ru_execution` VALUES ('0a260e60-2097-11ed-b609-3887d5e2c283', 1, '0a24aec8-2097-11ed-b609-3887d5e2c283', NULL, '0a24aec8-2097-11ed-b609-3887d5e2c283', 'leave:2:f519d4d0-1ec3-11ed-af71-3887d5e2c283', NULL, '0a24aec8-2097-11ed-b609-3887d5e2c283', 'Activity_0gcxdwu', 1, 0, 0, 0, 0, 1, NULL, '', NULL, NULL, '2022-08-20 22:47:40.077', NULL, NULL, NULL, 1, 0, 1, 0, 0, 0, 0, 0, 0, 0, NULL, NULL, NULL, NULL, NULL, NULL);
INSERT INTO `act_ru_execution` VALUES ('0f7a688f-5171-11f0-9668-745d226bb74a', 2, '0f7a688f-5171-11f0-9668-745d226bb74a', NULL, NULL, 'leave:2:f519d4d0-1ec3-11ed-af71-3887d5e2c283', NULL, '0f7a688f-5171-11f0-9668-745d226bb74a', NULL, 1, 0, 1, 0, 0, 1, NULL, '', '请假', 'Event_1u2autv', '2025-06-25 11:04:08.131', '1', NULL, NULL, 1, 0, 0, 0, 0, 0, 0, 0, 0, 0, NULL, NULL, NULL, NULL, NULL, NULL);
INSERT INTO `act_ru_execution` VALUES ('0f92f9a7-5171-11f0-9668-745d226bb74a', 1, '0f7a688f-5171-11f0-9668-745d226bb74a', NULL, '0f7a688f-5171-11f0-9668-745d226bb74a', 'leave:2:f519d4d0-1ec3-11ed-af71-3887d5e2c283', NULL, '0f7a688f-5171-11f0-9668-745d226bb74a', 'Activity_0gcxdwu', 1, 0, 0, 0, 0, 1, NULL, '', NULL, NULL, '2025-06-25 11:04:08.293', NULL, NULL, NULL, 1, 0, 1, 0, 0, 0, 0, 0, 0, 0, NULL, NULL, NULL, NULL, NULL, NULL);
INSERT INTO `act_ru_execution` VALUES ('2c481280-5ca7-11f0-b23a-d6bd7300036d', 2, '2c481280-5ca7-11f0-b23a-d6bd7300036d', NULL, NULL, 'leave:3:70aa0460-5171-11f0-9668-745d226bb74a', NULL, '2c481280-5ca7-11f0-b23a-d6bd7300036d', NULL, 1, 0, 1, 0, 0, 1, NULL, '', '请假', 'Event_1u2autv', '2025-07-09 17:29:12.070', '1', NULL, NULL, 1, 0, 0, 0, 0, 0, 0, 0, 0, 0, NULL, NULL, NULL, NULL, NULL, NULL);
INSERT INTO `act_ru_execution` VALUES ('2c600758-5ca7-11f0-b23a-d6bd7300036d', 1, '2c481280-5ca7-11f0-b23a-d6bd7300036d', NULL, '2c481280-5ca7-11f0-b23a-d6bd7300036d', 'leave:3:70aa0460-5171-11f0-9668-745d226bb74a', NULL, '2c481280-5ca7-11f0-b23a-d6bd7300036d', 'Activity_0gcxdwu', 1, 0, 0, 0, 0, 1, NULL, '', NULL, NULL, '2025-07-09 17:29:12.227', NULL, NULL, NULL, 1, 0, 1, 0, 0, 0, 0, 0, 0, 0, NULL, NULL, NULL, NULL, NULL, NULL);
INSERT INTO `act_ru_execution` VALUES ('322fc10e-5171-11f0-9668-745d226bb74a', 2, '322fc10e-5171-11f0-9668-745d226bb74a', NULL, NULL, 'leave:2:f519d4d0-1ec3-11ed-af71-3887d5e2c283', NULL, '322fc10e-5171-11f0-9668-745d226bb74a', NULL, 1, 0, 1, 0, 0, 1, NULL, '', '请假', 'Event_1u2autv', '2025-06-25 11:05:06.363', '1', NULL, NULL, 1, 0, 0, 0, 0, 0, 0, 0, 0, 0, NULL, NULL, NULL, NULL, NULL, NULL);
INSERT INTO `act_ru_execution` VALUES ('323bcf06-5171-11f0-9668-745d226bb74a', 1, '322fc10e-5171-11f0-9668-745d226bb74a', NULL, '322fc10e-5171-11f0-9668-745d226bb74a', 'leave:2:f519d4d0-1ec3-11ed-af71-3887d5e2c283', NULL, '322fc10e-5171-11f0-9668-745d226bb74a', 'Activity_0gcxdwu', 1, 0, 0, 0, 0, 1, NULL, '', NULL, NULL, '2025-06-25 11:05:06.442', NULL, NULL, NULL, 1, 0, 1, 0, 0, 0, 0, 0, 0, 0, NULL, NULL, NULL, NULL, NULL, NULL);
INSERT INTO `act_ru_execution` VALUES ('7004a3d0-516e-11f0-9668-745d226bb74a', 2, '7004a3d0-516e-11f0-9668-745d226bb74a', NULL, NULL, 'leave:2:f519d4d0-1ec3-11ed-af71-3887d5e2c283', NULL, '7004a3d0-516e-11f0-9668-745d226bb74a', NULL, 1, 0, 1, 0, 0, 1, NULL, '', '请假', 'Event_1u2autv', '2025-06-25 10:45:21.609', '1', NULL, NULL, 1, 0, 0, 0, 0, 0, 0, 0, 0, 0, NULL, NULL, NULL, NULL, NULL, NULL);
INSERT INTO `act_ru_execution` VALUES ('70108ab8-516e-11f0-9668-745d226bb74a', 1, '7004a3d0-516e-11f0-9668-745d226bb74a', NULL, '7004a3d0-516e-11f0-9668-745d226bb74a', 'leave:2:f519d4d0-1ec3-11ed-af71-3887d5e2c283', NULL, '7004a3d0-516e-11f0-9668-745d226bb74a', 'Activity_0gcxdwu', 1, 0, 0, 0, 0, 1, NULL, '', NULL, NULL, '2025-06-25 10:45:21.687', NULL, NULL, NULL, 1, 0, 1, 0, 0, 0, 0, 0, 0, 0, NULL, NULL, NULL, NULL, NULL, NULL);
INSERT INTO `act_ru_execution` VALUES ('7aca88ff-5619-11f0-ab2d-745d226bb74a', 2, '7aca88ff-5619-11f0-ab2d-745d226bb74a', NULL, NULL, 'leave:3:70aa0460-5171-11f0-9668-745d226bb74a', NULL, '7aca88ff-5619-11f0-ab2d-745d226bb74a', NULL, 1, 0, 1, 0, 0, 1, NULL, '', '请假', 'Event_1u2autv', '2025-07-01 09:19:48.275', '1', NULL, NULL, 1, 0, 0, 0, 0, 0, 0, 0, 0, 0, NULL, NULL, NULL, NULL, NULL, NULL);
INSERT INTO `act_ru_execution` VALUES ('7ad425f7-5619-11f0-ab2d-745d226bb74a', 1, '7aca88ff-5619-11f0-ab2d-745d226bb74a', NULL, '7aca88ff-5619-11f0-ab2d-745d226bb74a', 'leave:3:70aa0460-5171-11f0-9668-745d226bb74a', NULL, '7aca88ff-5619-11f0-ab2d-745d226bb74a', 'Activity_0gcxdwu', 1, 0, 0, 0, 0, 1, NULL, '', NULL, NULL, '2025-07-01 09:19:48.338', NULL, NULL, NULL, 1, 0, 1, 0, 0, 0, 0, 0, 0, 0, NULL, NULL, NULL, NULL, NULL, NULL);
INSERT INTO `act_ru_execution` VALUES ('b8745c09-2096-11ed-b609-3887d5e2c283', 2, 'b8745c09-2096-11ed-b609-3887d5e2c283', NULL, NULL, 'leave:2:f519d4d0-1ec3-11ed-af71-3887d5e2c283', NULL, 'b8745c09-2096-11ed-b609-3887d5e2c283', NULL, 1, 0, 1, 0, 0, 1, NULL, '', '请假', 'Event_1u2autv', '2022-08-20 22:45:23.017', '1', NULL, NULL, 1, 0, 0, 0, 0, 0, 0, 0, 0, 0, NULL, NULL, NULL, NULL, NULL, NULL);
INSERT INTO `act_ru_execution` VALUES ('b876a601-2096-11ed-b609-3887d5e2c283', 1, 'b8745c09-2096-11ed-b609-3887d5e2c283', NULL, 'b8745c09-2096-11ed-b609-3887d5e2c283', 'leave:2:f519d4d0-1ec3-11ed-af71-3887d5e2c283', NULL, 'b8745c09-2096-11ed-b609-3887d5e2c283', 'Activity_0gcxdwu', 1, 0, 0, 0, 0, 1, NULL, '', NULL, NULL, '2022-08-20 22:45:23.032', NULL, NULL, NULL, 1, 0, 1, 0, 0, 0, 0, 0, 0, 0, NULL, NULL, NULL, NULL, NULL, NULL);
INSERT INTO `act_ru_execution` VALUES ('da70e12a-2095-11ed-b609-3887d5e2c283', 2, 'da70e12a-2095-11ed-b609-3887d5e2c283', NULL, NULL, 'leave:2:f519d4d0-1ec3-11ed-af71-3887d5e2c283', NULL, 'da70e12a-2095-11ed-b609-3887d5e2c283', NULL, 1, 0, 1, 0, 0, 1, NULL, '', '请假', 'Event_1u2autv', '2022-08-20 22:39:10.540', '1', NULL, NULL, 1, 0, 0, 0, 0, 0, 0, 0, 0, 0, NULL, NULL, NULL, NULL, NULL, NULL);
INSERT INTO `act_ru_execution` VALUES ('da71cb92-2095-11ed-b609-3887d5e2c283', 1, 'da70e12a-2095-11ed-b609-3887d5e2c283', NULL, 'da70e12a-2095-11ed-b609-3887d5e2c283', 'leave:2:f519d4d0-1ec3-11ed-af71-3887d5e2c283', NULL, 'da70e12a-2095-11ed-b609-3887d5e2c283', 'Activity_0gcxdwu', 1, 0, 0, 0, 0, 1, NULL, '', NULL, NULL, '2022-08-20 22:39:10.546', NULL, NULL, NULL, 1, 0, 1, 0, 0, 0, 0, 0, 0, 0, NULL, NULL, NULL, NULL, NULL, NULL);
INSERT INTO `act_ru_execution` VALUES ('e9b53134-283f-11ed-9000-3887d5e2c283', 2, 'e9b53134-283f-11ed-9000-3887d5e2c283', NULL, NULL, 'leave:2:f519d4d0-1ec3-11ed-af71-3887d5e2c283', NULL, 'e9b53134-283f-11ed-9000-3887d5e2c283', NULL, 1, 0, 1, 0, 0, 1, NULL, '', '请假', 'Event_1u2autv', '2022-08-30 16:44:08.737', '1', NULL, NULL, 1, 0, 0, 0, 0, 0, 0, 0, 0, 0, NULL, NULL, NULL, NULL, NULL, NULL);
INSERT INTO `act_ru_execution` VALUES ('e9b7f05c-283f-11ed-9000-3887d5e2c283', 2, 'e9b53134-283f-11ed-9000-3887d5e2c283', NULL, 'e9b53134-283f-11ed-9000-3887d5e2c283', 'leave:2:f519d4d0-1ec3-11ed-af71-3887d5e2c283', NULL, 'e9b53134-283f-11ed-9000-3887d5e2c283', 'Activity_13uq05m', 1, 0, 0, 0, 0, 1, NULL, '', NULL, NULL, '2022-08-30 16:44:08.755', NULL, NULL, NULL, 1, 0, 1, 0, 0, 0, 0, 0, 0, 0, NULL, NULL, NULL, NULL, NULL, NULL);

-- ----------------------------
-- Table structure for act_ru_external_job
-- ----------------------------
DROP TABLE IF EXISTS `act_ru_external_job`;
CREATE TABLE `act_ru_external_job`  (
  `ID_` varchar(64) CHARACTER SET utf8 COLLATE utf8_bin NOT NULL,
  `REV_` int(11) NULL DEFAULT NULL,
  `CATEGORY_` varchar(255) CHARACTER SET utf8 COLLATE utf8_bin NULL DEFAULT NULL,
  `TYPE_` varchar(255) CHARACTER SET utf8 COLLATE utf8_bin NOT NULL,
  `LOCK_EXP_TIME_` timestamp(3) NULL DEFAULT NULL,
  `LOCK_OWNER_` varchar(255) CHARACTER SET utf8 COLLATE utf8_bin NULL DEFAULT NULL,
  `EXCLUSIVE_` tinyint(1) NULL DEFAULT NULL,
  `EXECUTION_ID_` varchar(64) CHARACTER SET utf8 COLLATE utf8_bin NULL DEFAULT NULL,
  `PROCESS_INSTANCE_ID_` varchar(64) CHARACTER SET utf8 COLLATE utf8_bin NULL DEFAULT NULL,
  `PROC_DEF_ID_` varchar(64) CHARACTER SET utf8 COLLATE utf8_bin NULL DEFAULT NULL,
  `ELEMENT_ID_` varchar(255) CHARACTER SET utf8 COLLATE utf8_bin NULL DEFAULT NULL,
  `ELEMENT_NAME_` varchar(255) CHARACTER SET utf8 COLLATE utf8_bin NULL DEFAULT NULL,
  `SCOPE_ID_` varchar(255) CHARACTER SET utf8 COLLATE utf8_bin NULL DEFAULT NULL,
  `SUB_SCOPE_ID_` varchar(255) CHARACTER SET utf8 COLLATE utf8_bin NULL DEFAULT NULL,
  `SCOPE_TYPE_` varchar(255) CHARACTER SET utf8 COLLATE utf8_bin NULL DEFAULT NULL,
  `SCOPE_DEFINITION_ID_` varchar(255) CHARACTER SET utf8 COLLATE utf8_bin NULL DEFAULT NULL,
  `CORRELATION_ID_` varchar(255) CHARACTER SET utf8 COLLATE utf8_bin NULL DEFAULT NULL,
  `RETRIES_` int(11) NULL DEFAULT NULL,
  `EXCEPTION_STACK_ID_` varchar(64) CHARACTER SET utf8 COLLATE utf8_bin NULL DEFAULT NULL,
  `EXCEPTION_MSG_` varchar(4000) CHARACTER SET utf8 COLLATE utf8_bin NULL DEFAULT NULL,
  `DUEDATE_` timestamp(3) NULL DEFAULT NULL,
  `REPEAT_` varchar(255) CHARACTER SET utf8 COLLATE utf8_bin NULL DEFAULT NULL,
  `HANDLER_TYPE_` varchar(255) CHARACTER SET utf8 COLLATE utf8_bin NULL DEFAULT NULL,
  `HANDLER_CFG_` varchar(4000) CHARACTER SET utf8 COLLATE utf8_bin NULL DEFAULT NULL,
  `CUSTOM_VALUES_ID_` varchar(64) CHARACTER SET utf8 COLLATE utf8_bin NULL DEFAULT NULL,
  `CREATE_TIME_` timestamp(3) NULL DEFAULT NULL,
  `TENANT_ID_` varchar(255) CHARACTER SET utf8 COLLATE utf8_bin NULL DEFAULT '',
  PRIMARY KEY (`ID_`) USING BTREE,
  INDEX `ACT_IDX_EXTERNAL_JOB_EXCEPTION_STACK_ID`(`EXCEPTION_STACK_ID_`) USING BTREE,
  INDEX `ACT_IDX_EXTERNAL_JOB_CUSTOM_VALUES_ID`(`CUSTOM_VALUES_ID_`) USING BTREE,
  INDEX `ACT_IDX_EXTERNAL_JOB_CORRELATION_ID`(`CORRELATION_ID_`) USING BTREE,
  INDEX `ACT_IDX_EJOB_SCOPE`(`SCOPE_ID_`, `SCOPE_TYPE_`) USING BTREE,
  INDEX `ACT_IDX_EJOB_SUB_SCOPE`(`SUB_SCOPE_ID_`, `SCOPE_TYPE_`) USING BTREE,
  INDEX `ACT_IDX_EJOB_SCOPE_DEF`(`SCOPE_DEFINITION_ID_`, `SCOPE_TYPE_`) USING BTREE,
  CONSTRAINT `ACT_FK_EXTERNAL_JOB_CUSTOM_VALUES` FOREIGN KEY (`CUSTOM_VALUES_ID_`) REFERENCES `act_ge_bytearray` (`ID_`) ON DELETE RESTRICT ON UPDATE RESTRICT,
  CONSTRAINT `ACT_FK_EXTERNAL_JOB_EXCEPTION` FOREIGN KEY (`EXCEPTION_STACK_ID_`) REFERENCES `act_ge_bytearray` (`ID_`) ON DELETE RESTRICT ON UPDATE RESTRICT
) ENGINE = InnoDB CHARACTER SET = utf8 COLLATE = utf8_bin ROW_FORMAT = COMPACT;

-- ----------------------------
-- Records of act_ru_external_job
-- ----------------------------

-- ----------------------------
-- Table structure for act_ru_history_job
-- ----------------------------
DROP TABLE IF EXISTS `act_ru_history_job`;
CREATE TABLE `act_ru_history_job`  (
  `ID_` varchar(64) CHARACTER SET utf8 COLLATE utf8_bin NOT NULL,
  `REV_` int(11) NULL DEFAULT NULL,
  `LOCK_EXP_TIME_` timestamp(3) NULL DEFAULT NULL,
  `LOCK_OWNER_` varchar(255) CHARACTER SET utf8 COLLATE utf8_bin NULL DEFAULT NULL,
  `RETRIES_` int(11) NULL DEFAULT NULL,
  `EXCEPTION_STACK_ID_` varchar(64) CHARACTER SET utf8 COLLATE utf8_bin NULL DEFAULT NULL,
  `EXCEPTION_MSG_` varchar(4000) CHARACTER SET utf8 COLLATE utf8_bin NULL DEFAULT NULL,
  `HANDLER_TYPE_` varchar(255) CHARACTER SET utf8 COLLATE utf8_bin NULL DEFAULT NULL,
  `HANDLER_CFG_` varchar(4000) CHARACTER SET utf8 COLLATE utf8_bin NULL DEFAULT NULL,
  `CUSTOM_VALUES_ID_` varchar(64) CHARACTER SET utf8 COLLATE utf8_bin NULL DEFAULT NULL,
  `ADV_HANDLER_CFG_ID_` varchar(64) CHARACTER SET utf8 COLLATE utf8_bin NULL DEFAULT NULL,
  `CREATE_TIME_` timestamp(3) NULL DEFAULT NULL,
  `SCOPE_TYPE_` varchar(255) CHARACTER SET utf8 COLLATE utf8_bin NULL DEFAULT NULL,
  `TENANT_ID_` varchar(255) CHARACTER SET utf8 COLLATE utf8_bin NULL DEFAULT '',
  PRIMARY KEY (`ID_`) USING BTREE
) ENGINE = InnoDB CHARACTER SET = utf8 COLLATE = utf8_bin ROW_FORMAT = COMPACT;

-- ----------------------------
-- Records of act_ru_history_job
-- ----------------------------

-- ----------------------------
-- Table structure for act_ru_identitylink
-- ----------------------------
DROP TABLE IF EXISTS `act_ru_identitylink`;
CREATE TABLE `act_ru_identitylink`  (
  `ID_` varchar(64) CHARACTER SET utf8 COLLATE utf8_bin NOT NULL,
  `REV_` int(11) NULL DEFAULT NULL,
  `GROUP_ID_` varchar(255) CHARACTER SET utf8 COLLATE utf8_bin NULL DEFAULT NULL,
  `TYPE_` varchar(255) CHARACTER SET utf8 COLLATE utf8_bin NULL DEFAULT NULL,
  `USER_ID_` varchar(255) CHARACTER SET utf8 COLLATE utf8_bin NULL DEFAULT NULL,
  `TASK_ID_` varchar(64) CHARACTER SET utf8 COLLATE utf8_bin NULL DEFAULT NULL,
  `PROC_INST_ID_` varchar(64) CHARACTER SET utf8 COLLATE utf8_bin NULL DEFAULT NULL,
  `PROC_DEF_ID_` varchar(64) CHARACTER SET utf8 COLLATE utf8_bin NULL DEFAULT NULL,
  `SCOPE_ID_` varchar(255) CHARACTER SET utf8 COLLATE utf8_bin NULL DEFAULT NULL,
  `SUB_SCOPE_ID_` varchar(255) CHARACTER SET utf8 COLLATE utf8_bin NULL DEFAULT NULL,
  `SCOPE_TYPE_` varchar(255) CHARACTER SET utf8 COLLATE utf8_bin NULL DEFAULT NULL,
  `SCOPE_DEFINITION_ID_` varchar(255) CHARACTER SET utf8 COLLATE utf8_bin NULL DEFAULT NULL,
  PRIMARY KEY (`ID_`) USING BTREE,
  INDEX `ACT_IDX_IDENT_LNK_USER`(`USER_ID_`) USING BTREE,
  INDEX `ACT_IDX_IDENT_LNK_GROUP`(`GROUP_ID_`) USING BTREE,
  INDEX `ACT_IDX_IDENT_LNK_SCOPE`(`SCOPE_ID_`, `SCOPE_TYPE_`) USING BTREE,
  INDEX `ACT_IDX_IDENT_LNK_SUB_SCOPE`(`SUB_SCOPE_ID_`, `SCOPE_TYPE_`) USING BTREE,
  INDEX `ACT_IDX_IDENT_LNK_SCOPE_DEF`(`SCOPE_DEFINITION_ID_`, `SCOPE_TYPE_`) USING BTREE,
  INDEX `ACT_IDX_ATHRZ_PROCEDEF`(`PROC_DEF_ID_`) USING BTREE,
  INDEX `ACT_FK_TSKASS_TASK`(`TASK_ID_`) USING BTREE,
  INDEX `ACT_FK_IDL_PROCINST`(`PROC_INST_ID_`) USING BTREE,
  CONSTRAINT `ACT_FK_ATHRZ_PROCEDEF` FOREIGN KEY (`PROC_DEF_ID_`) REFERENCES `act_re_procdef` (`ID_`) ON DELETE RESTRICT ON UPDATE RESTRICT,
  CONSTRAINT `ACT_FK_IDL_PROCINST` FOREIGN KEY (`PROC_INST_ID_`) REFERENCES `act_ru_execution` (`ID_`) ON DELETE RESTRICT ON UPDATE RESTRICT,
  CONSTRAINT `ACT_FK_TSKASS_TASK` FOREIGN KEY (`TASK_ID_`) REFERENCES `act_ru_task` (`ID_`) ON DELETE RESTRICT ON UPDATE RESTRICT
) ENGINE = InnoDB CHARACTER SET = utf8 COLLATE = utf8_bin ROW_FORMAT = COMPACT;

-- ----------------------------
-- Records of act_ru_identitylink
-- ----------------------------
INSERT INTO `act_ru_identitylink` VALUES ('0a24aec9-2097-11ed-b609-3887d5e2c283', 1, NULL, 'starter', '1', NULL, '0a24aec8-2097-11ed-b609-3887d5e2c283', NULL, NULL, NULL, NULL, NULL);
INSERT INTO `act_ru_identitylink` VALUES ('0a2969c6-2097-11ed-b609-3887d5e2c283', 1, NULL, 'participant', '2', NULL, '0a24aec8-2097-11ed-b609-3887d5e2c283', NULL, NULL, NULL, NULL, NULL);
INSERT INTO `act_ru_identitylink` VALUES ('0f7a6890-5171-11f0-9668-745d226bb74a', 1, NULL, 'starter', '1', NULL, '0f7a688f-5171-11f0-9668-745d226bb74a', NULL, NULL, NULL, NULL, NULL);
INSERT INTO `act_ru_identitylink` VALUES ('0fab158d-5171-11f0-9668-745d226bb74a', 1, NULL, 'participant', '2', NULL, '0f7a688f-5171-11f0-9668-745d226bb74a', NULL, NULL, NULL, NULL, NULL);
INSERT INTO `act_ru_identitylink` VALUES ('26d31173-2843-11ed-9000-3887d5e2c283', 1, NULL, 'participant', '2', NULL, 'e9b53134-283f-11ed-9000-3887d5e2c283', NULL, NULL, NULL, NULL, NULL);
INSERT INTO `act_ru_identitylink` VALUES ('26dd98c8-2843-11ed-9000-3887d5e2c283', 1, NULL, 'participant', '4', NULL, 'e9b53134-283f-11ed-9000-3887d5e2c283', NULL, NULL, NULL, NULL, NULL);
INSERT INTO `act_ru_identitylink` VALUES ('2c4860a1-5ca7-11f0-b23a-d6bd7300036d', 1, NULL, 'starter', '1', NULL, '2c481280-5ca7-11f0-b23a-d6bd7300036d', NULL, NULL, NULL, NULL, NULL);
INSERT INTO `act_ru_identitylink` VALUES ('2d29e70e-5ca7-11f0-b23a-d6bd7300036d', 1, NULL, 'participant', '8', NULL, '2c481280-5ca7-11f0-b23a-d6bd7300036d', NULL, NULL, NULL, NULL, NULL);
INSERT INTO `act_ru_identitylink` VALUES ('322fc10f-5171-11f0-9668-745d226bb74a', 1, NULL, 'starter', '1', NULL, '322fc10e-5171-11f0-9668-745d226bb74a', NULL, NULL, NULL, NULL, NULL);
INSERT INTO `act_ru_identitylink` VALUES ('324a4dfc-5171-11f0-9668-745d226bb74a', 1, NULL, 'participant', '2', NULL, '322fc10e-5171-11f0-9668-745d226bb74a', NULL, NULL, NULL, NULL, NULL);
INSERT INTO `act_ru_identitylink` VALUES ('7004a3d1-516e-11f0-9668-745d226bb74a', 1, NULL, 'starter', '1', NULL, '7004a3d0-516e-11f0-9668-745d226bb74a', NULL, NULL, NULL, NULL, NULL);
INSERT INTO `act_ru_identitylink` VALUES ('7022da3e-516e-11f0-9668-745d226bb74a', 1, NULL, 'participant', '2', NULL, '7004a3d0-516e-11f0-9668-745d226bb74a', NULL, NULL, NULL, NULL, NULL);
INSERT INTO `act_ru_identitylink` VALUES ('7acab010-5619-11f0-ab2d-745d226bb74a', 1, NULL, 'starter', '1', NULL, '7aca88ff-5619-11f0-ab2d-745d226bb74a', NULL, NULL, NULL, NULL, NULL);
INSERT INTO `act_ru_identitylink` VALUES ('7aedc87d-5619-11f0-ab2d-745d226bb74a', 1, NULL, 'participant', '7', NULL, '7aca88ff-5619-11f0-ab2d-745d226bb74a', NULL, NULL, NULL, NULL, NULL);
INSERT INTO `act_ru_identitylink` VALUES ('b8745c0a-2096-11ed-b609-3887d5e2c283', 1, NULL, 'starter', '1', NULL, 'b8745c09-2096-11ed-b609-3887d5e2c283', NULL, NULL, NULL, NULL, NULL);
INSERT INTO `act_ru_identitylink` VALUES ('b878eff7-2096-11ed-b609-3887d5e2c283', 1, NULL, 'participant', '2', NULL, 'b8745c09-2096-11ed-b609-3887d5e2c283', NULL, NULL, NULL, NULL, NULL);
INSERT INTO `act_ru_identitylink` VALUES ('da70e12b-2095-11ed-b609-3887d5e2c283', 1, NULL, 'starter', '1', NULL, 'da70e12a-2095-11ed-b609-3887d5e2c283', NULL, NULL, NULL, NULL, NULL);
INSERT INTO `act_ru_identitylink` VALUES ('da74b1c8-2095-11ed-b609-3887d5e2c283', 1, NULL, 'participant', '2', NULL, 'da70e12a-2095-11ed-b609-3887d5e2c283', NULL, NULL, NULL, NULL, NULL);
INSERT INTO `act_ru_identitylink` VALUES ('e9b55845-283f-11ed-9000-3887d5e2c283', 1, NULL, 'starter', '1', NULL, 'e9b53134-283f-11ed-9000-3887d5e2c283', NULL, NULL, NULL, NULL, NULL);
INSERT INTO `act_ru_identitylink` VALUES ('e9c64842-283f-11ed-9000-3887d5e2c283', 1, NULL, 'participant', '2', NULL, 'e9b53134-283f-11ed-9000-3887d5e2c283', NULL, NULL, NULL, NULL, NULL);

-- ----------------------------
-- Table structure for act_ru_job
-- ----------------------------
DROP TABLE IF EXISTS `act_ru_job`;
CREATE TABLE `act_ru_job`  (
  `ID_` varchar(64) CHARACTER SET utf8 COLLATE utf8_bin NOT NULL,
  `REV_` int(11) NULL DEFAULT NULL,
  `CATEGORY_` varchar(255) CHARACTER SET utf8 COLLATE utf8_bin NULL DEFAULT NULL,
  `TYPE_` varchar(255) CHARACTER SET utf8 COLLATE utf8_bin NOT NULL,
  `LOCK_EXP_TIME_` timestamp(3) NULL DEFAULT NULL,
  `LOCK_OWNER_` varchar(255) CHARACTER SET utf8 COLLATE utf8_bin NULL DEFAULT NULL,
  `EXCLUSIVE_` tinyint(1) NULL DEFAULT NULL,
  `EXECUTION_ID_` varchar(64) CHARACTER SET utf8 COLLATE utf8_bin NULL DEFAULT NULL,
  `PROCESS_INSTANCE_ID_` varchar(64) CHARACTER SET utf8 COLLATE utf8_bin NULL DEFAULT NULL,
  `PROC_DEF_ID_` varchar(64) CHARACTER SET utf8 COLLATE utf8_bin NULL DEFAULT NULL,
  `ELEMENT_ID_` varchar(255) CHARACTER SET utf8 COLLATE utf8_bin NULL DEFAULT NULL,
  `ELEMENT_NAME_` varchar(255) CHARACTER SET utf8 COLLATE utf8_bin NULL DEFAULT NULL,
  `SCOPE_ID_` varchar(255) CHARACTER SET utf8 COLLATE utf8_bin NULL DEFAULT NULL,
  `SUB_SCOPE_ID_` varchar(255) CHARACTER SET utf8 COLLATE utf8_bin NULL DEFAULT NULL,
  `SCOPE_TYPE_` varchar(255) CHARACTER SET utf8 COLLATE utf8_bin NULL DEFAULT NULL,
  `SCOPE_DEFINITION_ID_` varchar(255) CHARACTER SET utf8 COLLATE utf8_bin NULL DEFAULT NULL,
  `CORRELATION_ID_` varchar(255) CHARACTER SET utf8 COLLATE utf8_bin NULL DEFAULT NULL,
  `RETRIES_` int(11) NULL DEFAULT NULL,
  `EXCEPTION_STACK_ID_` varchar(64) CHARACTER SET utf8 COLLATE utf8_bin NULL DEFAULT NULL,
  `EXCEPTION_MSG_` varchar(4000) CHARACTER SET utf8 COLLATE utf8_bin NULL DEFAULT NULL,
  `DUEDATE_` timestamp(3) NULL DEFAULT NULL,
  `REPEAT_` varchar(255) CHARACTER SET utf8 COLLATE utf8_bin NULL DEFAULT NULL,
  `HANDLER_TYPE_` varchar(255) CHARACTER SET utf8 COLLATE utf8_bin NULL DEFAULT NULL,
  `HANDLER_CFG_` varchar(4000) CHARACTER SET utf8 COLLATE utf8_bin NULL DEFAULT NULL,
  `CUSTOM_VALUES_ID_` varchar(64) CHARACTER SET utf8 COLLATE utf8_bin NULL DEFAULT NULL,
  `CREATE_TIME_` timestamp(3) NULL DEFAULT NULL,
  `TENANT_ID_` varchar(255) CHARACTER SET utf8 COLLATE utf8_bin NULL DEFAULT '',
  PRIMARY KEY (`ID_`) USING BTREE,
  INDEX `ACT_IDX_JOB_EXCEPTION_STACK_ID`(`EXCEPTION_STACK_ID_`) USING BTREE,
  INDEX `ACT_IDX_JOB_CUSTOM_VALUES_ID`(`CUSTOM_VALUES_ID_`) USING BTREE,
  INDEX `ACT_IDX_JOB_CORRELATION_ID`(`CORRELATION_ID_`) USING BTREE,
  INDEX `ACT_IDX_JOB_SCOPE`(`SCOPE_ID_`, `SCOPE_TYPE_`) USING BTREE,
  INDEX `ACT_IDX_JOB_SUB_SCOPE`(`SUB_SCOPE_ID_`, `SCOPE_TYPE_`) USING BTREE,
  INDEX `ACT_IDX_JOB_SCOPE_DEF`(`SCOPE_DEFINITION_ID_`, `SCOPE_TYPE_`) USING BTREE,
  INDEX `ACT_FK_JOB_EXECUTION`(`EXECUTION_ID_`) USING BTREE,
  INDEX `ACT_FK_JOB_PROCESS_INSTANCE`(`PROCESS_INSTANCE_ID_`) USING BTREE,
  INDEX `ACT_FK_JOB_PROC_DEF`(`PROC_DEF_ID_`) USING BTREE,
  CONSTRAINT `ACT_FK_JOB_CUSTOM_VALUES` FOREIGN KEY (`CUSTOM_VALUES_ID_`) REFERENCES `act_ge_bytearray` (`ID_`) ON DELETE RESTRICT ON UPDATE RESTRICT,
  CONSTRAINT `ACT_FK_JOB_EXCEPTION` FOREIGN KEY (`EXCEPTION_STACK_ID_`) REFERENCES `act_ge_bytearray` (`ID_`) ON DELETE RESTRICT ON UPDATE RESTRICT,
  CONSTRAINT `ACT_FK_JOB_EXECUTION` FOREIGN KEY (`EXECUTION_ID_`) REFERENCES `act_ru_execution` (`ID_`) ON DELETE RESTRICT ON UPDATE RESTRICT,
  CONSTRAINT `ACT_FK_JOB_PROCESS_INSTANCE` FOREIGN KEY (`PROCESS_INSTANCE_ID_`) REFERENCES `act_ru_execution` (`ID_`) ON DELETE RESTRICT ON UPDATE RESTRICT,
  CONSTRAINT `ACT_FK_JOB_PROC_DEF` FOREIGN KEY (`PROC_DEF_ID_`) REFERENCES `act_re_procdef` (`ID_`) ON DELETE RESTRICT ON UPDATE RESTRICT
) ENGINE = InnoDB CHARACTER SET = utf8 COLLATE = utf8_bin ROW_FORMAT = COMPACT;

-- ----------------------------
-- Records of act_ru_job
-- ----------------------------

-- ----------------------------
-- Table structure for act_ru_suspended_job
-- ----------------------------
DROP TABLE IF EXISTS `act_ru_suspended_job`;
CREATE TABLE `act_ru_suspended_job`  (
  `ID_` varchar(64) CHARACTER SET utf8 COLLATE utf8_bin NOT NULL,
  `REV_` int(11) NULL DEFAULT NULL,
  `CATEGORY_` varchar(255) CHARACTER SET utf8 COLLATE utf8_bin NULL DEFAULT NULL,
  `TYPE_` varchar(255) CHARACTER SET utf8 COLLATE utf8_bin NOT NULL,
  `EXCLUSIVE_` tinyint(1) NULL DEFAULT NULL,
  `EXECUTION_ID_` varchar(64) CHARACTER SET utf8 COLLATE utf8_bin NULL DEFAULT NULL,
  `PROCESS_INSTANCE_ID_` varchar(64) CHARACTER SET utf8 COLLATE utf8_bin NULL DEFAULT NULL,
  `PROC_DEF_ID_` varchar(64) CHARACTER SET utf8 COLLATE utf8_bin NULL DEFAULT NULL,
  `ELEMENT_ID_` varchar(255) CHARACTER SET utf8 COLLATE utf8_bin NULL DEFAULT NULL,
  `ELEMENT_NAME_` varchar(255) CHARACTER SET utf8 COLLATE utf8_bin NULL DEFAULT NULL,
  `SCOPE_ID_` varchar(255) CHARACTER SET utf8 COLLATE utf8_bin NULL DEFAULT NULL,
  `SUB_SCOPE_ID_` varchar(255) CHARACTER SET utf8 COLLATE utf8_bin NULL DEFAULT NULL,
  `SCOPE_TYPE_` varchar(255) CHARACTER SET utf8 COLLATE utf8_bin NULL DEFAULT NULL,
  `SCOPE_DEFINITION_ID_` varchar(255) CHARACTER SET utf8 COLLATE utf8_bin NULL DEFAULT NULL,
  `CORRELATION_ID_` varchar(255) CHARACTER SET utf8 COLLATE utf8_bin NULL DEFAULT NULL,
  `RETRIES_` int(11) NULL DEFAULT NULL,
  `EXCEPTION_STACK_ID_` varchar(64) CHARACTER SET utf8 COLLATE utf8_bin NULL DEFAULT NULL,
  `EXCEPTION_MSG_` varchar(4000) CHARACTER SET utf8 COLLATE utf8_bin NULL DEFAULT NULL,
  `DUEDATE_` timestamp(3) NULL DEFAULT NULL,
  `REPEAT_` varchar(255) CHARACTER SET utf8 COLLATE utf8_bin NULL DEFAULT NULL,
  `HANDLER_TYPE_` varchar(255) CHARACTER SET utf8 COLLATE utf8_bin NULL DEFAULT NULL,
  `HANDLER_CFG_` varchar(4000) CHARACTER SET utf8 COLLATE utf8_bin NULL DEFAULT NULL,
  `CUSTOM_VALUES_ID_` varchar(64) CHARACTER SET utf8 COLLATE utf8_bin NULL DEFAULT NULL,
  `CREATE_TIME_` timestamp(3) NULL DEFAULT NULL,
  `TENANT_ID_` varchar(255) CHARACTER SET utf8 COLLATE utf8_bin NULL DEFAULT '',
  PRIMARY KEY (`ID_`) USING BTREE,
  INDEX `ACT_IDX_SUSPENDED_JOB_EXCEPTION_STACK_ID`(`EXCEPTION_STACK_ID_`) USING BTREE,
  INDEX `ACT_IDX_SUSPENDED_JOB_CUSTOM_VALUES_ID`(`CUSTOM_VALUES_ID_`) USING BTREE,
  INDEX `ACT_IDX_SUSPENDED_JOB_CORRELATION_ID`(`CORRELATION_ID_`) USING BTREE,
  INDEX `ACT_IDX_SJOB_SCOPE`(`SCOPE_ID_`, `SCOPE_TYPE_`) USING BTREE,
  INDEX `ACT_IDX_SJOB_SUB_SCOPE`(`SUB_SCOPE_ID_`, `SCOPE_TYPE_`) USING BTREE,
  INDEX `ACT_IDX_SJOB_SCOPE_DEF`(`SCOPE_DEFINITION_ID_`, `SCOPE_TYPE_`) USING BTREE,
  INDEX `ACT_FK_SUSPENDED_JOB_EXECUTION`(`EXECUTION_ID_`) USING BTREE,
  INDEX `ACT_FK_SUSPENDED_JOB_PROCESS_INSTANCE`(`PROCESS_INSTANCE_ID_`) USING BTREE,
  INDEX `ACT_FK_SUSPENDED_JOB_PROC_DEF`(`PROC_DEF_ID_`) USING BTREE,
  CONSTRAINT `ACT_FK_SUSPENDED_JOB_CUSTOM_VALUES` FOREIGN KEY (`CUSTOM_VALUES_ID_`) REFERENCES `act_ge_bytearray` (`ID_`) ON DELETE RESTRICT ON UPDATE RESTRICT,
  CONSTRAINT `ACT_FK_SUSPENDED_JOB_EXCEPTION` FOREIGN KEY (`EXCEPTION_STACK_ID_`) REFERENCES `act_ge_bytearray` (`ID_`) ON DELETE RESTRICT ON UPDATE RESTRICT,
  CONSTRAINT `ACT_FK_SUSPENDED_JOB_EXECUTION` FOREIGN KEY (`EXECUTION_ID_`) REFERENCES `act_ru_execution` (`ID_`) ON DELETE RESTRICT ON UPDATE RESTRICT,
  CONSTRAINT `ACT_FK_SUSPENDED_JOB_PROCESS_INSTANCE` FOREIGN KEY (`PROCESS_INSTANCE_ID_`) REFERENCES `act_ru_execution` (`ID_`) ON DELETE RESTRICT ON UPDATE RESTRICT,
  CONSTRAINT `ACT_FK_SUSPENDED_JOB_PROC_DEF` FOREIGN KEY (`PROC_DEF_ID_`) REFERENCES `act_re_procdef` (`ID_`) ON DELETE RESTRICT ON UPDATE RESTRICT
) ENGINE = InnoDB CHARACTER SET = utf8 COLLATE = utf8_bin ROW_FORMAT = COMPACT;

-- ----------------------------
-- Records of act_ru_suspended_job
-- ----------------------------

-- ----------------------------
-- Table structure for act_ru_task
-- ----------------------------
DROP TABLE IF EXISTS `act_ru_task`;
CREATE TABLE `act_ru_task`  (
  `ID_` varchar(64) CHARACTER SET utf8 COLLATE utf8_bin NOT NULL,
  `REV_` int(11) NULL DEFAULT NULL,
  `EXECUTION_ID_` varchar(64) CHARACTER SET utf8 COLLATE utf8_bin NULL DEFAULT NULL,
  `PROC_INST_ID_` varchar(64) CHARACTER SET utf8 COLLATE utf8_bin NULL DEFAULT NULL,
  `PROC_DEF_ID_` varchar(64) CHARACTER SET utf8 COLLATE utf8_bin NULL DEFAULT NULL,
  `TASK_DEF_ID_` varchar(64) CHARACTER SET utf8 COLLATE utf8_bin NULL DEFAULT NULL,
  `SCOPE_ID_` varchar(255) CHARACTER SET utf8 COLLATE utf8_bin NULL DEFAULT NULL,
  `SUB_SCOPE_ID_` varchar(255) CHARACTER SET utf8 COLLATE utf8_bin NULL DEFAULT NULL,
  `SCOPE_TYPE_` varchar(255) CHARACTER SET utf8 COLLATE utf8_bin NULL DEFAULT NULL,
  `SCOPE_DEFINITION_ID_` varchar(255) CHARACTER SET utf8 COLLATE utf8_bin NULL DEFAULT NULL,
  `PROPAGATED_STAGE_INST_ID_` varchar(255) CHARACTER SET utf8 COLLATE utf8_bin NULL DEFAULT NULL,
  `NAME_` varchar(255) CHARACTER SET utf8 COLLATE utf8_bin NULL DEFAULT NULL,
  `PARENT_TASK_ID_` varchar(64) CHARACTER SET utf8 COLLATE utf8_bin NULL DEFAULT NULL,
  `DESCRIPTION_` varchar(4000) CHARACTER SET utf8 COLLATE utf8_bin NULL DEFAULT NULL,
  `TASK_DEF_KEY_` varchar(255) CHARACTER SET utf8 COLLATE utf8_bin NULL DEFAULT NULL,
  `OWNER_` varchar(255) CHARACTER SET utf8 COLLATE utf8_bin NULL DEFAULT NULL,
  `ASSIGNEE_` varchar(255) CHARACTER SET utf8 COLLATE utf8_bin NULL DEFAULT NULL,
  `DELEGATION_` varchar(64) CHARACTER SET utf8 COLLATE utf8_bin NULL DEFAULT NULL,
  `PRIORITY_` int(11) NULL DEFAULT NULL,
  `CREATE_TIME_` timestamp(3) NULL DEFAULT NULL,
  `DUE_DATE_` datetime(3) NULL DEFAULT NULL,
  `CATEGORY_` varchar(255) CHARACTER SET utf8 COLLATE utf8_bin NULL DEFAULT NULL,
  `SUSPENSION_STATE_` int(11) NULL DEFAULT NULL,
  `TENANT_ID_` varchar(255) CHARACTER SET utf8 COLLATE utf8_bin NULL DEFAULT '',
  `FORM_KEY_` varchar(255) CHARACTER SET utf8 COLLATE utf8_bin NULL DEFAULT NULL,
  `CLAIM_TIME_` datetime(3) NULL DEFAULT NULL,
  `IS_COUNT_ENABLED_` tinyint(4) NULL DEFAULT NULL,
  `VAR_COUNT_` int(11) NULL DEFAULT NULL,
  `ID_LINK_COUNT_` int(11) NULL DEFAULT NULL,
  `SUB_TASK_COUNT_` int(11) NULL DEFAULT NULL,
  PRIMARY KEY (`ID_`) USING BTREE,
  INDEX `ACT_IDX_TASK_CREATE`(`CREATE_TIME_`) USING BTREE,
  INDEX `ACT_IDX_TASK_SCOPE`(`SCOPE_ID_`, `SCOPE_TYPE_`) USING BTREE,
  INDEX `ACT_IDX_TASK_SUB_SCOPE`(`SUB_SCOPE_ID_`, `SCOPE_TYPE_`) USING BTREE,
  INDEX `ACT_IDX_TASK_SCOPE_DEF`(`SCOPE_DEFINITION_ID_`, `SCOPE_TYPE_`) USING BTREE,
  INDEX `ACT_FK_TASK_EXE`(`EXECUTION_ID_`) USING BTREE,
  INDEX `ACT_FK_TASK_PROCINST`(`PROC_INST_ID_`) USING BTREE,
  INDEX `ACT_FK_TASK_PROCDEF`(`PROC_DEF_ID_`) USING BTREE,
  CONSTRAINT `ACT_FK_TASK_EXE` FOREIGN KEY (`EXECUTION_ID_`) REFERENCES `act_ru_execution` (`ID_`) ON DELETE RESTRICT ON UPDATE RESTRICT,
  CONSTRAINT `ACT_FK_TASK_PROCDEF` FOREIGN KEY (`PROC_DEF_ID_`) REFERENCES `act_re_procdef` (`ID_`) ON DELETE RESTRICT ON UPDATE RESTRICT,
  CONSTRAINT `ACT_FK_TASK_PROCINST` FOREIGN KEY (`PROC_INST_ID_`) REFERENCES `act_ru_execution` (`ID_`) ON DELETE RESTRICT ON UPDATE RESTRICT
) ENGINE = InnoDB CHARACTER SET = utf8 COLLATE = utf8_bin ROW_FORMAT = COMPACT;

-- ----------------------------
-- Records of act_ru_task
-- ----------------------------
INSERT INTO `act_ru_task` VALUES ('0a263574-2097-11ed-b609-3887d5e2c283', 1, '0a260e60-2097-11ed-b609-3887d5e2c283', '0a24aec8-2097-11ed-b609-3887d5e2c283', 'leave:2:f519d4d0-1ec3-11ed-af71-3887d5e2c283', NULL, NULL, NULL, NULL, NULL, NULL, '经理', NULL, NULL, 'Activity_0gcxdwu', NULL, '2', NULL, 50, '2022-08-20 22:47:40.078', NULL, NULL, 1, '', NULL, NULL, 1, 0, 0, 0);
INSERT INTO `act_ru_task` VALUES ('0f92f9ab-5171-11f0-9668-745d226bb74a', 1, '0f92f9a7-5171-11f0-9668-745d226bb74a', '0f7a688f-5171-11f0-9668-745d226bb74a', 'leave:2:f519d4d0-1ec3-11ed-af71-3887d5e2c283', NULL, NULL, NULL, NULL, NULL, NULL, '经理', NULL, NULL, 'Activity_0gcxdwu', NULL, '2', NULL, 50, '2025-06-25 11:04:08.293', NULL, NULL, 1, '', NULL, NULL, 1, 0, 0, 0);
INSERT INTO `act_ru_task` VALUES ('26d645c6-2843-11ed-9000-3887d5e2c283', 1, 'e9b7f05c-283f-11ed-9000-3887d5e2c283', 'e9b53134-283f-11ed-9000-3887d5e2c283', 'leave:2:f519d4d0-1ec3-11ed-af71-3887d5e2c283', NULL, NULL, NULL, NULL, NULL, NULL, '人事', NULL, NULL, 'Activity_13uq05m', NULL, '4', NULL, 50, '2022-08-30 17:07:19.785', NULL, NULL, 1, '', NULL, NULL, 1, 0, 0, 0);
INSERT INTO `act_ru_task` VALUES ('2d003efc-5ca7-11f0-b23a-d6bd7300036d', 1, '2c600758-5ca7-11f0-b23a-d6bd7300036d', '2c481280-5ca7-11f0-b23a-d6bd7300036d', 'leave:3:70aa0460-5171-11f0-9668-745d226bb74a', NULL, NULL, NULL, NULL, NULL, NULL, '经理', NULL, NULL, 'Activity_0gcxdwu', NULL, '8', NULL, 50, '2025-07-09 17:29:13.266', NULL, NULL, 1, '', NULL, NULL, 1, 0, 0, 0);
INSERT INTO `act_ru_task` VALUES ('323bcf0a-5171-11f0-9668-745d226bb74a', 1, '323bcf06-5171-11f0-9668-745d226bb74a', '322fc10e-5171-11f0-9668-745d226bb74a', 'leave:2:f519d4d0-1ec3-11ed-af71-3887d5e2c283', NULL, NULL, NULL, NULL, NULL, NULL, '经理', NULL, NULL, 'Activity_0gcxdwu', NULL, '2', NULL, 50, '2025-06-25 11:05:06.442', NULL, NULL, 1, '', NULL, NULL, 1, 0, 0, 0);
INSERT INTO `act_ru_task` VALUES ('7012115c-516e-11f0-9668-745d226bb74a', 1, '70108ab8-516e-11f0-9668-745d226bb74a', '7004a3d0-516e-11f0-9668-745d226bb74a', 'leave:2:f519d4d0-1ec3-11ed-af71-3887d5e2c283', NULL, NULL, NULL, NULL, NULL, NULL, '经理', NULL, NULL, 'Activity_0gcxdwu', NULL, '2', NULL, 50, '2025-06-25 10:45:21.693', NULL, NULL, 1, '', NULL, NULL, 1, 0, 0, 0);
INSERT INTO `act_ru_task` VALUES ('7ad696fb-5619-11f0-ab2d-745d226bb74a', 1, '7ad425f7-5619-11f0-ab2d-745d226bb74a', '7aca88ff-5619-11f0-ab2d-745d226bb74a', 'leave:3:70aa0460-5171-11f0-9668-745d226bb74a', NULL, NULL, NULL, NULL, NULL, NULL, '经理', NULL, NULL, 'Activity_0gcxdwu', NULL, '7', NULL, 50, '2025-07-01 09:19:48.354', NULL, NULL, 1, '', NULL, NULL, 1, 0, 0, 0);
INSERT INTO `act_ru_task` VALUES ('b876a605-2096-11ed-b609-3887d5e2c283', 1, 'b876a601-2096-11ed-b609-3887d5e2c283', 'b8745c09-2096-11ed-b609-3887d5e2c283', 'leave:2:f519d4d0-1ec3-11ed-af71-3887d5e2c283', NULL, NULL, NULL, NULL, NULL, NULL, '经理', NULL, NULL, 'Activity_0gcxdwu', NULL, '2', NULL, 50, '2022-08-20 22:45:23.032', NULL, NULL, 1, '', NULL, NULL, 1, 0, 0, 0);
INSERT INTO `act_ru_task` VALUES ('da71f2a6-2095-11ed-b609-3887d5e2c283', 1, 'da71cb92-2095-11ed-b609-3887d5e2c283', 'da70e12a-2095-11ed-b609-3887d5e2c283', 'leave:2:f519d4d0-1ec3-11ed-af71-3887d5e2c283', NULL, NULL, NULL, NULL, NULL, NULL, '经理', NULL, NULL, 'Activity_0gcxdwu', NULL, '2', NULL, 50, '2022-08-20 22:39:10.546', NULL, NULL, 1, '', NULL, NULL, 1, 0, 0, 0);

-- ----------------------------
-- Table structure for act_ru_timer_job
-- ----------------------------
DROP TABLE IF EXISTS `act_ru_timer_job`;
CREATE TABLE `act_ru_timer_job`  (
  `ID_` varchar(64) CHARACTER SET utf8 COLLATE utf8_bin NOT NULL,
  `REV_` int(11) NULL DEFAULT NULL,
  `CATEGORY_` varchar(255) CHARACTER SET utf8 COLLATE utf8_bin NULL DEFAULT NULL,
  `TYPE_` varchar(255) CHARACTER SET utf8 COLLATE utf8_bin NOT NULL,
  `LOCK_EXP_TIME_` timestamp(3) NULL DEFAULT NULL,
  `LOCK_OWNER_` varchar(255) CHARACTER SET utf8 COLLATE utf8_bin NULL DEFAULT NULL,
  `EXCLUSIVE_` tinyint(1) NULL DEFAULT NULL,
  `EXECUTION_ID_` varchar(64) CHARACTER SET utf8 COLLATE utf8_bin NULL DEFAULT NULL,
  `PROCESS_INSTANCE_ID_` varchar(64) CHARACTER SET utf8 COLLATE utf8_bin NULL DEFAULT NULL,
  `PROC_DEF_ID_` varchar(64) CHARACTER SET utf8 COLLATE utf8_bin NULL DEFAULT NULL,
  `ELEMENT_ID_` varchar(255) CHARACTER SET utf8 COLLATE utf8_bin NULL DEFAULT NULL,
  `ELEMENT_NAME_` varchar(255) CHARACTER SET utf8 COLLATE utf8_bin NULL DEFAULT NULL,
  `SCOPE_ID_` varchar(255) CHARACTER SET utf8 COLLATE utf8_bin NULL DEFAULT NULL,
  `SUB_SCOPE_ID_` varchar(255) CHARACTER SET utf8 COLLATE utf8_bin NULL DEFAULT NULL,
  `SCOPE_TYPE_` varchar(255) CHARACTER SET utf8 COLLATE utf8_bin NULL DEFAULT NULL,
  `SCOPE_DEFINITION_ID_` varchar(255) CHARACTER SET utf8 COLLATE utf8_bin NULL DEFAULT NULL,
  `CORRELATION_ID_` varchar(255) CHARACTER SET utf8 COLLATE utf8_bin NULL DEFAULT NULL,
  `RETRIES_` int(11) NULL DEFAULT NULL,
  `EXCEPTION_STACK_ID_` varchar(64) CHARACTER SET utf8 COLLATE utf8_bin NULL DEFAULT NULL,
  `EXCEPTION_MSG_` varchar(4000) CHARACTER SET utf8 COLLATE utf8_bin NULL DEFAULT NULL,
  `DUEDATE_` timestamp(3) NULL DEFAULT NULL,
  `REPEAT_` varchar(255) CHARACTER SET utf8 COLLATE utf8_bin NULL DEFAULT NULL,
  `HANDLER_TYPE_` varchar(255) CHARACTER SET utf8 COLLATE utf8_bin NULL DEFAULT NULL,
  `HANDLER_CFG_` varchar(4000) CHARACTER SET utf8 COLLATE utf8_bin NULL DEFAULT NULL,
  `CUSTOM_VALUES_ID_` varchar(64) CHARACTER SET utf8 COLLATE utf8_bin NULL DEFAULT NULL,
  `CREATE_TIME_` timestamp(3) NULL DEFAULT NULL,
  `TENANT_ID_` varchar(255) CHARACTER SET utf8 COLLATE utf8_bin NULL DEFAULT '',
  PRIMARY KEY (`ID_`) USING BTREE,
  INDEX `ACT_IDX_TIMER_JOB_EXCEPTION_STACK_ID`(`EXCEPTION_STACK_ID_`) USING BTREE,
  INDEX `ACT_IDX_TIMER_JOB_CUSTOM_VALUES_ID`(`CUSTOM_VALUES_ID_`) USING BTREE,
  INDEX `ACT_IDX_TIMER_JOB_CORRELATION_ID`(`CORRELATION_ID_`) USING BTREE,
  INDEX `ACT_IDX_TIMER_JOB_DUEDATE`(`DUEDATE_`) USING BTREE,
  INDEX `ACT_IDX_TJOB_SCOPE`(`SCOPE_ID_`, `SCOPE_TYPE_`) USING BTREE,
  INDEX `ACT_IDX_TJOB_SUB_SCOPE`(`SUB_SCOPE_ID_`, `SCOPE_TYPE_`) USING BTREE,
  INDEX `ACT_IDX_TJOB_SCOPE_DEF`(`SCOPE_DEFINITION_ID_`, `SCOPE_TYPE_`) USING BTREE,
  INDEX `ACT_FK_TIMER_JOB_EXECUTION`(`EXECUTION_ID_`) USING BTREE,
  INDEX `ACT_FK_TIMER_JOB_PROCESS_INSTANCE`(`PROCESS_INSTANCE_ID_`) USING BTREE,
  INDEX `ACT_FK_TIMER_JOB_PROC_DEF`(`PROC_DEF_ID_`) USING BTREE,
  CONSTRAINT `ACT_FK_TIMER_JOB_CUSTOM_VALUES` FOREIGN KEY (`CUSTOM_VALUES_ID_`) REFERENCES `act_ge_bytearray` (`ID_`) ON DELETE RESTRICT ON UPDATE RESTRICT,
  CONSTRAINT `ACT_FK_TIMER_JOB_EXCEPTION` FOREIGN KEY (`EXCEPTION_STACK_ID_`) REFERENCES `act_ge_bytearray` (`ID_`) ON DELETE RESTRICT ON UPDATE RESTRICT,
  CONSTRAINT `ACT_FK_TIMER_JOB_EXECUTION` FOREIGN KEY (`EXECUTION_ID_`) REFERENCES `act_ru_execution` (`ID_`) ON DELETE RESTRICT ON UPDATE RESTRICT,
  CONSTRAINT `ACT_FK_TIMER_JOB_PROCESS_INSTANCE` FOREIGN KEY (`PROCESS_INSTANCE_ID_`) REFERENCES `act_ru_execution` (`ID_`) ON DELETE RESTRICT ON UPDATE RESTRICT,
  CONSTRAINT `ACT_FK_TIMER_JOB_PROC_DEF` FOREIGN KEY (`PROC_DEF_ID_`) REFERENCES `act_re_procdef` (`ID_`) ON DELETE RESTRICT ON UPDATE RESTRICT
) ENGINE = InnoDB CHARACTER SET = utf8 COLLATE = utf8_bin ROW_FORMAT = COMPACT;

-- ----------------------------
-- Records of act_ru_timer_job
-- ----------------------------

-- ----------------------------
-- Table structure for act_ru_variable
-- ----------------------------
DROP TABLE IF EXISTS `act_ru_variable`;
CREATE TABLE `act_ru_variable`  (
  `ID_` varchar(64) CHARACTER SET utf8 COLLATE utf8_bin NOT NULL,
  `REV_` int(11) NULL DEFAULT NULL,
  `TYPE_` varchar(255) CHARACTER SET utf8 COLLATE utf8_bin NOT NULL,
  `NAME_` varchar(255) CHARACTER SET utf8 COLLATE utf8_bin NOT NULL,
  `EXECUTION_ID_` varchar(64) CHARACTER SET utf8 COLLATE utf8_bin NULL DEFAULT NULL,
  `PROC_INST_ID_` varchar(64) CHARACTER SET utf8 COLLATE utf8_bin NULL DEFAULT NULL,
  `TASK_ID_` varchar(64) CHARACTER SET utf8 COLLATE utf8_bin NULL DEFAULT NULL,
  `SCOPE_ID_` varchar(255) CHARACTER SET utf8 COLLATE utf8_bin NULL DEFAULT NULL,
  `SUB_SCOPE_ID_` varchar(255) CHARACTER SET utf8 COLLATE utf8_bin NULL DEFAULT NULL,
  `SCOPE_TYPE_` varchar(255) CHARACTER SET utf8 COLLATE utf8_bin NULL DEFAULT NULL,
  `BYTEARRAY_ID_` varchar(64) CHARACTER SET utf8 COLLATE utf8_bin NULL DEFAULT NULL,
  `DOUBLE_` double NULL DEFAULT NULL,
  `LONG_` bigint(20) NULL DEFAULT NULL,
  `TEXT_` varchar(4000) CHARACTER SET utf8 COLLATE utf8_bin NULL DEFAULT NULL,
  `TEXT2_` varchar(4000) CHARACTER SET utf8 COLLATE utf8_bin NULL DEFAULT NULL,
  PRIMARY KEY (`ID_`) USING BTREE,
  INDEX `ACT_IDX_RU_VAR_SCOPE_ID_TYPE`(`SCOPE_ID_`, `SCOPE_TYPE_`) USING BTREE,
  INDEX `ACT_IDX_RU_VAR_SUB_ID_TYPE`(`SUB_SCOPE_ID_`, `SCOPE_TYPE_`) USING BTREE,
  INDEX `ACT_FK_VAR_BYTEARRAY`(`BYTEARRAY_ID_`) USING BTREE,
  INDEX `ACT_IDX_VARIABLE_TASK_ID`(`TASK_ID_`) USING BTREE,
  INDEX `ACT_FK_VAR_EXE`(`EXECUTION_ID_`) USING BTREE,
  INDEX `ACT_FK_VAR_PROCINST`(`PROC_INST_ID_`) USING BTREE,
  CONSTRAINT `ACT_FK_VAR_BYTEARRAY` FOREIGN KEY (`BYTEARRAY_ID_`) REFERENCES `act_ge_bytearray` (`ID_`) ON DELETE RESTRICT ON UPDATE RESTRICT,
  CONSTRAINT `ACT_FK_VAR_EXE` FOREIGN KEY (`EXECUTION_ID_`) REFERENCES `act_ru_execution` (`ID_`) ON DELETE RESTRICT ON UPDATE RESTRICT,
  CONSTRAINT `ACT_FK_VAR_PROCINST` FOREIGN KEY (`PROC_INST_ID_`) REFERENCES `act_ru_execution` (`ID_`) ON DELETE RESTRICT ON UPDATE RESTRICT
) ENGINE = InnoDB CHARACTER SET = utf8 COLLATE = utf8_bin ROW_FORMAT = COMPACT;

-- ----------------------------
-- Records of act_ru_variable
-- ----------------------------
INSERT INTO `act_ru_variable` VALUES ('0a260e5a-2097-11ed-b609-3887d5e2c283', 1, 'string', 'field126', '0a24aec8-2097-11ed-b609-3887d5e2c283', '0a24aec8-2097-11ed-b609-3887d5e2c283', NULL, NULL, NULL, NULL, NULL, NULL, NULL, '333', NULL);
INSERT INTO `act_ru_variable` VALUES ('0a260e5c-2097-11ed-b609-3887d5e2c283', 1, 'string', 'field127', '0a24aec8-2097-11ed-b609-3887d5e2c283', '0a24aec8-2097-11ed-b609-3887d5e2c283', NULL, NULL, NULL, NULL, NULL, NULL, NULL, '333', NULL);
INSERT INTO `act_ru_variable` VALUES ('0a260e5e-2097-11ed-b609-3887d5e2c283', 1, 'integer', 'field128', '0a24aec8-2097-11ed-b609-3887d5e2c283', '0a24aec8-2097-11ed-b609-3887d5e2c283', NULL, NULL, NULL, NULL, NULL, NULL, 1, '1', NULL);
INSERT INTO `act_ru_variable` VALUES ('0f92f9a1-5171-11f0-9668-745d226bb74a', 1, 'string', 'field126', '0f7a688f-5171-11f0-9668-745d226bb74a', '0f7a688f-5171-11f0-9668-745d226bb74a', NULL, NULL, NULL, NULL, NULL, NULL, NULL, 'zzz', NULL);
INSERT INTO `act_ru_variable` VALUES ('0f92f9a3-5171-11f0-9668-745d226bb74a', 1, 'string', 'field127', '0f7a688f-5171-11f0-9668-745d226bb74a', '0f7a688f-5171-11f0-9668-745d226bb74a', NULL, NULL, NULL, NULL, NULL, NULL, NULL, 'zzz', NULL);
INSERT INTO `act_ru_variable` VALUES ('0f92f9a5-5171-11f0-9668-745d226bb74a', 1, 'integer', 'field128', '0f7a688f-5171-11f0-9668-745d226bb74a', '0f7a688f-5171-11f0-9668-745d226bb74a', NULL, NULL, NULL, NULL, NULL, NULL, 1, '1', NULL);
INSERT INTO `act_ru_variable` VALUES ('2c5f4402-5ca7-11f0-b23a-d6bd7300036d', 1, 'string', 'field126', '2c481280-5ca7-11f0-b23a-d6bd7300036d', '2c481280-5ca7-11f0-b23a-d6bd7300036d', NULL, NULL, NULL, NULL, NULL, NULL, NULL, '我是请假', NULL);
INSERT INTO `act_ru_variable` VALUES ('2c5fe044-5ca7-11f0-b23a-d6bd7300036d', 1, 'string', 'field127', '2c481280-5ca7-11f0-b23a-d6bd7300036d', '2c481280-5ca7-11f0-b23a-d6bd7300036d', NULL, NULL, NULL, NULL, NULL, NULL, NULL, '我是请假', NULL);
INSERT INTO `act_ru_variable` VALUES ('2c5fe046-5ca7-11f0-b23a-d6bd7300036d', 1, 'integer', 'field128', '2c481280-5ca7-11f0-b23a-d6bd7300036d', '2c481280-5ca7-11f0-b23a-d6bd7300036d', NULL, NULL, NULL, NULL, NULL, NULL, 1, '1', NULL);
INSERT INTO `act_ru_variable` VALUES ('323bcf00-5171-11f0-9668-745d226bb74a', 1, 'string', 'field126', '322fc10e-5171-11f0-9668-745d226bb74a', '322fc10e-5171-11f0-9668-745d226bb74a', NULL, NULL, NULL, NULL, NULL, NULL, NULL, 'zz', NULL);
INSERT INTO `act_ru_variable` VALUES ('323bcf02-5171-11f0-9668-745d226bb74a', 1, 'string', 'field127', '322fc10e-5171-11f0-9668-745d226bb74a', '322fc10e-5171-11f0-9668-745d226bb74a', NULL, NULL, NULL, NULL, NULL, NULL, NULL, 'zz', NULL);
INSERT INTO `act_ru_variable` VALUES ('323bcf04-5171-11f0-9668-745d226bb74a', 1, 'integer', 'field128', '322fc10e-5171-11f0-9668-745d226bb74a', '322fc10e-5171-11f0-9668-745d226bb74a', NULL, NULL, NULL, NULL, NULL, NULL, 1, '1', NULL);
INSERT INTO `act_ru_variable` VALUES ('70103c92-516e-11f0-9668-745d226bb74a', 1, 'string', 'field126', '7004a3d0-516e-11f0-9668-745d226bb74a', '7004a3d0-516e-11f0-9668-745d226bb74a', NULL, NULL, NULL, NULL, NULL, NULL, NULL, 'aaa', NULL);
INSERT INTO `act_ru_variable` VALUES ('70103c94-516e-11f0-9668-745d226bb74a', 1, 'string', 'field127', '7004a3d0-516e-11f0-9668-745d226bb74a', '7004a3d0-516e-11f0-9668-745d226bb74a', NULL, NULL, NULL, NULL, NULL, NULL, NULL, 'ccc', NULL);
INSERT INTO `act_ru_variable` VALUES ('70103c96-516e-11f0-9668-745d226bb74a', 1, 'integer', 'field128', '7004a3d0-516e-11f0-9668-745d226bb74a', '7004a3d0-516e-11f0-9668-745d226bb74a', NULL, NULL, NULL, NULL, NULL, NULL, 1, '1', NULL);
INSERT INTO `act_ru_variable` VALUES ('7ad425f1-5619-11f0-ab2d-745d226bb74a', 1, 'string', 'field126', '7aca88ff-5619-11f0-ab2d-745d226bb74a', '7aca88ff-5619-11f0-ab2d-745d226bb74a', NULL, NULL, NULL, NULL, NULL, NULL, NULL, 'sss', NULL);
INSERT INTO `act_ru_variable` VALUES ('7ad425f3-5619-11f0-ab2d-745d226bb74a', 1, 'string', 'field127', '7aca88ff-5619-11f0-ab2d-745d226bb74a', '7aca88ff-5619-11f0-ab2d-745d226bb74a', NULL, NULL, NULL, NULL, NULL, NULL, NULL, 'sss', NULL);
INSERT INTO `act_ru_variable` VALUES ('7ad425f5-5619-11f0-ab2d-745d226bb74a', 1, 'integer', 'field128', '7aca88ff-5619-11f0-ab2d-745d226bb74a', '7aca88ff-5619-11f0-ab2d-745d226bb74a', NULL, NULL, NULL, NULL, NULL, NULL, 1, '1', NULL);
INSERT INTO `act_ru_variable` VALUES ('b8767eeb-2096-11ed-b609-3887d5e2c283', 1, 'string', 'field126', 'b8745c09-2096-11ed-b609-3887d5e2c283', 'b8745c09-2096-11ed-b609-3887d5e2c283', NULL, NULL, NULL, NULL, NULL, NULL, NULL, '222', NULL);
INSERT INTO `act_ru_variable` VALUES ('b8767eed-2096-11ed-b609-3887d5e2c283', 1, 'string', 'field127', 'b8745c09-2096-11ed-b609-3887d5e2c283', 'b8745c09-2096-11ed-b609-3887d5e2c283', NULL, NULL, NULL, NULL, NULL, NULL, NULL, '222', NULL);
INSERT INTO `act_ru_variable` VALUES ('b8767eef-2096-11ed-b609-3887d5e2c283', 1, 'integer', 'field128', 'b8745c09-2096-11ed-b609-3887d5e2c283', 'b8745c09-2096-11ed-b609-3887d5e2c283', NULL, NULL, NULL, NULL, NULL, NULL, 1, '1', NULL);
INSERT INTO `act_ru_variable` VALUES ('da71a47c-2095-11ed-b609-3887d5e2c283', 1, 'string', 'field126', 'da70e12a-2095-11ed-b609-3887d5e2c283', 'da70e12a-2095-11ed-b609-3887d5e2c283', NULL, NULL, NULL, NULL, NULL, NULL, NULL, '111', NULL);
INSERT INTO `act_ru_variable` VALUES ('da71a47e-2095-11ed-b609-3887d5e2c283', 1, 'string', 'field127', 'da70e12a-2095-11ed-b609-3887d5e2c283', 'da70e12a-2095-11ed-b609-3887d5e2c283', NULL, NULL, NULL, NULL, NULL, NULL, NULL, '111', NULL);
INSERT INTO `act_ru_variable` VALUES ('da71cb90-2095-11ed-b609-3887d5e2c283', 1, 'integer', 'field128', 'da70e12a-2095-11ed-b609-3887d5e2c283', 'da70e12a-2095-11ed-b609-3887d5e2c283', NULL, NULL, NULL, NULL, NULL, NULL, 1, '1', NULL);
INSERT INTO `act_ru_variable` VALUES ('e9b77b26-283f-11ed-9000-3887d5e2c283', 1, 'string', 'field126', 'e9b53134-283f-11ed-9000-3887d5e2c283', 'e9b53134-283f-11ed-9000-3887d5e2c283', NULL, NULL, NULL, NULL, NULL, NULL, NULL, '123', NULL);
INSERT INTO `act_ru_variable` VALUES ('e9b7c948-283f-11ed-9000-3887d5e2c283', 1, 'string', 'field127', 'e9b53134-283f-11ed-9000-3887d5e2c283', 'e9b53134-283f-11ed-9000-3887d5e2c283', NULL, NULL, NULL, NULL, NULL, NULL, NULL, '123', NULL);
INSERT INTO `act_ru_variable` VALUES ('e9b7c94a-283f-11ed-9000-3887d5e2c283', 1, 'integer', 'field128', 'e9b53134-283f-11ed-9000-3887d5e2c283', 'e9b53134-283f-11ed-9000-3887d5e2c283', NULL, NULL, NULL, NULL, NULL, NULL, 1, '1', NULL);

-- ----------------------------
-- Table structure for bpm_form
-- ----------------------------
DROP TABLE IF EXISTS `bpm_form`;
CREATE TABLE `bpm_form`  (
  `id` bigint(20) NOT NULL AUTO_INCREMENT COMMENT '编号',
  `name` varchar(64) CHARACTER SET utf8mb4 COLLATE utf8mb4_unicode_ci NOT NULL COMMENT '表单名',
  `status` tinyint(4) NOT NULL COMMENT '开启状态',
  `conf` varchar(1000) CHARACTER SET utf8mb4 COLLATE utf8mb4_unicode_ci NOT NULL COMMENT '表单的配置',
  `fields` varchar(5000) CHARACTER SET utf8mb4 COLLATE utf8mb4_unicode_ci NOT NULL COMMENT '表单项的数组',
  `remark` varchar(255) CHARACTER SET utf8mb4 COLLATE utf8mb4_unicode_ci NULL DEFAULT NULL COMMENT '备注',
  `creator` varchar(64) CHARACTER SET utf8mb4 COLLATE utf8mb4_unicode_ci NULL DEFAULT '' COMMENT '创建者',
  `create_time` datetime NOT NULL DEFAULT CURRENT_TIMESTAMP COMMENT '创建时间',
  `updater` varchar(64) CHARACTER SET utf8mb4 COLLATE utf8mb4_unicode_ci NULL DEFAULT '' COMMENT '更新者',
  `update_time` datetime NOT NULL DEFAULT CURRENT_TIMESTAMP ON UPDATE CURRENT_TIMESTAMP COMMENT '更新时间',
  `deleted` bit(1) NOT NULL DEFAULT b'0' COMMENT '是否删除',
  `tenant_id` bigint(20) NOT NULL DEFAULT 0 COMMENT '租户编号',
  PRIMARY KEY (`id`) USING BTREE
) ENGINE = InnoDB AUTO_INCREMENT = 14 CHARACTER SET = utf8mb4 COLLATE = utf8mb4_unicode_ci COMMENT = '工作流的表单定义' ROW_FORMAT = COMPACT;

-- ----------------------------
-- Records of bpm_form
-- ----------------------------
INSERT INTO `bpm_form` VALUES (3, '请假表单', 0, '{\"formRef\":\"elForm\",\"formModel\":\"formData\",\"size\":\"medium\",\"labelPosition\":\"right\",\"labelWidth\":100,\"formRules\":\"rules\",\"gutter\":15,\"disabled\":false,\"span\":24,\"formBtns\":true}', '[\"{\\\"__config__\\\":{\\\"label\\\":\\\"单行文本\\\",\\\"labelWidth\\\":null,\\\"showLabel\\\":true,\\\"changeTag\\\":true,\\\"tag\\\":\\\"el-input\\\",\\\"tagIcon\\\":\\\"input\\\",\\\"required\\\":true,\\\"layout\\\":\\\"colFormItem\\\",\\\"span\\\":24,\\\"document\\\":\\\"https://element.eleme.cn/#/zh-CN/component/input\\\",\\\"regList\\\":[],\\\"formId\\\":126,\\\"renderKey\\\":\\\"1261660710510642\\\"},\\\"__slot__\\\":{\\\"prepend\\\":\\\"\\\",\\\"append\\\":\\\"\\\"},\\\"placeholder\\\":\\\"请输入单行文本\\\",\\\"style\\\":{\\\"width\\\":\\\"100%\\\"},\\\"clearable\\\":true,\\\"prefix-icon\\\":\\\"\\\",\\\"suffix-icon\\\":\\\"\\\",\\\"maxlength\\\":null,\\\"show-word-limit\\\":false,\\\"readonly\\\":false,\\\"disabled\\\":false,\\\"__vModel__\\\":\\\"field126\\\"}\",\"{\\\"__config__\\\":{\\\"label\\\":\\\"多行文本\\\",\\\"labelWidth\\\":null,\\\"showLabel\\\":true,\\\"tag\\\":\\\"el-input\\\",\\\"tagIcon\\\":\\\"textarea\\\",\\\"required\\\":true,\\\"layout\\\":\\\"colFormItem\\\",\\\"span\\\":24,\\\"regList\\\":[],\\\"changeTag\\\":true,\\\"document\\\":\\\"https://element.eleme.cn/#/zh-CN/component/input\\\",\\\"formId\\\":127,\\\"renderKey\\\":\\\"1271660710510986\\\"},\\\"type\\\":\\\"textarea\\\",\\\"placeholder\\\":\\\"请输入多行文本\\\",\\\"autosize\\\":{\\\"minRows\\\":4,\\\"maxRows\\\":4},\\\"style\\\":{\\\"width\\\":\\\"100%\\\"},\\\"maxlength\\\":null,\\\"show-word-limit\\\":false,\\\"readonly\\\":false,\\\"disabled\\\":false,\\\"__vModel__\\\":\\\"field127\\\"}\",\"{\\\"__config__\\\":{\\\"label\\\":\\\"下拉选择\\\",\\\"showLabel\\\":true,\\\"labelWidth\\\":null,\\\"tag\\\":\\\"el-select\\\",\\\"tagIcon\\\":\\\"select\\\",\\\"layout\\\":\\\"colFormItem\\\",\\\"span\\\":24,\\\"required\\\":true,\\\"regList\\\":[],\\\"changeTag\\\":true,\\\"document\\\":\\\"https://element.eleme.cn/#/zh-CN/component/select\\\",\\\"formId\\\":128,\\\"renderKey\\\":\\\"1281660710511579\\\"},\\\"__slot__\\\":{\\\"options\\\":[{\\\"label\\\":\\\"选项一\\\",\\\"value\\\":1},{\\\"label\\\":\\\"选项二\\\",\\\"value\\\":2}]},\\\"placeholder\\\":\\\"请选择下拉选择\\\",\\\"style\\\":{\\\"width\\\":\\\"100%\\\"},\\\"clearable\\\":true,\\\"disabled\\\":false,\\\"filterable\\\":false,\\\"multiple\\\":false,\\\"__vModel__\\\":\\\"field128\\\"}\"]', '请假表单', '1', '2022-08-17 12:28:34', '1', '2022-08-18 14:51:07', b'0', 0);
INSERT INTO `bpm_form` VALUES (4, '测试表单2', 0, '{\"formRef\":\"elForm\",\"formModel\":\"formData\",\"size\":\"medium\",\"labelPosition\":\"right\",\"labelWidth\":100,\"formRules\":\"rules\",\"gutter\":15,\"disabled\":false,\"span\":24,\"formBtns\":true}', '[\"{\\\"__config__\\\":{\\\"label\\\":\\\"单行文本\\\",\\\"labelWidth\\\":null,\\\"showLabel\\\":true,\\\"changeTag\\\":true,\\\"tag\\\":\\\"el-input\\\",\\\"tagIcon\\\":\\\"input\\\",\\\"required\\\":true,\\\"layout\\\":\\\"colFormItem\\\",\\\"span\\\":24,\\\"document\\\":\\\"https://element.eleme.cn/#/zh-CN/component/input\\\",\\\"regList\\\":[],\\\"formId\\\":101,\\\"renderKey\\\":\\\"1011660999055972\\\"},\\\"__slot__\\\":{\\\"prepend\\\":\\\"\\\",\\\"append\\\":\\\"\\\"},\\\"placeholder\\\":\\\"请输入单行文本\\\",\\\"style\\\":{\\\"width\\\":\\\"100%\\\"},\\\"clearable\\\":true,\\\"prefix-icon\\\":\\\"\\\",\\\"suffix-icon\\\":\\\"\\\",\\\"maxlength\\\":null,\\\"show-word-limit\\\":false,\\\"readonly\\\":false,\\\"disabled\\\":false,\\\"__vModel__\\\":\\\"field101\\\"}\",\"{\\\"__config__\\\":{\\\"label\\\":\\\"下拉选择\\\",\\\"showLabel\\\":true,\\\"labelWidth\\\":null,\\\"tag\\\":\\\"el-select\\\",\\\"tagIcon\\\":\\\"select\\\",\\\"layout\\\":\\\"colFormItem\\\",\\\"span\\\":24,\\\"required\\\":true,\\\"regList\\\":[],\\\"changeTag\\\":true,\\\"document\\\":\\\"https://element.eleme.cn/#/zh-CN/component/select\\\",\\\"formId\\\":102,\\\"renderKey\\\":\\\"1021660999058033\\\"},\\\"__slot__\\\":{\\\"options\\\":[{\\\"label\\\":\\\"选项一\\\",\\\"value\\\":1},{\\\"label\\\":\\\"选项二\\\",\\\"value\\\":2}]},\\\"placeholder\\\":\\\"请选择下拉选择\\\",\\\"style\\\":{\\\"width\\\":\\\"100%\\\"},\\\"clearable\\\":true,\\\"disabled\\\":false,\\\"filterable\\\":false,\\\"multiple\\\":false,\\\"__vModel__\\\":\\\"field102\\\"}\",\"{\\\"__config__\\\":{\\\"label\\\":\\\"多行文本\\\",\\\"labelWidth\\\":null,\\\"showLabel\\\":true,\\\"tag\\\":\\\"el-input\\\",\\\"tagIcon\\\":\\\"textarea\\\",\\\"required\\\":true,\\\"layout\\\":\\\"colFormItem\\\",\\\"span\\\":24,\\\"regList\\\":[],\\\"changeTag\\\":true,\\\"document\\\":\\\"https://element.eleme.cn/#/zh-CN/component/input\\\",\\\"formId\\\":103,\\\"renderKey\\\":\\\"1031660999060111\\\"},\\\"type\\\":\\\"textarea\\\",\\\"placeholder\\\":\\\"请输入多行文本\\\",\\\"autosize\\\":{\\\"minRows\\\":4,\\\"maxRows\\\":4},\\\"style\\\":{\\\"width\\\":\\\"100%\\\"},\\\"maxlength\\\":null,\\\"show-word-limit\\\":false,\\\"readonly\\\":false,\\\"disabled\\\":false,\\\"__vModel__\\\":\\\"field103\\\"}\"]', '测试表单22', '1', '2022-08-20 20:37:42', '1', '2022-08-21 11:31:08', b'0', 0);
INSERT INTO `bpm_form` VALUES (5, '测试003', 0, '{\"formRef\":\"elForm\",\"formModel\":\"formData\",\"size\":\"medium\",\"labelPosition\":\"right\",\"labelWidth\":100,\"formRules\":\"rules\",\"gutter\":15,\"disabled\":false,\"span\":24,\"formBtns\":true}', '[\"{\\\"__config__\\\":{\\\"label\\\":\\\"单行文本\\\",\\\"labelWidth\\\":null,\\\"showLabel\\\":true,\\\"changeTag\\\":true,\\\"tag\\\":\\\"el-input\\\",\\\"tagIcon\\\":\\\"input\\\",\\\"required\\\":true,\\\"layout\\\":\\\"colFormItem\\\",\\\"span\\\":24,\\\"document\\\":\\\"https://element.eleme.cn/#/zh-CN/component/input\\\",\\\"regList\\\":[],\\\"formId\\\":107,\\\"renderKey\\\":\\\"1071661052673914\\\"},\\\"__slot__\\\":{\\\"prepend\\\":\\\"\\\",\\\"append\\\":\\\"\\\"},\\\"placeholder\\\":\\\"请输入单行文本\\\",\\\"style\\\":{\\\"width\\\":\\\"100%\\\"},\\\"clearable\\\":true,\\\"prefix-icon\\\":\\\"\\\",\\\"suffix-icon\\\":\\\"\\\",\\\"maxlength\\\":null,\\\"show-word-limit\\\":false,\\\"readonly\\\":false,\\\"disabled\\\":false,\\\"__vModel__\\\":\\\"field107\\\"}\",\"{\\\"__config__\\\":{\\\"label\\\":\\\"多行文本\\\",\\\"labelWidth\\\":null,\\\"showLabel\\\":true,\\\"tag\\\":\\\"el-input\\\",\\\"tagIcon\\\":\\\"textarea\\\",\\\"required\\\":true,\\\"layout\\\":\\\"colFormItem\\\",\\\"span\\\":24,\\\"regList\\\":[],\\\"changeTag\\\":true,\\\"document\\\":\\\"https://element.eleme.cn/#/zh-CN/component/input\\\",\\\"formId\\\":109,\\\"renderKey\\\":\\\"1091661052678489\\\"},\\\"type\\\":\\\"textarea\\\",\\\"placeholder\\\":\\\"请输入多行文本\\\",\\\"autosize\\\":{\\\"minRows\\\":4,\\\"maxRows\\\":4},\\\"style\\\":{\\\"width\\\":\\\"100%\\\"},\\\"maxlength\\\":null,\\\"show-word-limit\\\":false,\\\"readonly\\\":false,\\\"disabled\\\":false,\\\"__vModel__\\\":\\\"field109\\\"}\",\"{\\\"__config__\\\":{\\\"label\\\":\\\"下拉选择\\\",\\\"showLabel\\\":true,\\\"labelWidth\\\":null,\\\"tag\\\":\\\"el-select\\\",\\\"tagIcon\\\":\\\"select\\\",\\\"layout\\\":\\\"colFormItem\\\",\\\"span\\\":24,\\\"required\\\":true,\\\"regList\\\":[],\\\"changeTag\\\":true,\\\"document\\\":\\\"https://element.eleme.cn/#/zh-CN/component/select\\\",\\\"formId\\\":110,\\\"renderKey\\\":\\\"1101661052681039\\\"},\\\"__slot__\\\":{\\\"options\\\":[{\\\"label\\\":\\\"选项一\\\",\\\"value\\\":1},{\\\"label\\\":\\\"选项二\\\",\\\"value\\\":2}]},\\\"placeholder\\\":\\\"请选择下拉选择\\\",\\\"style\\\":{\\\"width\\\":\\\"100%\\\"},\\\"clearable\\\":true,\\\"disabled\\\":false,\\\"filterable\\\":false,\\\"multiple\\\":false,\\\"__vModel__\\\":\\\"field110\\\"}\",\"{\\\"__config__\\\":{\\\"label\\\":\\\"级联选择\\\",\\\"url\\\":\\\"https://www.fastmock.site/mock/f8d7a54fb1e60561e2f720d5a810009d/fg/cascaderList\\\",\\\"method\\\":\\\"get\\\",\\\"dataPath\\\":\\\"list\\\",\\\"dataConsumer\\\":\\\"options\\\",\\\"showLabel\\\":true,\\\"labelWidth\\\":null,\\\"tag\\\":\\\"el-cascader\\\",\\\"tagIcon\\\":\\\"cascader\\\",\\\"layout\\\":\\\"colFormItem\\\",\\\"defaultValue\\\":[],\\\"dataType\\\":\\\"dynamic\\\",\\\"span\\\":24,\\\"required\\\":true,\\\"regList\\\":[],\\\"changeTag\\\":true,\\\"document\\\":\\\"https://element.eleme.cn/#/zh-CN/component/cascader\\\",\\\"formId\\\":111,\\\"renderKey\\\":\\\"1111661052682871\\\"},\\\"options\\\":[{\\\"id\\\":1,\\\"value\\\":1,\\\"label\\\":\\\"选项1\\\",\\\"children\\\":[{\\\"id\\\":2,\\\"value\\\":2,\\\"label\\\":\\\"选项1-1\\\"}]}],\\\"placeholder\\\":\\\"请选择级联选择\\\",\\\"style\\\":{\\\"width\\\":\\\"100%\\\"},\\\"props\\\":{\\\"props\\\":{\\\"multiple\\\":false,\\\"label\\\":\\\"label\\\",\\\"value\\\":\\\"value\\\",\\\"children\\\":\\\"children\\\"}},\\\"show-all-levels\\\":true,\\\"disabled\\\":false,\\\"clearable\\\":true,\\\"filterable\\\":false,\\\"separator\\\":\\\"/\\\",\\\"__vModel__\\\":\\\"field111\\\"}\"]', '测试003', '1', '2022-08-21 11:32:49', '1', '2022-08-21 11:33:30', b'0', 0);
INSERT INTO `bpm_form` VALUES (6, '测试三', 0, '{\"formRef\":\"elForm\",\"formModel\":\"formData\",\"size\":\"medium\",\"labelPosition\":\"right\",\"labelWidth\":100,\"formRules\":\"rules\",\"gutter\":15,\"disabled\":false,\"span\":24,\"formBtns\":true}', '[\"{\\\"__config__\\\":{\\\"label\\\":\\\"单行文本\\\",\\\"labelWidth\\\":null,\\\"showLabel\\\":true,\\\"changeTag\\\":true,\\\"tag\\\":\\\"el-input\\\",\\\"tagIcon\\\":\\\"input\\\",\\\"required\\\":true,\\\"layout\\\":\\\"colFormItem\\\",\\\"span\\\":24,\\\"document\\\":\\\"https://element.eleme.cn/#/zh-CN/component/input\\\",\\\"regList\\\":[],\\\"formId\\\":101,\\\"renderKey\\\":\\\"1011747988075261\\\"},\\\"__slot__\\\":{\\\"prepend\\\":\\\"\\\",\\\"append\\\":\\\"\\\"},\\\"placeholder\\\":\\\"请输入单行文本\\\",\\\"style\\\":{\\\"width\\\":\\\"100%\\\"},\\\"clearable\\\":true,\\\"prefix-icon\\\":\\\"\\\",\\\"suffix-icon\\\":\\\"\\\",\\\"maxlength\\\":null,\\\"show-word-limit\\\":false,\\\"readonly\\\":false,\\\"disabled\\\":false,\\\"__vModel__\\\":\\\"field101\\\"}\",\"{\\\"__config__\\\":{\\\"label\\\":\\\"下拉选择\\\",\\\"showLabel\\\":true,\\\"labelWidth\\\":null,\\\"tag\\\":\\\"el-select\\\",\\\"tagIcon\\\":\\\"select\\\",\\\"layout\\\":\\\"colFormItem\\\",\\\"span\\\":24,\\\"required\\\":true,\\\"regList\\\":[],\\\"changeTag\\\":true,\\\"document\\\":\\\"https://element.eleme.cn/#/zh-CN/component/select\\\",\\\"formId\\\":102,\\\"renderKey\\\":\\\"1021747988081049\\\"},\\\"__slot__\\\":{\\\"options\\\":[{\\\"label\\\":\\\"选项一\\\",\\\"value\\\":1},{\\\"label\\\":\\\"选项二\\\",\\\"value\\\":2}]},\\\"placeholder\\\":\\\"请选择下拉选择\\\",\\\"style\\\":{\\\"width\\\":\\\"100%\\\"},\\\"clearable\\\":true,\\\"disabled\\\":false,\\\"filterable\\\":false,\\\"multiple\\\":false,\\\"__vModel__\\\":\\\"field102\\\"}\"]', NULL, '1', '2025-05-23 16:15:02', '1', '2025-05-23 16:15:02', b'0', 0);
INSERT INTO `bpm_form` VALUES (7, '测试', 0, '{\"formRef\":\"elForm\",\"formModel\":\"formData\",\"size\":\"medium\",\"labelPosition\":\"right\",\"labelWidth\":100,\"formRules\":\"rules\",\"gutter\":15,\"disabled\":false,\"span\":24,\"formBtns\":true}', '[\"{\\\"__config__\\\":{\\\"label\\\":\\\"类型\\\",\\\"showLabel\\\":true,\\\"labelWidth\\\":null,\\\"tag\\\":\\\"el-select\\\",\\\"tagIcon\\\":\\\"select\\\",\\\"layout\\\":\\\"colFormItem\\\",\\\"span\\\":24,\\\"required\\\":true,\\\"regList\\\":[],\\\"changeTag\\\":true,\\\"document\\\":\\\"https://element.eleme.cn/#/zh-CN/component/select\\\",\\\"formId\\\":102,\\\"renderKey\\\":\\\"1021748056881736\\\"},\\\"__slot__\\\":{\\\"options\\\":[{\\\"label\\\":\\\"耳机\\\",\\\"value\\\":1},{\\\"label\\\":\\\"鼠标\\\",\\\"value\\\":2}]},\\\"placeholder\\\":\\\"请选择类型\\\",\\\"style\\\":{\\\"width\\\":\\\"100%\\\"},\\\"clearable\\\":true,\\\"disabled\\\":false,\\\"filterable\\\":false,\\\"multiple\\\":false,\\\"__vModel__\\\":\\\"type\\\"}\"]', NULL, '1', '2025-05-24 11:22:16', '1', '2025-05-24 11:22:16', b'0', 0);
INSERT INTO `bpm_form` VALUES (8, 'tests', 0, '{\"formRef\":\"elForm\",\"formModel\":\"formData\",\"size\":\"medium\",\"labelPosition\":\"right\",\"labelWidth\":100,\"formRules\":\"rules\",\"gutter\":15,\"disabled\":false,\"span\":24,\"formBtns\":true}', '[\"{\\\"__config__\\\":{\\\"label\\\":\\\"日期范围\\\",\\\"tag\\\":\\\"el-date-picker\\\",\\\"tagIcon\\\":\\\"date-range\\\",\\\"defaultValue\\\":null,\\\"span\\\":24,\\\"showLabel\\\":true,\\\"labelWidth\\\":null,\\\"required\\\":true,\\\"layout\\\":\\\"colFormItem\\\",\\\"regList\\\":[],\\\"changeTag\\\":true,\\\"document\\\":\\\"https://element.eleme.cn/#/zh-CN/component/date-picker\\\",\\\"formId\\\":101,\\\"renderKey\\\":\\\"1011750180439779\\\"},\\\"style\\\":{\\\"width\\\":\\\"100%\\\"},\\\"type\\\":\\\"daterange\\\",\\\"range-separator\\\":\\\"至\\\",\\\"start-placeholder\\\":\\\"开始日期\\\",\\\"end-placeholder\\\":\\\"结束日期\\\",\\\"disabled\\\":false,\\\"clearable\\\":true,\\\"format\\\":\\\"yyyy-MM-dd\\\",\\\"value-format\\\":\\\"yyyy-MM-dd\\\",\\\"readonly\\\":false,\\\"__vModel__\\\":\\\"field101\\\"}\",\"{\\\"__config__\\\":{\\\"label\\\":\\\"计数器\\\",\\\"showLabel\\\":true,\\\"changeTag\\\":true,\\\"labelWidth\\\":null,\\\"tag\\\":\\\"el-input-number\\\",\\\"tagIcon\\\":\\\"number\\\",\\\"span\\\":24,\\\"layout\\\":\\\"colFormItem\\\",\\\"required\\\":true,\\\"regList\\\":[],\\\"document\\\":\\\"https://element.eleme.cn/#/zh-CN/component/input-number\\\",\\\"formId\\\":102,\\\"renderKey\\\":\\\"1021750180441532\\\"},\\\"placeholder\\\":\\\"计数器\\\",\\\"step\\\":1,\\\"step-strictly\\\":false,\\\"controls-position\\\":\\\"\\\",\\\"disabled\\\":false,\\\"__vModel__\\\":\\\"field102\\\"}\",\"{\\\"__config__\\\":{\\\"label\\\":\\\"滑块\\\",\\\"tag\\\":\\\"el-slider\\\",\\\"tagIcon\\\":\\\"slider\\\",\\\"defaultValue\\\":0,\\\"span\\\":24,\\\"showLabel\\\":true,\\\"layout\\\":\\\"colFormItem\\\",\\\"labelWidth\\\":null,\\\"required\\\":true,\\\"regList\\\":[],\\\"changeTag\\\":true,\\\"document\\\":\\\"https://element.eleme.cn/#/zh-CN/component/slider\\\",\\\"formId\\\":103,\\\"renderKey\\\":\\\"1031750180443218\\\"},\\\"disabled\\\":false,\\\"min\\\":0,\\\"max\\\":100,\\\"step\\\":1,\\\"show-stops\\\":false,\\\"range\\\":false,\\\"__vModel__\\\":\\\"field103\\\"}\"]', NULL, '1', '2025-06-18 01:14:14', '1', '2025-06-18 01:14:14', b'0', 0);
INSERT INTO `bpm_form` VALUES (9, 'tst111', 0, '{\"formRef\":\"elForm\",\"formModel\":\"formData\",\"size\":\"medium\",\"labelPosition\":\"right\",\"labelWidth\":100,\"formRules\":\"rules\",\"gutter\":15,\"disabled\":false,\"span\":24,\"formBtns\":true}', '[\"{\\\"__config__\\\":{\\\"label\\\":\\\"单行文本\\\",\\\"labelWidth\\\":null,\\\"showLabel\\\":true,\\\"changeTag\\\":true,\\\"tag\\\":\\\"el-input\\\",\\\"tagIcon\\\":\\\"input\\\",\\\"required\\\":true,\\\"layout\\\":\\\"colFormItem\\\",\\\"span\\\":24,\\\"document\\\":\\\"https://element.eleme.cn/#/zh-CN/component/input\\\",\\\"regList\\\":[],\\\"formId\\\":101,\\\"renderKey\\\":\\\"1011750180497139\\\"},\\\"__slot__\\\":{\\\"prepend\\\":\\\"\\\",\\\"append\\\":\\\"\\\"},\\\"placeholder\\\":\\\"请输入单行文本\\\",\\\"style\\\":{\\\"width\\\":\\\"100%\\\"},\\\"clearable\\\":true,\\\"prefix-icon\\\":\\\"\\\",\\\"suffix-icon\\\":\\\"\\\",\\\"maxlength\\\":null,\\\"show-word-limit\\\":false,\\\"readonly\\\":false,\\\"disabled\\\":false,\\\"__vModel__\\\":\\\"field101\\\"}\",\"{\\\"__config__\\\":{\\\"label\\\":\\\"评分\\\",\\\"tag\\\":\\\"el-rate\\\",\\\"tagIcon\\\":\\\"rate\\\",\\\"defaultValue\\\":0,\\\"span\\\":24,\\\"showLabel\\\":true,\\\"labelWidth\\\":null,\\\"layout\\\":\\\"colFormItem\\\",\\\"required\\\":true,\\\"regList\\\":[],\\\"changeTag\\\":true,\\\"document\\\":\\\"https://element.eleme.cn/#/zh-CN/component/rate\\\",\\\"formId\\\":102,\\\"renderKey\\\":\\\"1021750180499156\\\"},\\\"style\\\":{},\\\"max\\\":5,\\\"allow-half\\\":false,\\\"show-text\\\":false,\\\"show-score\\\":false,\\\"disabled\\\":false,\\\"__vModel__\\\":\\\"field102\\\"}\",\"{\\\"__config__\\\":{\\\"label\\\":\\\"日期范围\\\",\\\"tag\\\":\\\"el-date-picker\\\",\\\"tagIcon\\\":\\\"date-range\\\",\\\"defaultValue\\\":null,\\\"span\\\":24,\\\"showLabel\\\":true,\\\"labelWidth\\\":null,\\\"required\\\":true,\\\"layout\\\":\\\"colFormItem\\\",\\\"regList\\\":[],\\\"changeTag\\\":true,\\\"document\\\":\\\"https://element.eleme.cn/#/zh-CN/component/date-picker\\\",\\\"formId\\\":103,\\\"renderKey\\\":\\\"1031750180501468\\\"},\\\"style\\\":{\\\"width\\\":\\\"100%\\\"},\\\"type\\\":\\\"daterange\\\",\\\"range-separator\\\":\\\"至\\\",\\\"start-placeholder\\\":\\\"开始日期\\\",\\\"end-placeholder\\\":\\\"结束日期\\\",\\\"disabled\\\":false,\\\"clearable\\\":true,\\\"format\\\":\\\"yyyy-MM-dd\\\",\\\"value-format\\\":\\\"yyyy-MM-dd\\\",\\\"readonly\\\":false,\\\"__vModel__\\\":\\\"field103\\\"}\"]', NULL, '1', '2025-06-18 01:15:05', '1', '2025-06-18 01:15:05', b'0', 0);
INSERT INTO `bpm_form` VALUES (10, 'tst111', 0, '{\"formRef\":\"elForm\",\"formModel\":\"formData\",\"size\":\"medium\",\"labelPosition\":\"right\",\"labelWidth\":100,\"formRules\":\"rules\",\"gutter\":15,\"disabled\":false,\"span\":24,\"formBtns\":true}', '[\"{\\\"__config__\\\":{\\\"label\\\":\\\"单行文本\\\",\\\"labelWidth\\\":null,\\\"showLabel\\\":true,\\\"changeTag\\\":true,\\\"tag\\\":\\\"el-input\\\",\\\"tagIcon\\\":\\\"input\\\",\\\"required\\\":true,\\\"layout\\\":\\\"colFormItem\\\",\\\"span\\\":24,\\\"document\\\":\\\"https://element.eleme.cn/#/zh-CN/component/input\\\",\\\"regList\\\":[],\\\"formId\\\":101,\\\"renderKey\\\":\\\"1011750180497139\\\"},\\\"__slot__\\\":{\\\"prepend\\\":\\\"\\\",\\\"append\\\":\\\"\\\"},\\\"placeholder\\\":\\\"请输入单行文本\\\",\\\"style\\\":{\\\"width\\\":\\\"100%\\\"},\\\"clearable\\\":true,\\\"prefix-icon\\\":\\\"\\\",\\\"suffix-icon\\\":\\\"\\\",\\\"maxlength\\\":null,\\\"show-word-limit\\\":false,\\\"readonly\\\":false,\\\"disabled\\\":false,\\\"__vModel__\\\":\\\"field101\\\"}\",\"{\\\"__config__\\\":{\\\"label\\\":\\\"评分\\\",\\\"tag\\\":\\\"el-rate\\\",\\\"tagIcon\\\":\\\"rate\\\",\\\"defaultValue\\\":0,\\\"span\\\":24,\\\"showLabel\\\":true,\\\"labelWidth\\\":null,\\\"layout\\\":\\\"colFormItem\\\",\\\"required\\\":true,\\\"regList\\\":[],\\\"changeTag\\\":true,\\\"document\\\":\\\"https://element.eleme.cn/#/zh-CN/component/rate\\\",\\\"formId\\\":102,\\\"renderKey\\\":\\\"1021750180499156\\\"},\\\"style\\\":{},\\\"max\\\":5,\\\"allow-half\\\":false,\\\"show-text\\\":false,\\\"show-score\\\":false,\\\"disabled\\\":false,\\\"__vModel__\\\":\\\"field102\\\"}\"]', NULL, '1', '2025-06-18 01:15:08', '1', '2025-06-18 01:15:08', b'0', 0);
INSERT INTO `bpm_form` VALUES (11, 'tst111', 0, '{\"formRef\":\"elForm\",\"formModel\":\"formData\",\"size\":\"medium\",\"labelPosition\":\"right\",\"labelWidth\":100,\"formRules\":\"rules\",\"gutter\":15,\"disabled\":false,\"span\":24,\"formBtns\":true}', '[\"{\\\"__config__\\\":{\\\"label\\\":\\\"单行文本\\\",\\\"labelWidth\\\":null,\\\"showLabel\\\":true,\\\"changeTag\\\":true,\\\"tag\\\":\\\"el-input\\\",\\\"tagIcon\\\":\\\"input\\\",\\\"required\\\":true,\\\"layout\\\":\\\"colFormItem\\\",\\\"span\\\":24,\\\"document\\\":\\\"https://element.eleme.cn/#/zh-CN/component/input\\\",\\\"regList\\\":[],\\\"formId\\\":101,\\\"renderKey\\\":\\\"1011750180497139\\\"},\\\"__slot__\\\":{\\\"prepend\\\":\\\"\\\",\\\"append\\\":\\\"\\\"},\\\"placeholder\\\":\\\"请输入单行文本\\\",\\\"style\\\":{\\\"width\\\":\\\"100%\\\"},\\\"clearable\\\":true,\\\"prefix-icon\\\":\\\"\\\",\\\"suffix-icon\\\":\\\"\\\",\\\"maxlength\\\":null,\\\"show-word-limit\\\":false,\\\"readonly\\\":false,\\\"disabled\\\":false,\\\"__vModel__\\\":\\\"field101\\\"}\"]', NULL, '1', '2025-06-18 01:15:11', '1', '2025-06-18 01:15:11', b'0', 0);
INSERT INTO `bpm_form` VALUES (12, 'tst111', 0, '{\"formRef\":\"elForm\",\"formModel\":\"formData\",\"size\":\"medium\",\"labelPosition\":\"right\",\"labelWidth\":100,\"formRules\":\"rules\",\"gutter\":15,\"disabled\":false,\"span\":24,\"formBtns\":true}', '[\"{\\\"__config__\\\":{\\\"label\\\":\\\"111\\\",\\\"labelWidth\\\":null,\\\"showLabel\\\":true,\\\"changeTag\\\":true,\\\"tag\\\":\\\"el-input\\\",\\\"tagIcon\\\":\\\"input\\\",\\\"required\\\":true,\\\"layout\\\":\\\"colFormItem\\\",\\\"span\\\":24,\\\"document\\\":\\\"https://element.eleme.cn/#/zh-CN/component/input\\\",\\\"regList\\\":[],\\\"formId\\\":101,\\\"renderKey\\\":\\\"1011750180497139\\\"},\\\"__slot__\\\":{\\\"prepend\\\":\\\"\\\",\\\"append\\\":\\\"\\\"},\\\"placeholder\\\":\\\"请输入11111\\\",\\\"style\\\":{\\\"width\\\":\\\"100%\\\"},\\\"clearable\\\":true,\\\"prefix-icon\\\":\\\"\\\",\\\"suffix-icon\\\":\\\"\\\",\\\"maxlength\\\":null,\\\"show-word-limit\\\":false,\\\"readonly\\\":false,\\\"disabled\\\":false,\\\"__vModel__\\\":\\\"field101\\\"}\"]', NULL, '1', '2025-06-18 01:15:21', '1', '2025-06-18 01:15:21', b'0', 0);
INSERT INTO `bpm_form` VALUES (13, 'tst111', 0, '{\"formRef\":\"elForm\",\"formModel\":\"formData\",\"size\":\"medium\",\"labelPosition\":\"right\",\"labelWidth\":100,\"formRules\":\"rules\",\"gutter\":15,\"disabled\":false,\"span\":24,\"formBtns\":true}', '[\"{\\\"__config__\\\":{\\\"label\\\":\\\"111\\\",\\\"labelWidth\\\":null,\\\"showLabel\\\":true,\\\"changeTag\\\":true,\\\"tag\\\":\\\"el-input\\\",\\\"tagIcon\\\":\\\"input\\\",\\\"required\\\":true,\\\"layout\\\":\\\"colFormItem\\\",\\\"span\\\":24,\\\"document\\\":\\\"https://element.eleme.cn/#/zh-CN/component/input\\\",\\\"regList\\\":[],\\\"formId\\\":101,\\\"renderKey\\\":\\\"1011750180497139\\\"},\\\"__slot__\\\":{\\\"prepend\\\":\\\"\\\",\\\"append\\\":\\\"\\\"},\\\"placeholder\\\":\\\"请输入11111\\\",\\\"style\\\":{\\\"width\\\":\\\"100%\\\"},\\\"clearable\\\":true,\\\"prefix-icon\\\":\\\"\\\",\\\"suffix-icon\\\":\\\"\\\",\\\"maxlength\\\":null,\\\"show-word-limit\\\":false,\\\"readonly\\\":false,\\\"disabled\\\":false,\\\"__vModel__\\\":\\\"field101\\\"}\"]', NULL, '1', '2025-06-18 01:15:28', '1', '2025-06-18 01:15:28', b'0', 0);

-- ----------------------------
-- Table structure for bpm_oa_leave
-- ----------------------------
DROP TABLE IF EXISTS `bpm_oa_leave`;
CREATE TABLE `bpm_oa_leave`  (
  `id` bigint(20) NOT NULL AUTO_INCREMENT COMMENT '请假表单主键',
  `user_id` bigint(20) NOT NULL COMMENT '申请人的用户编号',
  `type` tinyint(4) NOT NULL COMMENT '请假类型',
  `reason` varchar(200) CHARACTER SET utf8mb4 COLLATE utf8mb4_unicode_ci NOT NULL COMMENT '请假原因',
  `start_time` datetime NOT NULL COMMENT '开始时间',
  `end_time` datetime NOT NULL COMMENT '结束时间',
  `day` tinyint(4) NOT NULL COMMENT '请假天数',
  `result` tinyint(4) NOT NULL COMMENT '请假结果',
  `process_instance_id` varchar(64) CHARACTER SET utf8mb4 COLLATE utf8mb4_unicode_ci NULL DEFAULT NULL COMMENT '流程实例的编号',
  `creator` varchar(64) CHARACTER SET utf8mb4 COLLATE utf8mb4_unicode_ci NULL DEFAULT '' COMMENT '创建者',
  `create_time` datetime NOT NULL DEFAULT CURRENT_TIMESTAMP COMMENT '创建时间',
  `updater` varchar(64) CHARACTER SET utf8mb4 COLLATE utf8mb4_unicode_ci NULL DEFAULT '' COMMENT '更新者',
  `update_time` datetime NOT NULL DEFAULT CURRENT_TIMESTAMP ON UPDATE CURRENT_TIMESTAMP COMMENT '更新时间',
  `deleted` bit(1) NOT NULL DEFAULT b'0' COMMENT '是否删除',
  `tenant_id` bigint(20) NOT NULL DEFAULT 0 COMMENT '租户编号',
  PRIMARY KEY (`id`) USING BTREE
) ENGINE = InnoDB AUTO_INCREMENT = 1 CHARACTER SET = utf8mb4 COLLATE = utf8mb4_unicode_ci COMMENT = 'OA 请假申请表' ROW_FORMAT = COMPACT;

-- ----------------------------
-- Records of bpm_oa_leave
-- ----------------------------

-- ----------------------------
-- Table structure for bpm_process_definition_ext
-- ----------------------------
DROP TABLE IF EXISTS `bpm_process_definition_ext`;
CREATE TABLE `bpm_process_definition_ext`  (
  `id` bigint(20) NOT NULL AUTO_INCREMENT COMMENT '编号',
  `process_definition_id` varchar(64) CHARACTER SET utf8mb4 COLLATE utf8mb4_unicode_ci NOT NULL COMMENT '流程定义的编号',
  `model_id` varchar(64) CHARACTER SET utf8mb4 COLLATE utf8mb4_unicode_ci NOT NULL COMMENT '流程模型的编号',
  `description` varchar(255) CHARACTER SET utf8mb4 COLLATE utf8mb4_unicode_ci NULL DEFAULT NULL COMMENT '描述',
  `form_type` tinyint(4) NOT NULL COMMENT '表单类型',
  `form_id` bigint(20) NULL DEFAULT NULL COMMENT '表单编号',
  `form_conf` varchar(1000) CHARACTER SET utf8mb4 COLLATE utf8mb4_unicode_ci NULL DEFAULT NULL COMMENT '表单的配置',
  `form_fields` varchar(5000) CHARACTER SET utf8mb4 COLLATE utf8mb4_unicode_ci NULL DEFAULT NULL COMMENT '表单项的数组',
  `form_custom_create_path` varchar(255) CHARACTER SET utf8mb4 COLLATE utf8mb4_unicode_ci NULL DEFAULT NULL COMMENT '自定义表单的提交路径',
  `form_custom_view_path` varchar(255) CHARACTER SET utf8mb4 COLLATE utf8mb4_unicode_ci NULL DEFAULT NULL COMMENT '自定义表单的查看路径',
  `creator` varchar(64) CHARACTER SET utf8mb4 COLLATE utf8mb4_unicode_ci NULL DEFAULT '' COMMENT '创建者',
  `create_time` datetime NOT NULL DEFAULT CURRENT_TIMESTAMP COMMENT '创建时间',
  `updater` varchar(64) CHARACTER SET utf8mb4 COLLATE utf8mb4_unicode_ci NULL DEFAULT '' COMMENT '更新者',
  `update_time` datetime NOT NULL DEFAULT CURRENT_TIMESTAMP ON UPDATE CURRENT_TIMESTAMP COMMENT '更新时间',
  `deleted` bit(1) NOT NULL DEFAULT b'0' COMMENT '是否删除',
  `tenant_id` bigint(20) NOT NULL DEFAULT 0 COMMENT '租户编号',
  PRIMARY KEY (`id`) USING BTREE
) ENGINE = InnoDB AUTO_INCREMENT = 140 CHARACTER SET = utf8mb4 COLLATE = utf8mb4_unicode_ci COMMENT = 'Bpm 流程定义的拓展表\n' ROW_FORMAT = COMPACT;

-- ----------------------------
-- Records of bpm_process_definition_ext
-- ----------------------------
INSERT INTO `bpm_process_definition_ext` VALUES (135, 'leave:1:0385442c-1ec1-11ed-af71-3887d5e2c283', 'e05bc4b6-1ea9-11ed-94d4-3887d5e2c283', '请假流程', 1, NULL, NULL, NULL, NULL, NULL, '1', '2022-08-18 14:43:06', '1', '2022-08-18 14:43:06', b'0', 0);
INSERT INTO `bpm_process_definition_ext` VALUES (136, 'leave:2:f519d4d0-1ec3-11ed-af71-3887d5e2c283', 'e05bc4b6-1ea9-11ed-94d4-3887d5e2c283', '请假流程', 10, 3, '{\"formRef\":\"elForm\",\"formModel\":\"formData\",\"size\":\"medium\",\"labelPosition\":\"right\",\"labelWidth\":100,\"formRules\":\"rules\",\"gutter\":15,\"disabled\":false,\"span\":24,\"formBtns\":true}', '[\"{\\\"__config__\\\":{\\\"label\\\":\\\"单行文本\\\",\\\"labelWidth\\\":null,\\\"showLabel\\\":true,\\\"changeTag\\\":true,\\\"tag\\\":\\\"el-input\\\",\\\"tagIcon\\\":\\\"input\\\",\\\"required\\\":true,\\\"layout\\\":\\\"colFormItem\\\",\\\"span\\\":24,\\\"document\\\":\\\"https://element.eleme.cn/#/zh-CN/component/input\\\",\\\"regList\\\":[],\\\"formId\\\":126,\\\"renderKey\\\":\\\"1261660710510642\\\"},\\\"__slot__\\\":{\\\"prepend\\\":\\\"\\\",\\\"append\\\":\\\"\\\"},\\\"placeholder\\\":\\\"请输入单行文本\\\",\\\"style\\\":{\\\"width\\\":\\\"100%\\\"},\\\"clearable\\\":true,\\\"prefix-icon\\\":\\\"\\\",\\\"suffix-icon\\\":\\\"\\\",\\\"maxlength\\\":null,\\\"show-word-limit\\\":false,\\\"readonly\\\":false,\\\"disabled\\\":false,\\\"__vModel__\\\":\\\"field126\\\"}\",\"{\\\"__config__\\\":{\\\"label\\\":\\\"多行文本\\\",\\\"labelWidth\\\":null,\\\"showLabel\\\":true,\\\"tag\\\":\\\"el-input\\\",\\\"tagIcon\\\":\\\"textarea\\\",\\\"required\\\":true,\\\"layout\\\":\\\"colFormItem\\\",\\\"span\\\":24,\\\"regList\\\":[],\\\"changeTag\\\":true,\\\"document\\\":\\\"https://element.eleme.cn/#/zh-CN/component/input\\\",\\\"formId\\\":127,\\\"renderKey\\\":\\\"1271660710510986\\\"},\\\"type\\\":\\\"textarea\\\",\\\"placeholder\\\":\\\"请输入多行文本\\\",\\\"autosize\\\":{\\\"minRows\\\":4,\\\"maxRows\\\":4},\\\"style\\\":{\\\"width\\\":\\\"100%\\\"},\\\"maxlength\\\":null,\\\"show-word-limit\\\":false,\\\"readonly\\\":false,\\\"disabled\\\":false,\\\"__vModel__\\\":\\\"field127\\\"}\",\"{\\\"__config__\\\":{\\\"label\\\":\\\"下拉选择\\\",\\\"showLabel\\\":true,\\\"labelWidth\\\":null,\\\"tag\\\":\\\"el-select\\\",\\\"tagIcon\\\":\\\"select\\\",\\\"layout\\\":\\\"colFormItem\\\",\\\"span\\\":24,\\\"required\\\":true,\\\"regList\\\":[],\\\"changeTag\\\":true,\\\"document\\\":\\\"https://element.eleme.cn/#/zh-CN/component/select\\\",\\\"formId\\\":128,\\\"renderKey\\\":\\\"1281660710511579\\\"},\\\"__slot__\\\":{\\\"options\\\":[{\\\"label\\\":\\\"选项一\\\",\\\"value\\\":1},{\\\"label\\\":\\\"选项二\\\",\\\"value\\\":2}]},\\\"placeholder\\\":\\\"请选择下拉选择\\\",\\\"style\\\":{\\\"width\\\":\\\"100%\\\"},\\\"clearable\\\":true,\\\"disabled\\\":false,\\\"filterable\\\":false,\\\"multiple\\\":false,\\\"__vModel__\\\":\\\"field128\\\"}\"]', NULL, NULL, '1', '2022-08-18 15:04:10', '1', '2022-08-18 15:04:10', b'0', 0);
INSERT INTO `bpm_process_definition_ext` VALUES (137, 'test111:1:925d58c5-3852-11f0-a959-00e02421f631', '762bc640-384e-11f0-a959-00e02421f631', NULL, 10, 7, '{\"formRef\":\"elForm\",\"formModel\":\"formData\",\"size\":\"medium\",\"labelPosition\":\"right\",\"labelWidth\":100,\"formRules\":\"rules\",\"gutter\":15,\"disabled\":false,\"span\":24,\"formBtns\":true}', '[\"{\\\"__config__\\\":{\\\"label\\\":\\\"类型\\\",\\\"showLabel\\\":true,\\\"labelWidth\\\":null,\\\"tag\\\":\\\"el-select\\\",\\\"tagIcon\\\":\\\"select\\\",\\\"layout\\\":\\\"colFormItem\\\",\\\"span\\\":24,\\\"required\\\":true,\\\"regList\\\":[],\\\"changeTag\\\":true,\\\"document\\\":\\\"https://element.eleme.cn/#/zh-CN/component/select\\\",\\\"formId\\\":102,\\\"renderKey\\\":\\\"1021748056881736\\\"},\\\"__slot__\\\":{\\\"options\\\":[{\\\"label\\\":\\\"耳机\\\",\\\"value\\\":1},{\\\"label\\\":\\\"鼠标\\\",\\\"value\\\":2}]},\\\"placeholder\\\":\\\"请选择类型\\\",\\\"style\\\":{\\\"width\\\":\\\"100%\\\"},\\\"clearable\\\":true,\\\"disabled\\\":false,\\\"filterable\\\":false,\\\"multiple\\\":false,\\\"__vModel__\\\":\\\"type\\\"}\"]', NULL, NULL, '1', '2025-05-24 11:52:55', '1', '2025-05-24 11:52:55', b'0', 0);
INSERT INTO `bpm_process_definition_ext` VALUES (138, 'leave:3:70aa0460-5171-11f0-9668-745d226bb74a', 'e05bc4b6-1ea9-11ed-94d4-3887d5e2c283', '请假流程', 10, 3, '{\"formRef\":\"elForm\",\"formModel\":\"formData\",\"size\":\"medium\",\"labelPosition\":\"right\",\"labelWidth\":100,\"formRules\":\"rules\",\"gutter\":15,\"disabled\":false,\"span\":24,\"formBtns\":true}', '[\"{\\\"__config__\\\":{\\\"label\\\":\\\"单行文本\\\",\\\"labelWidth\\\":null,\\\"showLabel\\\":true,\\\"changeTag\\\":true,\\\"tag\\\":\\\"el-input\\\",\\\"tagIcon\\\":\\\"input\\\",\\\"required\\\":true,\\\"layout\\\":\\\"colFormItem\\\",\\\"span\\\":24,\\\"document\\\":\\\"https://element.eleme.cn/#/zh-CN/component/input\\\",\\\"regList\\\":[],\\\"formId\\\":126,\\\"renderKey\\\":\\\"1261660710510642\\\"},\\\"__slot__\\\":{\\\"prepend\\\":\\\"\\\",\\\"append\\\":\\\"\\\"},\\\"placeholder\\\":\\\"请输入单行文本\\\",\\\"style\\\":{\\\"width\\\":\\\"100%\\\"},\\\"clearable\\\":true,\\\"prefix-icon\\\":\\\"\\\",\\\"suffix-icon\\\":\\\"\\\",\\\"maxlength\\\":null,\\\"show-word-limit\\\":false,\\\"readonly\\\":false,\\\"disabled\\\":false,\\\"__vModel__\\\":\\\"field126\\\"}\",\"{\\\"__config__\\\":{\\\"label\\\":\\\"多行文本\\\",\\\"labelWidth\\\":null,\\\"showLabel\\\":true,\\\"tag\\\":\\\"el-input\\\",\\\"tagIcon\\\":\\\"textarea\\\",\\\"required\\\":true,\\\"layout\\\":\\\"colFormItem\\\",\\\"span\\\":24,\\\"regList\\\":[],\\\"changeTag\\\":true,\\\"document\\\":\\\"https://element.eleme.cn/#/zh-CN/component/input\\\",\\\"formId\\\":127,\\\"renderKey\\\":\\\"1271660710510986\\\"},\\\"type\\\":\\\"textarea\\\",\\\"placeholder\\\":\\\"请输入多行文本\\\",\\\"autosize\\\":{\\\"minRows\\\":4,\\\"maxRows\\\":4},\\\"style\\\":{\\\"width\\\":\\\"100%\\\"},\\\"maxlength\\\":null,\\\"show-word-limit\\\":false,\\\"readonly\\\":false,\\\"disabled\\\":false,\\\"__vModel__\\\":\\\"field127\\\"}\",\"{\\\"__config__\\\":{\\\"label\\\":\\\"下拉选择\\\",\\\"showLabel\\\":true,\\\"labelWidth\\\":null,\\\"tag\\\":\\\"el-select\\\",\\\"tagIcon\\\":\\\"select\\\",\\\"layout\\\":\\\"colFormItem\\\",\\\"span\\\":24,\\\"required\\\":true,\\\"regList\\\":[],\\\"changeTag\\\":true,\\\"document\\\":\\\"https://element.eleme.cn/#/zh-CN/component/select\\\",\\\"formId\\\":128,\\\"renderKey\\\":\\\"1281660710511579\\\"},\\\"__slot__\\\":{\\\"options\\\":[{\\\"label\\\":\\\"选项一\\\",\\\"value\\\":1},{\\\"label\\\":\\\"选项二\\\",\\\"value\\\":2}]},\\\"placeholder\\\":\\\"请选择下拉选择\\\",\\\"style\\\":{\\\"width\\\":\\\"100%\\\"},\\\"clearable\\\":true,\\\"disabled\\\":false,\\\"filterable\\\":false,\\\"multiple\\\":false,\\\"__vModel__\\\":\\\"field128\\\"}\"]', NULL, NULL, '1', '2025-06-25 11:06:51', '1', '2025-06-25 11:06:51', b'0', 0);
INSERT INTO `bpm_process_definition_ext` VALUES (139, 'sign:1:36860146-58b2-11f0-b89a-745d226bb74a', 'c182240f-2138-11ed-89a5-3887d5e2c283', '会签', 10, 4, '{\"formRef\":\"elForm\",\"formModel\":\"formData\",\"size\":\"medium\",\"labelPosition\":\"right\",\"labelWidth\":100,\"formRules\":\"rules\",\"gutter\":15,\"disabled\":false,\"span\":24,\"formBtns\":true}', '[\"{\\\"__config__\\\":{\\\"label\\\":\\\"单行文本\\\",\\\"labelWidth\\\":null,\\\"showLabel\\\":true,\\\"changeTag\\\":true,\\\"tag\\\":\\\"el-input\\\",\\\"tagIcon\\\":\\\"input\\\",\\\"required\\\":true,\\\"layout\\\":\\\"colFormItem\\\",\\\"span\\\":24,\\\"document\\\":\\\"https://element.eleme.cn/#/zh-CN/component/input\\\",\\\"regList\\\":[],\\\"formId\\\":101,\\\"renderKey\\\":\\\"1011660999055972\\\"},\\\"__slot__\\\":{\\\"prepend\\\":\\\"\\\",\\\"append\\\":\\\"\\\"},\\\"placeholder\\\":\\\"请输入单行文本\\\",\\\"style\\\":{\\\"width\\\":\\\"100%\\\"},\\\"clearable\\\":true,\\\"prefix-icon\\\":\\\"\\\",\\\"suffix-icon\\\":\\\"\\\",\\\"maxlength\\\":null,\\\"show-word-limit\\\":false,\\\"readonly\\\":false,\\\"disabled\\\":false,\\\"__vModel__\\\":\\\"field101\\\"}\",\"{\\\"__config__\\\":{\\\"label\\\":\\\"下拉选择\\\",\\\"showLabel\\\":true,\\\"labelWidth\\\":null,\\\"tag\\\":\\\"el-select\\\",\\\"tagIcon\\\":\\\"select\\\",\\\"layout\\\":\\\"colFormItem\\\",\\\"span\\\":24,\\\"required\\\":true,\\\"regList\\\":[],\\\"changeTag\\\":true,\\\"document\\\":\\\"https://element.eleme.cn/#/zh-CN/component/select\\\",\\\"formId\\\":102,\\\"renderKey\\\":\\\"1021660999058033\\\"},\\\"__slot__\\\":{\\\"options\\\":[{\\\"label\\\":\\\"选项一\\\",\\\"value\\\":1},{\\\"label\\\":\\\"选项二\\\",\\\"value\\\":2}]},\\\"placeholder\\\":\\\"请选择下拉选择\\\",\\\"style\\\":{\\\"width\\\":\\\"100%\\\"},\\\"clearable\\\":true,\\\"disabled\\\":false,\\\"filterable\\\":false,\\\"multiple\\\":false,\\\"__vModel__\\\":\\\"field102\\\"}\",\"{\\\"__config__\\\":{\\\"label\\\":\\\"多行文本\\\",\\\"labelWidth\\\":null,\\\"showLabel\\\":true,\\\"tag\\\":\\\"el-input\\\",\\\"tagIcon\\\":\\\"textarea\\\",\\\"required\\\":true,\\\"layout\\\":\\\"colFormItem\\\",\\\"span\\\":24,\\\"regList\\\":[],\\\"changeTag\\\":true,\\\"document\\\":\\\"https://element.eleme.cn/#/zh-CN/component/input\\\",\\\"formId\\\":103,\\\"renderKey\\\":\\\"1031660999060111\\\"},\\\"type\\\":\\\"textarea\\\",\\\"placeholder\\\":\\\"请输入多行文本\\\",\\\"autosize\\\":{\\\"minRows\\\":4,\\\"maxRows\\\":4},\\\"style\\\":{\\\"width\\\":\\\"100%\\\"},\\\"maxlength\\\":null,\\\"show-word-limit\\\":false,\\\"readonly\\\":false,\\\"disabled\\\":false,\\\"__vModel__\\\":\\\"field103\\\"}\"]', NULL, NULL, '1', '2025-07-04 16:38:09', '1', '2025-07-04 16:38:09', b'0', 0);

-- ----------------------------
-- Table structure for bpm_process_instance_ext
-- ----------------------------
DROP TABLE IF EXISTS `bpm_process_instance_ext`;
CREATE TABLE `bpm_process_instance_ext`  (
  `id` bigint(20) NOT NULL AUTO_INCREMENT COMMENT '编号',
  `start_user_id` bigint(20) NOT NULL COMMENT '发起流程的用户编号',
  `name` varchar(64) CHARACTER SET utf8mb4 COLLATE utf8mb4_unicode_ci NULL DEFAULT NULL COMMENT '流程实例的名字',
  `process_instance_id` varchar(64) CHARACTER SET utf8mb4 COLLATE utf8mb4_unicode_ci NOT NULL COMMENT '流程实例的编号',
  `process_definition_id` varchar(64) CHARACTER SET utf8mb4 COLLATE utf8mb4_unicode_ci NOT NULL COMMENT '流程定义的编号',
  `category` varchar(64) CHARACTER SET utf8mb4 COLLATE utf8mb4_unicode_ci NULL DEFAULT NULL COMMENT '流程分类',
  `status` tinyint(4) NOT NULL COMMENT '流程实例的状态',
  `result` tinyint(4) NOT NULL COMMENT '流程实例的结果',
  `end_time` datetime NULL DEFAULT NULL COMMENT '结束时间',
  `form_variables` varchar(5000) CHARACTER SET utf8mb4 COLLATE utf8mb4_unicode_ci NULL DEFAULT NULL COMMENT '表单值',
  `creator` varchar(64) CHARACTER SET utf8mb4 COLLATE utf8mb4_unicode_ci NULL DEFAULT '' COMMENT '创建者',
  `create_time` datetime NOT NULL DEFAULT CURRENT_TIMESTAMP COMMENT '创建时间',
  `updater` varchar(64) CHARACTER SET utf8mb4 COLLATE utf8mb4_unicode_ci NULL DEFAULT '' COMMENT '更新者',
  `update_time` datetime NOT NULL DEFAULT CURRENT_TIMESTAMP ON UPDATE CURRENT_TIMESTAMP COMMENT '更新时间',
  `deleted` bit(1) NOT NULL DEFAULT b'0' COMMENT '是否删除',
  `tenant_id` bigint(20) NOT NULL DEFAULT 0 COMMENT '租户编号',
  PRIMARY KEY (`id`) USING BTREE
) ENGINE = InnoDB AUTO_INCREMENT = 318 CHARACTER SET = utf8mb4 COLLATE = utf8mb4_unicode_ci COMMENT = '工作流的流程实例的拓展' ROW_FORMAT = COMPACT;

-- ----------------------------
-- Records of bpm_process_instance_ext
-- ----------------------------
INSERT INTO `bpm_process_instance_ext` VALUES (302, 1, '请假', '7e853b8b-2095-11ed-b609-3887d5e2c283', 'leave:2:f519d4d0-1ec3-11ed-af71-3887d5e2c283', '2', 2, 4, '2022-08-20 22:57:46', '{\"field126\":\"111\",\"field127\":\"222\",\"field128\":1}', '1', '2022-08-20 22:36:36', '1', '2022-08-20 22:57:46', b'0', 0);
INSERT INTO `bpm_process_instance_ext` VALUES (303, 1, '请假', 'da70e12a-2095-11ed-b609-3887d5e2c283', 'leave:2:f519d4d0-1ec3-11ed-af71-3887d5e2c283', '2', 1, 1, NULL, '{\"field126\":\"111\",\"field127\":\"111\",\"field128\":1}', '1', '2022-08-20 22:39:11', '1', '2022-08-20 22:39:11', b'0', 0);
INSERT INTO `bpm_process_instance_ext` VALUES (304, 1, '请假', 'b8745c09-2096-11ed-b609-3887d5e2c283', 'leave:2:f519d4d0-1ec3-11ed-af71-3887d5e2c283', '2', 1, 1, NULL, '{\"field126\":\"222\",\"field127\":\"222\",\"field128\":1}', '1', '2022-08-20 22:45:23', '1', '2022-08-20 22:45:23', b'0', 0);
INSERT INTO `bpm_process_instance_ext` VALUES (305, 1, '请假', '0a24aec8-2097-11ed-b609-3887d5e2c283', 'leave:2:f519d4d0-1ec3-11ed-af71-3887d5e2c283', '2', 1, 1, NULL, '{\"field126\":\"333\",\"field127\":\"333\",\"field128\":1}', '1', '2022-08-20 22:47:40', '1', '2022-08-20 22:47:40', b'0', 0);
INSERT INTO `bpm_process_instance_ext` VALUES (306, 1, '请假', '7bf2bf1b-2097-11ed-8938-3887d5e2c283', 'leave:2:f519d4d0-1ec3-11ed-af71-3887d5e2c283', '2', 2, 4, '2025-06-25 10:37:41', '{\"field126\":\"444\",\"field127\":\"444\",\"field128\":1}', '1', '2022-08-20 22:50:51', '1', '2025-06-25 10:37:41', b'0', 0);
INSERT INTO `bpm_process_instance_ext` VALUES (307, 1, '请假', 'e9b53134-283f-11ed-9000-3887d5e2c283', 'leave:2:f519d4d0-1ec3-11ed-af71-3887d5e2c283', '2', 1, 1, NULL, '{\"field126\":\"123\",\"field127\":\"123\",\"field128\":1}', '1', '2022-08-30 16:44:09', '1', '2022-08-30 16:44:09', b'0', 0);
INSERT INTO `bpm_process_instance_ext` VALUES (308, 1, '请假', 'd1ede070-ce39-11ef-bcf7-e4a8dfac961e', 'leave:2:f519d4d0-1ec3-11ed-af71-3887d5e2c283', '2', 2, 2, '2025-01-09 11:30:53', '{\"field126\":\"123\",\"field127\":\"123\",\"field128\":1}', '1', '2025-01-09 11:28:40', '4', '2025-01-09 11:30:53', b'0', 0);
INSERT INTO `bpm_process_instance_ext` VALUES (312, 1, '请假', '7004a3d0-516e-11f0-9668-745d226bb74a', 'leave:2:f519d4d0-1ec3-11ed-af71-3887d5e2c283', '2', 1, 1, NULL, '{\"field126\":\"aaa\",\"field127\":\"ccc\",\"field128\":1}', '1', '2025-06-25 10:45:22', '1', '2025-06-25 10:45:23', b'0', 0);
INSERT INTO `bpm_process_instance_ext` VALUES (313, 1, '请假', '0f7a688f-5171-11f0-9668-745d226bb74a', 'leave:2:f519d4d0-1ec3-11ed-af71-3887d5e2c283', '2', 1, 1, NULL, '{\"field126\":\"zzz\",\"field127\":\"zzz\",\"field128\":1}', '1', '2025-06-25 11:04:08', '1', '2025-06-25 11:04:09', b'0', 0);
INSERT INTO `bpm_process_instance_ext` VALUES (314, 1, '请假', '322fc10e-5171-11f0-9668-745d226bb74a', 'leave:2:f519d4d0-1ec3-11ed-af71-3887d5e2c283', '2', 1, 1, NULL, '{\"field126\":\"zz\",\"field127\":\"zz\",\"field128\":1}', '1', '2025-06-25 11:05:06', '1', '2025-06-25 11:05:07', b'0', 0);
INSERT INTO `bpm_process_instance_ext` VALUES (315, 1, '请假', '7e52dfb1-5171-11f0-9668-745d226bb74a', 'leave:3:70aa0460-5171-11f0-9668-745d226bb74a', '2', 2, 3, NULL, '{\"field126\":\"qq\",\"field127\":\"qq\",\"field128\":1}', '1', '2025-06-25 11:07:14', '8', '2025-06-25 15:23:29', b'0', 0);
INSERT INTO `bpm_process_instance_ext` VALUES (316, 1, '请假', '7aca88ff-5619-11f0-ab2d-745d226bb74a', 'leave:3:70aa0460-5171-11f0-9668-745d226bb74a', '2', 1, 1, NULL, '{\"field126\":\"sss\",\"field127\":\"sss\",\"field128\":1}', '1', '2025-07-01 09:19:48', '1', '2025-07-01 09:19:49', b'0', 0);
INSERT INTO `bpm_process_instance_ext` VALUES (317, 1, '请假', '2c481280-5ca7-11f0-b23a-d6bd7300036d', 'leave:3:70aa0460-5171-11f0-9668-745d226bb74a', '2', 1, 1, NULL, '{\"field126\":\"我是请假\",\"field127\":\"我是请假\",\"field128\":1}', '1', '2025-07-09 17:29:12', '1', '2025-07-09 17:29:15', b'0', 0);

-- ----------------------------
-- Table structure for bpm_task_assign_rule
-- ----------------------------
DROP TABLE IF EXISTS `bpm_task_assign_rule`;
CREATE TABLE `bpm_task_assign_rule`  (
  `id` bigint(20) NOT NULL AUTO_INCREMENT COMMENT '编号',
  `model_id` varchar(64) CHARACTER SET utf8mb4 COLLATE utf8mb4_unicode_ci NOT NULL COMMENT '流程模型的编号',
  `process_definition_id` varchar(64) CHARACTER SET utf8mb4 COLLATE utf8mb4_unicode_ci NOT NULL COMMENT '流程定义的编号',
  `task_definition_key` varchar(64) CHARACTER SET utf8mb4 COLLATE utf8mb4_unicode_ci NOT NULL COMMENT '流程任务定义的 key',
  `type` tinyint(4) NOT NULL COMMENT '规则类型',
  `options` varchar(1024) CHARACTER SET utf8mb4 COLLATE utf8mb4_unicode_ci NOT NULL COMMENT '规则值，JSON 数组',
  `creator` varchar(64) CHARACTER SET utf8mb4 COLLATE utf8mb4_unicode_ci NULL DEFAULT '' COMMENT '创建者',
  `create_time` datetime NOT NULL DEFAULT CURRENT_TIMESTAMP COMMENT '创建时间',
  `updater` varchar(64) CHARACTER SET utf8mb4 COLLATE utf8mb4_unicode_ci NULL DEFAULT '' COMMENT '更新者',
  `update_time` datetime NOT NULL DEFAULT CURRENT_TIMESTAMP ON UPDATE CURRENT_TIMESTAMP COMMENT '更新时间',
  `deleted` bit(1) NOT NULL DEFAULT b'0' COMMENT '是否删除',
  `tenant_id` bigint(20) NOT NULL DEFAULT 0 COMMENT '租户编号',
  PRIMARY KEY (`id`) USING BTREE
) ENGINE = InnoDB AUTO_INCREMENT = 17 CHARACTER SET = utf8mb4 COLLATE = utf8mb4_unicode_ci COMMENT = 'Bpm 任务规则表' ROW_FORMAT = COMPACT;

-- ----------------------------
-- Records of bpm_task_assign_rule
-- ----------------------------
INSERT INTO `bpm_task_assign_rule` VALUES (1, 'e05bc4b6-1ea9-11ed-94d4-3887d5e2c283', '', 'Activity_0gcxdwu', 10, '[3]', '1', '2022-08-18 14:29:49', '1', '2025-06-25 11:06:44', b'0', 0);
INSERT INTO `bpm_task_assign_rule` VALUES (2, 'e05bc4b6-1ea9-11ed-94d4-3887d5e2c283', '', 'Activity_13uq05m', 22, '[3]', '1', '2022-08-18 14:34:34', '1', '2022-08-20 21:33:25', b'0', 0);
INSERT INTO `bpm_task_assign_rule` VALUES (3, 'e05bc4b6-1ea9-11ed-94d4-3887d5e2c283', 'leave:1:0385442c-1ec1-11ed-af71-3887d5e2c283', 'Activity_0gcxdwu', 22, '[2]', '1', '2022-08-18 14:43:06', '1', '2022-08-18 14:43:06', b'0', 0);
INSERT INTO `bpm_task_assign_rule` VALUES (4, 'e05bc4b6-1ea9-11ed-94d4-3887d5e2c283', 'leave:1:0385442c-1ec1-11ed-af71-3887d5e2c283', 'Activity_13uq05m', 22, '[3]', '1', '2022-08-18 14:43:06', '1', '2022-08-18 14:43:06', b'0', 0);
INSERT INTO `bpm_task_assign_rule` VALUES (5, 'e05bc4b6-1ea9-11ed-94d4-3887d5e2c283', 'leave:2:f519d4d0-1ec3-11ed-af71-3887d5e2c283', 'Activity_0gcxdwu', 22, '[2]', '1', '2022-08-18 15:04:10', '1', '2022-08-18 15:04:10', b'0', 0);
INSERT INTO `bpm_task_assign_rule` VALUES (6, 'e05bc4b6-1ea9-11ed-94d4-3887d5e2c283', 'leave:2:f519d4d0-1ec3-11ed-af71-3887d5e2c283', 'Activity_13uq05m', 22, '[3]', '1', '2022-08-18 15:04:10', '1', '2022-08-18 15:04:10', b'0', 0);
INSERT INTO `bpm_task_assign_rule` VALUES (7, '762bc640-384e-11f0-a959-00e02421f631', '', 'Activity_0cwnrt9', 10, '[3]', '1', '2025-05-24 11:52:33', '1', '2025-07-04 10:03:41', b'0', 0);
INSERT INTO `bpm_task_assign_rule` VALUES (8, '762bc640-384e-11f0-a959-00e02421f631', '', 'Activity_03rsto8', 30, '[1]', '1', '2025-05-24 11:52:45', '1', '2025-05-24 11:52:45', b'0', 0);
INSERT INTO `bpm_task_assign_rule` VALUES (9, '762bc640-384e-11f0-a959-00e02421f631', 'test111:1:925d58c5-3852-11f0-a959-00e02421f631', 'Activity_0cwnrt9', 10, '[3]', '1', '2025-05-24 11:52:55', '1', '2025-05-24 11:52:55', b'0', 0);
INSERT INTO `bpm_task_assign_rule` VALUES (10, '762bc640-384e-11f0-a959-00e02421f631', 'test111:1:925d58c5-3852-11f0-a959-00e02421f631', 'Activity_03rsto8', 30, '[1]', '1', '2025-05-24 11:52:55', '1', '2025-05-24 11:52:55', b'0', 0);
INSERT INTO `bpm_task_assign_rule` VALUES (11, 'e05bc4b6-1ea9-11ed-94d4-3887d5e2c283', 'leave:3:70aa0460-5171-11f0-9668-745d226bb74a', 'Activity_0gcxdwu', 10, '[3]', '1', '2025-06-25 11:06:52', '1', '2025-06-25 11:06:52', b'0', 0);
INSERT INTO `bpm_task_assign_rule` VALUES (12, 'e05bc4b6-1ea9-11ed-94d4-3887d5e2c283', 'leave:3:70aa0460-5171-11f0-9668-745d226bb74a', 'Activity_13uq05m', 22, '[3]', '1', '2025-06-25 11:06:52', '1', '2025-06-25 11:06:52', b'0', 0);
INSERT INTO `bpm_task_assign_rule` VALUES (13, 'c182240f-2138-11ed-89a5-3887d5e2c283', '', 'Activity_08t2bke', 10, '[1]', '1', '2025-07-04 16:37:49', '1', '2025-07-04 16:37:49', b'0', 0);
INSERT INTO `bpm_task_assign_rule` VALUES (14, 'c182240f-2138-11ed-89a5-3887d5e2c283', '', 'Activity_0in2t3c', 10, '[1]', '1', '2025-07-04 16:37:59', '1', '2025-07-04 16:37:59', b'0', 0);
INSERT INTO `bpm_task_assign_rule` VALUES (15, 'c182240f-2138-11ed-89a5-3887d5e2c283', 'sign:1:36860146-58b2-11f0-b89a-745d226bb74a', 'Activity_08t2bke', 10, '[1]', '1', '2025-07-04 16:38:10', '1', '2025-07-04 16:38:10', b'0', 0);
INSERT INTO `bpm_task_assign_rule` VALUES (16, 'c182240f-2138-11ed-89a5-3887d5e2c283', 'sign:1:36860146-58b2-11f0-b89a-745d226bb74a', 'Activity_0in2t3c', 10, '[1]', '1', '2025-07-04 16:38:10', '1', '2025-07-04 16:38:10', b'0', 0);

-- ----------------------------
-- Table structure for bpm_task_ext
-- ----------------------------
DROP TABLE IF EXISTS `bpm_task_ext`;
CREATE TABLE `bpm_task_ext`  (
  `id` bigint(20) NOT NULL AUTO_INCREMENT COMMENT '编号',
  `assignee_user_id` bigint(20) NULL DEFAULT NULL COMMENT '任务的审批人',
  `name` varchar(64) CHARACTER SET utf8mb4 COLLATE utf8mb4_unicode_ci NULL DEFAULT NULL COMMENT '任务的名字',
  `task_id` varchar(64) CHARACTER SET utf8mb4 COLLATE utf8mb4_unicode_ci NOT NULL COMMENT '任务的编号',
  `result` tinyint(4) NOT NULL COMMENT '任务的结果',
  `reason` varchar(255) CHARACTER SET utf8mb4 COLLATE utf8mb4_unicode_ci NULL DEFAULT NULL COMMENT '审批建议',
  `end_time` datetime NULL DEFAULT NULL COMMENT '任务的结束时间',
  `process_instance_id` varchar(64) CHARACTER SET utf8mb4 COLLATE utf8mb4_unicode_ci NOT NULL COMMENT '流程实例的编号',
  `process_definition_id` varchar(64) CHARACTER SET utf8mb4 COLLATE utf8mb4_unicode_ci NOT NULL COMMENT '流程定义的编号',
  `creator` varchar(64) CHARACTER SET utf8mb4 COLLATE utf8mb4_unicode_ci NULL DEFAULT '' COMMENT '创建者',
  `create_time` datetime NOT NULL DEFAULT CURRENT_TIMESTAMP COMMENT '创建时间',
  `updater` varchar(64) CHARACTER SET utf8mb4 COLLATE utf8mb4_unicode_ci NULL DEFAULT '' COMMENT '更新者',
  `update_time` datetime NOT NULL DEFAULT CURRENT_TIMESTAMP ON UPDATE CURRENT_TIMESTAMP COMMENT '更新时间',
  `deleted` bit(1) NOT NULL DEFAULT b'0' COMMENT '是否删除',
  `tenant_id` bigint(20) NOT NULL DEFAULT 0 COMMENT '租户编号',
  PRIMARY KEY (`id`) USING BTREE
) ENGINE = InnoDB AUTO_INCREMENT = 356 CHARACTER SET = utf8mb4 COLLATE = utf8mb4_unicode_ci COMMENT = '工作流的流程任务的拓展表' ROW_FORMAT = COMPACT;

-- ----------------------------
-- Records of bpm_task_ext
-- ----------------------------
INSERT INTO `bpm_task_ext` VALUES (341, 2, '经理', '7e92a917-2095-11ed-b609-3887d5e2c283', 4, '主动取消任务，原因：不请假了', '2022-08-20 22:57:46', '7e853b8b-2095-11ed-b609-3887d5e2c283', 'leave:2:f519d4d0-1ec3-11ed-af71-3887d5e2c283', '1', '2022-08-20 22:36:36', '1', '2022-08-20 22:57:46', b'0', 0);
INSERT INTO `bpm_task_ext` VALUES (342, 2, '经理', 'da71f2a6-2095-11ed-b609-3887d5e2c283', 1, NULL, NULL, 'da70e12a-2095-11ed-b609-3887d5e2c283', 'leave:2:f519d4d0-1ec3-11ed-af71-3887d5e2c283', '1', '2022-08-20 22:39:11', '1', '2022-08-20 22:39:11', b'0', 0);
INSERT INTO `bpm_task_ext` VALUES (343, 2, '经理', 'b876a605-2096-11ed-b609-3887d5e2c283', 1, NULL, NULL, 'b8745c09-2096-11ed-b609-3887d5e2c283', 'leave:2:f519d4d0-1ec3-11ed-af71-3887d5e2c283', '1', '2022-08-20 22:45:23', '1', '2022-08-20 22:45:23', b'0', 0);
INSERT INTO `bpm_task_ext` VALUES (344, 2, '经理', '0a263574-2097-11ed-b609-3887d5e2c283', 1, NULL, NULL, '0a24aec8-2097-11ed-b609-3887d5e2c283', 'leave:2:f519d4d0-1ec3-11ed-af71-3887d5e2c283', '1', '2022-08-20 22:47:40', '1', '2022-08-20 22:47:40', b'0', 0);
INSERT INTO `bpm_task_ext` VALUES (345, 2, '经理', '7bfe7ef7-2097-11ed-8938-3887d5e2c283', 4, '主动取消任务，原因：11', '2025-06-25 10:37:42', '7bf2bf1b-2097-11ed-8938-3887d5e2c283', 'leave:2:f519d4d0-1ec3-11ed-af71-3887d5e2c283', '1', '2022-08-20 22:50:51', '1', '2025-06-25 10:37:42', b'0', 0);
INSERT INTO `bpm_task_ext` VALUES (346, 2, '经理', 'e9bbe800-283f-11ed-9000-3887d5e2c283', 2, '同意申请', '2022-08-30 17:07:20', 'e9b53134-283f-11ed-9000-3887d5e2c283', 'leave:2:f519d4d0-1ec3-11ed-af71-3887d5e2c283', '1', '2022-08-30 16:44:09', '2', '2022-08-30 17:07:20', b'0', 0);
INSERT INTO `bpm_task_ext` VALUES (347, 4, '人事', '26d645c6-2843-11ed-9000-3887d5e2c283', 1, NULL, NULL, 'e9b53134-283f-11ed-9000-3887d5e2c283', 'leave:2:f519d4d0-1ec3-11ed-af71-3887d5e2c283', '2', '2022-08-30 17:07:20', '2', '2022-08-30 17:07:20', b'0', 0);
INSERT INTO `bpm_task_ext` VALUES (348, 2, '经理', 'd21d2ddc-ce39-11ef-bcf7-e4a8dfac961e', 2, '123', '2025-01-09 11:30:13', 'd1ede070-ce39-11ef-bcf7-e4a8dfac961e', 'leave:2:f519d4d0-1ec3-11ed-af71-3887d5e2c283', '1', '2025-01-09 11:28:40', '2', '2025-01-09 11:30:14', b'0', 0);
INSERT INTO `bpm_task_ext` VALUES (349, 4, '人事', '091dd652-ce3a-11ef-bcf7-e4a8dfac961e', 2, '123', '2025-01-09 11:30:52', 'd1ede070-ce39-11ef-bcf7-e4a8dfac961e', 'leave:2:f519d4d0-1ec3-11ed-af71-3887d5e2c283', '2', '2025-01-09 11:30:13', '4', '2025-01-09 11:30:53', b'0', 0);
INSERT INTO `bpm_task_ext` VALUES (350, 2, '经理', '7012115c-516e-11f0-9668-745d226bb74a', 1, NULL, NULL, '7004a3d0-516e-11f0-9668-745d226bb74a', 'leave:2:f519d4d0-1ec3-11ed-af71-3887d5e2c283', '1', '2025-06-25 10:45:22', '1', '2025-06-25 10:45:22', b'0', 0);
INSERT INTO `bpm_task_ext` VALUES (351, 2, '经理', '0f92f9ab-5171-11f0-9668-745d226bb74a', 1, NULL, NULL, '0f7a688f-5171-11f0-9668-745d226bb74a', 'leave:2:f519d4d0-1ec3-11ed-af71-3887d5e2c283', '1', '2025-06-25 11:04:08', '1', '2025-06-25 11:04:08', b'0', 0);
INSERT INTO `bpm_task_ext` VALUES (352, 2, '经理', '323bcf0a-5171-11f0-9668-745d226bb74a', 1, NULL, NULL, '322fc10e-5171-11f0-9668-745d226bb74a', 'leave:2:f519d4d0-1ec3-11ed-af71-3887d5e2c283', '1', '2025-06-25 11:05:06', '1', '2025-06-25 11:05:07', b'0', 0);
INSERT INTO `bpm_task_ext` VALUES (353, 8, '经理', '7e5cf1dd-5171-11f0-9668-745d226bb74a', 3, '不通过', '2025-06-25 15:23:29', '7e52dfb1-5171-11f0-9668-745d226bb74a', 'leave:3:70aa0460-5171-11f0-9668-745d226bb74a', '1', '2025-06-25 11:07:14', '8', '2025-06-25 15:23:29', b'0', 0);
INSERT INTO `bpm_task_ext` VALUES (354, 7, '经理', '7ad696fb-5619-11f0-ab2d-745d226bb74a', 1, NULL, NULL, '7aca88ff-5619-11f0-ab2d-745d226bb74a', 'leave:3:70aa0460-5171-11f0-9668-745d226bb74a', '1', '2025-07-01 09:19:48', '1', '2025-07-01 09:19:49', b'0', 0);
INSERT INTO `bpm_task_ext` VALUES (355, 8, '经理', '2d003efc-5ca7-11f0-b23a-d6bd7300036d', 1, NULL, NULL, '2c481280-5ca7-11f0-b23a-d6bd7300036d', 'leave:3:70aa0460-5171-11f0-9668-745d226bb74a', '1', '2025-07-09 17:29:13', '1', '2025-07-09 17:29:14', b'0', 0);

-- ----------------------------
-- Table structure for bpm_user_group
-- ----------------------------
DROP TABLE IF EXISTS `bpm_user_group`;
CREATE TABLE `bpm_user_group`  (
  `id` bigint(20) NOT NULL AUTO_INCREMENT COMMENT '编号',
  `name` varchar(30) CHARACTER SET utf8mb4 COLLATE utf8mb4_unicode_ci NOT NULL DEFAULT '' COMMENT '组名',
  `description` varchar(255) CHARACTER SET utf8mb4 COLLATE utf8mb4_unicode_ci NOT NULL DEFAULT '' COMMENT '描述',
  `member_user_ids` varchar(1024) CHARACTER SET utf8mb4 COLLATE utf8mb4_unicode_ci NOT NULL DEFAULT '0' COMMENT '成员编号数组',
  `status` tinyint(4) NOT NULL COMMENT '状态（0正常 1停用）',
  `creator` varchar(64) CHARACTER SET utf8mb4 COLLATE utf8mb4_unicode_ci NULL DEFAULT '' COMMENT '创建者',
  `create_time` datetime NOT NULL DEFAULT CURRENT_TIMESTAMP COMMENT '创建时间',
  `updater` varchar(64) CHARACTER SET utf8mb4 COLLATE utf8mb4_unicode_ci NULL DEFAULT '' COMMENT '更新者',
  `update_time` datetime NOT NULL DEFAULT CURRENT_TIMESTAMP ON UPDATE CURRENT_TIMESTAMP COMMENT '更新时间',
  `deleted` bit(1) NOT NULL DEFAULT b'0' COMMENT '是否删除',
  `tenant_id` bigint(20) NOT NULL DEFAULT 0 COMMENT '租户编号',
  PRIMARY KEY (`id`) USING BTREE
) ENGINE = InnoDB AUTO_INCREMENT = 113 CHARACTER SET = utf8mb4 COLLATE = utf8mb4_unicode_ci COMMENT = '用户组' ROW_FORMAT = COMPACT;

-- ----------------------------
-- Records of bpm_user_group
-- ----------------------------
INSERT INTO `bpm_user_group` VALUES (111, '组一', '组一描述', '[3]', 0, '1', '2022-08-18 17:39:46', '1', '2022-08-18 17:39:46', b'0', 0);
INSERT INTO `bpm_user_group` VALUES (112, '组二', '组二', '[1,2,4]', 0, '1', '2022-08-18 17:42:08', '1', '2025-06-25 11:03:38', b'0', 0);

-- ----------------------------
-- Table structure for f_goods
-- ----------------------------
DROP TABLE IF EXISTS `f_goods`;
CREATE TABLE `f_goods`  (
  `id` varchar(100) CHARACTER SET utf8mb4 COLLATE utf8mb4_general_ci NOT NULL COMMENT 'id',
  `goods_name` varchar(100) CHARACTER SET utf8mb4 COLLATE utf8mb4_general_ci NULL DEFAULT NULL COMMENT '商品名称',
  `goods_type` varchar(10) CHARACTER SET utf8mb4 COLLATE utf8mb4_general_ci NULL DEFAULT NULL COMMENT '商品分类',
  `goods_price` varchar(100) CHARACTER SET utf8mb4 COLLATE utf8mb4_general_ci NULL DEFAULT NULL COMMENT '商品价格',
  `goods_inventory` varchar(100) CHARACTER SET utf8mb4 COLLATE utf8mb4_general_ci NULL DEFAULT NULL COMMENT '商品库存',
  `create_time` datetime NULL DEFAULT NULL COMMENT '创建时间',
  `create_by` varchar(255) CHARACTER SET utf8mb4 COLLATE utf8mb4_general_ci NULL DEFAULT NULL COMMENT '创建人id',
  `create_name` varchar(255) CHARACTER SET utf8mb4 COLLATE utf8mb4_general_ci NULL DEFAULT NULL COMMENT '创建人名称',
  `update_time` datetime NULL DEFAULT NULL COMMENT '更新时间',
  `update_by` varchar(255) CHARACTER SET utf8mb4 COLLATE utf8mb4_general_ci NULL DEFAULT NULL COMMENT '更新人id',
  `update_name` varchar(255) CHARACTER SET utf8mb4 COLLATE utf8mb4_general_ci NULL DEFAULT NULL COMMENT '更新人名称',
  `del_flag` char(1) CHARACTER SET utf8mb4 COLLATE utf8mb4_general_ci NULL DEFAULT '0' COMMENT '删除标识',
  `img_url` text CHARACTER SET utf8mb4 COLLATE utf8mb4_general_ci NULL COMMENT '商品图片',
  PRIMARY KEY (`id`) USING BTREE
) ENGINE = InnoDB CHARACTER SET = utf8mb4 COLLATE = utf8mb4_general_ci COMMENT = '商品信息表' ROW_FORMAT = DYNAMIC;

-- ----------------------------
-- Records of f_goods
-- ----------------------------

-- ----------------------------
-- Table structure for flw_channel_definition
-- ----------------------------
DROP TABLE IF EXISTS `flw_channel_definition`;
CREATE TABLE `flw_channel_definition`  (
  `ID_` varchar(255) CHARACTER SET utf8 COLLATE utf8_general_ci NOT NULL,
  `NAME_` varchar(255) CHARACTER SET utf8 COLLATE utf8_general_ci NULL DEFAULT NULL,
  `VERSION_` int(11) NULL DEFAULT NULL,
  `KEY_` varchar(255) CHARACTER SET utf8 COLLATE utf8_general_ci NULL DEFAULT NULL,
  `CATEGORY_` varchar(255) CHARACTER SET utf8 COLLATE utf8_general_ci NULL DEFAULT NULL,
  `DEPLOYMENT_ID_` varchar(255) CHARACTER SET utf8 COLLATE utf8_general_ci NULL DEFAULT NULL,
  `CREATE_TIME_` datetime(3) NULL DEFAULT NULL,
  `TENANT_ID_` varchar(255) CHARACTER SET utf8 COLLATE utf8_general_ci NULL DEFAULT NULL,
  `RESOURCE_NAME_` varchar(255) CHARACTER SET utf8 COLLATE utf8_general_ci NULL DEFAULT NULL,
  `DESCRIPTION_` varchar(255) CHARACTER SET utf8 COLLATE utf8_general_ci NULL DEFAULT NULL,
  `TYPE_` varchar(255) CHARACTER SET utf8 COLLATE utf8_general_ci NULL DEFAULT NULL,
  `IMPLEMENTATION_` varchar(255) CHARACTER SET utf8 COLLATE utf8_general_ci NULL DEFAULT NULL,
  PRIMARY KEY (`ID_`) USING BTREE,
  UNIQUE INDEX `ACT_IDX_CHANNEL_DEF_UNIQ`(`KEY_`, `VERSION_`, `TENANT_ID_`) USING BTREE
) ENGINE = InnoDB CHARACTER SET = utf8 COLLATE = utf8_general_ci ROW_FORMAT = COMPACT;

-- ----------------------------
-- Records of flw_channel_definition
-- ----------------------------

-- ----------------------------
-- Table structure for flw_ev_databasechangelog
-- ----------------------------
DROP TABLE IF EXISTS `flw_ev_databasechangelog`;
CREATE TABLE `flw_ev_databasechangelog`  (
  `ID` varchar(255) CHARACTER SET utf8 COLLATE utf8_general_ci NOT NULL,
  `AUTHOR` varchar(255) CHARACTER SET utf8 COLLATE utf8_general_ci NOT NULL,
  `FILENAME` varchar(255) CHARACTER SET utf8 COLLATE utf8_general_ci NOT NULL,
  `DATEEXECUTED` datetime NOT NULL,
  `ORDEREXECUTED` int(11) NOT NULL,
  `EXECTYPE` varchar(10) CHARACTER SET utf8 COLLATE utf8_general_ci NOT NULL,
  `MD5SUM` varchar(35) CHARACTER SET utf8 COLLATE utf8_general_ci NULL DEFAULT NULL,
  `DESCRIPTION` varchar(255) CHARACTER SET utf8 COLLATE utf8_general_ci NULL DEFAULT NULL,
  `COMMENTS` varchar(255) CHARACTER SET utf8 COLLATE utf8_general_ci NULL DEFAULT NULL,
  `TAG` varchar(255) CHARACTER SET utf8 COLLATE utf8_general_ci NULL DEFAULT NULL,
  `LIQUIBASE` varchar(20) CHARACTER SET utf8 COLLATE utf8_general_ci NULL DEFAULT NULL,
  `CONTEXTS` varchar(255) CHARACTER SET utf8 COLLATE utf8_general_ci NULL DEFAULT NULL,
  `LABELS` varchar(255) CHARACTER SET utf8 COLLATE utf8_general_ci NULL DEFAULT NULL,
  `DEPLOYMENT_ID` varchar(10) CHARACTER SET utf8 COLLATE utf8_general_ci NULL DEFAULT NULL
) ENGINE = InnoDB CHARACTER SET = utf8 COLLATE = utf8_general_ci ROW_FORMAT = COMPACT;

-- ----------------------------
-- Records of flw_ev_databasechangelog
-- ----------------------------
INSERT INTO `flw_ev_databasechangelog` VALUES ('1', 'flowable', 'org/flowable/eventregistry/db/liquibase/flowable-eventregistry-db-changelog.xml', '2022-07-30 14:42:32', 1, 'EXECUTED', '8:1b0c48c9cf7945be799d868a2626d687', 'createTable tableName=FLW_EVENT_DEPLOYMENT; createTable tableName=FLW_EVENT_RESOURCE; createTable tableName=FLW_EVENT_DEFINITION; createIndex indexName=ACT_IDX_EVENT_DEF_UNIQ, tableName=FLW_EVENT_DEFINITION; createTable tableName=FLW_CHANNEL_DEFIN...', '', NULL, '4.3.5', NULL, NULL, '9163352725');
INSERT INTO `flw_ev_databasechangelog` VALUES ('2', 'flowable', 'org/flowable/eventregistry/db/liquibase/flowable-eventregistry-db-changelog.xml', '2025-01-09 11:18:57', 2, 'EXECUTED', '8:0ea825feb8e470558f0b5754352b9cda', 'addColumn tableName=FLW_CHANNEL_DEFINITION; addColumn tableName=FLW_CHANNEL_DEFINITION', '', NULL, '4.3.5', NULL, NULL, '6392738944');
INSERT INTO `flw_ev_databasechangelog` VALUES ('3', 'flowable', 'org/flowable/eventregistry/db/liquibase/flowable-eventregistry-db-changelog.xml', '2025-01-09 11:18:57', 3, 'EXECUTED', '8:3c2bb293350b5cbe6504331980c9dcee', 'customChange', '', NULL, '4.3.5', NULL, NULL, '6392738944');

-- ----------------------------
-- Table structure for flw_ev_databasechangeloglock
-- ----------------------------
DROP TABLE IF EXISTS `flw_ev_databasechangeloglock`;
CREATE TABLE `flw_ev_databasechangeloglock`  (
  `ID` int(11) NOT NULL,
  `LOCKED` bit(1) NOT NULL,
  `LOCKGRANTED` datetime NULL DEFAULT NULL,
  `LOCKEDBY` varchar(255) CHARACTER SET utf8 COLLATE utf8_general_ci NULL DEFAULT NULL,
  PRIMARY KEY (`ID`) USING BTREE
) ENGINE = InnoDB CHARACTER SET = utf8 COLLATE = utf8_general_ci ROW_FORMAT = COMPACT;

-- ----------------------------
-- Records of flw_ev_databasechangeloglock
-- ----------------------------
INSERT INTO `flw_ev_databasechangeloglock` VALUES (1, b'0', NULL, NULL);

-- ----------------------------
-- Table structure for flw_event_definition
-- ----------------------------
DROP TABLE IF EXISTS `flw_event_definition`;
CREATE TABLE `flw_event_definition`  (
  `ID_` varchar(255) CHARACTER SET utf8 COLLATE utf8_general_ci NOT NULL,
  `NAME_` varchar(255) CHARACTER SET utf8 COLLATE utf8_general_ci NULL DEFAULT NULL,
  `VERSION_` int(11) NULL DEFAULT NULL,
  `KEY_` varchar(255) CHARACTER SET utf8 COLLATE utf8_general_ci NULL DEFAULT NULL,
  `CATEGORY_` varchar(255) CHARACTER SET utf8 COLLATE utf8_general_ci NULL DEFAULT NULL,
  `DEPLOYMENT_ID_` varchar(255) CHARACTER SET utf8 COLLATE utf8_general_ci NULL DEFAULT NULL,
  `TENANT_ID_` varchar(255) CHARACTER SET utf8 COLLATE utf8_general_ci NULL DEFAULT NULL,
  `RESOURCE_NAME_` varchar(255) CHARACTER SET utf8 COLLATE utf8_general_ci NULL DEFAULT NULL,
  `DESCRIPTION_` varchar(255) CHARACTER SET utf8 COLLATE utf8_general_ci NULL DEFAULT NULL,
  PRIMARY KEY (`ID_`) USING BTREE,
  UNIQUE INDEX `ACT_IDX_EVENT_DEF_UNIQ`(`KEY_`, `VERSION_`, `TENANT_ID_`) USING BTREE
) ENGINE = InnoDB CHARACTER SET = utf8 COLLATE = utf8_general_ci ROW_FORMAT = COMPACT;

-- ----------------------------
-- Records of flw_event_definition
-- ----------------------------

-- ----------------------------
-- Table structure for flw_event_deployment
-- ----------------------------
DROP TABLE IF EXISTS `flw_event_deployment`;
CREATE TABLE `flw_event_deployment`  (
  `ID_` varchar(255) CHARACTER SET utf8 COLLATE utf8_general_ci NOT NULL,
  `NAME_` varchar(255) CHARACTER SET utf8 COLLATE utf8_general_ci NULL DEFAULT NULL,
  `CATEGORY_` varchar(255) CHARACTER SET utf8 COLLATE utf8_general_ci NULL DEFAULT NULL,
  `DEPLOY_TIME_` datetime(3) NULL DEFAULT NULL,
  `TENANT_ID_` varchar(255) CHARACTER SET utf8 COLLATE utf8_general_ci NULL DEFAULT NULL,
  `PARENT_DEPLOYMENT_ID_` varchar(255) CHARACTER SET utf8 COLLATE utf8_general_ci NULL DEFAULT NULL,
  PRIMARY KEY (`ID_`) USING BTREE
) ENGINE = InnoDB CHARACTER SET = utf8 COLLATE = utf8_general_ci ROW_FORMAT = COMPACT;

-- ----------------------------
-- Records of flw_event_deployment
-- ----------------------------

-- ----------------------------
-- Table structure for flw_event_resource
-- ----------------------------
DROP TABLE IF EXISTS `flw_event_resource`;
CREATE TABLE `flw_event_resource`  (
  `ID_` varchar(255) CHARACTER SET utf8 COLLATE utf8_general_ci NOT NULL,
  `NAME_` varchar(255) CHARACTER SET utf8 COLLATE utf8_general_ci NULL DEFAULT NULL,
  `DEPLOYMENT_ID_` varchar(255) CHARACTER SET utf8 COLLATE utf8_general_ci NULL DEFAULT NULL,
  `RESOURCE_BYTES_` longblob NULL,
  PRIMARY KEY (`ID_`) USING BTREE
) ENGINE = InnoDB CHARACTER SET = utf8 COLLATE = utf8_general_ci ROW_FORMAT = COMPACT;

-- ----------------------------
-- Records of flw_event_resource
-- ----------------------------

-- ----------------------------
-- Table structure for flw_ru_batch
-- ----------------------------
DROP TABLE IF EXISTS `flw_ru_batch`;
CREATE TABLE `flw_ru_batch`  (
  `ID_` varchar(64) CHARACTER SET utf8 COLLATE utf8_bin NOT NULL,
  `REV_` int(11) NULL DEFAULT NULL,
  `TYPE_` varchar(64) CHARACTER SET utf8 COLLATE utf8_bin NOT NULL,
  `SEARCH_KEY_` varchar(255) CHARACTER SET utf8 COLLATE utf8_bin NULL DEFAULT NULL,
  `SEARCH_KEY2_` varchar(255) CHARACTER SET utf8 COLLATE utf8_bin NULL DEFAULT NULL,
  `CREATE_TIME_` datetime(3) NOT NULL,
  `COMPLETE_TIME_` datetime(3) NULL DEFAULT NULL,
  `STATUS_` varchar(255) CHARACTER SET utf8 COLLATE utf8_bin NULL DEFAULT NULL,
  `BATCH_DOC_ID_` varchar(64) CHARACTER SET utf8 COLLATE utf8_bin NULL DEFAULT NULL,
  `TENANT_ID_` varchar(255) CHARACTER SET utf8 COLLATE utf8_bin NULL DEFAULT '',
  PRIMARY KEY (`ID_`) USING BTREE
) ENGINE = InnoDB CHARACTER SET = utf8 COLLATE = utf8_bin ROW_FORMAT = COMPACT;

-- ----------------------------
-- Records of flw_ru_batch
-- ----------------------------

-- ----------------------------
-- Table structure for flw_ru_batch_part
-- ----------------------------
DROP TABLE IF EXISTS `flw_ru_batch_part`;
CREATE TABLE `flw_ru_batch_part`  (
  `ID_` varchar(64) CHARACTER SET utf8 COLLATE utf8_bin NOT NULL,
  `REV_` int(11) NULL DEFAULT NULL,
  `BATCH_ID_` varchar(64) CHARACTER SET utf8 COLLATE utf8_bin NULL DEFAULT NULL,
  `TYPE_` varchar(64) CHARACTER SET utf8 COLLATE utf8_bin NOT NULL,
  `SCOPE_ID_` varchar(64) CHARACTER SET utf8 COLLATE utf8_bin NULL DEFAULT NULL,
  `SUB_SCOPE_ID_` varchar(64) CHARACTER SET utf8 COLLATE utf8_bin NULL DEFAULT NULL,
  `SCOPE_TYPE_` varchar(64) CHARACTER SET utf8 COLLATE utf8_bin NULL DEFAULT NULL,
  `SEARCH_KEY_` varchar(255) CHARACTER SET utf8 COLLATE utf8_bin NULL DEFAULT NULL,
  `SEARCH_KEY2_` varchar(255) CHARACTER SET utf8 COLLATE utf8_bin NULL DEFAULT NULL,
  `CREATE_TIME_` datetime(3) NOT NULL,
  `COMPLETE_TIME_` datetime(3) NULL DEFAULT NULL,
  `STATUS_` varchar(255) CHARACTER SET utf8 COLLATE utf8_bin NULL DEFAULT NULL,
  `RESULT_DOC_ID_` varchar(64) CHARACTER SET utf8 COLLATE utf8_bin NULL DEFAULT NULL,
  `TENANT_ID_` varchar(255) CHARACTER SET utf8 COLLATE utf8_bin NULL DEFAULT '',
  PRIMARY KEY (`ID_`) USING BTREE,
  INDEX `FLW_IDX_BATCH_PART`(`BATCH_ID_`) USING BTREE,
  CONSTRAINT `FLW_FK_BATCH_PART_PARENT` FOREIGN KEY (`BATCH_ID_`) REFERENCES `flw_ru_batch` (`ID_`) ON DELETE RESTRICT ON UPDATE RESTRICT
) ENGINE = InnoDB CHARACTER SET = utf8 COLLATE = utf8_bin ROW_FORMAT = COMPACT;

-- ----------------------------
-- Records of flw_ru_batch_part
-- ----------------------------

-- ----------------------------
-- Table structure for gen_table
-- ----------------------------
DROP TABLE IF EXISTS `gen_table`;
CREATE TABLE `gen_table`  (
  `table_id` bigint(20) NOT NULL AUTO_INCREMENT COMMENT '编号',
  `table_name` varchar(200) CHARACTER SET utf8 COLLATE utf8_general_ci NULL DEFAULT '' COMMENT '表名称',
  `table_comment` varchar(500) CHARACTER SET utf8 COLLATE utf8_general_ci NULL DEFAULT '' COMMENT '表描述',
  `sub_table_name` varchar(64) CHARACTER SET utf8 COLLATE utf8_general_ci NULL DEFAULT NULL COMMENT '关联子表的表名',
  `sub_table_fk_name` varchar(64) CHARACTER SET utf8 COLLATE utf8_general_ci NULL DEFAULT NULL COMMENT '子表关联的外键名',
  `class_name` varchar(100) CHARACTER SET utf8 COLLATE utf8_general_ci NULL DEFAULT '' COMMENT '实体类名称',
  `tpl_category` varchar(200) CHARACTER SET utf8 COLLATE utf8_general_ci NULL DEFAULT 'crud' COMMENT '使用的模板（crud单表操作 tree树表操作）',
  `package_name` varchar(100) CHARACTER SET utf8 COLLATE utf8_general_ci NULL DEFAULT NULL COMMENT '生成包路径',
  `module_name` varchar(30) CHARACTER SET utf8 COLLATE utf8_general_ci NULL DEFAULT NULL COMMENT '生成模块名',
  `business_name` varchar(30) CHARACTER SET utf8 COLLATE utf8_general_ci NULL DEFAULT NULL COMMENT '生成业务名',
  `function_name` varchar(50) CHARACTER SET utf8 COLLATE utf8_general_ci NULL DEFAULT NULL COMMENT '生成功能名',
  `function_author` varchar(50) CHARACTER SET utf8 COLLATE utf8_general_ci NULL DEFAULT NULL COMMENT '生成功能作者',
  `gen_type` char(1) CHARACTER SET utf8 COLLATE utf8_general_ci NULL DEFAULT '0' COMMENT '生成代码方式（0zip压缩包 1自定义路径）',
  `gen_path` varchar(200) CHARACTER SET utf8 COLLATE utf8_general_ci NULL DEFAULT '/' COMMENT '生成路径（不填默认项目路径）',
  `options` varchar(1000) CHARACTER SET utf8 COLLATE utf8_general_ci NULL DEFAULT NULL COMMENT '其它生成选项',
  `create_by` varchar(64) CHARACTER SET utf8 COLLATE utf8_general_ci NULL DEFAULT '' COMMENT '创建者',
  `create_time` datetime NULL DEFAULT NULL COMMENT '创建时间',
  `update_by` varchar(64) CHARACTER SET utf8 COLLATE utf8_general_ci NULL DEFAULT '' COMMENT '更新者',
  `update_time` datetime NULL DEFAULT NULL COMMENT '更新时间',
  `remark` varchar(500) CHARACTER SET utf8 COLLATE utf8_general_ci NULL DEFAULT NULL COMMENT '备注',
  `form_type` char(1) CHARACTER SET utf8 COLLATE utf8_general_ci NULL DEFAULT '0' COMMENT '表单类型 0单行 1双行',
  PRIMARY KEY (`table_id`) USING BTREE
) ENGINE = InnoDB AUTO_INCREMENT = 9 CHARACTER SET = utf8 COLLATE = utf8_general_ci COMMENT = '代码生成业务表' ROW_FORMAT = COMPACT;

-- ----------------------------
-- Records of gen_table
-- ----------------------------
INSERT INTO `gen_table` VALUES (6, 'sys_user', '用户信息表', NULL, NULL, 'SysUser', 'crud', 'com.ruoyi.logic', 'logic', 'user', '用户信息', 'hqy', '0', '/', '{}', 'admin', '2025-06-03 10:11:23', '', '2025-06-03 16:36:08', NULL, '1');
INSERT INTO `gen_table` VALUES (7, 'sys_role_menu', '角色和菜单关联表', NULL, NULL, 'SysRoleMenu', 'crud', 'com.ruoyi.logic', 'logic', 'menu', '角色和菜单关联', 'hqy', '0', '/', NULL, 'admin', '2025-06-30 15:07:49', '', NULL, NULL, '0');
INSERT INTO `gen_table` VALUES (8, 'sys_role_menu', '角色和菜单关联表', NULL, NULL, 'SysRoleMenu', 'crud', 'com.ruoyi.logic', 'logic', 'menu', '角色和菜单关联', 'hqy', '0', '/', NULL, 'admin', '2025-06-30 15:07:52', '', NULL, NULL, '0');

-- ----------------------------
-- Table structure for gen_table_column
-- ----------------------------
DROP TABLE IF EXISTS `gen_table_column`;
CREATE TABLE `gen_table_column`  (
  `column_id` bigint(20) NOT NULL AUTO_INCREMENT COMMENT '编号',
  `table_id` bigint(20) NULL DEFAULT NULL COMMENT '归属表编号',
  `column_name` varchar(200) CHARACTER SET utf8 COLLATE utf8_general_ci NULL DEFAULT NULL COMMENT '列名称',
  `column_comment` varchar(500) CHARACTER SET utf8 COLLATE utf8_general_ci NULL DEFAULT NULL COMMENT '列描述',
  `column_type` varchar(100) CHARACTER SET utf8 COLLATE utf8_general_ci NULL DEFAULT NULL COMMENT '列类型',
  `java_type` varchar(500) CHARACTER SET utf8 COLLATE utf8_general_ci NULL DEFAULT NULL COMMENT 'JAVA类型',
  `java_field` varchar(200) CHARACTER SET utf8 COLLATE utf8_general_ci NULL DEFAULT NULL COMMENT 'JAVA字段名',
  `is_pk` char(1) CHARACTER SET utf8 COLLATE utf8_general_ci NULL DEFAULT NULL COMMENT '是否主键（1是）',
  `is_increment` char(1) CHARACTER SET utf8 COLLATE utf8_general_ci NULL DEFAULT NULL COMMENT '是否自增（1是）',
  `is_required` char(1) CHARACTER SET utf8 COLLATE utf8_general_ci NULL DEFAULT NULL COMMENT '是否必填（1是）',
  `is_insert` char(1) CHARACTER SET utf8 COLLATE utf8_general_ci NULL DEFAULT NULL COMMENT '是否为插入字段（1是）',
  `is_edit` char(1) CHARACTER SET utf8 COLLATE utf8_general_ci NULL DEFAULT NULL COMMENT '是否编辑字段（1是）',
  `is_list` char(1) CHARACTER SET utf8 COLLATE utf8_general_ci NULL DEFAULT NULL COMMENT '是否列表字段（1是）',
  `is_query` char(1) CHARACTER SET utf8 COLLATE utf8_general_ci NULL DEFAULT NULL COMMENT '是否查询字段（1是）',
  `query_type` varchar(200) CHARACTER SET utf8 COLLATE utf8_general_ci NULL DEFAULT 'EQ' COMMENT '查询方式（等于、不等于、大于、小于、范围）',
  `html_type` varchar(200) CHARACTER SET utf8 COLLATE utf8_general_ci NULL DEFAULT NULL COMMENT '显示类型（文本框、文本域、下拉框、复选框、单选框、日期控件）',
  `dict_type` varchar(200) CHARACTER SET utf8 COLLATE utf8_general_ci NULL DEFAULT '' COMMENT '字典类型',
  `sort` int(11) NULL DEFAULT NULL COMMENT '排序',
  `create_by` varchar(64) CHARACTER SET utf8 COLLATE utf8_general_ci NULL DEFAULT '' COMMENT '创建者',
  `create_time` datetime NULL DEFAULT NULL COMMENT '创建时间',
  `update_by` varchar(64) CHARACTER SET utf8 COLLATE utf8_general_ci NULL DEFAULT '' COMMENT '更新者',
  `update_time` datetime NULL DEFAULT NULL COMMENT '更新时间',
  PRIMARY KEY (`column_id`) USING BTREE
) ENGINE = InnoDB AUTO_INCREMENT = 74 CHARACTER SET = utf8 COLLATE = utf8_general_ci COMMENT = '代码生成业务表字段' ROW_FORMAT = COMPACT;

-- ----------------------------
-- Records of gen_table_column
-- ----------------------------
INSERT INTO `gen_table_column` VALUES (50, 6, 'user_id', '用户ID', 'bigint(20)', 'Long', 'userId', '1', '1', '0', NULL, NULL, NULL, NULL, 'EQ', 'input', '', 1, 'admin', '2025-06-03 10:11:24', '', '2025-06-03 16:36:08');
INSERT INTO `gen_table_column` VALUES (51, 6, 'dept_id', '部门ID', 'bigint(20)', 'Long', 'deptId', '0', '0', '1', '1', '1', '1', '1', 'EQ', 'input', '', 2, 'admin', '2025-06-03 10:11:24', '', '2025-06-03 16:36:08');
INSERT INTO `gen_table_column` VALUES (52, 6, 'user_name', '用户账号', 'varchar(30)', 'String', 'userName', '0', '0', '0', '1', '1', '1', '1', 'LIKE', 'input', '', 3, 'admin', '2025-06-03 10:11:24', '', '2025-06-03 16:36:08');
INSERT INTO `gen_table_column` VALUES (53, 6, 'nick_name', '用户昵称', 'varchar(30)', 'String', 'nickName', '0', '0', '0', '1', '1', '1', '1', 'LIKE', 'input', '', 4, 'admin', '2025-06-03 10:11:24', '', '2025-06-03 16:36:08');
INSERT INTO `gen_table_column` VALUES (54, 6, 'user_type', '用户类型（00系统用户）', 'varchar(2)', 'String', 'userType', '0', '0', '1', '1', '1', '1', '1', 'EQ', 'select', '', 5, 'admin', '2025-06-03 10:11:25', '', '2025-06-03 16:36:08');
INSERT INTO `gen_table_column` VALUES (55, 6, 'email', '用户邮箱', 'varchar(50)', 'String', 'email', '0', '0', '1', '1', '1', '1', '1', 'EQ', 'input', '', 6, 'admin', '2025-06-03 10:11:25', '', '2025-06-03 16:36:08');
INSERT INTO `gen_table_column` VALUES (56, 6, 'phonenumber', '手机号码', 'varchar(11)', 'String', 'phonenumber', '0', '0', '1', '1', '1', '1', '1', 'EQ', 'input', '', 7, 'admin', '2025-06-03 10:11:25', '', '2025-06-03 16:36:08');
INSERT INTO `gen_table_column` VALUES (57, 6, 'sex', '用户性别（0男 1女 2未知）', 'char(1)', 'String', 'sex', '0', '0', '1', '1', '1', '1', '1', 'EQ', 'select', '', 8, 'admin', '2025-06-03 10:11:25', '', '2025-06-03 16:36:08');
INSERT INTO `gen_table_column` VALUES (58, 6, 'avatar', '头像地址', 'varchar(100)', 'String', 'avatar', '0', '0', '1', '1', '1', '1', '1', 'EQ', 'input', '', 9, 'admin', '2025-06-03 10:11:25', '', '2025-06-03 16:36:09');
INSERT INTO `gen_table_column` VALUES (59, 6, 'password', '密码', 'varchar(100)', 'String', 'password', '0', '0', '1', '1', '1', '1', '1', 'EQ', 'input', '', 10, 'admin', '2025-06-03 10:11:25', '', '2025-06-03 16:36:09');
INSERT INTO `gen_table_column` VALUES (60, 6, 'password_cleartext', '明文密码', 'varchar(50)', 'String', 'passwordCleartext', '0', '0', '1', '1', '1', '1', '1', 'EQ', 'input', '', 11, 'admin', '2025-06-03 10:11:25', '', '2025-06-03 16:36:09');
INSERT INTO `gen_table_column` VALUES (61, 6, 'status', '帐号状态（0正常 1停用）', 'char(1)', 'String', 'status', '0', '0', '1', '1', '1', '1', '1', 'EQ', 'radio', '', 12, 'admin', '2025-06-03 10:11:25', '', '2025-06-03 16:36:09');
INSERT INTO `gen_table_column` VALUES (62, 6, 'del_flag', '删除标志（0代表存在 2代表删除）', 'char(1)', 'String', 'delFlag', '0', '0', '1', NULL, NULL, NULL, NULL, 'EQ', 'input', '', 13, 'admin', '2025-06-03 10:11:25', '', '2025-06-03 16:36:09');
INSERT INTO `gen_table_column` VALUES (63, 6, 'login_ip', '最后登录IP', 'varchar(128)', 'String', 'loginIp', '0', '0', '1', '1', '1', '1', '1', 'EQ', 'input', '', 14, 'admin', '2025-06-03 10:11:25', '', '2025-06-03 16:36:09');
INSERT INTO `gen_table_column` VALUES (64, 6, 'login_date', '最后登录时间', 'datetime', 'Date', 'loginDate', '0', '0', '1', '1', '1', '1', '1', 'EQ', 'datetime', '', 15, 'admin', '2025-06-03 10:11:25', '', '2025-06-03 16:36:09');
INSERT INTO `gen_table_column` VALUES (65, 6, 'create_by', '创建者', 'varchar(64)', 'String', 'createBy', '0', '0', '1', NULL, NULL, NULL, NULL, 'EQ', 'input', '', 16, 'admin', '2025-06-03 10:11:25', '', '2025-06-03 16:36:09');
INSERT INTO `gen_table_column` VALUES (66, 6, 'create_time', '创建时间', 'datetime', 'Date', 'createTime', '0', '0', '1', NULL, NULL, '1', NULL, 'EQ', 'datetime', '', 17, 'admin', '2025-06-03 10:11:25', '', '2025-06-03 16:36:09');
INSERT INTO `gen_table_column` VALUES (67, 6, 'update_by', '更新者', 'varchar(64)', 'String', 'updateBy', '0', '0', '1', NULL, NULL, NULL, NULL, 'EQ', 'input', '', 18, 'admin', '2025-06-03 10:11:25', '', '2025-06-03 16:36:09');
INSERT INTO `gen_table_column` VALUES (68, 6, 'update_time', '更新时间', 'datetime', 'Date', 'updateTime', '0', '0', '1', NULL, NULL, '1', NULL, 'EQ', 'datetime', '', 19, 'admin', '2025-06-03 10:11:25', '', '2025-06-03 16:36:09');
INSERT INTO `gen_table_column` VALUES (69, 6, 'remark', '备注', 'varchar(500)', 'String', 'remark', '0', '0', '1', '1', '1', '1', NULL, 'EQ', 'textarea', '', 20, 'admin', '2025-06-03 10:11:25', '', '2025-06-03 16:36:09');
INSERT INTO `gen_table_column` VALUES (70, 7, 'role_id', '角色ID', 'bigint(20)', 'Long', 'roleId', '1', '0', '0', NULL, NULL, NULL, NULL, 'EQ', 'input', '', 1, 'admin', '2025-06-30 15:07:52', '', NULL);
INSERT INTO `gen_table_column` VALUES (71, 7, 'menu_id', '菜单ID', 'bigint(20)', 'Long', 'menuId', '1', '0', '0', NULL, NULL, NULL, NULL, 'EQ', 'input', '', 2, 'admin', '2025-06-30 15:07:52', '', NULL);
INSERT INTO `gen_table_column` VALUES (72, 8, 'role_id', '角色ID', 'bigint(20)', 'Long', 'roleId', '1', '0', '0', NULL, NULL, NULL, NULL, 'EQ', 'input', '', 1, 'admin', '2025-06-30 15:07:53', '', NULL);
INSERT INTO `gen_table_column` VALUES (73, 8, 'menu_id', '菜单ID', 'bigint(20)', 'Long', 'menuId', '1', '0', '0', NULL, NULL, NULL, NULL, 'EQ', 'input', '', 2, 'admin', '2025-06-30 15:07:53', '', NULL);

-- ----------------------------
-- Table structure for qrtz_blob_triggers
-- ----------------------------
DROP TABLE IF EXISTS `qrtz_blob_triggers`;
CREATE TABLE `qrtz_blob_triggers`  (
  `sched_name` varchar(120) CHARACTER SET utf8 COLLATE utf8_general_ci NOT NULL COMMENT '调度名称',
  `trigger_name` varchar(200) CHARACTER SET utf8 COLLATE utf8_general_ci NOT NULL COMMENT 'qrtz_triggers表trigger_name的外键',
  `trigger_group` varchar(200) CHARACTER SET utf8 COLLATE utf8_general_ci NOT NULL COMMENT 'qrtz_triggers表trigger_group的外键',
  `blob_data` blob NULL COMMENT '存放持久化Trigger对象',
  PRIMARY KEY (`sched_name`, `trigger_name`, `trigger_group`) USING BTREE,
  CONSTRAINT `QRTZ_BLOB_TRIGGERS_ibfk_1` FOREIGN KEY (`sched_name`, `trigger_name`, `trigger_group`) REFERENCES `qrtz_triggers` (`sched_name`, `trigger_name`, `trigger_group`) ON DELETE RESTRICT ON UPDATE RESTRICT
) ENGINE = InnoDB CHARACTER SET = utf8 COLLATE = utf8_general_ci COMMENT = 'Blob类型的触发器表' ROW_FORMAT = COMPACT;

-- ----------------------------
-- Records of qrtz_blob_triggers
-- ----------------------------

-- ----------------------------
-- Table structure for qrtz_calendars
-- ----------------------------
DROP TABLE IF EXISTS `qrtz_calendars`;
CREATE TABLE `qrtz_calendars`  (
  `sched_name` varchar(120) CHARACTER SET utf8 COLLATE utf8_general_ci NOT NULL COMMENT '调度名称',
  `calendar_name` varchar(200) CHARACTER SET utf8 COLLATE utf8_general_ci NOT NULL COMMENT '日历名称',
  `calendar` blob NOT NULL COMMENT '存放持久化calendar对象',
  PRIMARY KEY (`sched_name`, `calendar_name`) USING BTREE
) ENGINE = InnoDB CHARACTER SET = utf8 COLLATE = utf8_general_ci COMMENT = '日历信息表' ROW_FORMAT = COMPACT;

-- ----------------------------
-- Records of qrtz_calendars
-- ----------------------------

-- ----------------------------
-- Table structure for qrtz_cron_triggers
-- ----------------------------
DROP TABLE IF EXISTS `qrtz_cron_triggers`;
CREATE TABLE `qrtz_cron_triggers`  (
  `sched_name` varchar(120) CHARACTER SET utf8 COLLATE utf8_general_ci NOT NULL COMMENT '调度名称',
  `trigger_name` varchar(200) CHARACTER SET utf8 COLLATE utf8_general_ci NOT NULL COMMENT 'qrtz_triggers表trigger_name的外键',
  `trigger_group` varchar(200) CHARACTER SET utf8 COLLATE utf8_general_ci NOT NULL COMMENT 'qrtz_triggers表trigger_group的外键',
  `cron_expression` varchar(200) CHARACTER SET utf8 COLLATE utf8_general_ci NOT NULL COMMENT 'cron表达式',
  `time_zone_id` varchar(80) CHARACTER SET utf8 COLLATE utf8_general_ci NULL DEFAULT NULL COMMENT '时区',
  PRIMARY KEY (`sched_name`, `trigger_name`, `trigger_group`) USING BTREE,
  CONSTRAINT `QRTZ_CRON_TRIGGERS_ibfk_1` FOREIGN KEY (`sched_name`, `trigger_name`, `trigger_group`) REFERENCES `qrtz_triggers` (`sched_name`, `trigger_name`, `trigger_group`) ON DELETE RESTRICT ON UPDATE RESTRICT
) ENGINE = InnoDB CHARACTER SET = utf8 COLLATE = utf8_general_ci COMMENT = 'Cron类型的触发器表' ROW_FORMAT = COMPACT;

-- ----------------------------
-- Records of qrtz_cron_triggers
-- ----------------------------

-- ----------------------------
-- Table structure for qrtz_fired_triggers
-- ----------------------------
DROP TABLE IF EXISTS `qrtz_fired_triggers`;
CREATE TABLE `qrtz_fired_triggers`  (
  `sched_name` varchar(120) CHARACTER SET utf8 COLLATE utf8_general_ci NOT NULL COMMENT '调度名称',
  `entry_id` varchar(95) CHARACTER SET utf8 COLLATE utf8_general_ci NOT NULL COMMENT '调度器实例id',
  `trigger_name` varchar(200) CHARACTER SET utf8 COLLATE utf8_general_ci NOT NULL COMMENT 'qrtz_triggers表trigger_name的外键',
  `trigger_group` varchar(200) CHARACTER SET utf8 COLLATE utf8_general_ci NOT NULL COMMENT 'qrtz_triggers表trigger_group的外键',
  `instance_name` varchar(200) CHARACTER SET utf8 COLLATE utf8_general_ci NOT NULL COMMENT '调度器实例名',
  `fired_time` bigint(20) NOT NULL COMMENT '触发的时间',
  `sched_time` bigint(20) NOT NULL COMMENT '定时器制定的时间',
  `priority` int(11) NOT NULL COMMENT '优先级',
  `state` varchar(16) CHARACTER SET utf8 COLLATE utf8_general_ci NOT NULL COMMENT '状态',
  `job_name` varchar(200) CHARACTER SET utf8 COLLATE utf8_general_ci NULL DEFAULT NULL COMMENT '任务名称',
  `job_group` varchar(200) CHARACTER SET utf8 COLLATE utf8_general_ci NULL DEFAULT NULL COMMENT '任务组名',
  `is_nonconcurrent` varchar(1) CHARACTER SET utf8 COLLATE utf8_general_ci NULL DEFAULT NULL COMMENT '是否并发',
  `requests_recovery` varchar(1) CHARACTER SET utf8 COLLATE utf8_general_ci NULL DEFAULT NULL COMMENT '是否接受恢复执行',
  PRIMARY KEY (`sched_name`, `entry_id`) USING BTREE
) ENGINE = InnoDB CHARACTER SET = utf8 COLLATE = utf8_general_ci COMMENT = '已触发的触发器表' ROW_FORMAT = COMPACT;

-- ----------------------------
-- Records of qrtz_fired_triggers
-- ----------------------------

-- ----------------------------
-- Table structure for qrtz_job_details
-- ----------------------------
DROP TABLE IF EXISTS `qrtz_job_details`;
CREATE TABLE `qrtz_job_details`  (
  `sched_name` varchar(120) CHARACTER SET utf8 COLLATE utf8_general_ci NOT NULL COMMENT '调度名称',
  `job_name` varchar(200) CHARACTER SET utf8 COLLATE utf8_general_ci NOT NULL COMMENT '任务名称',
  `job_group` varchar(200) CHARACTER SET utf8 COLLATE utf8_general_ci NOT NULL COMMENT '任务组名',
  `description` varchar(250) CHARACTER SET utf8 COLLATE utf8_general_ci NULL DEFAULT NULL COMMENT '相关介绍',
  `job_class_name` varchar(250) CHARACTER SET utf8 COLLATE utf8_general_ci NOT NULL COMMENT '执行任务类名称',
  `is_durable` varchar(1) CHARACTER SET utf8 COLLATE utf8_general_ci NOT NULL COMMENT '是否持久化',
  `is_nonconcurrent` varchar(1) CHARACTER SET utf8 COLLATE utf8_general_ci NOT NULL COMMENT '是否并发',
  `is_update_data` varchar(1) CHARACTER SET utf8 COLLATE utf8_general_ci NOT NULL COMMENT '是否更新数据',
  `requests_recovery` varchar(1) CHARACTER SET utf8 COLLATE utf8_general_ci NOT NULL COMMENT '是否接受恢复执行',
  `job_data` blob NULL COMMENT '存放持久化job对象',
  PRIMARY KEY (`sched_name`, `job_name`, `job_group`) USING BTREE
) ENGINE = InnoDB CHARACTER SET = utf8 COLLATE = utf8_general_ci COMMENT = '任务详细信息表' ROW_FORMAT = COMPACT;

-- ----------------------------
-- Records of qrtz_job_details
-- ----------------------------

-- ----------------------------
-- Table structure for qrtz_locks
-- ----------------------------
DROP TABLE IF EXISTS `qrtz_locks`;
CREATE TABLE `qrtz_locks`  (
  `sched_name` varchar(120) CHARACTER SET utf8 COLLATE utf8_general_ci NOT NULL COMMENT '调度名称',
  `lock_name` varchar(40) CHARACTER SET utf8 COLLATE utf8_general_ci NOT NULL COMMENT '悲观锁名称',
  PRIMARY KEY (`sched_name`, `lock_name`) USING BTREE
) ENGINE = InnoDB CHARACTER SET = utf8 COLLATE = utf8_general_ci COMMENT = '存储的悲观锁信息表' ROW_FORMAT = COMPACT;

-- ----------------------------
-- Records of qrtz_locks
-- ----------------------------

-- ----------------------------
-- Table structure for qrtz_paused_trigger_grps
-- ----------------------------
DROP TABLE IF EXISTS `qrtz_paused_trigger_grps`;
CREATE TABLE `qrtz_paused_trigger_grps`  (
  `sched_name` varchar(120) CHARACTER SET utf8 COLLATE utf8_general_ci NOT NULL COMMENT '调度名称',
  `trigger_group` varchar(200) CHARACTER SET utf8 COLLATE utf8_general_ci NOT NULL COMMENT 'qrtz_triggers表trigger_group的外键',
  PRIMARY KEY (`sched_name`, `trigger_group`) USING BTREE
) ENGINE = InnoDB CHARACTER SET = utf8 COLLATE = utf8_general_ci COMMENT = '暂停的触发器表' ROW_FORMAT = COMPACT;

-- ----------------------------
-- Records of qrtz_paused_trigger_grps
-- ----------------------------

-- ----------------------------
-- Table structure for qrtz_scheduler_state
-- ----------------------------
DROP TABLE IF EXISTS `qrtz_scheduler_state`;
CREATE TABLE `qrtz_scheduler_state`  (
  `sched_name` varchar(120) CHARACTER SET utf8 COLLATE utf8_general_ci NOT NULL COMMENT '调度名称',
  `instance_name` varchar(200) CHARACTER SET utf8 COLLATE utf8_general_ci NOT NULL COMMENT '实例名称',
  `last_checkin_time` bigint(20) NOT NULL COMMENT '上次检查时间',
  `checkin_interval` bigint(20) NOT NULL COMMENT '检查间隔时间',
  PRIMARY KEY (`sched_name`, `instance_name`) USING BTREE
) ENGINE = InnoDB CHARACTER SET = utf8 COLLATE = utf8_general_ci COMMENT = '调度器状态表' ROW_FORMAT = COMPACT;

-- ----------------------------
-- Records of qrtz_scheduler_state
-- ----------------------------

-- ----------------------------
-- Table structure for qrtz_simple_triggers
-- ----------------------------
DROP TABLE IF EXISTS `qrtz_simple_triggers`;
CREATE TABLE `qrtz_simple_triggers`  (
  `sched_name` varchar(120) CHARACTER SET utf8 COLLATE utf8_general_ci NOT NULL COMMENT '调度名称',
  `trigger_name` varchar(200) CHARACTER SET utf8 COLLATE utf8_general_ci NOT NULL COMMENT 'qrtz_triggers表trigger_name的外键',
  `trigger_group` varchar(200) CHARACTER SET utf8 COLLATE utf8_general_ci NOT NULL COMMENT 'qrtz_triggers表trigger_group的外键',
  `repeat_count` bigint(20) NOT NULL COMMENT '重复的次数统计',
  `repeat_interval` bigint(20) NOT NULL COMMENT '重复的间隔时间',
  `times_triggered` bigint(20) NOT NULL COMMENT '已经触发的次数',
  PRIMARY KEY (`sched_name`, `trigger_name`, `trigger_group`) USING BTREE,
  CONSTRAINT `QRTZ_SIMPLE_TRIGGERS_ibfk_1` FOREIGN KEY (`sched_name`, `trigger_name`, `trigger_group`) REFERENCES `qrtz_triggers` (`sched_name`, `trigger_name`, `trigger_group`) ON DELETE RESTRICT ON UPDATE RESTRICT
) ENGINE = InnoDB CHARACTER SET = utf8 COLLATE = utf8_general_ci COMMENT = '简单触发器的信息表' ROW_FORMAT = COMPACT;

-- ----------------------------
-- Records of qrtz_simple_triggers
-- ----------------------------

-- ----------------------------
-- Table structure for qrtz_simprop_triggers
-- ----------------------------
DROP TABLE IF EXISTS `qrtz_simprop_triggers`;
CREATE TABLE `qrtz_simprop_triggers`  (
  `sched_name` varchar(120) CHARACTER SET utf8 COLLATE utf8_general_ci NOT NULL COMMENT '调度名称',
  `trigger_name` varchar(200) CHARACTER SET utf8 COLLATE utf8_general_ci NOT NULL COMMENT 'qrtz_triggers表trigger_name的外键',
  `trigger_group` varchar(200) CHARACTER SET utf8 COLLATE utf8_general_ci NOT NULL COMMENT 'qrtz_triggers表trigger_group的外键',
  `str_prop_1` varchar(512) CHARACTER SET utf8 COLLATE utf8_general_ci NULL DEFAULT NULL COMMENT 'String类型的trigger的第一个参数',
  `str_prop_2` varchar(512) CHARACTER SET utf8 COLLATE utf8_general_ci NULL DEFAULT NULL COMMENT 'String类型的trigger的第二个参数',
  `str_prop_3` varchar(512) CHARACTER SET utf8 COLLATE utf8_general_ci NULL DEFAULT NULL COMMENT 'String类型的trigger的第三个参数',
  `int_prop_1` int(11) NULL DEFAULT NULL COMMENT 'int类型的trigger的第一个参数',
  `int_prop_2` int(11) NULL DEFAULT NULL COMMENT 'int类型的trigger的第二个参数',
  `long_prop_1` bigint(20) NULL DEFAULT NULL COMMENT 'long类型的trigger的第一个参数',
  `long_prop_2` bigint(20) NULL DEFAULT NULL COMMENT 'long类型的trigger的第二个参数',
  `dec_prop_1` decimal(13, 4) NULL DEFAULT NULL COMMENT 'decimal类型的trigger的第一个参数',
  `dec_prop_2` decimal(13, 4) NULL DEFAULT NULL COMMENT 'decimal类型的trigger的第二个参数',
  `bool_prop_1` varchar(1) CHARACTER SET utf8 COLLATE utf8_general_ci NULL DEFAULT NULL COMMENT 'Boolean类型的trigger的第一个参数',
  `bool_prop_2` varchar(1) CHARACTER SET utf8 COLLATE utf8_general_ci NULL DEFAULT NULL COMMENT 'Boolean类型的trigger的第二个参数',
  PRIMARY KEY (`sched_name`, `trigger_name`, `trigger_group`) USING BTREE,
  CONSTRAINT `QRTZ_SIMPROP_TRIGGERS_ibfk_1` FOREIGN KEY (`sched_name`, `trigger_name`, `trigger_group`) REFERENCES `qrtz_triggers` (`sched_name`, `trigger_name`, `trigger_group`) ON DELETE RESTRICT ON UPDATE RESTRICT
) ENGINE = InnoDB CHARACTER SET = utf8 COLLATE = utf8_general_ci COMMENT = '同步机制的行锁表' ROW_FORMAT = COMPACT;

-- ----------------------------
-- Records of qrtz_simprop_triggers
-- ----------------------------

-- ----------------------------
-- Table structure for qrtz_triggers
-- ----------------------------
DROP TABLE IF EXISTS `qrtz_triggers`;
CREATE TABLE `qrtz_triggers`  (
  `sched_name` varchar(120) CHARACTER SET utf8 COLLATE utf8_general_ci NOT NULL COMMENT '调度名称',
  `trigger_name` varchar(200) CHARACTER SET utf8 COLLATE utf8_general_ci NOT NULL COMMENT '触发器的名字',
  `trigger_group` varchar(200) CHARACTER SET utf8 COLLATE utf8_general_ci NOT NULL COMMENT '触发器所属组的名字',
  `job_name` varchar(200) CHARACTER SET utf8 COLLATE utf8_general_ci NOT NULL COMMENT 'qrtz_job_details表job_name的外键',
  `job_group` varchar(200) CHARACTER SET utf8 COLLATE utf8_general_ci NOT NULL COMMENT 'qrtz_job_details表job_group的外键',
  `description` varchar(250) CHARACTER SET utf8 COLLATE utf8_general_ci NULL DEFAULT NULL COMMENT '相关介绍',
  `next_fire_time` bigint(20) NULL DEFAULT NULL COMMENT '上一次触发时间（毫秒）',
  `prev_fire_time` bigint(20) NULL DEFAULT NULL COMMENT '下一次触发时间（默认为-1表示不触发）',
  `priority` int(11) NULL DEFAULT NULL COMMENT '优先级',
  `trigger_state` varchar(16) CHARACTER SET utf8 COLLATE utf8_general_ci NOT NULL COMMENT '触发器状态',
  `trigger_type` varchar(8) CHARACTER SET utf8 COLLATE utf8_general_ci NOT NULL COMMENT '触发器的类型',
  `start_time` bigint(20) NOT NULL COMMENT '开始时间',
  `end_time` bigint(20) NULL DEFAULT NULL COMMENT '结束时间',
  `calendar_name` varchar(200) CHARACTER SET utf8 COLLATE utf8_general_ci NULL DEFAULT NULL COMMENT '日程表名称',
  `misfire_instr` smallint(6) NULL DEFAULT NULL COMMENT '补偿执行的策略',
  `job_data` blob NULL COMMENT '存放持久化job对象',
  PRIMARY KEY (`sched_name`, `trigger_name`, `trigger_group`) USING BTREE,
  INDEX `sched_name`(`sched_name`, `job_name`, `job_group`) USING BTREE,
  CONSTRAINT `QRTZ_TRIGGERS_ibfk_1` FOREIGN KEY (`sched_name`, `job_name`, `job_group`) REFERENCES `qrtz_job_details` (`sched_name`, `job_name`, `job_group`) ON DELETE RESTRICT ON UPDATE RESTRICT
) ENGINE = InnoDB CHARACTER SET = utf8 COLLATE = utf8_general_ci COMMENT = '触发器详细信息表' ROW_FORMAT = COMPACT;

-- ----------------------------
-- Records of qrtz_triggers
-- ----------------------------

-- ----------------------------
-- Table structure for sys_config
-- ----------------------------
DROP TABLE IF EXISTS `sys_config`;
CREATE TABLE `sys_config`  (
  `config_id` int(11) NOT NULL AUTO_INCREMENT COMMENT '参数主键',
  `config_name` varchar(100) CHARACTER SET utf8 COLLATE utf8_general_ci NULL DEFAULT '' COMMENT '参数名称',
  `config_key` varchar(100) CHARACTER SET utf8 COLLATE utf8_general_ci NULL DEFAULT '' COMMENT '参数键名',
  `config_value` varchar(500) CHARACTER SET utf8 COLLATE utf8_general_ci NULL DEFAULT '' COMMENT '参数键值',
  `config_type` char(1) CHARACTER SET utf8 COLLATE utf8_general_ci NULL DEFAULT 'N' COMMENT '系统内置（Y是 N否）',
  `create_by` varchar(64) CHARACTER SET utf8 COLLATE utf8_general_ci NULL DEFAULT '' COMMENT '创建者',
  `create_time` datetime NULL DEFAULT NULL COMMENT '创建时间',
  `update_by` varchar(64) CHARACTER SET utf8 COLLATE utf8_general_ci NULL DEFAULT '' COMMENT '更新者',
  `update_time` datetime NULL DEFAULT NULL COMMENT '更新时间',
  `remark` varchar(500) CHARACTER SET utf8 COLLATE utf8_general_ci NULL DEFAULT NULL COMMENT '备注',
  PRIMARY KEY (`config_id`) USING BTREE
) ENGINE = InnoDB AUTO_INCREMENT = 7 CHARACTER SET = utf8 COLLATE = utf8_general_ci COMMENT = '参数配置表' ROW_FORMAT = COMPACT;

-- ----------------------------
-- Records of sys_config
-- ----------------------------
INSERT INTO `sys_config` VALUES (1, '主框架页-默认皮肤样式名称', 'sys.index.skinName', 'skin-blue', 'Y', 'admin', '2022-07-30 12:09:03', '', NULL, '蓝色 skin-blue、绿色 skin-green、紫色 skin-purple、红色 skin-red、黄色 skin-yellow');
INSERT INTO `sys_config` VALUES (2, '用户管理-账号初始密码', 'sys.user.initPassword', '123456', 'Y', 'admin', '2022-07-30 12:09:03', '', NULL, '初始化密码 123456');
INSERT INTO `sys_config` VALUES (3, '主框架页-侧边栏主题', 'sys.index.sideTheme', 'theme-dark', 'Y', 'admin', '2022-07-30 12:09:03', '', NULL, '深色主题theme-dark，浅色主题theme-light');
INSERT INTO `sys_config` VALUES (4, '账号自助-验证码开关', 'sys.account.captchaEnabled', 'true', 'Y', 'admin', '2022-07-30 12:09:03', 'admin', '2025-06-27 16:48:49', '是否开启验证码功能（true开启，false关闭）');
INSERT INTO `sys_config` VALUES (5, '账号自助-是否开启用户注册功能', 'sys.account.registerUser', 'false', 'Y', 'admin', '2022-07-30 12:09:03', '', NULL, '是否开启注册用户功能（true开启，false关闭）');
INSERT INTO `sys_config` VALUES (6, '用户登录-黑名单列表', 'sys.login.blackIPList', '', 'Y', 'admin', '2025-01-09 11:17:41', '', NULL, '设置登录IP黑名单限制，多个匹配项以;分隔，支持匹配（*通配、网段）');

-- ----------------------------
-- Table structure for sys_dept
-- ----------------------------
DROP TABLE IF EXISTS `sys_dept`;
CREATE TABLE `sys_dept`  (
  `dept_id` bigint(20) NOT NULL AUTO_INCREMENT COMMENT '部门id',
  `parent_id` bigint(20) NULL DEFAULT 0 COMMENT '父部门id',
  `ancestors` varchar(50) CHARACTER SET utf8 COLLATE utf8_general_ci NULL DEFAULT '' COMMENT '祖级列表',
  `dept_name` varchar(30) CHARACTER SET utf8 COLLATE utf8_general_ci NULL DEFAULT '' COMMENT '部门名称',
  `order_num` int(11) NULL DEFAULT 0 COMMENT '显示顺序',
  `leader` varchar(20) CHARACTER SET utf8 COLLATE utf8_general_ci NULL DEFAULT NULL COMMENT '负责人',
  `phone` varchar(11) CHARACTER SET utf8 COLLATE utf8_general_ci NULL DEFAULT NULL COMMENT '联系电话',
  `email` varchar(50) CHARACTER SET utf8 COLLATE utf8_general_ci NULL DEFAULT NULL COMMENT '邮箱',
  `status` char(1) CHARACTER SET utf8 COLLATE utf8_general_ci NULL DEFAULT '0' COMMENT '部门状态（0正常 1停用）',
  `del_flag` char(1) CHARACTER SET utf8 COLLATE utf8_general_ci NULL DEFAULT '0' COMMENT '删除标志（0代表存在 2代表删除）',
  `create_by` varchar(64) CHARACTER SET utf8 COLLATE utf8_general_ci NULL DEFAULT '' COMMENT '创建者',
  `create_time` datetime NULL DEFAULT NULL COMMENT '创建时间',
  `update_by` varchar(64) CHARACTER SET utf8 COLLATE utf8_general_ci NULL DEFAULT '' COMMENT '更新者',
  `update_time` datetime NULL DEFAULT NULL COMMENT '更新时间',
  PRIMARY KEY (`dept_id`) USING BTREE
) ENGINE = InnoDB AUTO_INCREMENT = 135 CHARACTER SET = utf8 COLLATE = utf8_general_ci COMMENT = '部门表' ROW_FORMAT = COMPACT;

-- ----------------------------
-- Records of sys_dept
-- ----------------------------
INSERT INTO `sys_dept` VALUES (100, 0, '0', '零陵高新技术产业开发区', 0, '若依', '15888888888', 'ry@qq.com', '0', '0', 'admin', '2022-07-30 12:09:02', 'admin', '2025-06-27 16:54:08');
INSERT INTO `sys_dept` VALUES (101, 100, '0,100', '供应商', 20, '若依', '15888888888', 'ry@qq.com', '0', '0', 'admin', '2022-07-30 12:09:02', 'admin', '2025-06-26 15:38:30');
INSERT INTO `sys_dept` VALUES (102, 120, '0,100,120', '秦港采购中心', 10, '若依', '15888888888', 'ry@qq.com', '0', '0', 'admin', '2022-07-30 12:09:02', 'admin', '2025-06-26 15:38:38');
INSERT INTO `sys_dept` VALUES (103, 101, '0,100,101', '秦皇岛港股份有限公司', 10, '若依', '15888888888', 'ry@qq.com', '0', '0', 'admin', '2022-07-30 12:09:02', 'admin', '2025-06-26 15:38:59');
INSERT INTO `sys_dept` VALUES (104, 101, '0,100,101', '唐山港集团股份有限公司', 2, '若依', '15888888888', 'ry@qq.com', '0', '2', 'admin', '2022-07-30 12:09:02', 'admin', '2025-06-26 08:01:36');
INSERT INTO `sys_dept` VALUES (105, 101, '0,100,101', '曹妃甸港集团股份有限公司', 3, '若依', '15888888888', 'ry@qq.com', '0', '2', 'admin', '2022-07-30 12:09:02', 'admin', '2025-06-26 08:01:45');
INSERT INTO `sys_dept` VALUES (106, 101, '0,100,101', '财务部门', 4, '若依', '15888888888', 'ry@qq.com', '0', '2', 'admin', '2022-07-30 12:09:02', '', NULL);
INSERT INTO `sys_dept` VALUES (107, 101, '0,100,101', '运维部门', 5, '若依', '15888888888', 'ry@qq.com', '0', '2', 'admin', '2022-07-30 12:09:02', '', NULL);
INSERT INTO `sys_dept` VALUES (108, 102, '0,100,120,102', '河北港口集团', 1, '若依', '15888888888', 'ry@qq.com', '0', '2', 'admin', '2022-07-30 12:09:02', 'admin', '2025-06-26 08:03:27');
INSERT INTO `sys_dept` VALUES (109, 102, '0,100,120,102', '财务部门', 2, '若依', '15888888888', 'ry@qq.com', '0', '2', 'admin', '2022-07-30 12:09:02', '', NULL);
INSERT INTO `sys_dept` VALUES (110, 103, '0,100,101,103', '研发部', 1, NULL, NULL, NULL, '0', '2', 'admin', '2025-06-26 08:02:14', '', NULL);
INSERT INTO `sys_dept` VALUES (111, 103, '0,100,101,103', '组织部', 2, NULL, NULL, NULL, '0', '2', 'admin', '2025-06-26 08:02:20', '', NULL);
INSERT INTO `sys_dept` VALUES (112, 103, '0,100,101,103', '财务部', 3, NULL, NULL, NULL, '0', '2', 'admin', '2025-06-26 08:02:30', '', NULL);
INSERT INTO `sys_dept` VALUES (113, 103, '0,100,101,103', '人事部', 4, NULL, NULL, NULL, '0', '2', 'admin', '2025-06-26 08:02:35', '', NULL);
INSERT INTO `sys_dept` VALUES (114, 108, '0,100,120,102,108', '秦皇岛', 1, NULL, NULL, NULL, '0', '2', 'admin', '2025-06-26 08:03:43', '', NULL);
INSERT INTO `sys_dept` VALUES (115, 108, '0,100,120,102,108', '唐山', 2, NULL, NULL, NULL, '0', '2', 'admin', '2025-06-26 08:03:50', 'admin', '2025-06-26 08:03:54');
INSERT INTO `sys_dept` VALUES (116, 108, '0,100,120,102,108', '曹妃甸', 3, NULL, NULL, NULL, '0', '2', 'admin', '2025-06-26 08:04:01', '', NULL);
INSERT INTO `sys_dept` VALUES (117, 114, '0,100,120,102,108,114', '财务部', 1, NULL, NULL, NULL, '0', '2', 'admin', '2025-06-26 08:04:17', '', NULL);
INSERT INTO `sys_dept` VALUES (118, 114, '0,100,120,102,108,114', '组织部', 2, NULL, NULL, NULL, '0', '2', 'admin', '2025-06-26 08:04:24', '', NULL);
INSERT INTO `sys_dept` VALUES (119, 115, '0,100,120,102,108,115', '人事部', 1, NULL, NULL, NULL, '0', '2', 'admin', '2025-06-26 08:04:31', '', NULL);
INSERT INTO `sys_dept` VALUES (120, 100, '0,100', '河北港口集团集采中心', 10, NULL, NULL, NULL, '0', '0', 'admin', '2025-06-26 08:06:38', 'admin', '2025-06-26 15:38:34');
INSERT INTO `sys_dept` VALUES (121, 120, '0,100,120', '唐港采购中心', 20, NULL, NULL, NULL, '0', '0', 'admin', '2025-06-26 15:34:52', 'admin', '2025-06-26 15:38:43');
INSERT INTO `sys_dept` VALUES (122, 120, '0,100,120', '曹妃甸港采购中心', 30, NULL, NULL, NULL, '0', '0', 'admin', '2025-06-26 15:36:26', 'admin', '2025-06-26 15:38:46');
INSERT INTO `sys_dept` VALUES (123, 120, '0,100,120', '沧州港采购中心', 40, NULL, NULL, NULL, '0', '0', 'admin', '2025-06-26 15:36:45', 'admin', '2025-06-26 15:38:49');
INSERT INTO `sys_dept` VALUES (124, 121, '0,100,120,121', '唐山港集团铁路运输有限责任公司', 10, NULL, NULL, NULL, '0', '0', 'admin', '2025-06-26 15:40:42', '', NULL);
INSERT INTO `sys_dept` VALUES (125, 121, '0,100,120,121', '唐山港集团物业服务有限公司', 20, NULL, NULL, NULL, '0', '0', 'admin', '2025-06-26 15:40:51', '', NULL);
INSERT INTO `sys_dept` VALUES (126, 121, '0,100,120,121', '唐山港船舶货运代理有限公司', 30, NULL, NULL, NULL, '0', '0', 'admin', '2025-06-26 15:41:00', '', NULL);
INSERT INTO `sys_dept` VALUES (127, 121, '0,100,120,121', '唐山港集团港机船舶维修有限公司', 40, NULL, NULL, NULL, '0', '0', 'admin', '2025-06-26 15:41:08', '', NULL);
INSERT INTO `sys_dept` VALUES (128, 122, '0,100,120,122', '曹妃甸港集团	股份有限公司', 10, NULL, NULL, NULL, '0', '0', 'admin', '2025-06-26 15:41:18', '', NULL);
INSERT INTO `sys_dept` VALUES (129, 122, '0,100,120,122', '曹妃甸港矿石码头股份有限公司', 20, NULL, NULL, NULL, '0', '0', 'admin', '2025-06-26 15:41:26', 'admin', '2025-06-26 15:42:15');
INSERT INTO `sys_dept` VALUES (130, 122, '0,100,120,122', '曹妃甸港西港码头有限公司', 30, NULL, NULL, NULL, '0', '0', 'admin', '2025-06-26 15:41:34', '', NULL);
INSERT INTO `sys_dept` VALUES (131, 122, '0,100,120,122', '曹妃甸实业港务有限公司', 40, NULL, NULL, NULL, '0', '0', 'admin', '2025-06-26 15:41:42', '', NULL);
INSERT INTO `sys_dept` VALUES (132, 102, '0,100,120,102', '‌ 流动机械分公司', 10, NULL, NULL, NULL, '0', '0', 'admin', '2025-06-26 15:44:08', 'admin', '2025-06-27 15:40:50');
INSERT INTO `sys_dept` VALUES (133, 102, '0,100,120,102', '‌ 第一港务分公司', 20, NULL, NULL, NULL, '0', '0', 'admin', '2025-06-26 15:44:14', '', NULL);
INSERT INTO `sys_dept` VALUES (134, 102, '0,100,120,102', '铁路运分公司', 30, NULL, NULL, NULL, '0', '0', 'admin', '2025-06-26 15:44:22', '', NULL);

-- ----------------------------
-- Table structure for sys_dict_data
-- ----------------------------
DROP TABLE IF EXISTS `sys_dict_data`;
CREATE TABLE `sys_dict_data`  (
  `dict_code` bigint(20) NOT NULL AUTO_INCREMENT COMMENT '字典编码',
  `dict_sort` int(11) NULL DEFAULT 0 COMMENT '字典排序',
  `dict_label` varchar(100) CHARACTER SET utf8 COLLATE utf8_general_ci NULL DEFAULT '' COMMENT '字典标签',
  `dict_value` varchar(100) CHARACTER SET utf8 COLLATE utf8_general_ci NULL DEFAULT '' COMMENT '字典键值',
  `dict_type` varchar(100) CHARACTER SET utf8 COLLATE utf8_general_ci NULL DEFAULT '' COMMENT '字典类型',
  `css_class` varchar(100) CHARACTER SET utf8 COLLATE utf8_general_ci NULL DEFAULT NULL COMMENT '样式属性（其他样式扩展）',
  `list_class` varchar(100) CHARACTER SET utf8 COLLATE utf8_general_ci NULL DEFAULT NULL COMMENT '表格回显样式',
  `is_default` char(1) CHARACTER SET utf8 COLLATE utf8_general_ci NULL DEFAULT 'N' COMMENT '是否默认（Y是 N否）',
  `status` char(1) CHARACTER SET utf8 COLLATE utf8_general_ci NULL DEFAULT '0' COMMENT '状态（0正常 1停用）',
  `create_by` varchar(64) CHARACTER SET utf8 COLLATE utf8_general_ci NULL DEFAULT '' COMMENT '创建者',
  `create_time` datetime NULL DEFAULT NULL COMMENT '创建时间',
  `update_by` varchar(64) CHARACTER SET utf8 COLLATE utf8_general_ci NULL DEFAULT '' COMMENT '更新者',
  `update_time` datetime NULL DEFAULT NULL COMMENT '更新时间',
  `remark` varchar(500) CHARACTER SET utf8 COLLATE utf8_general_ci NULL DEFAULT NULL COMMENT '备注',
  PRIMARY KEY (`dict_code`) USING BTREE
) ENGINE = InnoDB AUTO_INCREMENT = 54 CHARACTER SET = utf8 COLLATE = utf8_general_ci COMMENT = '字典数据表' ROW_FORMAT = COMPACT;

-- ----------------------------
-- Records of sys_dict_data
-- ----------------------------
INSERT INTO `sys_dict_data` VALUES (1, 1, '男', '0', 'sys_user_sex', '', '', 'Y', '0', 'admin', '2022-07-30 12:09:03', '', NULL, '性别男');
INSERT INTO `sys_dict_data` VALUES (2, 2, '女', '1', 'sys_user_sex', '', '', 'N', '0', 'admin', '2022-07-30 12:09:03', '', NULL, '性别女');
INSERT INTO `sys_dict_data` VALUES (3, 3, '未知', '2', 'sys_user_sex', '', '', 'N', '0', 'admin', '2022-07-30 12:09:03', '', NULL, '性别未知');
INSERT INTO `sys_dict_data` VALUES (4, 1, '显示', '0', 'sys_show_hide', '', 'primary', 'Y', '0', 'admin', '2022-07-30 12:09:03', '', NULL, '显示菜单');
INSERT INTO `sys_dict_data` VALUES (5, 2, '隐藏', '1', 'sys_show_hide', '', 'danger', 'N', '0', 'admin', '2022-07-30 12:09:03', '', NULL, '隐藏菜单');
INSERT INTO `sys_dict_data` VALUES (6, 1, '正常', '0', 'sys_normal_disable', '', 'primary', 'Y', '0', 'admin', '2022-07-30 12:09:03', '', NULL, '正常状态');
INSERT INTO `sys_dict_data` VALUES (7, 2, '停用', '1', 'sys_normal_disable', '', 'danger', 'N', '0', 'admin', '2022-07-30 12:09:03', '', NULL, '停用状态');
INSERT INTO `sys_dict_data` VALUES (8, 1, '正常', '0', 'sys_job_status', '', 'primary', 'Y', '0', 'admin', '2022-07-30 12:09:03', '', NULL, '正常状态');
INSERT INTO `sys_dict_data` VALUES (9, 2, '暂停', '1', 'sys_job_status', '', 'danger', 'N', '0', 'admin', '2022-07-30 12:09:03', '', NULL, '停用状态');
INSERT INTO `sys_dict_data` VALUES (10, 1, '默认', 'DEFAULT', 'sys_job_group', '', '', 'Y', '0', 'admin', '2022-07-30 12:09:03', '', NULL, '默认分组');
INSERT INTO `sys_dict_data` VALUES (11, 2, '系统', 'SYSTEM', 'sys_job_group', '', '', 'N', '0', 'admin', '2022-07-30 12:09:03', '', NULL, '系统分组');
INSERT INTO `sys_dict_data` VALUES (12, 1, '是', 'Y', 'sys_yes_no', '', 'primary', 'Y', '0', 'admin', '2022-07-30 12:09:03', '', NULL, '系统默认是');
INSERT INTO `sys_dict_data` VALUES (13, 2, '否', 'N', 'sys_yes_no', '', 'danger', 'N', '0', 'admin', '2022-07-30 12:09:03', '', NULL, '系统默认否');
INSERT INTO `sys_dict_data` VALUES (14, 1, '通知', '1', 'sys_notice_type', '', 'warning', 'Y', '0', 'admin', '2022-07-30 12:09:03', '', NULL, '通知');
INSERT INTO `sys_dict_data` VALUES (15, 2, '公告', '2', 'sys_notice_type', '', 'success', 'N', '0', 'admin', '2022-07-30 12:09:03', '', NULL, '公告');
INSERT INTO `sys_dict_data` VALUES (16, 1, '正常', '0', 'sys_notice_status', '', 'primary', 'Y', '0', 'admin', '2022-07-30 12:09:03', '', NULL, '正常状态');
INSERT INTO `sys_dict_data` VALUES (17, 2, '关闭', '1', 'sys_notice_status', '', 'danger', 'N', '0', 'admin', '2022-07-30 12:09:03', '', NULL, '关闭状态');
INSERT INTO `sys_dict_data` VALUES (18, 1, '新增', '1', 'sys_oper_type', '', 'info', 'N', '0', 'admin', '2022-07-30 12:09:03', '', NULL, '新增操作');
INSERT INTO `sys_dict_data` VALUES (19, 2, '修改', '2', 'sys_oper_type', '', 'info', 'N', '0', 'admin', '2022-07-30 12:09:03', '', NULL, '修改操作');
INSERT INTO `sys_dict_data` VALUES (20, 3, '删除', '3', 'sys_oper_type', '', 'danger', 'N', '0', 'admin', '2022-07-30 12:09:03', '', NULL, '删除操作');
INSERT INTO `sys_dict_data` VALUES (21, 4, '授权', '4', 'sys_oper_type', '', 'primary', 'N', '0', 'admin', '2022-07-30 12:09:03', '', NULL, '授权操作');
INSERT INTO `sys_dict_data` VALUES (22, 5, '导出', '5', 'sys_oper_type', '', 'warning', 'N', '0', 'admin', '2022-07-30 12:09:03', '', NULL, '导出操作');
INSERT INTO `sys_dict_data` VALUES (23, 6, '导入', '6', 'sys_oper_type', '', 'warning', 'N', '0', 'admin', '2022-07-30 12:09:03', '', NULL, '导入操作');
INSERT INTO `sys_dict_data` VALUES (24, 7, '强退', '7', 'sys_oper_type', '', 'danger', 'N', '0', 'admin', '2022-07-30 12:09:03', '', NULL, '强退操作');
INSERT INTO `sys_dict_data` VALUES (25, 8, '生成代码', '8', 'sys_oper_type', '', 'warning', 'N', '0', 'admin', '2022-07-30 12:09:03', '', NULL, '生成操作');
INSERT INTO `sys_dict_data` VALUES (26, 9, '清空数据', '9', 'sys_oper_type', '', 'danger', 'N', '0', 'admin', '2022-07-30 12:09:03', '', NULL, '清空操作');
INSERT INTO `sys_dict_data` VALUES (27, 1, '成功', '0', 'sys_common_status', '', 'primary', 'N', '0', 'admin', '2022-07-30 12:09:03', '', NULL, '正常状态');
INSERT INTO `sys_dict_data` VALUES (28, 2, '失败', '1', 'sys_common_status', '', 'danger', 'N', '0', 'admin', '2022-07-30 12:09:03', '', NULL, '停用状态');
INSERT INTO `sys_dict_data` VALUES (29, 1, '平铺结构', '0', 'tree_dict_stru_type', NULL, 'default', 'N', '0', 'admin', '2022-08-15 23:16:01', '', NULL, NULL);
INSERT INTO `sys_dict_data` VALUES (30, 2, '树型结构', '1', 'tree_dict_stru_type', NULL, 'default', 'N', '0', 'admin', '2022-08-15 23:16:45', '', NULL, NULL);
INSERT INTO `sys_dict_data` VALUES (31, 1, '默认', '1', 'bpm_model_category', NULL, 'primary', 'N', '0', 'admin', '2022-08-18 11:02:17', '', NULL, '流程分类 - 默认');
INSERT INTO `sys_dict_data` VALUES (32, 0, 'OA', '2', 'bpm_model_category', NULL, 'success', 'N', '0', 'admin', '2022-08-18 11:02:44', '', NULL, '流程分类 - OA');
INSERT INTO `sys_dict_data` VALUES (33, 1, '进行中', '1', 'bpm_process_instance_status', NULL, 'primary', 'N', '0', 'admin', '2022-08-18 11:04:17', 'admin', '2022-08-18 11:04:50', '流程实例的状态 - 进行中');
INSERT INTO `sys_dict_data` VALUES (34, 2, '已完成', '2', 'bpm_process_instance_status', NULL, 'success', 'N', '0', 'admin', '2022-08-18 11:04:44', '', NULL, '流程实例的状态 - 已完成');
INSERT INTO `sys_dict_data` VALUES (35, 1, '处理中', '1', 'bpm_process_instance_result', NULL, 'primary', 'N', '0', 'admin', '2022-08-18 11:05:24', '', NULL, '流程实例的结果 - 处理中');
INSERT INTO `sys_dict_data` VALUES (36, 2, '通过', '2', 'bpm_process_instance_result', NULL, 'success', 'N', '0', 'admin', '2022-08-18 11:05:37', '', NULL, '流程实例的结果 - 通过');
INSERT INTO `sys_dict_data` VALUES (37, 3, '不通过', '3', 'bpm_process_instance_result', NULL, 'danger', 'N', '0', 'admin', '2022-08-18 11:06:10', '', NULL, '流程实例的结果 - 不通过');
INSERT INTO `sys_dict_data` VALUES (38, 4, '已取消', '4', 'bpm_process_instance_result', NULL, 'info', 'N', '0', 'admin', '2022-08-18 11:06:33', '', NULL, '流程实例的结果 - 撤销');
INSERT INTO `sys_dict_data` VALUES (39, 1, '流程表单', '10', 'bpm_model_form_type', NULL, 'default', 'N', '0', 'admin', '2022-08-18 11:07:53', 'admin', '2022-08-18 14:50:34', '流程的表单类型 - 流程表单');
INSERT INTO `sys_dict_data` VALUES (40, 2, '业务表单', '20', 'bpm_model_form_type', NULL, 'default', 'N', '0', 'admin', '2022-08-18 11:08:24', 'admin', '2022-08-18 14:50:37', '流程的表单类型 - 业务表单');
INSERT INTO `sys_dict_data` VALUES (41, 1, '角色', '10', 'bpm_task_assign_rule_type', NULL, 'info', 'N', '0', 'admin', '2022-08-18 11:09:32', 'admin', '2022-08-18 14:03:52', '任务分配规则的类型 - 角色');
INSERT INTO `sys_dict_data` VALUES (42, 2, '部门的成员', '20', 'bpm_task_assign_rule_type', NULL, 'primary', 'N', '0', 'admin', '2022-08-18 11:10:18', 'admin', '2022-08-18 14:04:02', '任务分配规则的类型 - 部门的成员');
INSERT INTO `sys_dict_data` VALUES (43, 3, '部门的负责人', '21', 'bpm_task_assign_rule_type', NULL, 'primary', 'N', '0', 'admin', '2022-08-18 11:10:39', 'admin', '2022-08-18 14:04:58', '任务分配规则的类型 - 部门的负责人');
INSERT INTO `sys_dict_data` VALUES (44, 4, '用户', '30', 'bpm_task_assign_rule_type', NULL, 'info', 'N', '0', 'admin', '2022-08-18 11:10:53', 'admin', '2022-08-18 14:05:12', '任务分配规则的类型 - 用户');
INSERT INTO `sys_dict_data` VALUES (45, 5, '用户组', '40', 'bpm_task_assign_rule_type', NULL, 'warning', 'N', '0', 'admin', '2022-08-18 11:11:11', 'admin', '2022-08-18 14:05:16', '任务分配规则的类型 - 用户组');
INSERT INTO `sys_dict_data` VALUES (46, 6, '自定义脚本', '50', 'bpm_task_assign_rule_type', NULL, 'danger', 'N', '0', 'admin', '2022-08-18 11:11:40', 'admin', '2022-08-18 14:05:20', '任务分配规则的类型 - 自定义脚本');
INSERT INTO `sys_dict_data` VALUES (47, 7, '岗位', '22', 'bpm_task_assign_rule_type', NULL, 'success', 'N', '0', 'admin', '2022-08-18 11:11:57', 'admin', '2022-08-18 14:05:24', '任务分配规则的类型 - 岗位');
INSERT INTO `sys_dict_data` VALUES (48, 1, '流程发起人', '1', 'bpm_task_assign_script', NULL, 'default', 'N', '0', 'admin', '2022-08-18 11:13:28', '', NULL, '任务分配自定义脚本 - 流程发起人');
INSERT INTO `sys_dict_data` VALUES (49, 2, '流程发起人的一级领导', '2', 'bpm_task_assign_script', NULL, 'default', 'N', '0', 'admin', '2022-08-18 11:13:44', '', NULL, '任务分配自定义脚本 - 流程发起人的一级领导');
INSERT INTO `sys_dict_data` VALUES (50, 3, '流程发起人的二级领导', '3', 'bpm_task_assign_script', NULL, 'default', 'N', '0', 'admin', '2022-08-18 11:13:55', '', NULL, '任务分配自定义脚本 - 流程发起人的二级领导');
INSERT INTO `sys_dict_data` VALUES (51, 1, '病假', '1', 'bpm_oa_leave_type', NULL, 'primary', 'N', '0', 'admin', '2022-09-01 09:43:06', '', NULL, '病假');
INSERT INTO `sys_dict_data` VALUES (52, 2, '事假', '2', 'bpm_oa_leave_type', NULL, 'info', 'N', '0', 'admin', '2022-09-01 09:43:22', '', NULL, '事假');
INSERT INTO `sys_dict_data` VALUES (53, 3, '婚假', '3', 'bpm_oa_leave_type', NULL, 'warning', 'N', '0', 'admin', '2022-09-01 09:43:39', '', NULL, '婚假');

-- ----------------------------
-- Table structure for sys_dict_type
-- ----------------------------
DROP TABLE IF EXISTS `sys_dict_type`;
CREATE TABLE `sys_dict_type`  (
  `dict_id` bigint(20) NOT NULL AUTO_INCREMENT COMMENT '字典主键',
  `dict_name` varchar(100) CHARACTER SET utf8 COLLATE utf8_general_ci NULL DEFAULT '' COMMENT '字典名称',
  `dict_type` varchar(100) CHARACTER SET utf8 COLLATE utf8_general_ci NULL DEFAULT '' COMMENT '字典类型',
  `status` char(1) CHARACTER SET utf8 COLLATE utf8_general_ci NULL DEFAULT '0' COMMENT '状态（0正常 1停用）',
  `create_by` varchar(64) CHARACTER SET utf8 COLLATE utf8_general_ci NULL DEFAULT '' COMMENT '创建者',
  `create_time` datetime NULL DEFAULT NULL COMMENT '创建时间',
  `update_by` varchar(64) CHARACTER SET utf8 COLLATE utf8_general_ci NULL DEFAULT '' COMMENT '更新者',
  `update_time` datetime NULL DEFAULT NULL COMMENT '更新时间',
  `remark` varchar(500) CHARACTER SET utf8 COLLATE utf8_general_ci NULL DEFAULT NULL COMMENT '备注',
  PRIMARY KEY (`dict_id`) USING BTREE,
  UNIQUE INDEX `dict_type`(`dict_type`) USING BTREE
) ENGINE = InnoDB AUTO_INCREMENT = 19 CHARACTER SET = utf8 COLLATE = utf8_general_ci COMMENT = '字典类型表' ROW_FORMAT = COMPACT;

-- ----------------------------
-- Records of sys_dict_type
-- ----------------------------
INSERT INTO `sys_dict_type` VALUES (1, '用户性别', 'sys_user_sex', '0', 'admin', '2022-07-30 12:09:03', '', NULL, '用户性别列表');
INSERT INTO `sys_dict_type` VALUES (2, '菜单状态', 'sys_show_hide', '0', 'admin', '2022-07-30 12:09:03', '', NULL, '菜单状态列表');
INSERT INTO `sys_dict_type` VALUES (3, '系统开关', 'sys_normal_disable', '0', 'admin', '2022-07-30 12:09:03', '', NULL, '系统开关列表');
INSERT INTO `sys_dict_type` VALUES (4, '任务状态', 'sys_job_status', '0', 'admin', '2022-07-30 12:09:03', '', NULL, '任务状态列表');
INSERT INTO `sys_dict_type` VALUES (5, '任务分组', 'sys_job_group', '0', 'admin', '2022-07-30 12:09:03', '', NULL, '任务分组列表');
INSERT INTO `sys_dict_type` VALUES (6, '系统是否', 'sys_yes_no', '0', 'admin', '2022-07-30 12:09:03', '', NULL, '系统是否列表');
INSERT INTO `sys_dict_type` VALUES (7, '通知类型', 'sys_notice_type', '0', 'admin', '2022-07-30 12:09:03', '', NULL, '通知类型列表');
INSERT INTO `sys_dict_type` VALUES (8, '通知状态', 'sys_notice_status', '0', 'admin', '2022-07-30 12:09:03', '', NULL, '通知状态列表');
INSERT INTO `sys_dict_type` VALUES (9, '操作类型', 'sys_oper_type', '0', 'admin', '2022-07-30 12:09:03', '', NULL, '操作类型列表');
INSERT INTO `sys_dict_type` VALUES (10, '系统状态', 'sys_common_status', '0', 'admin', '2022-07-30 12:09:03', '', NULL, '登录状态列表');
INSERT INTO `sys_dict_type` VALUES (11, '树形字典类别', 'tree_dict_stru_type', '0', 'admin', '2022-08-15 23:15:27', '', NULL, '树形字典类别列表');
INSERT INTO `sys_dict_type` VALUES (12, '流程分类', 'bpm_model_category', '0', 'admin', '2022-08-18 10:58:46', '', NULL, '流程分类');
INSERT INTO `sys_dict_type` VALUES (13, '流程实例的状态', 'bpm_process_instance_status', '0', 'admin', '2022-08-18 10:58:58', '', NULL, '流程实例的状态');
INSERT INTO `sys_dict_type` VALUES (14, '流程实例的结果', 'bpm_process_instance_result', '0', 'admin', '2022-08-18 10:59:09', '', NULL, '流程实例的结果');
INSERT INTO `sys_dict_type` VALUES (15, '流程的表单类型', 'bpm_model_form_type', '0', 'admin', '2022-08-18 10:59:20', '', NULL, '流程的表单类型');
INSERT INTO `sys_dict_type` VALUES (16, '任务分配规则的类型', 'bpm_task_assign_rule_type', '0', 'admin', '2022-08-18 10:59:33', '', NULL, '任务分配规则的类型');
INSERT INTO `sys_dict_type` VALUES (17, '任务分配自定义脚本', 'bpm_task_assign_script', '0', 'admin', '2022-08-18 10:59:45', '', NULL, '任务分配自定义脚本');
INSERT INTO `sys_dict_type` VALUES (18, 'OA 请假类型', 'bpm_oa_leave_type', '0', 'admin', '2022-09-01 09:42:32', '', NULL, 'OA 请假类型');

-- ----------------------------
-- Table structure for sys_job
-- ----------------------------
DROP TABLE IF EXISTS `sys_job`;
CREATE TABLE `sys_job`  (
  `job_id` bigint(20) NOT NULL AUTO_INCREMENT COMMENT '任务ID',
  `job_name` varchar(64) CHARACTER SET utf8 COLLATE utf8_general_ci NOT NULL DEFAULT '' COMMENT '任务名称',
  `job_group` varchar(64) CHARACTER SET utf8 COLLATE utf8_general_ci NOT NULL DEFAULT 'DEFAULT' COMMENT '任务组名',
  `invoke_target` varchar(500) CHARACTER SET utf8 COLLATE utf8_general_ci NOT NULL COMMENT '调用目标字符串',
  `cron_expression` varchar(255) CHARACTER SET utf8 COLLATE utf8_general_ci NULL DEFAULT '' COMMENT 'cron执行表达式',
  `misfire_policy` varchar(20) CHARACTER SET utf8 COLLATE utf8_general_ci NULL DEFAULT '3' COMMENT '计划执行错误策略（1立即执行 2执行一次 3放弃执行）',
  `concurrent` char(1) CHARACTER SET utf8 COLLATE utf8_general_ci NULL DEFAULT '1' COMMENT '是否并发执行（0允许 1禁止）',
  `status` char(1) CHARACTER SET utf8 COLLATE utf8_general_ci NULL DEFAULT '0' COMMENT '状态（0正常 1暂停）',
  `create_by` varchar(64) CHARACTER SET utf8 COLLATE utf8_general_ci NULL DEFAULT '' COMMENT '创建者',
  `create_time` datetime NULL DEFAULT NULL COMMENT '创建时间',
  `update_by` varchar(64) CHARACTER SET utf8 COLLATE utf8_general_ci NULL DEFAULT '' COMMENT '更新者',
  `update_time` datetime NULL DEFAULT NULL COMMENT '更新时间',
  `remark` varchar(500) CHARACTER SET utf8 COLLATE utf8_general_ci NULL DEFAULT '' COMMENT '备注信息',
  PRIMARY KEY (`job_id`, `job_name`, `job_group`) USING BTREE
) ENGINE = InnoDB AUTO_INCREMENT = 4 CHARACTER SET = utf8 COLLATE = utf8_general_ci COMMENT = '定时任务调度表' ROW_FORMAT = COMPACT;

-- ----------------------------
-- Records of sys_job
-- ----------------------------
INSERT INTO `sys_job` VALUES (1, '系统默认（无参）', 'DEFAULT', 'ryTask.ryNoParams', '0/10 * * * * ?', '3', '1', '1', 'admin', '2022-07-30 12:09:03', '', '2025-07-09 15:27:05', '');
INSERT INTO `sys_job` VALUES (2, '系统默认（有参）', 'DEFAULT', 'ryTask.ryParams(\'ry\')', '0/15 * * * * ?', '3', '1', '1', 'admin', '2022-07-30 12:09:03', '', NULL, '');
INSERT INTO `sys_job` VALUES (3, '系统默认（多参）', 'DEFAULT', 'ryTask.ryMultipleParams(\'ry\', true, 2000L, 316.50D, 100)', '0/20 * * * * ?', '3', '1', '1', 'admin', '2022-07-30 12:09:03', '', NULL, '');

-- ----------------------------
-- Table structure for sys_job_log
-- ----------------------------
DROP TABLE IF EXISTS `sys_job_log`;
CREATE TABLE `sys_job_log`  (
  `job_log_id` bigint(20) NOT NULL AUTO_INCREMENT COMMENT '任务日志ID',
  `job_name` varchar(64) CHARACTER SET utf8 COLLATE utf8_general_ci NOT NULL COMMENT '任务名称',
  `job_group` varchar(64) CHARACTER SET utf8 COLLATE utf8_general_ci NOT NULL COMMENT '任务组名',
  `invoke_target` varchar(500) CHARACTER SET utf8 COLLATE utf8_general_ci NOT NULL COMMENT '调用目标字符串',
  `job_message` varchar(500) CHARACTER SET utf8 COLLATE utf8_general_ci NULL DEFAULT NULL COMMENT '日志信息',
  `status` char(1) CHARACTER SET utf8 COLLATE utf8_general_ci NULL DEFAULT '0' COMMENT '执行状态（0正常 1失败）',
  `exception_info` varchar(2000) CHARACTER SET utf8 COLLATE utf8_general_ci NULL DEFAULT '' COMMENT '异常信息',
  `create_time` datetime NULL DEFAULT NULL COMMENT '创建时间',
  PRIMARY KEY (`job_log_id`) USING BTREE
) ENGINE = InnoDB AUTO_INCREMENT = 1 CHARACTER SET = utf8 COLLATE = utf8_general_ci COMMENT = '定时任务调度日志表' ROW_FORMAT = COMPACT;

-- ----------------------------
-- Records of sys_job_log
-- ----------------------------

-- ----------------------------
-- Table structure for sys_logininfor
-- ----------------------------
DROP TABLE IF EXISTS `sys_logininfor`;
CREATE TABLE `sys_logininfor`  (
  `info_id` bigint(20) NOT NULL AUTO_INCREMENT COMMENT '访问ID',
  `user_name` varchar(50) CHARACTER SET utf8 COLLATE utf8_general_ci NULL DEFAULT '' COMMENT '用户账号',
  `ipaddr` varchar(128) CHARACTER SET utf8 COLLATE utf8_general_ci NULL DEFAULT '' COMMENT '登录IP地址',
  `login_location` varchar(255) CHARACTER SET utf8 COLLATE utf8_general_ci NULL DEFAULT '' COMMENT '登录地点',
  `browser` varchar(50) CHARACTER SET utf8 COLLATE utf8_general_ci NULL DEFAULT '' COMMENT '浏览器类型',
  `os` varchar(50) CHARACTER SET utf8 COLLATE utf8_general_ci NULL DEFAULT '' COMMENT '操作系统',
  `status` char(1) CHARACTER SET utf8 COLLATE utf8_general_ci NULL DEFAULT '0' COMMENT '登录状态（0成功 1失败）',
  `msg` varchar(255) CHARACTER SET utf8 COLLATE utf8_general_ci NULL DEFAULT '' COMMENT '提示消息',
  `login_time` datetime NULL DEFAULT NULL COMMENT '访问时间',
  PRIMARY KEY (`info_id`) USING BTREE,
  INDEX `idx_sys_logininfor_s`(`status`) USING BTREE,
  INDEX `idx_sys_logininfor_lt`(`login_time`) USING BTREE
) ENGINE = InnoDB AUTO_INCREMENT = 1 CHARACTER SET = utf8 COLLATE = utf8_general_ci COMMENT = '系统访问记录' ROW_FORMAT = COMPACT;

-- ----------------------------
-- Records of sys_logininfor
-- ----------------------------

-- ----------------------------
-- Table structure for sys_menu
-- ----------------------------
DROP TABLE IF EXISTS `sys_menu`;
CREATE TABLE `sys_menu`  (
  `menu_id` bigint(20) NOT NULL AUTO_INCREMENT COMMENT '菜单ID',
  `menu_name` varchar(50) CHARACTER SET utf8 COLLATE utf8_general_ci NOT NULL COMMENT '菜单名称',
  `parent_id` bigint(20) NULL DEFAULT 0 COMMENT '父菜单ID',
  `order_num` int(11) NULL DEFAULT 0 COMMENT '显示顺序',
  `path` varchar(200) CHARACTER SET utf8 COLLATE utf8_general_ci NULL DEFAULT '' COMMENT '路由地址',
  `component` varchar(255) CHARACTER SET utf8 COLLATE utf8_general_ci NULL DEFAULT NULL COMMENT '组件路径',
  `query` varchar(255) CHARACTER SET utf8 COLLATE utf8_general_ci NULL DEFAULT NULL COMMENT '路由参数',
  `is_frame` int(11) NULL DEFAULT 1 COMMENT '是否为外链（0是 1否）',
  `is_cache` int(11) NULL DEFAULT 0 COMMENT '是否缓存（0缓存 1不缓存）',
  `menu_type` char(1) CHARACTER SET utf8 COLLATE utf8_general_ci NULL DEFAULT '' COMMENT '菜单类型（M目录 C菜单 F按钮）',
  `visible` char(1) CHARACTER SET utf8 COLLATE utf8_general_ci NULL DEFAULT '0' COMMENT '菜单状态（0显示 1隐藏）',
  `status` char(1) CHARACTER SET utf8 COLLATE utf8_general_ci NULL DEFAULT '0' COMMENT '菜单状态（0正常 1停用）',
  `perms` varchar(100) CHARACTER SET utf8 COLLATE utf8_general_ci NULL DEFAULT NULL COMMENT '权限标识',
  `icon` varchar(100) CHARACTER SET utf8 COLLATE utf8_general_ci NULL DEFAULT '#' COMMENT '菜单图标',
  `create_by` varchar(64) CHARACTER SET utf8 COLLATE utf8_general_ci NULL DEFAULT '' COMMENT '创建者',
  `create_time` datetime NULL DEFAULT NULL COMMENT '创建时间',
  `update_by` varchar(64) CHARACTER SET utf8 COLLATE utf8_general_ci NULL DEFAULT '' COMMENT '更新者',
  `update_time` datetime NULL DEFAULT NULL COMMENT '更新时间',
  `remark` varchar(500) CHARACTER SET utf8 COLLATE utf8_general_ci NULL DEFAULT '' COMMENT '备注',
  PRIMARY KEY (`menu_id`) USING BTREE
) ENGINE = InnoDB AUTO_INCREMENT = 2039 CHARACTER SET = utf8 COLLATE = utf8_general_ci COMMENT = '菜单权限表' ROW_FORMAT = COMPACT;

-- ----------------------------
-- Records of sys_menu
-- ----------------------------
INSERT INTO `sys_menu` VALUES (1, '系统管理', 0, 1, 'system', NULL, '', 1, 0, 'M', '0', '0', '', 'system', 'admin', '2022-08-09 10:14:24', '', NULL, '系统管理目录');
INSERT INTO `sys_menu` VALUES (2, '系统监控', 0, 2, 'monitor', NULL, '', 1, 0, 'M', '0', '0', '', 'monitor', 'admin', '2022-08-09 10:14:24', '', NULL, '系统监控目录');
INSERT INTO `sys_menu` VALUES (3, '系统工具', 0, 3, 'tool', NULL, '', 1, 0, 'M', '0', '0', '', 'tool', 'admin', '2022-08-09 10:14:24', '', NULL, '系统工具目录');
INSERT INTO `sys_menu` VALUES (100, '用户管理', 1, 1, 'user', 'system/user/index', '', 1, 0, 'C', '0', '0', 'system:user:list', 'user', 'admin', '2022-08-09 10:14:24', '', NULL, '用户管理菜单');
INSERT INTO `sys_menu` VALUES (101, '角色管理', 1, 2, 'role', 'system/role/index', '', 1, 0, 'C', '0', '0', 'system:role:list', 'peoples', 'admin', '2022-08-09 10:14:24', '', NULL, '角色管理菜单');
INSERT INTO `sys_menu` VALUES (102, '菜单管理', 1, 3, 'menu', 'system/menu/index', '', 1, 0, 'C', '0', '0', 'system:menu:list', 'tree-table', 'admin', '2022-08-09 10:14:24', '', NULL, '菜单管理菜单');
INSERT INTO `sys_menu` VALUES (103, '部门管理', 1, 4, 'dept', 'system/dept/index', '', 1, 0, 'C', '0', '0', 'system:dept:list', 'tree', 'admin', '2022-08-09 10:14:24', '', NULL, '部门管理菜单');
INSERT INTO `sys_menu` VALUES (104, '岗位管理', 1, 5, 'post', 'system/post/index', '', 1, 0, 'C', '0', '0', 'system:post:list', 'post', 'admin', '2022-08-09 10:14:24', '', NULL, '岗位管理菜单');
INSERT INTO `sys_menu` VALUES (105, '字典管理', 1, 6, 'dict', 'system/dict/index', '', 1, 0, 'C', '0', '0', 'system:dict:list', 'dict', 'admin', '2022-08-09 10:14:24', '', NULL, '字典管理菜单');
INSERT INTO `sys_menu` VALUES (106, '参数设置', 1, 7, 'config', 'system/config/index', '', 1, 0, 'C', '0', '0', 'system:config:list', 'edit', 'admin', '2022-08-09 10:14:24', '', NULL, '参数设置菜单');
INSERT INTO `sys_menu` VALUES (107, '通知公告', 1, 8, 'notice', 'system/notice/index', '', 1, 0, 'C', '0', '0', 'system:notice:list', 'message', 'admin', '2022-08-09 10:14:24', '', NULL, '通知公告菜单');
INSERT INTO `sys_menu` VALUES (108, '日志管理', 1, 9, 'log', '', '', 1, 0, 'M', '0', '0', '', 'log', 'admin', '2022-08-09 10:14:24', '', NULL, '日志管理菜单');
INSERT INTO `sys_menu` VALUES (109, '在线用户', 2, 1, 'online', 'monitor/online/index', '', 1, 0, 'C', '0', '0', 'monitor:online:list', 'online', 'admin', '2022-08-09 10:14:24', '', NULL, '在线用户菜单');
INSERT INTO `sys_menu` VALUES (110, '定时任务', 2, 2, 'job', 'monitor/job/index', '', 1, 0, 'C', '0', '0', 'monitor:job:list', 'job', 'admin', '2022-08-09 10:14:24', '', NULL, '定时任务菜单');
INSERT INTO `sys_menu` VALUES (111, '数据监控', 2, 3, 'druid', 'monitor/druid/index', '', 1, 0, 'C', '0', '1', 'monitor:druid:list', 'druid', 'admin', '2022-08-09 10:14:24', 'admin', '2025-01-09 11:32:00', '数据监控菜单');
INSERT INTO `sys_menu` VALUES (112, '服务监控', 2, 4, 'server', 'monitor/server/index', '', 1, 0, 'C', '0', '1', 'monitor:server:list', 'server', 'admin', '2022-08-09 10:14:24', 'admin', '2025-01-09 11:32:06', '服务监控菜单');
INSERT INTO `sys_menu` VALUES (113, '缓存监控', 2, 5, 'cache', 'monitor/cache/index', '', 1, 0, 'C', '0', '1', 'monitor:cache:list', 'redis', 'admin', '2022-08-09 10:14:24', 'admin', '2025-01-09 11:32:10', '缓存监控菜单');
INSERT INTO `sys_menu` VALUES (114, '缓存列表', 2, 6, 'cacheList', 'monitor/cache/list', '', 1, 0, 'C', '0', '0', 'monitor:cache:list', 'redis-list', 'admin', '2022-08-09 10:14:25', '', NULL, '缓存列表菜单');
INSERT INTO `sys_menu` VALUES (115, '表单构建', 3, 1, 'build', 'tool/build/index', '', 1, 0, 'C', '0', '0', 'tool:build:list', 'build', 'admin', '2022-08-09 10:14:25', '', NULL, '表单构建菜单');
INSERT INTO `sys_menu` VALUES (116, '代码生成', 3, 2, 'gen', 'tool/gen/index', '', 1, 0, 'C', '0', '0', 'tool:gen:list', 'code', 'admin', '2022-08-09 10:14:25', '', NULL, '代码生成菜单');
INSERT INTO `sys_menu` VALUES (117, '系统接口', 3, 3, 'swagger', 'tool/swagger/index', '', 1, 0, 'C', '0', '1', 'tool:swagger:list', 'swagger', 'admin', '2022-08-09 10:14:25', 'admin', '2025-01-09 11:31:53', '系统接口菜单');
INSERT INTO `sys_menu` VALUES (500, '操作日志', 108, 1, 'operlog', 'monitor/operlog/index', '', 1, 0, 'C', '0', '0', 'monitor:operlog:list', 'form', 'admin', '2022-08-09 10:14:25', '', NULL, '操作日志菜单');
INSERT INTO `sys_menu` VALUES (501, '登录日志', 108, 2, 'logininfor', 'monitor/logininfor/index', '', 1, 0, 'C', '0', '0', 'monitor:logininfor:list', 'logininfor', 'admin', '2022-08-09 10:14:25', '', NULL, '登录日志菜单');
INSERT INTO `sys_menu` VALUES (1000, '用户查询', 100, 1, '', '', '', 1, 0, 'F', '0', '0', 'system:user:query', '#', 'admin', '2022-08-09 10:14:25', '', NULL, '');
INSERT INTO `sys_menu` VALUES (1001, '用户新增', 100, 2, '', '', '', 1, 0, 'F', '0', '0', 'system:user:add', '#', 'admin', '2022-08-09 10:14:25', '', NULL, '');
INSERT INTO `sys_menu` VALUES (1002, '用户修改', 100, 3, '', '', '', 1, 0, 'F', '0', '0', 'system:user:edit', '#', 'admin', '2022-08-09 10:14:25', '', NULL, '');
INSERT INTO `sys_menu` VALUES (1003, '用户删除', 100, 4, '', '', '', 1, 0, 'F', '0', '0', 'system:user:remove', '#', 'admin', '2022-08-09 10:14:25', '', NULL, '');
INSERT INTO `sys_menu` VALUES (1004, '用户导出', 100, 5, '', '', '', 1, 0, 'F', '0', '0', 'system:user:export', '#', 'admin', '2022-08-09 10:14:25', '', NULL, '');
INSERT INTO `sys_menu` VALUES (1005, '用户导入', 100, 6, '', '', '', 1, 0, 'F', '0', '0', 'system:user:import', '#', 'admin', '2022-08-09 10:14:25', '', NULL, '');
INSERT INTO `sys_menu` VALUES (1006, '重置密码', 100, 7, '', '', '', 1, 0, 'F', '0', '0', 'system:user:resetPwd', '#', 'admin', '2022-08-09 10:14:25', '', NULL, '');
INSERT INTO `sys_menu` VALUES (1007, '角色查询', 101, 1, '', '', '', 1, 0, 'F', '0', '0', 'system:role:query', '#', 'admin', '2022-08-09 10:14:25', '', NULL, '');
INSERT INTO `sys_menu` VALUES (1008, '角色新增', 101, 2, '', '', '', 1, 0, 'F', '0', '0', 'system:role:add', '#', 'admin', '2022-08-09 10:14:25', '', NULL, '');
INSERT INTO `sys_menu` VALUES (1009, '角色修改', 101, 3, '', '', '', 1, 0, 'F', '0', '0', 'system:role:edit', '#', 'admin', '2022-08-09 10:14:25', '', NULL, '');
INSERT INTO `sys_menu` VALUES (1010, '角色删除', 101, 4, '', '', '', 1, 0, 'F', '0', '0', 'system:role:remove', '#', 'admin', '2022-08-09 10:14:25', '', NULL, '');
INSERT INTO `sys_menu` VALUES (1011, '角色导出', 101, 5, '', '', '', 1, 0, 'F', '0', '0', 'system:role:export', '#', 'admin', '2022-08-09 10:14:25', '', NULL, '');
INSERT INTO `sys_menu` VALUES (1012, '菜单查询', 102, 1, '', '', '', 1, 0, 'F', '0', '0', 'system:menu:query', '#', 'admin', '2022-08-09 10:14:25', '', NULL, '');
INSERT INTO `sys_menu` VALUES (1013, '菜单新增', 102, 2, '', '', '', 1, 0, 'F', '0', '0', 'system:menu:add', '#', 'admin', '2022-08-09 10:14:25', '', NULL, '');
INSERT INTO `sys_menu` VALUES (1014, '菜单修改', 102, 3, '', '', '', 1, 0, 'F', '0', '0', 'system:menu:edit', '#', 'admin', '2022-08-09 10:14:25', '', NULL, '');
INSERT INTO `sys_menu` VALUES (1015, '菜单删除', 102, 4, '', '', '', 1, 0, 'F', '0', '0', 'system:menu:remove', '#', 'admin', '2022-08-09 10:14:25', '', NULL, '');
INSERT INTO `sys_menu` VALUES (1016, '部门查询', 103, 1, '', '', '', 1, 0, 'F', '0', '0', 'system:dept:query', '#', 'admin', '2022-08-09 10:14:25', '', NULL, '');
INSERT INTO `sys_menu` VALUES (1017, '部门新增', 103, 2, '', '', '', 1, 0, 'F', '0', '0', 'system:dept:add', '#', 'admin', '2022-08-09 10:14:25', '', NULL, '');
INSERT INTO `sys_menu` VALUES (1018, '部门修改', 103, 3, '', '', '', 1, 0, 'F', '0', '0', 'system:dept:edit', '#', 'admin', '2022-08-09 10:14:25', '', NULL, '');
INSERT INTO `sys_menu` VALUES (1019, '部门删除', 103, 4, '', '', '', 1, 0, 'F', '0', '0', 'system:dept:remove', '#', 'admin', '2022-08-09 10:14:25', '', NULL, '');
INSERT INTO `sys_menu` VALUES (1020, '岗位查询', 104, 1, '', '', '', 1, 0, 'F', '0', '0', 'system:post:query', '#', 'admin', '2022-08-09 10:14:25', '', NULL, '');
INSERT INTO `sys_menu` VALUES (1021, '岗位新增', 104, 2, '', '', '', 1, 0, 'F', '0', '0', 'system:post:add', '#', 'admin', '2022-08-09 10:14:25', '', NULL, '');
INSERT INTO `sys_menu` VALUES (1022, '岗位修改', 104, 3, '', '', '', 1, 0, 'F', '0', '0', 'system:post:edit', '#', 'admin', '2022-08-09 10:14:25', '', NULL, '');
INSERT INTO `sys_menu` VALUES (1023, '岗位删除', 104, 4, '', '', '', 1, 0, 'F', '0', '0', 'system:post:remove', '#', 'admin', '2022-08-09 10:14:25', '', NULL, '');
INSERT INTO `sys_menu` VALUES (1024, '岗位导出', 104, 5, '', '', '', 1, 0, 'F', '0', '0', 'system:post:export', '#', 'admin', '2022-08-09 10:14:25', '', NULL, '');
INSERT INTO `sys_menu` VALUES (1025, '字典查询', 105, 1, '#', '', '', 1, 0, 'F', '0', '0', 'system:dict:query', '#', 'admin', '2022-08-09 10:14:25', '', NULL, '');
INSERT INTO `sys_menu` VALUES (1026, '字典新增', 105, 2, '#', '', '', 1, 0, 'F', '0', '0', 'system:dict:add', '#', 'admin', '2022-08-09 10:14:25', '', NULL, '');
INSERT INTO `sys_menu` VALUES (1027, '字典修改', 105, 3, '#', '', '', 1, 0, 'F', '0', '0', 'system:dict:edit', '#', 'admin', '2022-08-09 10:14:25', '', NULL, '');
INSERT INTO `sys_menu` VALUES (1028, '字典删除', 105, 4, '#', '', '', 1, 0, 'F', '0', '0', 'system:dict:remove', '#', 'admin', '2022-08-09 10:14:25', '', NULL, '');
INSERT INTO `sys_menu` VALUES (1029, '字典导出', 105, 5, '#', '', '', 1, 0, 'F', '0', '0', 'system:dict:export', '#', 'admin', '2022-08-09 10:14:25', '', NULL, '');
INSERT INTO `sys_menu` VALUES (1030, '参数查询', 106, 1, '#', '', '', 1, 0, 'F', '0', '0', 'system:config:query', '#', 'admin', '2022-08-09 10:14:25', '', NULL, '');
INSERT INTO `sys_menu` VALUES (1031, '参数新增', 106, 2, '#', '', '', 1, 0, 'F', '0', '0', 'system:config:add', '#', 'admin', '2022-08-09 10:14:25', '', NULL, '');
INSERT INTO `sys_menu` VALUES (1032, '参数修改', 106, 3, '#', '', '', 1, 0, 'F', '0', '0', 'system:config:edit', '#', 'admin', '2022-08-09 10:14:25', '', NULL, '');
INSERT INTO `sys_menu` VALUES (1033, '参数删除', 106, 4, '#', '', '', 1, 0, 'F', '0', '0', 'system:config:remove', '#', 'admin', '2022-08-09 10:14:25', '', NULL, '');
INSERT INTO `sys_menu` VALUES (1034, '参数导出', 106, 5, '#', '', '', 1, 0, 'F', '0', '0', 'system:config:export', '#', 'admin', '2022-08-09 10:14:25', '', NULL, '');
INSERT INTO `sys_menu` VALUES (1035, '公告查询', 107, 1, '#', '', '', 1, 0, 'F', '0', '0', 'system:notice:query', '#', 'admin', '2022-08-09 10:14:26', '', NULL, '');
INSERT INTO `sys_menu` VALUES (1036, '公告新增', 107, 2, '#', '', '', 1, 0, 'F', '0', '0', 'system:notice:add', '#', 'admin', '2022-08-09 10:14:26', '', NULL, '');
INSERT INTO `sys_menu` VALUES (1037, '公告修改', 107, 3, '#', '', '', 1, 0, 'F', '0', '0', 'system:notice:edit', '#', 'admin', '2022-08-09 10:14:26', '', NULL, '');
INSERT INTO `sys_menu` VALUES (1038, '公告删除', 107, 4, '#', '', '', 1, 0, 'F', '0', '0', 'system:notice:remove', '#', 'admin', '2022-08-09 10:14:26', '', NULL, '');
INSERT INTO `sys_menu` VALUES (1039, '操作查询', 500, 1, '#', '', '', 1, 0, 'F', '0', '0', 'monitor:operlog:query', '#', 'admin', '2022-08-09 10:14:26', '', NULL, '');
INSERT INTO `sys_menu` VALUES (1040, '操作删除', 500, 2, '#', '', '', 1, 0, 'F', '0', '0', 'monitor:operlog:remove', '#', 'admin', '2022-08-09 10:14:26', '', NULL, '');
INSERT INTO `sys_menu` VALUES (1041, '日志导出', 500, 3, '#', '', '', 1, 0, 'F', '0', '0', 'monitor:operlog:export', '#', 'admin', '2022-08-09 10:14:26', '', NULL, '');
INSERT INTO `sys_menu` VALUES (1042, '登录查询', 501, 1, '#', '', '', 1, 0, 'F', '0', '0', 'monitor:logininfor:query', '#', 'admin', '2022-08-09 10:14:26', '', NULL, '');
INSERT INTO `sys_menu` VALUES (1043, '登录删除', 501, 2, '#', '', '', 1, 0, 'F', '0', '0', 'monitor:logininfor:remove', '#', 'admin', '2022-08-09 10:14:26', '', NULL, '');
INSERT INTO `sys_menu` VALUES (1044, '日志导出', 501, 3, '#', '', '', 1, 0, 'F', '0', '0', 'monitor:logininfor:export', '#', 'admin', '2022-08-09 10:14:26', '', NULL, '');
INSERT INTO `sys_menu` VALUES (1045, '账户解锁', 501, 4, '#', '', '', 1, 0, 'F', '0', '0', 'monitor:logininfor:unlock', '#', 'admin', '2022-08-09 10:14:26', '', NULL, '');
INSERT INTO `sys_menu` VALUES (1046, '在线查询', 109, 1, '#', '', '', 1, 0, 'F', '0', '0', 'monitor:online:query', '#', 'admin', '2022-08-09 10:14:26', '', NULL, '');
INSERT INTO `sys_menu` VALUES (1047, '批量强退', 109, 2, '#', '', '', 1, 0, 'F', '0', '0', 'monitor:online:batchLogout', '#', 'admin', '2022-08-09 10:14:26', '', NULL, '');
INSERT INTO `sys_menu` VALUES (1048, '单条强退', 109, 3, '#', '', '', 1, 0, 'F', '0', '0', 'monitor:online:forceLogout', '#', 'admin', '2022-08-09 10:14:26', '', NULL, '');
INSERT INTO `sys_menu` VALUES (1049, '任务查询', 110, 1, '#', '', '', 1, 0, 'F', '0', '0', 'monitor:job:query', '#', 'admin', '2022-08-09 10:14:26', '', NULL, '');
INSERT INTO `sys_menu` VALUES (1050, '任务新增', 110, 2, '#', '', '', 1, 0, 'F', '0', '0', 'monitor:job:add', '#', 'admin', '2022-08-09 10:14:26', '', NULL, '');
INSERT INTO `sys_menu` VALUES (1051, '任务修改', 110, 3, '#', '', '', 1, 0, 'F', '0', '0', 'monitor:job:edit', '#', 'admin', '2022-08-09 10:14:26', '', NULL, '');
INSERT INTO `sys_menu` VALUES (1052, '任务删除', 110, 4, '#', '', '', 1, 0, 'F', '0', '0', 'monitor:job:remove', '#', 'admin', '2022-08-09 10:14:26', '', NULL, '');
INSERT INTO `sys_menu` VALUES (1053, '状态修改', 110, 5, '#', '', '', 1, 0, 'F', '0', '0', 'monitor:job:changeStatus', '#', 'admin', '2022-08-09 10:14:26', '', NULL, '');
INSERT INTO `sys_menu` VALUES (1054, '任务导出', 110, 6, '#', '', '', 1, 0, 'F', '0', '0', 'monitor:job:export', '#', 'admin', '2022-08-09 10:14:26', '', NULL, '');
INSERT INTO `sys_menu` VALUES (1055, '生成查询', 115, 1, '#', '', '', 1, 0, 'F', '0', '0', 'tool:gen:query', '#', 'admin', '2022-08-09 10:14:26', '', NULL, '');
INSERT INTO `sys_menu` VALUES (1056, '生成修改', 115, 2, '#', '', '', 1, 0, 'F', '0', '0', 'tool:gen:edit', '#', 'admin', '2022-08-09 10:14:26', '', NULL, '');
INSERT INTO `sys_menu` VALUES (1057, '生成删除', 115, 3, '#', '', '', 1, 0, 'F', '0', '0', 'tool:gen:remove', '#', 'admin', '2022-08-09 10:14:26', '', NULL, '');
INSERT INTO `sys_menu` VALUES (1058, '导入代码', 115, 2, '#', '', '', 1, 0, 'F', '0', '0', 'tool:gen:import', '#', 'admin', '2022-08-09 10:14:26', '', NULL, '');
INSERT INTO `sys_menu` VALUES (1059, '预览代码', 115, 4, '#', '', '', 1, 0, 'F', '0', '0', 'tool:gen:preview', '#', 'admin', '2022-08-09 10:14:26', '', NULL, '');
INSERT INTO `sys_menu` VALUES (1060, '生成代码', 115, 5, '#', '', '', 1, 0, 'F', '0', '0', 'tool:gen:code', '#', 'admin', '2022-08-09 10:14:26', '', NULL, '');
INSERT INTO `sys_menu` VALUES (2000, '组件示例', 0, 4, 'component', NULL, NULL, 1, 0, 'M', '0', '0', '', 'component', 'admin', '2022-08-14 12:12:25', 'admin', '2025-04-28 11:14:36', '');
INSERT INTO `sys_menu` VALUES (2001, '地图', 2000, 1, 'map', 'example/map/index', NULL, 1, 0, 'C', '0', '0', '', 'chart', 'admin', '2022-08-14 13:28:37', 'admin', '2022-08-19 22:45:58', '');
INSERT INTO `sys_menu` VALUES (2002, '树形字典', 1, 10, 'tree', 'system/dict/tree/index', NULL, 1, 0, 'C', '0', '0', '', 'dict', 'admin', '2022-08-15 15:43:16', 'admin', '2022-08-15 15:44:33', '');
INSERT INTO `sys_menu` VALUES (2003, '工作流程', 0, 5, 'bpm', NULL, NULL, 1, 0, 'M', '0', '0', '', 'build', 'admin', '2022-08-16 21:56:25', 'admin', '2025-04-28 11:14:40', '');
INSERT INTO `sys_menu` VALUES (2004, '流程管理', 2003, 1, 'manager', NULL, NULL, 1, 0, 'M', '0', '0', NULL, 'build', 'admin', '2022-08-16 21:57:13', '', NULL, '');
INSERT INTO `sys_menu` VALUES (2005, '流程表单', 2004, 1, 'form', 'bpm/form/index', NULL, 1, 0, 'C', '0', '0', NULL, 'form', 'admin', '2022-08-16 21:58:16', '', NULL, '');
INSERT INTO `sys_menu` VALUES (2006, '表单查询', 2005, 1, '', NULL, NULL, 1, 0, 'F', '0', '0', 'bpm:form:query', '#', 'admin', '2022-08-16 21:58:59', '', NULL, '');
INSERT INTO `sys_menu` VALUES (2007, '表单创建', 2005, 2, '', NULL, NULL, 1, 0, 'F', '0', '0', 'bpm:form:create', '#', 'admin', '2022-08-16 21:59:17', '', NULL, '');
INSERT INTO `sys_menu` VALUES (2008, '表单更新', 2005, 3, '', NULL, NULL, 1, 0, 'F', '0', '0', 'bpm:form:update', '#', 'admin', '2022-08-16 21:59:39', '', NULL, '');
INSERT INTO `sys_menu` VALUES (2009, '表单删除', 2005, 4, '', NULL, NULL, 1, 0, 'F', '0', '0', 'bpm:form:delete', '#', 'admin', '2022-08-16 21:59:57', '', NULL, '');
INSERT INTO `sys_menu` VALUES (2010, '表单导出', 2005, 5, '', NULL, NULL, 1, 0, 'F', '0', '0', 'bpm:form:export', '#', 'admin', '2022-08-16 22:00:13', '', NULL, '');
INSERT INTO `sys_menu` VALUES (2011, '流程模型', 2004, 2, 'model', 'bpm/model/index', NULL, 1, 0, 'C', '0', '0', '', 'build', 'admin', '2022-08-18 10:44:58', 'admin', '2022-08-18 10:45:52', '');
INSERT INTO `sys_menu` VALUES (2012, '模型查询', 2011, 1, '', NULL, NULL, 1, 0, 'F', '0', '0', 'bpm:model:query', '#', 'admin', '2022-08-18 10:46:18', '', NULL, '');
INSERT INTO `sys_menu` VALUES (2013, '模型创建', 2011, 2, '', NULL, NULL, 1, 0, 'F', '0', '0', 'bpm:model:create', '#', 'admin', '2022-08-18 10:46:36', '', NULL, '');
INSERT INTO `sys_menu` VALUES (2014, '模型导入', 2011, 3, '', NULL, NULL, 1, 0, 'F', '0', '0', 'bpm:model:import', '#', 'admin', '2022-08-18 10:46:52', '', NULL, '');
INSERT INTO `sys_menu` VALUES (2015, '模型更新', 2011, 4, '', NULL, NULL, 1, 0, 'F', '0', '0', 'bpm:model:update', '#', 'admin', '2022-08-18 10:47:09', '', NULL, '');
INSERT INTO `sys_menu` VALUES (2016, '模型删除', 2011, 5, '', NULL, NULL, 1, 0, 'F', '0', '0', 'bpm:model:delete', '#', 'admin', '2022-08-18 10:47:31', '', NULL, '');
INSERT INTO `sys_menu` VALUES (2017, '模型发布', 2011, 6, '', NULL, NULL, 1, 0, 'F', '0', '0', 'bpm:model:deploy', '#', 'admin', '2022-08-18 10:47:46', '', NULL, '');
INSERT INTO `sys_menu` VALUES (2018, '流程定义查询', 2011, 7, '', NULL, NULL, 1, 0, 'F', '0', '0', 'bpm:process-definition:query', '#', 'admin', '2022-08-18 17:09:30', '', NULL, '');
INSERT INTO `sys_menu` VALUES (2019, '流程任务分配规则查询', 2011, 8, '', NULL, NULL, 1, 0, 'F', '0', '0', 'bpm:task-assign-rule:query', '#', 'admin', '2022-08-18 17:09:50', '', NULL, '');
INSERT INTO `sys_menu` VALUES (2020, '流程任务分配规则创建', 2011, 9, '', NULL, NULL, 1, 0, 'F', '0', '0', 'bpm:task-assign-rule:create', '#', 'admin', '2022-08-18 17:10:10', '', NULL, '');
INSERT INTO `sys_menu` VALUES (2021, '流程任务分配规则更新', 2011, 10, '', NULL, NULL, 1, 0, 'F', '0', '0', 'bpm:task-assign-rule:update', '#', 'admin', '2022-08-18 17:10:30', '', NULL, '');
INSERT INTO `sys_menu` VALUES (2022, '用户分组', 2004, 3, 'user-group', 'bpm/group/index', NULL, 1, 0, 'C', '0', '0', NULL, 'peoples', 'admin', '2022-08-18 17:12:49', '', NULL, '');
INSERT INTO `sys_menu` VALUES (2023, '用户组查询', 2022, 1, '', NULL, NULL, 1, 0, 'F', '0', '0', 'bpm:user-group:query', '#', 'admin', '2022-08-18 17:13:08', '', NULL, '');
INSERT INTO `sys_menu` VALUES (2024, '用户组创建', 2022, 2, '', NULL, NULL, 1, 0, 'F', '0', '0', 'bpm:user-group:create', '#', 'admin', '2022-08-18 17:13:27', '', NULL, '');
INSERT INTO `sys_menu` VALUES (2025, '用户组更新', 2022, 3, '', NULL, NULL, 1, 0, 'F', '0', '0', 'bpm:user-group:update', '#', 'admin', '2022-08-18 17:13:42', '', NULL, '');
INSERT INTO `sys_menu` VALUES (2026, '用户组删除', 2022, 4, '', NULL, NULL, 1, 0, 'F', '0', '0', 'bpm:user-group:delete', '#', 'admin', '2022-08-18 17:13:57', '', NULL, '');
INSERT INTO `sys_menu` VALUES (2027, '任务管理', 2003, 2, 'task', NULL, NULL, 1, 0, 'M', '0', '0', NULL, 'build', 'admin', '2022-08-18 17:45:51', '', NULL, '');
INSERT INTO `sys_menu` VALUES (2028, '我的流程', 2027, 1, 'my', 'bpm/processInstance/index', NULL, 1, 0, 'C', '0', '0', NULL, 'people', 'admin', '2022-08-18 17:46:52', '', NULL, '');
INSERT INTO `sys_menu` VALUES (2029, '待办任务', 2027, 2, 'todo', 'bpm/task/todo', NULL, 1, 0, 'C', '0', '0', NULL, 'eye-open', 'admin', '2022-08-18 17:47:56', '', NULL, '');
INSERT INTO `sys_menu` VALUES (2030, '已办任务', 2027, 3, 'done', 'bpm/task/done', NULL, 1, 0, 'C', '0', '0', NULL, 'eye', 'admin', '2022-08-18 17:48:33', '', NULL, '');
INSERT INTO `sys_menu` VALUES (2031, '流程实例的查询', 2028, 1, '', NULL, NULL, 1, 0, 'F', '0', '0', 'bpm:process-instance:query', '#', 'admin', '2022-08-18 17:49:42', '', NULL, '');
INSERT INTO `sys_menu` VALUES (2032, '流程实例的创建', 2028, 2, '', NULL, NULL, 1, 0, 'F', '0', '0', 'bpm:process-instance:create', '#', 'admin', '2022-08-18 17:50:04', '', NULL, '');
INSERT INTO `sys_menu` VALUES (2033, '流程实例的取消', 2028, 3, '', NULL, NULL, 1, 0, 'F', '0', '0', 'bpm:process-instance:cancel', '#', 'admin', '2022-08-18 17:50:21', '', NULL, '');
INSERT INTO `sys_menu` VALUES (2034, '流程任务的查询', 2029, 1, '', NULL, NULL, 1, 0, 'F', '0', '0', 'bpm:task:query', '#', 'admin', '2022-08-18 17:51:17', '', NULL, '');
INSERT INTO `sys_menu` VALUES (2035, '流程任务的更新', 2029, 2, '', NULL, NULL, 1, 0, 'F', '0', '0', 'bpm:task:update', '#', 'admin', '2022-08-18 17:51:35', '', NULL, '');
INSERT INTO `sys_menu` VALUES (2036, 'websocket', 2000, 2, 'websocket', 'example/websocket/index', NULL, 1, 0, 'C', '0', '0', '', 'email', 'admin', '2022-08-19 22:47:00', 'admin', '2022-08-19 22:47:44', '');
INSERT INTO `sys_menu` VALUES (2038, '运维分析', 0, 6, 'dashboard/analysis', 'dashboard/analysis/index', NULL, 1, 0, 'C', '0', '0', '', 'monitor', 'admin', '2025-07-09 10:59:38', 'admin', '2025-07-09 11:00:20', '');

-- ----------------------------
-- Table structure for sys_notice
-- ----------------------------
DROP TABLE IF EXISTS `sys_notice`;
CREATE TABLE `sys_notice`  (
  `notice_id` int(11) NOT NULL AUTO_INCREMENT COMMENT '公告ID',
  `notice_title` varchar(50) CHARACTER SET utf8 COLLATE utf8_general_ci NOT NULL COMMENT '公告标题',
  `notice_type` char(1) CHARACTER SET utf8 COLLATE utf8_general_ci NOT NULL COMMENT '公告类型（1通知 2公告）',
  `notice_content` longblob NULL COMMENT '公告内容',
  `status` char(1) CHARACTER SET utf8 COLLATE utf8_general_ci NULL DEFAULT '0' COMMENT '公告状态（0正常 1关闭）',
  `create_by` varchar(64) CHARACTER SET utf8 COLLATE utf8_general_ci NULL DEFAULT '' COMMENT '创建者',
  `create_time` datetime NULL DEFAULT NULL COMMENT '创建时间',
  `update_by` varchar(64) CHARACTER SET utf8 COLLATE utf8_general_ci NULL DEFAULT '' COMMENT '更新者',
  `update_time` datetime NULL DEFAULT NULL COMMENT '更新时间',
  `remark` varchar(255) CHARACTER SET utf8 COLLATE utf8_general_ci NULL DEFAULT NULL COMMENT '备注',
  PRIMARY KEY (`notice_id`) USING BTREE
) ENGINE = InnoDB AUTO_INCREMENT = 3 CHARACTER SET = utf8 COLLATE = utf8_general_ci COMMENT = '通知公告表' ROW_FORMAT = COMPACT;

-- ----------------------------
-- Records of sys_notice
-- ----------------------------
INSERT INTO `sys_notice` VALUES (1, '温馨提醒：2018-07-01 若依新版本发布啦', '2', 0xE696B0E78988E69CACE58685E5AEB9, '0', 'admin', '2022-07-30 12:09:03', 'admin', '2025-06-29 16:47:49', '管理员');
INSERT INTO `sys_notice` VALUES (2, '维护通知：2018-07-01 若依系统凌晨维护', '1', 0xE7BBB4E68AA4E58685E5AEB9, '0', 'admin', '2022-07-30 12:09:03', '', NULL, '管理员');

-- ----------------------------
-- Table structure for sys_oper_log
-- ----------------------------
DROP TABLE IF EXISTS `sys_oper_log`;
CREATE TABLE `sys_oper_log`  (
  `oper_id` bigint(20) NOT NULL AUTO_INCREMENT COMMENT '日志主键',
  `title` varchar(50) CHARACTER SET utf8 COLLATE utf8_general_ci NULL DEFAULT '' COMMENT '模块标题',
  `business_type` int(11) NULL DEFAULT 0 COMMENT '业务类型（0其它 1新增 2修改 3删除）',
  `method` varchar(100) CHARACTER SET utf8 COLLATE utf8_general_ci NULL DEFAULT '' COMMENT '方法名称',
  `request_method` varchar(10) CHARACTER SET utf8 COLLATE utf8_general_ci NULL DEFAULT '' COMMENT '请求方式',
  `operator_type` int(11) NULL DEFAULT 0 COMMENT '操作类别（0其它 1后台用户 2手机端用户）',
  `oper_name` varchar(50) CHARACTER SET utf8 COLLATE utf8_general_ci NULL DEFAULT '' COMMENT '操作人员',
  `dept_name` varchar(50) CHARACTER SET utf8 COLLATE utf8_general_ci NULL DEFAULT '' COMMENT '部门名称',
  `oper_url` varchar(255) CHARACTER SET utf8 COLLATE utf8_general_ci NULL DEFAULT '' COMMENT '请求URL',
  `oper_ip` varchar(128) CHARACTER SET utf8 COLLATE utf8_general_ci NULL DEFAULT '' COMMENT '主机地址',
  `oper_location` varchar(255) CHARACTER SET utf8 COLLATE utf8_general_ci NULL DEFAULT '' COMMENT '操作地点',
  `oper_param` varchar(2000) CHARACTER SET utf8 COLLATE utf8_general_ci NULL DEFAULT '' COMMENT '请求参数',
  `json_result` varchar(2000) CHARACTER SET utf8 COLLATE utf8_general_ci NULL DEFAULT '' COMMENT '返回参数',
  `status` int(11) NULL DEFAULT 0 COMMENT '操作状态（0正常 1异常）',
  `error_msg` varchar(2000) CHARACTER SET utf8 COLLATE utf8_general_ci NULL DEFAULT '' COMMENT '错误消息',
  `oper_time` datetime NULL DEFAULT NULL COMMENT '操作时间',
  `cost_time` bigint(20) NULL DEFAULT 0 COMMENT '消耗时间',
  PRIMARY KEY (`oper_id`) USING BTREE,
  INDEX `idx_sys_oper_log_bt`(`business_type`) USING BTREE,
  INDEX `idx_sys_oper_log_s`(`status`) USING BTREE,
  INDEX `idx_sys_oper_log_ot`(`oper_time`) USING BTREE
) ENGINE = InnoDB AUTO_INCREMENT = 1 CHARACTER SET = utf8 COLLATE = utf8_general_ci COMMENT = '操作日志记录' ROW_FORMAT = COMPACT;

-- ----------------------------
-- Records of sys_oper_log
-- ----------------------------

-- ----------------------------
-- Table structure for sys_post
-- ----------------------------
DROP TABLE IF EXISTS `sys_post`;
CREATE TABLE `sys_post`  (
  `post_id` bigint(20) NOT NULL AUTO_INCREMENT COMMENT '岗位ID',
  `post_code` varchar(64) CHARACTER SET utf8 COLLATE utf8_general_ci NOT NULL COMMENT '岗位编码',
  `post_name` varchar(50) CHARACTER SET utf8 COLLATE utf8_general_ci NOT NULL COMMENT '岗位名称',
  `post_sort` int(11) NOT NULL COMMENT '显示顺序',
  `status` char(1) CHARACTER SET utf8 COLLATE utf8_general_ci NOT NULL COMMENT '状态（0正常 1停用）',
  `create_by` varchar(64) CHARACTER SET utf8 COLLATE utf8_general_ci NULL DEFAULT '' COMMENT '创建者',
  `create_time` datetime NULL DEFAULT NULL COMMENT '创建时间',
  `update_by` varchar(64) CHARACTER SET utf8 COLLATE utf8_general_ci NULL DEFAULT '' COMMENT '更新者',
  `update_time` datetime NULL DEFAULT NULL COMMENT '更新时间',
  `remark` varchar(500) CHARACTER SET utf8 COLLATE utf8_general_ci NULL DEFAULT NULL COMMENT '备注',
  PRIMARY KEY (`post_id`) USING BTREE
) ENGINE = InnoDB AUTO_INCREMENT = 5 CHARACTER SET = utf8 COLLATE = utf8_general_ci COMMENT = '岗位信息表' ROW_FORMAT = COMPACT;

-- ----------------------------
-- Records of sys_post
-- ----------------------------
INSERT INTO `sys_post` VALUES (1, 'ceo', '董事长', 1, '0', 'admin', '2022-07-30 12:09:02', '', NULL, '');
INSERT INTO `sys_post` VALUES (2, 'se', '项目经理', 2, '0', 'admin', '2022-07-30 12:09:02', '', NULL, '');
INSERT INTO `sys_post` VALUES (3, 'hr', '人力资源', 3, '0', 'admin', '2022-07-30 12:09:02', '', NULL, '');
INSERT INTO `sys_post` VALUES (4, 'user', '普通员工', 4, '0', 'admin', '2022-07-30 12:09:02', 'admin', '2022-08-20 21:34:24', '普通员工');

-- ----------------------------
-- Table structure for sys_role
-- ----------------------------
DROP TABLE IF EXISTS `sys_role`;
CREATE TABLE `sys_role`  (
  `role_id` bigint(20) NOT NULL AUTO_INCREMENT COMMENT '角色ID',
  `role_name` varchar(30) CHARACTER SET utf8 COLLATE utf8_general_ci NOT NULL COMMENT '角色名称',
  `role_key` varchar(100) CHARACTER SET utf8 COLLATE utf8_general_ci NOT NULL COMMENT '角色权限字符串',
  `role_sort` int(11) NOT NULL COMMENT '显示顺序',
  `data_scope` char(1) CHARACTER SET utf8 COLLATE utf8_general_ci NULL DEFAULT '1' COMMENT '数据范围（1：全部数据权限 2：自定数据权限 3：本部门数据权限 4：本部门及以下数据权限）',
  `menu_check_strictly` tinyint(1) NULL DEFAULT 1 COMMENT '菜单树选择项是否关联显示',
  `dept_check_strictly` tinyint(1) NULL DEFAULT 1 COMMENT '部门树选择项是否关联显示',
  `status` char(1) CHARACTER SET utf8 COLLATE utf8_general_ci NOT NULL COMMENT '角色状态（0正常 1停用）',
  `del_flag` char(1) CHARACTER SET utf8 COLLATE utf8_general_ci NULL DEFAULT '0' COMMENT '删除标志（0代表存在 2代表删除）',
  `create_by` varchar(64) CHARACTER SET utf8 COLLATE utf8_general_ci NULL DEFAULT '' COMMENT '创建者',
  `create_time` datetime NULL DEFAULT NULL COMMENT '创建时间',
  `update_by` varchar(64) CHARACTER SET utf8 COLLATE utf8_general_ci NULL DEFAULT '' COMMENT '更新者',
  `update_time` datetime NULL DEFAULT NULL COMMENT '更新时间',
  `remark` varchar(500) CHARACTER SET utf8 COLLATE utf8_general_ci NULL DEFAULT NULL COMMENT '备注',
  PRIMARY KEY (`role_id`) USING BTREE
) ENGINE = InnoDB AUTO_INCREMENT = 5 CHARACTER SET = utf8 COLLATE = utf8_general_ci COMMENT = '角色信息表' ROW_FORMAT = COMPACT;

-- ----------------------------
-- Records of sys_role
-- ----------------------------
INSERT INTO `sys_role` VALUES (1, '超级管理员', 'admin', 1, '1', 1, 1, '0', '0', 'admin', '2022-07-30 12:09:02', '', NULL, '超级管理员');
INSERT INTO `sys_role` VALUES (2, '普通角色', 'common', 2, '2', 1, 1, '0', '0', 'admin', '2022-07-30 12:09:02', 'admin', '2025-07-02 15:16:19', '普通角色');
INSERT INTO `sys_role` VALUES (3, '审批', 'audit', 3, '1', 0, 0, '0', '0', 'admin', '2025-05-24 11:50:58', 'admin', '2025-06-27 15:40:16', NULL);
INSERT INTO `sys_role` VALUES (4, '测试', 'test', 10, '1', 1, 1, '0', '0', 'admin', '2025-07-01 10:09:41', '', NULL, NULL);

-- ----------------------------
-- Table structure for sys_role_dept
-- ----------------------------
DROP TABLE IF EXISTS `sys_role_dept`;
CREATE TABLE `sys_role_dept`  (
  `role_id` bigint(20) NOT NULL COMMENT '角色ID',
  `dept_id` bigint(20) NOT NULL COMMENT '部门ID',
  PRIMARY KEY (`role_id`, `dept_id`) USING BTREE
) ENGINE = InnoDB CHARACTER SET = utf8 COLLATE = utf8_general_ci COMMENT = '角色和部门关联表' ROW_FORMAT = COMPACT;

-- ----------------------------
-- Records of sys_role_dept
-- ----------------------------
INSERT INTO `sys_role_dept` VALUES (2, 100);
INSERT INTO `sys_role_dept` VALUES (2, 101);
INSERT INTO `sys_role_dept` VALUES (2, 105);

-- ----------------------------
-- Table structure for sys_role_menu
-- ----------------------------
DROP TABLE IF EXISTS `sys_role_menu`;
CREATE TABLE `sys_role_menu`  (
  `role_id` bigint(20) NOT NULL COMMENT '角色ID',
  `menu_id` bigint(20) NOT NULL COMMENT '菜单ID',
  PRIMARY KEY (`role_id`, `menu_id`) USING BTREE
) ENGINE = InnoDB CHARACTER SET = utf8 COLLATE = utf8_general_ci COMMENT = '角色和菜单关联表' ROW_FORMAT = COMPACT;

-- ----------------------------
-- Records of sys_role_menu
-- ----------------------------
INSERT INTO `sys_role_menu` VALUES (2, 2003);
INSERT INTO `sys_role_menu` VALUES (2, 2004);
INSERT INTO `sys_role_menu` VALUES (2, 2005);
INSERT INTO `sys_role_menu` VALUES (2, 2006);
INSERT INTO `sys_role_menu` VALUES (2, 2007);
INSERT INTO `sys_role_menu` VALUES (2, 2008);
INSERT INTO `sys_role_menu` VALUES (2, 2009);
INSERT INTO `sys_role_menu` VALUES (2, 2010);
INSERT INTO `sys_role_menu` VALUES (2, 2011);
INSERT INTO `sys_role_menu` VALUES (2, 2012);
INSERT INTO `sys_role_menu` VALUES (2, 2013);
INSERT INTO `sys_role_menu` VALUES (2, 2014);
INSERT INTO `sys_role_menu` VALUES (2, 2015);
INSERT INTO `sys_role_menu` VALUES (2, 2016);
INSERT INTO `sys_role_menu` VALUES (2, 2017);
INSERT INTO `sys_role_menu` VALUES (2, 2018);
INSERT INTO `sys_role_menu` VALUES (2, 2019);
INSERT INTO `sys_role_menu` VALUES (2, 2020);
INSERT INTO `sys_role_menu` VALUES (2, 2021);
INSERT INTO `sys_role_menu` VALUES (2, 2022);
INSERT INTO `sys_role_menu` VALUES (2, 2023);
INSERT INTO `sys_role_menu` VALUES (2, 2024);
INSERT INTO `sys_role_menu` VALUES (2, 2025);
INSERT INTO `sys_role_menu` VALUES (2, 2026);
INSERT INTO `sys_role_menu` VALUES (2, 2027);
INSERT INTO `sys_role_menu` VALUES (2, 2028);
INSERT INTO `sys_role_menu` VALUES (2, 2029);
INSERT INTO `sys_role_menu` VALUES (2, 2030);
INSERT INTO `sys_role_menu` VALUES (2, 2031);
INSERT INTO `sys_role_menu` VALUES (2, 2032);
INSERT INTO `sys_role_menu` VALUES (2, 2033);
INSERT INTO `sys_role_menu` VALUES (2, 2034);
INSERT INTO `sys_role_menu` VALUES (2, 2035);
INSERT INTO `sys_role_menu` VALUES (3, 1);
INSERT INTO `sys_role_menu` VALUES (3, 2);
INSERT INTO `sys_role_menu` VALUES (3, 3);
INSERT INTO `sys_role_menu` VALUES (3, 100);
INSERT INTO `sys_role_menu` VALUES (3, 101);
INSERT INTO `sys_role_menu` VALUES (3, 102);
INSERT INTO `sys_role_menu` VALUES (3, 103);
INSERT INTO `sys_role_menu` VALUES (3, 104);
INSERT INTO `sys_role_menu` VALUES (3, 105);
INSERT INTO `sys_role_menu` VALUES (3, 106);
INSERT INTO `sys_role_menu` VALUES (3, 107);
INSERT INTO `sys_role_menu` VALUES (3, 108);
INSERT INTO `sys_role_menu` VALUES (3, 109);
INSERT INTO `sys_role_menu` VALUES (3, 110);
INSERT INTO `sys_role_menu` VALUES (3, 111);
INSERT INTO `sys_role_menu` VALUES (3, 112);
INSERT INTO `sys_role_menu` VALUES (3, 113);
INSERT INTO `sys_role_menu` VALUES (3, 114);
INSERT INTO `sys_role_menu` VALUES (3, 115);
INSERT INTO `sys_role_menu` VALUES (3, 116);
INSERT INTO `sys_role_menu` VALUES (3, 117);
INSERT INTO `sys_role_menu` VALUES (3, 500);
INSERT INTO `sys_role_menu` VALUES (3, 501);
INSERT INTO `sys_role_menu` VALUES (3, 1000);
INSERT INTO `sys_role_menu` VALUES (3, 1001);
INSERT INTO `sys_role_menu` VALUES (3, 1002);
INSERT INTO `sys_role_menu` VALUES (3, 1003);
INSERT INTO `sys_role_menu` VALUES (3, 1004);
INSERT INTO `sys_role_menu` VALUES (3, 1005);
INSERT INTO `sys_role_menu` VALUES (3, 1006);
INSERT INTO `sys_role_menu` VALUES (3, 1007);
INSERT INTO `sys_role_menu` VALUES (3, 1008);
INSERT INTO `sys_role_menu` VALUES (3, 1009);
INSERT INTO `sys_role_menu` VALUES (3, 1010);
INSERT INTO `sys_role_menu` VALUES (3, 1011);
INSERT INTO `sys_role_menu` VALUES (3, 1012);
INSERT INTO `sys_role_menu` VALUES (3, 1013);
INSERT INTO `sys_role_menu` VALUES (3, 1014);
INSERT INTO `sys_role_menu` VALUES (3, 1015);
INSERT INTO `sys_role_menu` VALUES (3, 1016);
INSERT INTO `sys_role_menu` VALUES (3, 1017);
INSERT INTO `sys_role_menu` VALUES (3, 1018);
INSERT INTO `sys_role_menu` VALUES (3, 1019);
INSERT INTO `sys_role_menu` VALUES (3, 1020);
INSERT INTO `sys_role_menu` VALUES (3, 1021);
INSERT INTO `sys_role_menu` VALUES (3, 1022);
INSERT INTO `sys_role_menu` VALUES (3, 1023);
INSERT INTO `sys_role_menu` VALUES (3, 1024);
INSERT INTO `sys_role_menu` VALUES (3, 1025);
INSERT INTO `sys_role_menu` VALUES (3, 1026);
INSERT INTO `sys_role_menu` VALUES (3, 1027);
INSERT INTO `sys_role_menu` VALUES (3, 1028);
INSERT INTO `sys_role_menu` VALUES (3, 1029);
INSERT INTO `sys_role_menu` VALUES (3, 1030);
INSERT INTO `sys_role_menu` VALUES (3, 1031);
INSERT INTO `sys_role_menu` VALUES (3, 1032);
INSERT INTO `sys_role_menu` VALUES (3, 1033);
INSERT INTO `sys_role_menu` VALUES (3, 1034);
INSERT INTO `sys_role_menu` VALUES (3, 1035);
INSERT INTO `sys_role_menu` VALUES (3, 1036);
INSERT INTO `sys_role_menu` VALUES (3, 1037);
INSERT INTO `sys_role_menu` VALUES (3, 1038);
INSERT INTO `sys_role_menu` VALUES (3, 1039);
INSERT INTO `sys_role_menu` VALUES (3, 1040);
INSERT INTO `sys_role_menu` VALUES (3, 1041);
INSERT INTO `sys_role_menu` VALUES (3, 1042);
INSERT INTO `sys_role_menu` VALUES (3, 1043);
INSERT INTO `sys_role_menu` VALUES (3, 1044);
INSERT INTO `sys_role_menu` VALUES (3, 1045);
INSERT INTO `sys_role_menu` VALUES (3, 1046);
INSERT INTO `sys_role_menu` VALUES (3, 1047);
INSERT INTO `sys_role_menu` VALUES (3, 1048);
INSERT INTO `sys_role_menu` VALUES (3, 1049);
INSERT INTO `sys_role_menu` VALUES (3, 1050);
INSERT INTO `sys_role_menu` VALUES (3, 1051);
INSERT INTO `sys_role_menu` VALUES (3, 1052);
INSERT INTO `sys_role_menu` VALUES (3, 1053);
INSERT INTO `sys_role_menu` VALUES (3, 1054);
INSERT INTO `sys_role_menu` VALUES (3, 1055);
INSERT INTO `sys_role_menu` VALUES (3, 1056);
INSERT INTO `sys_role_menu` VALUES (3, 1057);
INSERT INTO `sys_role_menu` VALUES (3, 1058);
INSERT INTO `sys_role_menu` VALUES (3, 1059);
INSERT INTO `sys_role_menu` VALUES (3, 1060);
INSERT INTO `sys_role_menu` VALUES (3, 2000);
INSERT INTO `sys_role_menu` VALUES (3, 2001);
INSERT INTO `sys_role_menu` VALUES (3, 2002);
INSERT INTO `sys_role_menu` VALUES (3, 2003);
INSERT INTO `sys_role_menu` VALUES (3, 2004);
INSERT INTO `sys_role_menu` VALUES (3, 2005);
INSERT INTO `sys_role_menu` VALUES (3, 2006);
INSERT INTO `sys_role_menu` VALUES (3, 2007);
INSERT INTO `sys_role_menu` VALUES (3, 2008);
INSERT INTO `sys_role_menu` VALUES (3, 2009);
INSERT INTO `sys_role_menu` VALUES (3, 2010);
INSERT INTO `sys_role_menu` VALUES (3, 2011);
INSERT INTO `sys_role_menu` VALUES (3, 2012);
INSERT INTO `sys_role_menu` VALUES (3, 2013);
INSERT INTO `sys_role_menu` VALUES (3, 2014);
INSERT INTO `sys_role_menu` VALUES (3, 2015);
INSERT INTO `sys_role_menu` VALUES (3, 2016);
INSERT INTO `sys_role_menu` VALUES (3, 2017);
INSERT INTO `sys_role_menu` VALUES (3, 2018);
INSERT INTO `sys_role_menu` VALUES (3, 2019);
INSERT INTO `sys_role_menu` VALUES (3, 2020);
INSERT INTO `sys_role_menu` VALUES (3, 2021);
INSERT INTO `sys_role_menu` VALUES (3, 2022);
INSERT INTO `sys_role_menu` VALUES (3, 2023);
INSERT INTO `sys_role_menu` VALUES (3, 2024);
INSERT INTO `sys_role_menu` VALUES (3, 2025);
INSERT INTO `sys_role_menu` VALUES (3, 2026);
INSERT INTO `sys_role_menu` VALUES (3, 2027);
INSERT INTO `sys_role_menu` VALUES (3, 2028);
INSERT INTO `sys_role_menu` VALUES (3, 2029);
INSERT INTO `sys_role_menu` VALUES (3, 2030);
INSERT INTO `sys_role_menu` VALUES (3, 2031);
INSERT INTO `sys_role_menu` VALUES (3, 2032);
INSERT INTO `sys_role_menu` VALUES (3, 2033);
INSERT INTO `sys_role_menu` VALUES (3, 2034);
INSERT INTO `sys_role_menu` VALUES (3, 2035);
INSERT INTO `sys_role_menu` VALUES (3, 2036);
INSERT INTO `sys_role_menu` VALUES (4, 1);
INSERT INTO `sys_role_menu` VALUES (4, 2);
INSERT INTO `sys_role_menu` VALUES (4, 3);
INSERT INTO `sys_role_menu` VALUES (4, 100);
INSERT INTO `sys_role_menu` VALUES (4, 101);
INSERT INTO `sys_role_menu` VALUES (4, 102);
INSERT INTO `sys_role_menu` VALUES (4, 103);
INSERT INTO `sys_role_menu` VALUES (4, 104);
INSERT INTO `sys_role_menu` VALUES (4, 105);
INSERT INTO `sys_role_menu` VALUES (4, 106);
INSERT INTO `sys_role_menu` VALUES (4, 107);
INSERT INTO `sys_role_menu` VALUES (4, 108);
INSERT INTO `sys_role_menu` VALUES (4, 109);
INSERT INTO `sys_role_menu` VALUES (4, 110);
INSERT INTO `sys_role_menu` VALUES (4, 111);
INSERT INTO `sys_role_menu` VALUES (4, 112);
INSERT INTO `sys_role_menu` VALUES (4, 113);
INSERT INTO `sys_role_menu` VALUES (4, 114);
INSERT INTO `sys_role_menu` VALUES (4, 115);
INSERT INTO `sys_role_menu` VALUES (4, 116);
INSERT INTO `sys_role_menu` VALUES (4, 117);
INSERT INTO `sys_role_menu` VALUES (4, 500);
INSERT INTO `sys_role_menu` VALUES (4, 501);
INSERT INTO `sys_role_menu` VALUES (4, 1000);
INSERT INTO `sys_role_menu` VALUES (4, 1001);
INSERT INTO `sys_role_menu` VALUES (4, 1002);
INSERT INTO `sys_role_menu` VALUES (4, 1003);
INSERT INTO `sys_role_menu` VALUES (4, 1004);
INSERT INTO `sys_role_menu` VALUES (4, 1005);
INSERT INTO `sys_role_menu` VALUES (4, 1006);
INSERT INTO `sys_role_menu` VALUES (4, 1007);
INSERT INTO `sys_role_menu` VALUES (4, 1008);
INSERT INTO `sys_role_menu` VALUES (4, 1009);
INSERT INTO `sys_role_menu` VALUES (4, 1010);
INSERT INTO `sys_role_menu` VALUES (4, 1011);
INSERT INTO `sys_role_menu` VALUES (4, 1012);
INSERT INTO `sys_role_menu` VALUES (4, 1013);
INSERT INTO `sys_role_menu` VALUES (4, 1014);
INSERT INTO `sys_role_menu` VALUES (4, 1015);
INSERT INTO `sys_role_menu` VALUES (4, 1016);
INSERT INTO `sys_role_menu` VALUES (4, 1017);
INSERT INTO `sys_role_menu` VALUES (4, 1018);
INSERT INTO `sys_role_menu` VALUES (4, 1019);
INSERT INTO `sys_role_menu` VALUES (4, 1020);
INSERT INTO `sys_role_menu` VALUES (4, 1021);
INSERT INTO `sys_role_menu` VALUES (4, 1022);
INSERT INTO `sys_role_menu` VALUES (4, 1023);
INSERT INTO `sys_role_menu` VALUES (4, 1024);
INSERT INTO `sys_role_menu` VALUES (4, 1025);
INSERT INTO `sys_role_menu` VALUES (4, 1026);
INSERT INTO `sys_role_menu` VALUES (4, 1027);
INSERT INTO `sys_role_menu` VALUES (4, 1028);
INSERT INTO `sys_role_menu` VALUES (4, 1029);
INSERT INTO `sys_role_menu` VALUES (4, 1030);
INSERT INTO `sys_role_menu` VALUES (4, 1031);
INSERT INTO `sys_role_menu` VALUES (4, 1032);
INSERT INTO `sys_role_menu` VALUES (4, 1033);
INSERT INTO `sys_role_menu` VALUES (4, 1034);
INSERT INTO `sys_role_menu` VALUES (4, 1035);
INSERT INTO `sys_role_menu` VALUES (4, 1036);
INSERT INTO `sys_role_menu` VALUES (4, 1037);
INSERT INTO `sys_role_menu` VALUES (4, 1038);
INSERT INTO `sys_role_menu` VALUES (4, 1039);
INSERT INTO `sys_role_menu` VALUES (4, 1040);
INSERT INTO `sys_role_menu` VALUES (4, 1041);
INSERT INTO `sys_role_menu` VALUES (4, 1042);
INSERT INTO `sys_role_menu` VALUES (4, 1043);
INSERT INTO `sys_role_menu` VALUES (4, 1044);
INSERT INTO `sys_role_menu` VALUES (4, 1045);
INSERT INTO `sys_role_menu` VALUES (4, 1046);
INSERT INTO `sys_role_menu` VALUES (4, 1047);
INSERT INTO `sys_role_menu` VALUES (4, 1048);
INSERT INTO `sys_role_menu` VALUES (4, 1049);
INSERT INTO `sys_role_menu` VALUES (4, 1050);
INSERT INTO `sys_role_menu` VALUES (4, 1051);
INSERT INTO `sys_role_menu` VALUES (4, 1052);
INSERT INTO `sys_role_menu` VALUES (4, 1053);
INSERT INTO `sys_role_menu` VALUES (4, 1054);
INSERT INTO `sys_role_menu` VALUES (4, 1055);
INSERT INTO `sys_role_menu` VALUES (4, 1056);
INSERT INTO `sys_role_menu` VALUES (4, 1057);
INSERT INTO `sys_role_menu` VALUES (4, 1058);
INSERT INTO `sys_role_menu` VALUES (4, 1059);
INSERT INTO `sys_role_menu` VALUES (4, 1060);
INSERT INTO `sys_role_menu` VALUES (4, 2000);
INSERT INTO `sys_role_menu` VALUES (4, 2001);
INSERT INTO `sys_role_menu` VALUES (4, 2002);
INSERT INTO `sys_role_menu` VALUES (4, 2003);
INSERT INTO `sys_role_menu` VALUES (4, 2004);
INSERT INTO `sys_role_menu` VALUES (4, 2005);
INSERT INTO `sys_role_menu` VALUES (4, 2006);
INSERT INTO `sys_role_menu` VALUES (4, 2007);
INSERT INTO `sys_role_menu` VALUES (4, 2008);
INSERT INTO `sys_role_menu` VALUES (4, 2009);
INSERT INTO `sys_role_menu` VALUES (4, 2010);
INSERT INTO `sys_role_menu` VALUES (4, 2011);
INSERT INTO `sys_role_menu` VALUES (4, 2012);
INSERT INTO `sys_role_menu` VALUES (4, 2013);
INSERT INTO `sys_role_menu` VALUES (4, 2014);
INSERT INTO `sys_role_menu` VALUES (4, 2015);
INSERT INTO `sys_role_menu` VALUES (4, 2016);
INSERT INTO `sys_role_menu` VALUES (4, 2017);
INSERT INTO `sys_role_menu` VALUES (4, 2018);
INSERT INTO `sys_role_menu` VALUES (4, 2019);
INSERT INTO `sys_role_menu` VALUES (4, 2020);
INSERT INTO `sys_role_menu` VALUES (4, 2021);
INSERT INTO `sys_role_menu` VALUES (4, 2022);
INSERT INTO `sys_role_menu` VALUES (4, 2023);
INSERT INTO `sys_role_menu` VALUES (4, 2024);
INSERT INTO `sys_role_menu` VALUES (4, 2025);
INSERT INTO `sys_role_menu` VALUES (4, 2026);
INSERT INTO `sys_role_menu` VALUES (4, 2027);
INSERT INTO `sys_role_menu` VALUES (4, 2028);
INSERT INTO `sys_role_menu` VALUES (4, 2029);
INSERT INTO `sys_role_menu` VALUES (4, 2030);
INSERT INTO `sys_role_menu` VALUES (4, 2031);
INSERT INTO `sys_role_menu` VALUES (4, 2032);
INSERT INTO `sys_role_menu` VALUES (4, 2033);
INSERT INTO `sys_role_menu` VALUES (4, 2034);
INSERT INTO `sys_role_menu` VALUES (4, 2035);
INSERT INTO `sys_role_menu` VALUES (4, 2036);

-- ----------------------------
-- Table structure for sys_tree_dict
-- ----------------------------
DROP TABLE IF EXISTS `sys_tree_dict`;
CREATE TABLE `sys_tree_dict`  (
  `id` varchar(100) CHARACTER SET utf8mb4 COLLATE utf8mb4_general_ci NOT NULL COMMENT '主键',
  `name` varchar(128) CHARACTER SET utf8mb4 COLLATE utf8mb4_general_ci NULL DEFAULT NULL COMMENT '名称',
  `code` varchar(100) CHARACTER SET utf8mb4 COLLATE utf8mb4_general_ci NULL DEFAULT NULL COMMENT '编码',
  `stru_type` varchar(2) CHARACTER SET utf8mb4 COLLATE utf8mb4_general_ci NULL DEFAULT NULL COMMENT '类别(0:平铺结构 1:树型结构)',
  `is_sys_param` varchar(2) CHARACTER SET utf8mb4 COLLATE utf8mb4_general_ci NULL DEFAULT '0' COMMENT '是否系统参数',
  `remark` varchar(500) CHARACTER SET utf8mb4 COLLATE utf8mb4_general_ci NULL DEFAULT NULL COMMENT '备注',
  `tenant_id` varchar(100) CHARACTER SET utf8mb4 COLLATE utf8mb4_general_ci NULL DEFAULT NULL COMMENT '租户ID',
  `create_by` varchar(100) CHARACTER SET utf8mb4 COLLATE utf8mb4_general_ci NULL DEFAULT NULL COMMENT '创建人ID',
  `create_time` timestamp NULL DEFAULT NULL COMMENT '创建时间',
  `update_by` varchar(100) CHARACTER SET utf8mb4 COLLATE utf8mb4_general_ci NULL DEFAULT NULL COMMENT '更新人ID',
  `update_time` timestamp NULL DEFAULT NULL COMMENT '更新时间',
  `del_flag` varchar(2) CHARACTER SET utf8mb4 COLLATE utf8mb4_general_ci NULL DEFAULT '0' COMMENT '删除标志',
  PRIMARY KEY (`id`) USING BTREE
) ENGINE = InnoDB CHARACTER SET = utf8mb4 COLLATE = utf8mb4_general_ci ROW_FORMAT = COMPACT;

-- ----------------------------
-- Records of sys_tree_dict
-- ----------------------------
INSERT INTO `sys_tree_dict` VALUES ('453687cac2b011ecb05200163e087221', '行政区划', 'adcode', '1', '1', '行政区划', NULL, 'admin', '2022-04-23 10:51:27', NULL, '2025-06-18 10:43:20', '0');

-- ----------------------------
-- Table structure for sys_tree_dict_data
-- ----------------------------
DROP TABLE IF EXISTS `sys_tree_dict_data`;
CREATE TABLE `sys_tree_dict_data`  (
  `id` varchar(100) CHARACTER SET utf8mb4 COLLATE utf8mb4_general_ci NOT NULL COMMENT '主键',
  `tree_dict` varchar(100) CHARACTER SET utf8mb4 COLLATE utf8mb4_general_ci NULL DEFAULT NULL COMMENT '树形类别',
  `pid` varchar(100) CHARACTER SET utf8mb4 COLLATE utf8mb4_general_ci NULL DEFAULT '0' COMMENT '父节点ID',
  `code` varchar(128) CHARACTER SET utf8mb4 COLLATE utf8mb4_general_ci NULL DEFAULT NULL COMMENT '编码',
  `label` varchar(128) CHARACTER SET utf8mb4 COLLATE utf8mb4_general_ci NULL DEFAULT NULL COMMENT '名称',
  `level_code` varchar(500) CHARACTER SET utf8mb4 COLLATE utf8mb4_general_ci NULL DEFAULT NULL COMMENT '层次码',
  `level_depth` int(11) NULL DEFAULT NULL COMMENT '层次',
  `order_num` int(11) NULL DEFAULT 99 COMMENT '显示顺序',
  `is_leaf` varchar(2) CHARACTER SET utf8mb4 COLLATE utf8mb4_general_ci NULL DEFAULT '1' COMMENT '是否叶子节点',
  `path` varchar(255) CHARACTER SET utf8mb4 COLLATE utf8mb4_general_ci NULL DEFAULT NULL COMMENT '路径',
  `icon` varchar(255) CHARACTER SET utf8mb4 COLLATE utf8mb4_general_ci NULL DEFAULT NULL COMMENT '图标地址',
  `remark` varchar(500) CHARACTER SET utf8mb4 COLLATE utf8mb4_general_ci NULL DEFAULT NULL COMMENT '备注',
  `create_by` varchar(100) CHARACTER SET utf8mb4 COLLATE utf8mb4_general_ci NULL DEFAULT NULL,
  `create_time` timestamp NULL DEFAULT NULL,
  `update_by` varchar(100) CHARACTER SET utf8mb4 COLLATE utf8mb4_general_ci NULL DEFAULT NULL,
  `update_time` timestamp NULL DEFAULT NULL,
  `del_flag` varchar(2) CHARACTER SET utf8mb4 COLLATE utf8mb4_general_ci NULL DEFAULT '0',
  PRIMARY KEY (`id`) USING BTREE
) ENGINE = InnoDB CHARACTER SET = utf8mb4 COLLATE = utf8mb4_general_ci COMMENT = '树形字典数据' ROW_FORMAT = COMPACT;

-- ----------------------------
-- Records of sys_tree_dict_data
-- ----------------------------
INSERT INTO `sys_tree_dict_data` VALUES ('1562369114487918594', 'adcode', '0', '420000', '湖北', NULL, NULL, 1717, '0', NULL, NULL, '湖北', 'admin', '2022-08-24 17:21:32', NULL, NULL, '0');
INSERT INTO `sys_tree_dict_data` VALUES ('1562369114496307201', 'adcode', '0', '110000', '北京', NULL, NULL, 1, '0', NULL, NULL, '北京', 'admin', '2022-08-24 17:21:32', NULL, NULL, '0');
INSERT INTO `sys_tree_dict_data` VALUES ('1562369114496307202', 'adcode', '0', '120000', '天津', NULL, NULL, 19, '0', NULL, NULL, '天津', 'admin', '2022-08-24 17:21:32', NULL, NULL, '0');
INSERT INTO `sys_tree_dict_data` VALUES ('1562369114496307203', 'adcode', '0', '130000', '河北', NULL, NULL, 37, '0', NULL, NULL, '河北', 'admin', '2022-08-24 17:21:32', NULL, NULL, '0');
INSERT INTO `sys_tree_dict_data` VALUES ('1562369114496307204', 'adcode', '0', '140000', '山西', NULL, NULL, 222, '0', NULL, NULL, '山西', 'admin', '2022-08-24 17:21:32', NULL, NULL, '0');
INSERT INTO `sys_tree_dict_data` VALUES ('1562369114496307205', 'adcode', '0', '150000', '内蒙古', NULL, NULL, 360, '0', NULL, NULL, '内蒙古', 'admin', '2022-08-24 17:21:32', NULL, NULL, '0');
INSERT INTO `sys_tree_dict_data` VALUES ('1562369114496307206', 'adcode', '0', '210000', '辽宁', NULL, NULL, 476, '0', NULL, NULL, '辽宁', 'admin', '2022-08-24 17:21:32', NULL, NULL, '0');
INSERT INTO `sys_tree_dict_data` VALUES ('1562369114496307207', 'adcode', '0', '220000', '吉林', NULL, NULL, 591, '0', NULL, NULL, '吉林', 'admin', '2022-08-24 17:21:32', NULL, NULL, '0');
INSERT INTO `sys_tree_dict_data` VALUES ('1562369114496307208', 'adcode', '0', '230000', '黑龙江', NULL, NULL, 662, '0', NULL, NULL, '黑龙江', 'admin', '2022-08-24 17:21:32', NULL, NULL, '0');
INSERT INTO `sys_tree_dict_data` VALUES ('1562369114496307209', 'adcode', '0', '310000', '上海', NULL, NULL, 813, '0', NULL, NULL, '上海', 'admin', '2022-08-24 17:21:32', NULL, NULL, '0');
INSERT INTO `sys_tree_dict_data` VALUES ('1562369114496307210', 'adcode', '0', '320000', '江苏', NULL, NULL, 831, '1', NULL, NULL, '江苏', 'admin', '2022-08-24 17:21:32', NULL, NULL, '0');
INSERT INTO `sys_tree_dict_data` VALUES ('1562369114496307211', 'adcode', '0', '330000', '浙江', NULL, NULL, 941, '0', NULL, NULL, '浙江', 'admin', '2022-08-24 17:21:32', NULL, NULL, '0');
INSERT INTO `sys_tree_dict_data` VALUES ('1562369114496307212', 'adcode', '0', '340000', '安徽', NULL, NULL, 1044, '0', NULL, NULL, '安徽', 'admin', '2022-08-24 17:21:32', NULL, NULL, '0');
INSERT INTO `sys_tree_dict_data` VALUES ('1562369114496307213', 'adcode', '0', '350000', '福建', NULL, NULL, 1168, '0', NULL, NULL, '福建', 'admin', '2022-08-24 17:21:32', NULL, NULL, '0');
INSERT INTO `sys_tree_dict_data` VALUES ('1562369114496307214', 'adcode', '0', '360000', '江西', NULL, NULL, 1263, '0', NULL, NULL, '江西', 'admin', '2022-08-24 17:21:32', NULL, NULL, '0');
INSERT INTO `sys_tree_dict_data` VALUES ('1562369114496307215', 'adcode', '0', '370000', '山东', NULL, NULL, 1378, '0', NULL, NULL, '山东', 'admin', '2022-08-24 17:21:32', NULL, NULL, '0');
INSERT INTO `sys_tree_dict_data` VALUES ('1562369114496307216', 'adcode', '0', '410000', '河南', NULL, NULL, 1537, '1', NULL, NULL, '河南', 'admin', '2022-08-24 17:21:32', NULL, NULL, '0');
INSERT INTO `sys_tree_dict_data` VALUES ('1562369114496307217', 'adcode', '0', '450000', '广西', NULL, NULL, 2118, '0', NULL, NULL, '广西', 'admin', '2022-08-24 17:21:32', NULL, NULL, '0');
INSERT INTO `sys_tree_dict_data` VALUES ('1562369114496307218', 'adcode', '0', '630000', '青海', NULL, NULL, 3072, '0', NULL, NULL, '青海', 'admin', '2022-08-24 17:21:32', NULL, NULL, '0');
INSERT INTO `sys_tree_dict_data` VALUES ('1562369114496307219', 'adcode', '0', '640000', '宁夏', NULL, NULL, 3126, '0', NULL, NULL, '宁夏', 'admin', '2022-08-24 17:21:32', NULL, NULL, '0');
INSERT INTO `sys_tree_dict_data` VALUES ('1562369114496307220', 'adcode', '0', '650000', '新疆', NULL, NULL, 3154, '0', NULL, NULL, '新疆', 'admin', '2022-08-24 17:21:32', NULL, NULL, '0');
INSERT INTO `sys_tree_dict_data` VALUES ('1562369114496307221', 'adcode', '0', '710000', '台湾', NULL, NULL, 3277, '0', NULL, NULL, '台湾', 'admin', '2022-08-24 17:21:32', NULL, NULL, '0');
INSERT INTO `sys_tree_dict_data` VALUES ('1562369114496307222', 'adcode', '0', '810000', '香港', NULL, NULL, 3278, '0', NULL, NULL, '香港', 'admin', '2022-08-24 17:21:32', NULL, NULL, '0');
INSERT INTO `sys_tree_dict_data` VALUES ('1562369114496307223', 'adcode', '0', '820000', '澳门', NULL, NULL, 3279, '0', NULL, NULL, '澳门', 'admin', '2022-08-24 17:21:32', NULL, NULL, '0');
INSERT INTO `sys_tree_dict_data` VALUES ('1562369114496307224', 'adcode', '0', 'A00000', '亚洲', NULL, NULL, 3280, '0', NULL, NULL, '亚洲', 'admin', '2022-08-24 17:21:32', NULL, NULL, '0');
INSERT INTO `sys_tree_dict_data` VALUES ('1562369114496307225', 'adcode', '0', 'B00000', '非洲', NULL, NULL, 3281, '0', NULL, NULL, '非洲', 'admin', '2022-08-24 17:21:32', NULL, NULL, '0');
INSERT INTO `sys_tree_dict_data` VALUES ('1562369114496307226', 'adcode', '0', 'C00000', '欧洲', NULL, NULL, 3282, '0', NULL, NULL, '欧洲', 'admin', '2022-08-24 17:21:32', NULL, NULL, '0');
INSERT INTO `sys_tree_dict_data` VALUES ('1562369114496307227', 'adcode', '0', 'D00000', '美洲', NULL, NULL, 3283, '0', NULL, NULL, '美洲', 'admin', '2022-08-24 17:21:32', NULL, NULL, '0');
INSERT INTO `sys_tree_dict_data` VALUES ('1562369114496307228', 'adcode', '0', 'E00000', '大洋洲', NULL, NULL, 3284, '0', NULL, NULL, '大洋洲', 'admin', '2022-08-24 17:21:32', NULL, NULL, '0');
INSERT INTO `sys_tree_dict_data` VALUES ('1562369114496307229', 'adcode', '0', 'F00000', '南极洲', NULL, NULL, 3285, '0', NULL, NULL, '南极洲', 'admin', '2022-08-24 17:21:32', NULL, NULL, '0');
INSERT INTO `sys_tree_dict_data` VALUES ('1562369114496307230', 'adcode', '0', '460000', '海南', NULL, NULL, 2245, '0', NULL, NULL, '海南', 'admin', '2022-08-24 17:21:32', NULL, NULL, '0');
INSERT INTO `sys_tree_dict_data` VALUES ('1562369114496307231', 'adcode', '0', '500000', '重庆', NULL, NULL, 2274, '0', NULL, NULL, '重庆', 'admin', '2022-08-24 17:21:32', NULL, NULL, '0');
INSERT INTO `sys_tree_dict_data` VALUES ('1562369114496307232', 'adcode', '0', '510000', '四川', NULL, NULL, 2315, '1', NULL, NULL, '四川', 'admin', '2022-08-24 17:21:32', NULL, NULL, '0');
INSERT INTO `sys_tree_dict_data` VALUES ('1562369114496307233', 'adcode', '0', '520000', '贵州', NULL, NULL, 2523, '0', NULL, NULL, '贵州', 'admin', '2022-08-24 17:21:32', NULL, NULL, '0');
INSERT INTO `sys_tree_dict_data` VALUES ('1562369114496307234', 'adcode', '0', '530000', '云南', NULL, NULL, 2622, '0', NULL, NULL, '云南', 'admin', '2022-08-24 17:21:32', NULL, NULL, '0');
INSERT INTO `sys_tree_dict_data` VALUES ('1562369114496307235', 'adcode', '0', '540000', '西藏', NULL, NULL, 2770, '0', NULL, NULL, '西藏', 'admin', '2022-08-24 17:21:32', NULL, NULL, '0');
INSERT INTO `sys_tree_dict_data` VALUES ('1562369114496307236', 'adcode', '0', '610000', '陕西', NULL, NULL, 2852, '0', NULL, NULL, '陕西', 'admin', '2022-08-24 17:21:32', NULL, NULL, '0');
INSERT INTO `sys_tree_dict_data` VALUES ('1562369114496307237', 'adcode', '0', '620000', '甘肃', NULL, NULL, 2971, '0', NULL, NULL, '甘肃', 'admin', '2022-08-24 17:21:32', NULL, NULL, '0');
INSERT INTO `sys_tree_dict_data` VALUES ('1562369114496307238', 'adcode', '0', '430000', '湖南', NULL, NULL, 1835, '0', NULL, NULL, '湖南', 'admin', '2022-08-24 17:21:32', NULL, NULL, '0');
INSERT INTO `sys_tree_dict_data` VALUES ('1562369114496307239', 'adcode', '0', '440000', '广东', NULL, NULL, 1974, '0', NULL, NULL, '广东', 'admin', '2022-08-24 17:21:32', NULL, NULL, '0');

-- ----------------------------
-- Table structure for sys_user
-- ----------------------------
DROP TABLE IF EXISTS `sys_user`;
CREATE TABLE `sys_user`  (
  `user_id` bigint(20) NOT NULL AUTO_INCREMENT COMMENT '用户ID',
  `dept_id` bigint(20) NULL DEFAULT NULL COMMENT '部门ID',
  `user_name` varchar(30) CHARACTER SET utf8 COLLATE utf8_general_ci NOT NULL COMMENT '用户账号',
  `nick_name` varchar(30) CHARACTER SET utf8 COLLATE utf8_general_ci NOT NULL COMMENT '用户昵称',
  `user_type` varchar(2) CHARACTER SET utf8 COLLATE utf8_general_ci NULL DEFAULT '00' COMMENT '用户类型（00系统用户）',
  `email` varchar(50) CHARACTER SET utf8 COLLATE utf8_general_ci NULL DEFAULT '' COMMENT '用户邮箱',
  `phonenumber` varchar(11) CHARACTER SET utf8 COLLATE utf8_general_ci NULL DEFAULT '' COMMENT '手机号码',
  `sex` char(1) CHARACTER SET utf8 COLLATE utf8_general_ci NULL DEFAULT '0' COMMENT '用户性别（0男 1女 2未知）',
  `avatar` varchar(100) CHARACTER SET utf8 COLLATE utf8_general_ci NULL DEFAULT '' COMMENT '头像地址',
  `password` varchar(100) CHARACTER SET utf8 COLLATE utf8_general_ci NULL DEFAULT '' COMMENT '密码',
  `password_cleartext` varchar(50) CHARACTER SET utf8 COLLATE utf8_general_ci NULL DEFAULT NULL COMMENT '明文密码',
  `status` char(1) CHARACTER SET utf8 COLLATE utf8_general_ci NULL DEFAULT '0' COMMENT '帐号状态（0正常 1停用）',
  `del_flag` char(1) CHARACTER SET utf8 COLLATE utf8_general_ci NULL DEFAULT '0' COMMENT '删除标志（0代表存在 2代表删除）',
  `login_ip` varchar(128) CHARACTER SET utf8 COLLATE utf8_general_ci NULL DEFAULT '' COMMENT '最后登录IP',
  `login_date` datetime NULL DEFAULT NULL COMMENT '最后登录时间',
  `create_by` varchar(64) CHARACTER SET utf8 COLLATE utf8_general_ci NULL DEFAULT '' COMMENT '创建者',
  `create_time` datetime NULL DEFAULT NULL COMMENT '创建时间',
  `update_by` varchar(64) CHARACTER SET utf8 COLLATE utf8_general_ci NULL DEFAULT '' COMMENT '更新者',
  `update_time` datetime NULL DEFAULT NULL COMMENT '更新时间',
  `remark` varchar(500) CHARACTER SET utf8 COLLATE utf8_general_ci NULL DEFAULT NULL COMMENT '备注',
  PRIMARY KEY (`user_id`) USING BTREE
) ENGINE = InnoDB AUTO_INCREMENT = 10 CHARACTER SET = utf8 COLLATE = utf8_general_ci COMMENT = '用户信息表' ROW_FORMAT = COMPACT;

-- ----------------------------
-- Records of sys_user
-- ----------------------------
INSERT INTO `sys_user` VALUES (1, 103, 'admin', '若依', '00', 'ry@163.com', '15888888888', '1', '', '$2a$10$hvoYV5Ehb0HIICljvXnhVOXFpu7WntRUKua0VfcyhMhE65eAZ50P.', 'admin123', '0', '0', '111.19.43.230', '2025-07-09 22:02:48', 'admin', '2022-07-30 12:09:02', '', '2025-07-09 22:02:48', '管理员');
INSERT INTO `sys_user` VALUES (2, 121, 'ry', '项目经理用户', '00', 'ry@qq.com', '15666666666', '1', '', '$2a$10$XdTXoFWgjp6R9AV4ksJP6OyzDududeSGMP4eti5cg.G2MDbsT/L3q', '123456', '0', '2', '127.0.0.1', '2025-05-24 09:58:20', 'admin', '2022-07-30 12:09:02', 'admin', '2025-06-26 15:53:46', '项目经理用户');
INSERT INTO `sys_user` VALUES (3, 123, 'puyg', '普通员工用户', '00', '', '15666668888', '0', '', '$2a$10$xdwxJ9NJj6YMZwww8TjN6ece99ARywL2tGo.ezr3AE..Z0Kxp04FK', '123456', '0', '0', '', NULL, 'admin', '2022-08-18 14:59:06', 'admin', '2025-06-26 15:53:35', '普通员工用户');
INSERT INTO `sys_user` VALUES (4, 100, 'rl', '人力用户', '00', '', '16688886666', '1', '', '$2a$10$geoRVJ95Ce56fa5C.sDPlePxgQBhmqScwOhZjyC83xITMQSYkBlu6', '123456', '0', '0', '127.0.0.1', '2025-01-09 11:30:40', 'admin', '2022-08-18 14:59:59', 'admin', '2025-01-10 16:57:25', '人力用户');
INSERT INTO `sys_user` VALUES (5, 100, 'zhangsan', '张三', '00', '', '18888888888', '0', '', '$2a$10$9XRqtklag2AmsYNxn7nPtOK84yIucMsyQUrhkqN4UIu9aE6qgCdhG', NULL, '0', '2', '', NULL, 'admin', '2022-08-20 20:44:07', '', NULL, '张三');
INSERT INTO `sys_user` VALUES (6, 100, '张三', 'zhangsan', '00', '', '18888888888', '0', '', '$2a$10$XQv4BvIzrW/15nbtTqk2p.UwXYbzvYys4Cj9yOb15IXpGNHZv511.', NULL, '0', '2', '', NULL, 'admin', '2022-08-20 20:45:30', '', NULL, '张三');
INSERT INTO `sys_user` VALUES (7, 100, '17866625901', '审批1', '00', '', '', '0', '', '$2a$10$j3FnBmkDG4KMFahL0oYpdeNUfn9SRd8ZGdUedPsl.JX77rBgYsVaW', '123456', '0', '0', '10.6.73.41', '2025-07-04 16:40:46', 'admin', '2025-05-24 11:51:43', '', '2025-07-04 16:40:49', NULL);
INSERT INTO `sys_user` VALUES (8, 100, '17866625902', '审批人2', '00', '', '', '0', '', '$2a$10$qYbct3L6dIgbCeAREwNpaOW5dUYBr2cPWz3wdGtekYOK2FQBOOztq', '123456', '0', '0', '127.0.0.1', '2025-07-01 09:18:46', 'admin', '2025-05-24 11:52:00', '', '2025-07-01 09:18:46', NULL);
INSERT INTO `sys_user` VALUES (9, 100, 'cs', 'cs', '00', '', '', '0', '', '$2a$10$39E8RE.6qio0o4wUs.pRhuiyadcS89XriG/cjYvn5USuVrXpv7eR2', '123456', '0', '0', '58.211.156.82', '2025-07-02 15:16:46', 'admin', '2025-07-02 15:14:29', 'admin', '2025-07-02 15:16:46', NULL);

-- ----------------------------
-- Table structure for sys_user_post
-- ----------------------------
DROP TABLE IF EXISTS `sys_user_post`;
CREATE TABLE `sys_user_post`  (
  `user_id` bigint(20) NOT NULL COMMENT '用户ID',
  `post_id` bigint(20) NOT NULL COMMENT '岗位ID',
  PRIMARY KEY (`user_id`, `post_id`) USING BTREE
) ENGINE = InnoDB CHARACTER SET = utf8 COLLATE = utf8_general_ci COMMENT = '用户与岗位关联表' ROW_FORMAT = COMPACT;

-- ----------------------------
-- Records of sys_user_post
-- ----------------------------
INSERT INTO `sys_user_post` VALUES (1, 1);
INSERT INTO `sys_user_post` VALUES (3, 4);
INSERT INTO `sys_user_post` VALUES (4, 3);

-- ----------------------------
-- Table structure for sys_user_role
-- ----------------------------
DROP TABLE IF EXISTS `sys_user_role`;
CREATE TABLE `sys_user_role`  (
  `user_id` bigint(20) NOT NULL COMMENT '用户ID',
  `role_id` bigint(20) NOT NULL COMMENT '角色ID',
  PRIMARY KEY (`user_id`, `role_id`) USING BTREE
) ENGINE = InnoDB CHARACTER SET = utf8 COLLATE = utf8_general_ci COMMENT = '用户和角色关联表' ROW_FORMAT = COMPACT;

-- ----------------------------
-- Records of sys_user_role
-- ----------------------------
INSERT INTO `sys_user_role` VALUES (1, 1);
INSERT INTO `sys_user_role` VALUES (1, 3);
INSERT INTO `sys_user_role` VALUES (3, 2);
INSERT INTO `sys_user_role` VALUES (4, 2);
INSERT INTO `sys_user_role` VALUES (7, 3);
INSERT INTO `sys_user_role` VALUES (8, 3);
INSERT INTO `sys_user_role` VALUES (9, 2);

SET FOREIGN_KEY_CHECKS = 1;
