/*
 Navicat Premium Data Transfer

 Source Server         : 自己 北京电信 16-16 101.237.129.80
 Source Server Type    : MySQL
 Source Server Version : 50743
 Source Host           : 101.237.129.80:3306
 Source Schema         : ruoyi-flowable

 Target Server Type    : MySQL
 Target Server Version : 50743
 File Encoding         : 65001

 Date: 10/01/2025 16:58:53
*/

SET NAMES utf8mb4;
SET FOREIGN_KEY_CHECKS = 0;

-- ----------------------------
-- Table structure for act_evt_log
-- ----------------------------
DROP TABLE IF EXISTS `act_evt_log`;
CREATE TABLE `act_evt_log`  (
  `LOG_NR_` bigint(20) NOT NULL AUTO_INCREMENT,
  `TYPE_` varchar(64) CHARACTER SET utf8 COLLATE utf8_bin NULL DEFAULT NULL,
  `PROC_DEF_ID_` varchar(64) CHARACTER SET utf8 COLLATE utf8_bin NULL DEFAULT NULL,
  `PROC_INST_ID_` varchar(64) CHARACTER SET utf8 COLLATE utf8_bin NULL DEFAULT NULL,
  `EXECUTION_ID_` varchar(64) CHARACTER SET utf8 COLLATE utf8_bin NULL DEFAULT NULL,
  `TASK_ID_` varchar(64) CHARACTER SET utf8 COLLATE utf8_bin NULL DEFAULT NULL,
  `TIME_STAMP_` timestamp(3) NOT NULL DEFAULT CURRENT_TIMESTAMP(3),
  `USER_ID_` varchar(255) CHARACTER SET utf8 COLLATE utf8_bin NULL DEFAULT NULL,
  `DATA_` longblob NULL,
  `LOCK_OWNER_` varchar(255) CHARACTER SET utf8 COLLATE utf8_bin NULL DEFAULT NULL,
  `LOCK_TIME_` timestamp(3) NULL DEFAULT NULL,
  `IS_PROCESSED_` tinyint(4) NULL DEFAULT 0,
  PRIMARY KEY (`LOG_NR_`) USING BTREE
) ENGINE = InnoDB AUTO_INCREMENT = 1 CHARACTER SET = utf8 COLLATE = utf8_bin ROW_FORMAT = COMPACT;

-- ----------------------------
-- Records of act_evt_log
-- ----------------------------

-- ----------------------------
-- Table structure for act_ge_bytearray
-- ----------------------------
DROP TABLE IF EXISTS `act_ge_bytearray`;
CREATE TABLE `act_ge_bytearray`  (
  `ID_` varchar(64) CHARACTER SET utf8 COLLATE utf8_bin NOT NULL,
  `REV_` int(11) NULL DEFAULT NULL,
  `NAME_` varchar(255) CHARACTER SET utf8 COLLATE utf8_bin NULL DEFAULT NULL,
  `DEPLOYMENT_ID_` varchar(64) CHARACTER SET utf8 COLLATE utf8_bin NULL DEFAULT NULL,
  `BYTES_` longblob NULL,
  `GENERATED_` tinyint(4) NULL DEFAULT NULL,
  PRIMARY KEY (`ID_`) USING BTREE,
  INDEX `ACT_FK_BYTEARR_DEPL`(`DEPLOYMENT_ID_`) USING BTREE,
  CONSTRAINT `ACT_FK_BYTEARR_DEPL` FOREIGN KEY (`DEPLOYMENT_ID_`) REFERENCES `act_re_deployment` (`ID_`) ON DELETE RESTRICT ON UPDATE RESTRICT
) ENGINE = InnoDB CHARACTER SET = utf8 COLLATE = utf8_bin ROW_FORMAT = COMPACT;

-- ----------------------------
-- Records of act_ge_bytearray
-- ----------------------------
INSERT INTO `act_ge_bytearray` VALUES ('035a3c8a-1ec1-11ed-af71-3887d5e2c283', 1, 'leave.bpmn', '035a3c89-1ec1-11ed-af71-3887d5e2c283', 0x3C3F786D6C2076657273696F6E3D22312E302220656E636F64696E673D225554462D38223F3E0A3C62706D6E323A646566696E6974696F6E7320786D6C6E733A7873693D22687474703A2F2F7777772E77332E6F72672F323030312F584D4C536368656D612D696E7374616E63652220786D6C6E733A62706D6E323D22687474703A2F2F7777772E6F6D672E6F72672F737065632F42504D4E2F32303130303532342F4D4F44454C2220786D6C6E733A62706D6E64693D22687474703A2F2F7777772E6F6D672E6F72672F737065632F42504D4E2F32303130303532342F44492220786D6C6E733A64693D22687474703A2F2F7777772E6F6D672E6F72672F737065632F44442F32303130303532342F44492220786D6C6E733A64633D22687474703A2F2F7777772E6F6D672E6F72672F737065632F44442F32303130303532342F4443222069643D226469616772616D5F50726F636573735F3136363037393533303330343622207461726765744E616D6573706163653D22687474703A2F2F666C6F7761626C652E6F72672F62706D6E223E3C62706D6E323A70726F636573732069643D226C6561766522206E616D653D22E8AFB7E581872220697345786563757461626C653D2274727565223E3C62706D6E323A73746172744576656E742069643D224576656E745F31753261757476223E3C62706D6E323A6F7574676F696E673E466C6F775F3163786F7838343C2F62706D6E323A6F7574676F696E673E3C2F62706D6E323A73746172744576656E743E3C62706D6E323A757365725461736B2069643D2241637469766974795F3067637864777522206E616D653D22E7BB8FE79086223E3C62706D6E323A696E636F6D696E673E466C6F775F3163786F7838343C2F62706D6E323A696E636F6D696E673E3C62706D6E323A6F7574676F696E673E466C6F775F31796B3164736A3C2F62706D6E323A6F7574676F696E673E3C2F62706D6E323A757365725461736B3E3C62706D6E323A73657175656E6365466C6F772069643D22466C6F775F3163786F7838342220736F757263655265663D224576656E745F3175326175747622207461726765745265663D2241637469766974795F3067637864777522202F3E3C62706D6E323A757365725461736B2069643D2241637469766974795F3133757130356D22206E616D653D22E4BABAE4BA8B223E3C62706D6E323A696E636F6D696E673E466C6F775F31796B3164736A3C2F62706D6E323A696E636F6D696E673E3C62706D6E323A6F7574676F696E673E466C6F775F3172697230686A3C2F62706D6E323A6F7574676F696E673E3C2F62706D6E323A757365725461736B3E3C62706D6E323A73657175656E6365466C6F772069643D22466C6F775F31796B3164736A2220736F757263655265663D2241637469766974795F3067637864777522207461726765745265663D2241637469766974795F3133757130356D22202F3E3C62706D6E323A656E644576656E742069643D224576656E745F30686C646A376C223E3C62706D6E323A696E636F6D696E673E466C6F775F3172697230686A3C2F62706D6E323A696E636F6D696E673E3C2F62706D6E323A656E644576656E743E3C62706D6E323A73657175656E6365466C6F772069643D22466C6F775F3172697230686A2220736F757263655265663D2241637469766974795F3133757130356D22207461726765745265663D224576656E745F30686C646A376C22202F3E3C2F62706D6E323A70726F636573733E3C62706D6E64693A42504D4E4469616772616D2069643D2242504D4E4469616772616D5F31223E3C62706D6E64693A42504D4E506C616E652069643D226C656176655F6469222062706D6E456C656D656E743D226C65617665223E3C62706D6E64693A42504D4E456467652069643D22466C6F775F3172697230686A5F6469222062706D6E456C656D656E743D22466C6F775F3172697230686A223E3C64693A776179706F696E7420783D223538302220793D2232383022202F3E3C64693A776179706F696E7420783D223634322220793D2232383022202F3E3C2F62706D6E64693A42504D4E456467653E3C62706D6E64693A42504D4E456467652069643D22466C6F775F31796B3164736A5F6469222062706D6E456C656D656E743D22466C6F775F31796B3164736A223E3C64693A776179706F696E7420783D223432302220793D2232383022202F3E3C64693A776179706F696E7420783D223438302220793D2232383022202F3E3C2F62706D6E64693A42504D4E456467653E3C62706D6E64693A42504D4E456467652069643D22466C6F775F3163786F7838345F6469222062706D6E456C656D656E743D22466C6F775F3163786F783834223E3C64693A776179706F696E7420783D223236382220793D2232383022202F3E3C64693A776179706F696E7420783D223332302220793D2232383022202F3E3C2F62706D6E64693A42504D4E456467653E3C62706D6E64693A42504D4E53686170652069643D224576656E745F317532617574765F6469222062706D6E456C656D656E743D224576656E745F31753261757476223E3C64633A426F756E647320783D223233322220793D22323632222077696474683D22333622206865696768743D22333622202F3E3C2F62706D6E64693A42504D4E53686170653E3C62706D6E64693A42504D4E53686170652069643D2241637469766974795F306763786477755F6469222062706D6E456C656D656E743D2241637469766974795F30676378647775223E3C64633A426F756E647320783D223332302220793D22323430222077696474683D2231303022206865696768743D22383022202F3E3C2F62706D6E64693A42504D4E53686170653E3C62706D6E64693A42504D4E53686170652069643D2241637469766974795F3133757130356D5F6469222062706D6E456C656D656E743D2241637469766974795F3133757130356D223E3C64633A426F756E647320783D223438302220793D22323430222077696474683D2231303022206865696768743D22383022202F3E3C2F62706D6E64693A42504D4E53686170653E3C62706D6E64693A42504D4E53686170652069643D224576656E745F30686C646A376C5F6469222062706D6E456C656D656E743D224576656E745F30686C646A376C223E3C64633A426F756E647320783D223634322220793D22323632222077696474683D22333622206865696768743D22333622202F3E3C2F62706D6E64693A42504D4E53686170653E3C2F62706D6E64693A42504D4E506C616E653E3C2F62706D6E64693A42504D4E4469616772616D3E3C2F62706D6E323A646566696E6974696F6E733E, 0);
INSERT INTO `act_ge_bytearray` VALUES ('0384f60b-1ec1-11ed-af71-3887d5e2c283', 1, 'leave.leave.png', '035a3c89-1ec1-11ed-af71-3887d5e2c283', 0x89504E470D0A1A0A0000000D49484452000002B00000014A0806000000E5A56C5400000EF84944415478DAEDDD4F6CD6F51D07700F1E76F0C0C1C30E1E3C78F0B0040F3BECB083871D3C98CC03B5F401023C0D329554D40191A01B8D7FA2C36AA8C61049604AC29A2EC0D62C6E16B0B4A90F86C53001216320034A4781E140044AF1B7EFB7E9D3FC28F40FD0F6799EDFF37A259F385A469BE69DDFEFDDEFF37DBEBF7BEE0100000000000000000000000000000000000000000000000000000000000000000000000000000000000000000000000000000000000000000000000000000000000000000000000000000000000000000000000000000000000000000000000000000000000000000000000000000000000000000000000000000000000000000000000000000000000000000000000000000000000000000000000000000000000000000000000000000000000000000000000000000000000000000000000000000000000000000000000000000000000000000000000000000000000000000000000000000000000000000000000000000000000000000000000000000000000000000000000000000000000000000000000000000000000000000000000000000000000000000000000000000000000000000000000000000000000000000000000000000000000000000000000000000000000000000000000000000000000000000000000000000000000000000000000000000000000000000000000000000000000000000000000000000000000000000000000000000000000000000000000000000000000000000000000000000000000000000000000000000000000000000000000000000000000000000000000000000000000000000000000000000000000000000000000000000000000000000000000000000000000000000000000000000000000000000000000000000000000000000000000000000000000000000000000000000000000000000000000000000000000000000000000000000000000000000000000000000000000000000000000000000000000000000000000000000000000000000000000000000000000000000000000000000000A02A244972EFD1A3475B77EFDE7D7DC78E1D497B7BBB99E6D9BE7D7BD2D9D97936CC5CF99307F9038071C4F2D0D5D595F4F5F52557AF5E35259A3367CE24BB76EDFA5F2813B3E4CFC81F008C21AE7C290F655322AEB6B7B71F943F237F003086F8B2AD9B77F94C2810D7E4CFC81F008C21EE8173E32EAB0291C89F913F00988402F1DDB7BDC9D13D1B9203DB1B0727FEEFF831377D0542FEE40F00CAAE405C3CDF93ECFFDBCBC93FFEB2EC86891F8B9F73E35720E44FFE00A0AC0AC489037FBEA93C14E7E48136377E0542FEE40F00CAAB401CFCECCD510B44FC9C1BBF02217FF20700655520F6B7FF76D402113FE7C6AF40C89FFC018002A140C89FFCC91F00DC698188EFFA1EAD40C4CFB9F12B10F2277F00505605E270F77BA31688F839377E0542FEE40F00CAAA409CEBF92AD9FFE96F6E7EF9367C2C7ECE8D5F81903FF90380B22A1071BEF9FB47371588F831377D0542FEE40F00CAAF405CB9921CFEFC839B5FBE0D1F8B9F73E35720E44FFE00A06C0A447CD2D13FBB9B47DD83183FE769480A84FCC91F0094BE405CB992F41EDE99ECFBEBCA51CB4371E2DF897FD76A9802217FF20700252910E3AD7A590D5320E44FFE00A0AC0AC44456BDC65A0D53041408F9933F0098D60271A7E5A1388A8002217FF20700D35A208C02217FF2C7E8162C583063F6ECD9B3C234872984E90D93A426FEB9505B5BFB615D5DDDDC30F7FBA901633A79F2E4CCAD5BB7BEFBFEFBEFEF5FB56AD5C5254B965C9F3367CEF08565D1A245FD2FBEF8E2B9D5AB5777AE59B3E657E142F42305D68D5B81903FA3C08E2714D2C7C37DA42D14D281118575DC09FF9FF6304F3CFAE8A3F7FA4902839224B9B750282C5FBB766D6F28A8C91B6FBC916CD9B225D9BB776FD2D3D3930C0C0C2445E7CE9D4BBEFAEAAB64DBB66DC97BEFBD9784023BB06CD9B2CFF3F9FC4C05D62810F2277F8C140AE84F43F9DC7DBBA57594D913FEADC7FC54A1CAEDDAB52BFFCE3BEF5C7CE6996792D6D6D6A4B7B737B91DE7CF9F1FBC683FFBECB3D71A1A1ABAC3C5E54105C22810F2277FC4D5D25036DFB8D58AEB8A152B06EF39DDDDDDC9F1E3C793CB972F0FDE53FAFBFB07FFBC7BF7EEC18594975F7E79B422DB5CEDAF0042D5AEBAB6B4B4ECCBE7F3C9E6CD9B872F1E772AAED2C655D979F3E65DABAFAF5FA140180542FEE4AF7ACD9933E78191ABAEE1FE906CD8B0E1B6174A8E1D3B96AC5FBF3EBEE237B2C4EE8B5FC74F1BAA44B8783CD8DCDCDCB774E9D2C10BC3648AFFDEF3CF3F7F79D1A2459BAAE1B763054281903FA3C0DE2814D78773B9DCA974D98C5BD3FAFAFAEEEAFE12B7B03536368E2CB127AAED953FA8DAF21AB70CC49765E2CBFF5321AEE6BEF6DA6B97EAEBEB3FC9FA867B054281903FA3C0DEB8F29A2EAF71D5B5A3A3E386F752DCADAEAEAEC17F5789852A11B70DC495D7585EEF76CBC044B614BCFAEAAB17C24566BD02611408F993BFEC1BDAF33ABC6D209E6073E8D0A129B9C7C43DB223B614ECABA9A9B9CF9D1E3228EE798DDB062E5CB8904C8758921B1A1A2E848BD87205C22810F2277FD916DFB0955E799DAAF29A2EB1E9631EE31BBBDCE921633A3B3B17C5376C4DF69ED789EC890D1798CBE137E3871408A340C89FFC65D3D05159C3A70DC46D03D3216E2718715EAC23B6202BE2D681B7DF7EFBBB78DA40296CD9B2E5DB5062B728104681903FF9CBECEAEBEEF41BB62673CFEB7846BCB16B8F871D4046C48714C4735EA77ADFEB58FB61F3F9FCE95C2EF78802611408F993BF6C197AC2D6F0D681BB3D6DE04E4E2748EF878D4FEC72E7870C686A6AEA8D074697525B5B5B7C97E8C70A845120E44FFEB2253E1EB6581EE339AFA5B069D3A61B1E3BEBCE0F15EEE4C99333E3E3616FF7E0E8C9168FECCAE572FFCDDAD9B00A8402217FA69A0B6CB8A6CF48EF7D2DD5BD26AEFAA6DFD015BEA7FB3500A8605BB76E7DF7ADB7DE4ACAC14B2FBDB427BED454093FB7F81B7C989F2B100A84FC996A2DB013C961288BB3D28F872DA5F46367C3F73D5703800AB676EDDA03F179D2E560E3C68DFB2AE59893F44B51A174FF4C815020E4CF545B819D480EE335BDF8F74ABD552DDEEB8ADF4BF87E3FD400A082AD5AB5EAE2DEBD7BCBA2C07EF9E59787C385A5504917EED47C72AB9508054281903F93F5023B560EE335BDF8F9EEEEEE92DE63E2B9B0A9EFB5A00140055BB264C9F552EF7F2D3A7BF6EC77E1A2D25BA117EEE19588F4055C815020E4CF545181BD2987F19A5EFCF8F1E3C74B7A8FE9E9E9497F9FBD1A0054B0B8A97D3ACFE31B4FBCB054F2853BBD12115F5253201408F933D55660D3394CFFB9BFBFBFA4F797F8F5D3DF8F0600157E012A2713B82056D42810E53559CB97FCC95F254DB9DD633400B0023B592E66600576F02485E2935E14082B60F267AA7005763887E98F97EA6139566021839E7EFAE9ABE5B207F6F4E9D3FB2B780FEC0DC5A1A8D20A44F8966F3913FDBC02217FF257D505F6A61CA6F7C01E3B76CC1E5860722C5FBEFC3FE5720A41A150E8A8C053080AF1B184A33D5BBB120BC4581F1BEFF30A84FCC95F5516D85173E81402604A3436367E5A2EE7C0363535B555D039B0B75CF152201408F993BF2A2AB0E3E6307D0E6C4B4B8B736081C9F1E69B6F2E5CB366CD0FE55060172F5EDC56294FE29A28054281903FF9ABE647C97A12173025162C58F0A37C3EDF7FEEDCB9529F011BF7BF9E89DF8F02A1402810F2277F99B9C7CC08D7F66BC5E278E4C89192DC63FAFAFA925C2EF743AAC0DEAF0140850BBF157FD6D6D656D202DBDCDCFCFB7051F9588150201408F993BFCCADC2B6158BE3BA75EB4A728FD9B469D30D0F5A70E7870CC8E7F3339F7AEAA981521D7132303070225C50FE157E3B7E448150201408F993BF6C895BC38AE571DEBC7983ABA1D329BEC2387FFEFCF4EAEB13EEFC9011CF3DF7DCAE52BD99EBF5D75FDF182E2AAD0A84638C1408F993BFCCAEC20E9F46D0D8D838ADE78FC7AF973EEA6BBC373F0215A4A6A6E6C70B172EBC3ADDE7F47DFDF5D7BBC205E562F8FA0F29104681903FF9CBA6279F7CF217E933633B3A3AA6E51ED3D5D575C359B57575758FB9E343C6E472B986A54B977E3F5D5B092E5DBA74207CCD03E1A2F26B05C22810F2277F995F85FD5DB148C6A740C67239D5E7BECE9D3BF78754816D76A7878CAAAFAFFF68F5EAD5535E620706068EE5F3F99DE182F28102611408F993BFEC1B7AB46C215D62A7EAE106B1BCCE9F3FFF7AAABCEEABA9A9B9CF5D1E327C8109C5F24FAFBCF2CA85A92AB171E53514E5CFE2BED7AC1D9BA5402810F267E46F74A1B43E10AEFD87D325366E2798CC3DB1716577C4CAEB89300FBAC3431594D85C2EB7AEA1A1E1C264EF898D7B5E87B60D7C90F5F2AA402810F26714D89BC532992EB1C53776DDEDE904F1B481116FD8525EA11AD5D6D62E09BF1D7FD7D2D272BEBFBFFFAE8FCA1A3A6DE06296F7BC2A100A84FC19F99BF04A6C215D36E3115B1B366C487A7B7B6FFB2105F19CD7F45159C56D03CA2B54A9783A415D5DDD1FC385E1DBD6D6D623E137DC6BB7FB84ADF89082F06F1C8A5B06C27F1F56208C02217FF2477CB5AFB6B6F69D11A5737056AE5C99B4B4B40CEE918DAF04161751E27F7B7A7A06F7B86EDBB66DF0F1B0E9276CA5DFB065CF2B1057637F12E6C370A1B8F0C20B2FEC5DBF7EFDDE2FBEF8E2C8A953A72EA5FAEAC558580B854247535353DBE2C58BE3D357CE84D2BA398B0F2950201408F933F277F7868ED82ADCAAC8DEC1EC7154167093B86F75E862138F43896FC4FA26FD9CEB30BD4317A2E6F8F4956AD8E7AA402810F267E46F52164A1E1F7AECECB5DB2DAEF1F1B0F1095B1E5200A0402810F267E4AF140B253342999D1D17428616447A4714D6C18592F8AA6028AD73E356373F3500054281903F237F0028B04681903FF953600150208C02217FF207000A8402217F46FE0050608D02217F4681054081300A84FCC91F0028100A84FC19F903408175E35620E4CF28B00028104681903FF90300054281903F237F0028B00A8402217F4681054081300A84FCC91F0028100A84FC19F90300054281903FA3C002A040180542FEE40F0014080542FE8CFC018002A140C89F516001A83C3B76EC70E32E9FB91C0AC435F933F2070063E8ECECECEDEBEB73F32E83E9E9E9F943281007E5CFC81F008C61E7CE9DBFECE8E8F8F6F4E9D3DFBB89976EE52B9687EDDBB7FF3BCC2CF933F20700E30837ADC7DBDBDBF7C4970FE31E3833ED137FEE07ABB53CC89FFC0100000000000000000000000000000000000000000000007097FE0F9AACDABD0B7E2F080000000049454E44AE426082, 1);
INSERT INTO `act_ge_bytearray` VALUES ('7c1f1aa7-1eaa-11ed-94d4-3887d5e2c283', 3, 'source', NULL, 0x3C3F786D6C2076657273696F6E3D22312E302220656E636F64696E673D225554462D38223F3E0A3C62706D6E323A646566696E6974696F6E7320786D6C6E733A7873693D22687474703A2F2F7777772E77332E6F72672F323030312F584D4C536368656D612D696E7374616E63652220786D6C6E733A62706D6E323D22687474703A2F2F7777772E6F6D672E6F72672F737065632F42504D4E2F32303130303532342F4D4F44454C2220786D6C6E733A62706D6E64693D22687474703A2F2F7777772E6F6D672E6F72672F737065632F42504D4E2F32303130303532342F44492220786D6C6E733A64693D22687474703A2F2F7777772E6F6D672E6F72672F737065632F44442F32303130303532342F44492220786D6C6E733A64633D22687474703A2F2F7777772E6F6D672E6F72672F737065632F44442F32303130303532342F4443222069643D226469616772616D5F50726F636573735F3136363037393533303330343622207461726765744E616D6573706163653D22687474703A2F2F666C6F7761626C652E6F72672F62706D6E223E3C62706D6E323A70726F636573732069643D226C6561766522206E616D653D22E8AFB7E581872220697345786563757461626C653D2274727565223E3C62706D6E323A73746172744576656E742069643D224576656E745F31753261757476223E3C62706D6E323A6F7574676F696E673E466C6F775F3163786F7838343C2F62706D6E323A6F7574676F696E673E3C2F62706D6E323A73746172744576656E743E3C62706D6E323A757365725461736B2069643D2241637469766974795F3067637864777522206E616D653D22E7BB8FE79086223E3C62706D6E323A696E636F6D696E673E466C6F775F3163786F7838343C2F62706D6E323A696E636F6D696E673E3C62706D6E323A6F7574676F696E673E466C6F775F31796B3164736A3C2F62706D6E323A6F7574676F696E673E3C2F62706D6E323A757365725461736B3E3C62706D6E323A73657175656E6365466C6F772069643D22466C6F775F3163786F7838342220736F757263655265663D224576656E745F3175326175747622207461726765745265663D2241637469766974795F3067637864777522202F3E3C62706D6E323A757365725461736B2069643D2241637469766974795F3133757130356D22206E616D653D22E4BABAE4BA8B223E3C62706D6E323A696E636F6D696E673E466C6F775F31796B3164736A3C2F62706D6E323A696E636F6D696E673E3C62706D6E323A6F7574676F696E673E466C6F775F3172697230686A3C2F62706D6E323A6F7574676F696E673E3C2F62706D6E323A757365725461736B3E3C62706D6E323A73657175656E6365466C6F772069643D22466C6F775F31796B3164736A2220736F757263655265663D2241637469766974795F3067637864777522207461726765745265663D2241637469766974795F3133757130356D22202F3E3C62706D6E323A656E644576656E742069643D224576656E745F30686C646A376C223E3C62706D6E323A696E636F6D696E673E466C6F775F3172697230686A3C2F62706D6E323A696E636F6D696E673E3C2F62706D6E323A656E644576656E743E3C62706D6E323A73657175656E6365466C6F772069643D22466C6F775F3172697230686A2220736F757263655265663D2241637469766974795F3133757130356D22207461726765745265663D224576656E745F30686C646A376C22202F3E3C2F62706D6E323A70726F636573733E3C62706D6E64693A42504D4E4469616772616D2069643D2242504D4E4469616772616D5F31223E3C62706D6E64693A42504D4E506C616E652069643D226C656176655F6469222062706D6E456C656D656E743D226C65617665223E3C62706D6E64693A42504D4E456467652069643D22466C6F775F3172697230686A5F6469222062706D6E456C656D656E743D22466C6F775F3172697230686A223E3C64693A776179706F696E7420783D223538302220793D2232383022202F3E3C64693A776179706F696E7420783D223634322220793D2232383022202F3E3C2F62706D6E64693A42504D4E456467653E3C62706D6E64693A42504D4E456467652069643D22466C6F775F31796B3164736A5F6469222062706D6E456C656D656E743D22466C6F775F31796B3164736A223E3C64693A776179706F696E7420783D223432302220793D2232383022202F3E3C64693A776179706F696E7420783D223438302220793D2232383022202F3E3C2F62706D6E64693A42504D4E456467653E3C62706D6E64693A42504D4E456467652069643D22466C6F775F3163786F7838345F6469222062706D6E456C656D656E743D22466C6F775F3163786F783834223E3C64693A776179706F696E7420783D223236382220793D2232383022202F3E3C64693A776179706F696E7420783D223332302220793D2232383022202F3E3C2F62706D6E64693A42504D4E456467653E3C62706D6E64693A42504D4E53686170652069643D224576656E745F317532617574765F6469222062706D6E456C656D656E743D224576656E745F31753261757476223E3C64633A426F756E647320783D223233322220793D22323632222077696474683D22333622206865696768743D22333622202F3E3C2F62706D6E64693A42504D4E53686170653E3C62706D6E64693A42504D4E53686170652069643D2241637469766974795F306763786477755F6469222062706D6E456C656D656E743D2241637469766974795F30676378647775223E3C64633A426F756E647320783D223332302220793D22323430222077696474683D2231303022206865696768743D22383022202F3E3C2F62706D6E64693A42504D4E53686170653E3C62706D6E64693A42504D4E53686170652069643D2241637469766974795F3133757130356D5F6469222062706D6E456C656D656E743D2241637469766974795F3133757130356D223E3C64633A426F756E647320783D223438302220793D22323430222077696474683D2231303022206865696768743D22383022202F3E3C2F62706D6E64693A42504D4E53686170653E3C62706D6E64693A42504D4E53686170652069643D224576656E745F30686C646A376C5F6469222062706D6E456C656D656E743D224576656E745F30686C646A376C223E3C64633A426F756E647320783D223634322220793D22323632222077696474683D22333622206865696768743D22333622202F3E3C2F62706D6E64693A42504D4E53686170653E3C2F62706D6E64693A42504D4E506C616E653E3C2F62706D6E64693A42504D4E4469616772616D3E3C2F62706D6E323A646566696E6974696F6E733E, NULL);
INSERT INTO `act_ge_bytearray` VALUES ('dc1417b0-2139-11ed-89a5-3887d5e2c283', 1, 'source', NULL, 0x3C3F786D6C2076657273696F6E3D22312E302220656E636F64696E673D225554462D38223F3E0A3C62706D6E323A646566696E6974696F6E7320786D6C6E733A7873693D22687474703A2F2F7777772E77332E6F72672F323030312F584D4C536368656D612D696E7374616E63652220786D6C6E733A62706D6E323D22687474703A2F2F7777772E6F6D672E6F72672F737065632F42504D4E2F32303130303532342F4D4F44454C2220786D6C6E733A62706D6E64693D22687474703A2F2F7777772E6F6D672E6F72672F737065632F42504D4E2F32303130303532342F44492220786D6C6E733A64633D22687474703A2F2F7777772E6F6D672E6F72672F737065632F44442F32303130303532342F44432220786D6C6E733A64693D22687474703A2F2F7777772E6F6D672E6F72672F737065632F44442F32303130303532342F44492220786D6C6E733A666C6F7761626C653D22687474703A2F2F666C6F7761626C652E6F72672F62706D6E222069643D226469616772616D5F50726F636573735F3136363130373633323335343322207461726765744E616D6573706163653D22687474703A2F2F666C6F7761626C652E6F72672F62706D6E223E3C62706D6E323A70726F636573732069643D227369676E22206E616D653D22E4BC9AE7ADBE2220697345786563757461626C653D2274727565223E3C62706D6E323A73746172744576656E742069643D224576656E745F306B696E73396122206E616D653D22E5BC80E5A78B223E3C62706D6E323A6F7574676F696E673E466C6F775F3076676B7030393C2F62706D6E323A6F7574676F696E673E3C2F62706D6E323A73746172744576656E743E3C62706D6E323A757365725461736B2069643D2241637469766974795F30387432626B6522206E616D653D22E5AEA1E689B9E4B880223E3C62706D6E323A696E636F6D696E673E466C6F775F3076676B7030393C2F62706D6E323A696E636F6D696E673E3C62706D6E323A6F7574676F696E673E466C6F775F306F6E727864633C2F62706D6E323A6F7574676F696E673E3C2F62706D6E323A757365725461736B3E3C62706D6E323A73657175656E6365466C6F772069643D22466C6F775F3076676B7030392220736F757263655265663D224576656E745F306B696E73396122207461726765745265663D2241637469766974795F30387432626B6522202F3E3C62706D6E323A757365725461736B2069643D2241637469766974795F30696E3274336322206E616D653D22E5AEA1E689B9E4BA8C223E3C62706D6E323A696E636F6D696E673E466C6F775F306F6E727864633C2F62706D6E323A696E636F6D696E673E3C62706D6E323A6F7574676F696E673E466C6F775F307A6E327665313C2F62706D6E323A6F7574676F696E673E3C62706D6E323A6D756C7469496E7374616E63654C6F6F7043686172616374657269737469637320666C6F7761626C653A6578636C75736976653D2266616C73652220666C6F7761626C653A636F6C6C656374696F6E3D22247B636F6C6C5F757365724C6973747D22202F3E3C2F62706D6E323A757365725461736B3E3C62706D6E323A73657175656E6365466C6F772069643D22466C6F775F306F6E727864632220736F757263655265663D2241637469766974795F30387432626B6522207461726765745265663D2241637469766974795F30696E3274336322202F3E3C62706D6E323A656E644576656E742069643D224576656E745F316A686B37313722206E616D653D22E7BB93E69D9F223E3C62706D6E323A696E636F6D696E673E466C6F775F307A6E327665313C2F62706D6E323A696E636F6D696E673E3C2F62706D6E323A656E644576656E743E3C62706D6E323A73657175656E6365466C6F772069643D22466C6F775F307A6E327665312220736F757263655265663D2241637469766974795F30696E3274336322207461726765745265663D224576656E745F316A686B37313722202F3E3C2F62706D6E323A70726F636573733E3C62706D6E64693A42504D4E4469616772616D2069643D2242504D4E4469616772616D5F31223E3C62706D6E64693A42504D4E506C616E652069643D227369676E5F6469222062706D6E456C656D656E743D227369676E223E3C62706D6E64693A42504D4E456467652069643D22466C6F775F3076676B7030395F6469222062706D6E456C656D656E743D22466C6F775F3076676B703039223E3C64693A776179706F696E7420783D223435382220793D2233303022202F3E3C64693A776179706F696E7420783D223531302220793D2233303022202F3E3C2F62706D6E64693A42504D4E456467653E3C62706D6E64693A42504D4E456467652069643D22466C6F775F306F6E727864635F6469222062706D6E456C656D656E743D22466C6F775F306F6E72786463223E3C64693A776179706F696E7420783D223631302220793D2233303022202F3E3C64693A776179706F696E7420783D223637302220793D2233303022202F3E3C2F62706D6E64693A42504D4E456467653E3C62706D6E64693A42504D4E456467652069643D22466C6F775F307A6E327665315F6469222062706D6E456C656D656E743D22466C6F775F307A6E32766531223E3C64693A776179706F696E7420783D223737302220793D2233303022202F3E3C64693A776179706F696E7420783D223833322220793D2233303022202F3E3C2F62706D6E64693A42504D4E456467653E3C62706D6E64693A42504D4E53686170652069643D224576656E745F306B696E7339615F6469222062706D6E456C656D656E743D224576656E745F306B696E733961223E3C64633A426F756E647320783D223432322220793D22323832222077696474683D22333622206865696768743D22333622202F3E3C62706D6E64693A42504D4E4C6162656C3E3C64633A426F756E647320783D223432392220793D22333235222077696474683D22323222206865696768743D22313422202F3E3C2F62706D6E64693A42504D4E4C6162656C3E3C2F62706D6E64693A42504D4E53686170653E3C62706D6E64693A42504D4E53686170652069643D2241637469766974795F30387432626B655F6469222062706D6E456C656D656E743D2241637469766974795F30387432626B65223E3C64633A426F756E647320783D223531302220793D22323630222077696474683D2231303022206865696768743D22383022202F3E3C2F62706D6E64693A42504D4E53686170653E3C62706D6E64693A42504D4E53686170652069643D2241637469766974795F30696E327433635F6469222062706D6E456C656D656E743D2241637469766974795F30696E32743363223E3C64633A426F756E647320783D223637302220793D22323630222077696474683D2231303022206865696768743D22383022202F3E3C2F62706D6E64693A42504D4E53686170653E3C62706D6E64693A42504D4E53686170652069643D224576656E745F316A686B3731375F6469222062706D6E456C656D656E743D224576656E745F316A686B373137223E3C64633A426F756E647320783D223833322220793D22323832222077696474683D22333622206865696768743D22333622202F3E3C62706D6E64693A42504D4E4C6162656C3E3C64633A426F756E647320783D223833392220793D22333235222077696474683D22323222206865696768743D22313422202F3E3C2F62706D6E64693A42504D4E4C6162656C3E3C2F62706D6E64693A42504D4E53686170653E3C2F62706D6E64693A42504D4E506C616E653E3C2F62706D6E64693A42504D4E4469616772616D3E3C2F62706D6E323A646566696E6974696F6E733E, NULL);
INSERT INTO `act_ge_bytearray` VALUES ('f505144e-1ec3-11ed-af71-3887d5e2c283', 1, 'leave.bpmn', 'f505144d-1ec3-11ed-af71-3887d5e2c283', 0x3C3F786D6C2076657273696F6E3D22312E302220656E636F64696E673D225554462D38223F3E0A3C62706D6E323A646566696E6974696F6E7320786D6C6E733A7873693D22687474703A2F2F7777772E77332E6F72672F323030312F584D4C536368656D612D696E7374616E63652220786D6C6E733A62706D6E323D22687474703A2F2F7777772E6F6D672E6F72672F737065632F42504D4E2F32303130303532342F4D4F44454C2220786D6C6E733A62706D6E64693D22687474703A2F2F7777772E6F6D672E6F72672F737065632F42504D4E2F32303130303532342F44492220786D6C6E733A64693D22687474703A2F2F7777772E6F6D672E6F72672F737065632F44442F32303130303532342F44492220786D6C6E733A64633D22687474703A2F2F7777772E6F6D672E6F72672F737065632F44442F32303130303532342F4443222069643D226469616772616D5F50726F636573735F3136363037393533303330343622207461726765744E616D6573706163653D22687474703A2F2F666C6F7761626C652E6F72672F62706D6E223E3C62706D6E323A70726F636573732069643D226C6561766522206E616D653D22E8AFB7E581872220697345786563757461626C653D2274727565223E3C62706D6E323A73746172744576656E742069643D224576656E745F31753261757476223E3C62706D6E323A6F7574676F696E673E466C6F775F3163786F7838343C2F62706D6E323A6F7574676F696E673E3C2F62706D6E323A73746172744576656E743E3C62706D6E323A757365725461736B2069643D2241637469766974795F3067637864777522206E616D653D22E7BB8FE79086223E3C62706D6E323A696E636F6D696E673E466C6F775F3163786F7838343C2F62706D6E323A696E636F6D696E673E3C62706D6E323A6F7574676F696E673E466C6F775F31796B3164736A3C2F62706D6E323A6F7574676F696E673E3C2F62706D6E323A757365725461736B3E3C62706D6E323A73657175656E6365466C6F772069643D22466C6F775F3163786F7838342220736F757263655265663D224576656E745F3175326175747622207461726765745265663D2241637469766974795F3067637864777522202F3E3C62706D6E323A757365725461736B2069643D2241637469766974795F3133757130356D22206E616D653D22E4BABAE4BA8B223E3C62706D6E323A696E636F6D696E673E466C6F775F31796B3164736A3C2F62706D6E323A696E636F6D696E673E3C62706D6E323A6F7574676F696E673E466C6F775F3172697230686A3C2F62706D6E323A6F7574676F696E673E3C2F62706D6E323A757365725461736B3E3C62706D6E323A73657175656E6365466C6F772069643D22466C6F775F31796B3164736A2220736F757263655265663D2241637469766974795F3067637864777522207461726765745265663D2241637469766974795F3133757130356D22202F3E3C62706D6E323A656E644576656E742069643D224576656E745F30686C646A376C223E3C62706D6E323A696E636F6D696E673E466C6F775F3172697230686A3C2F62706D6E323A696E636F6D696E673E3C2F62706D6E323A656E644576656E743E3C62706D6E323A73657175656E6365466C6F772069643D22466C6F775F3172697230686A2220736F757263655265663D2241637469766974795F3133757130356D22207461726765745265663D224576656E745F30686C646A376C22202F3E3C2F62706D6E323A70726F636573733E3C62706D6E64693A42504D4E4469616772616D2069643D2242504D4E4469616772616D5F31223E3C62706D6E64693A42504D4E506C616E652069643D226C656176655F6469222062706D6E456C656D656E743D226C65617665223E3C62706D6E64693A42504D4E456467652069643D22466C6F775F3172697230686A5F6469222062706D6E456C656D656E743D22466C6F775F3172697230686A223E3C64693A776179706F696E7420783D223538302220793D2232383022202F3E3C64693A776179706F696E7420783D223634322220793D2232383022202F3E3C2F62706D6E64693A42504D4E456467653E3C62706D6E64693A42504D4E456467652069643D22466C6F775F31796B3164736A5F6469222062706D6E456C656D656E743D22466C6F775F31796B3164736A223E3C64693A776179706F696E7420783D223432302220793D2232383022202F3E3C64693A776179706F696E7420783D223438302220793D2232383022202F3E3C2F62706D6E64693A42504D4E456467653E3C62706D6E64693A42504D4E456467652069643D22466C6F775F3163786F7838345F6469222062706D6E456C656D656E743D22466C6F775F3163786F783834223E3C64693A776179706F696E7420783D223236382220793D2232383022202F3E3C64693A776179706F696E7420783D223332302220793D2232383022202F3E3C2F62706D6E64693A42504D4E456467653E3C62706D6E64693A42504D4E53686170652069643D224576656E745F317532617574765F6469222062706D6E456C656D656E743D224576656E745F31753261757476223E3C64633A426F756E647320783D223233322220793D22323632222077696474683D22333622206865696768743D22333622202F3E3C2F62706D6E64693A42504D4E53686170653E3C62706D6E64693A42504D4E53686170652069643D2241637469766974795F306763786477755F6469222062706D6E456C656D656E743D2241637469766974795F30676378647775223E3C64633A426F756E647320783D223332302220793D22323430222077696474683D2231303022206865696768743D22383022202F3E3C2F62706D6E64693A42504D4E53686170653E3C62706D6E64693A42504D4E53686170652069643D2241637469766974795F3133757130356D5F6469222062706D6E456C656D656E743D2241637469766974795F3133757130356D223E3C64633A426F756E647320783D223438302220793D22323430222077696474683D2231303022206865696768743D22383022202F3E3C2F62706D6E64693A42504D4E53686170653E3C62706D6E64693A42504D4E53686170652069643D224576656E745F30686C646A376C5F6469222062706D6E456C656D656E743D224576656E745F30686C646A376C223E3C64633A426F756E647320783D223634322220793D22323632222077696474683D22333622206865696768743D22333622202F3E3C2F62706D6E64693A42504D4E53686170653E3C2F62706D6E64693A42504D4E506C616E653E3C2F62706D6E64693A42504D4E4469616772616D3E3C2F62706D6E323A646566696E6974696F6E733E, 0);
INSERT INTO `act_ge_bytearray` VALUES ('f51986af-1ec3-11ed-af71-3887d5e2c283', 1, 'leave.leave.png', 'f505144d-1ec3-11ed-af71-3887d5e2c283', 0x89504E470D0A1A0A0000000D49484452000002B00000014A0806000000E5A56C5400000EF84944415478DAEDDD4F6CD6F51D07700F1E76F0C0C1C30E1E3C78F0B0040F3BECB083871D3C98CC03B5F401023C0D329554D40191A01B8D7FA2C36AA8C61049604AC29A2EC0D62C6E16B0B4A90F86C53001216320034A4781E140044AF1B7EFB7E9D3FC28F40FD0F6799EDFF37A259F385A469BE69DDFEFDDEFF37DBEBF7BEE0100000000000000000000000000000000000000000000000000000000000000000000000000000000000000000000000000000000000000000000000000000000000000000000000000000000000000000000000000000000000000000000000000000000000000000000000000000000000000000000000000000000000000000000000000000000000000000000000000000000000000000000000000000000000000000000000000000000000000000000000000000000000000000000000000000000000000000000000000000000000000000000000000000000000000000000000000000000000000000000000000000000000000000000000000000000000000000000000000000000000000000000000000000000000000000000000000000000000000000000000000000000000000000000000000000000000000000000000000000000000000000000000000000000000000000000000000000000000000000000000000000000000000000000000000000000000000000000000000000000000000000000000000000000000000000000000000000000000000000000000000000000000000000000000000000000000000000000000000000000000000000000000000000000000000000000000000000000000000000000000000000000000000000000000000000000000000000000000000000000000000000000000000000000000000000000000000000000000000000000000000000000000000000000000000000000000000000000000000000000000000000000000000000000000000000000000000000000000000000000000000000000000000000000000000000000000000000000000000000000000000000000000000000000A02A244972EFD1A3475B77EFDE7D7DC78E1D497B7BBB99E6D9BE7D7BD2D9D97936CC5CF99307F9038071C4F2D0D5D595F4F5F52557AF5E35259A3367CE24BB76EDFA5F2813B3E4CFC81F008C21AE7C290F655322AEB6B7B71F943F237F003086F8B2AD9B77F94C2810D7E4CFC81F008C21EE8173E32EAB0291C89F913F00988402F1DDB7BDC9D13D1B9203DB1B0727FEEFF831377D0542FEE40F00CAAE405C3CDF93ECFFDBCBC93FFEB2EC86891F8B9F73E35720E44FFE00A0AC0AC489037FBEA93C14E7E48136377E0542FEE40F00CAAB401CFCECCD510B44FC9C1BBF02217FF20700655520F6B7FF76D402113FE7C6AF40C89FFC018002A140C89FFCC91F00DC698188EFFA1EAD40C4CFB9F12B10F2277F00505605E270F77BA31688F839377E0542FEE40F00CAAA409CEBF92AD9FFE96F6E7EF9367C2C7ECE8D5F81903FF90380B22A1071BEF9FB47371588F831377D0542FEE40F00CAAF405CB9921CFEFC839B5FBE0D1F8B9F73E35720E44FFE00A06C0A447CD2D13FBB9B47DD83183FE769480A84FCC91F0094BE405CB992F41EDE99ECFBEBCA51CB4371E2DF897FD76A9802217FF20700252910E3AD7A590D5320E44FFE00A0AC0AC44456BDC65A0D53041408F9933F0098D60271A7E5A1388A8002217FF20700D35A208C02217FF2C7E8162C583063F6ECD9B3C234872984E90D93A426FEB9505B5BFB615D5DDDDC30F7FBA901633A79F2E4CCAD5BB7BEFBFEFBEFEF5FB56AD5C5254B965C9F3367CEF08565D1A245FD2FBEF8E2B9D5AB5777AE59B3E657E142F42305D68D5B81903FA3C08E2714D2C7C37DA42D14D281118575DC09FF9FF6304F3CFAE8A3F7FA4902839224B9B750282C5FBB766D6F28A8C91B6FBC916CD9B225D9BB776FD2D3D3930C0C0C2445E7CE9D4BBEFAEAAB64DBB66DC97BEFBD9784023BB06CD9B2CFF3F9FC4C05D62810F2277F8C140AE84F43F9DC7DBBA57594D913FEADC7FC54A1CAEDDAB52BFFCE3BEF5C7CE6996792D6D6D6A4B7B737B91DE7CF9F1FBC683FFBECB3D71A1A1ABAC3C5E54105C22810F2277FC4D5D25036DFB8D58AEB8A152B06EF39DDDDDDC9F1E3C793CB972F0FDE53FAFBFB07FFBC7BF7EEC18594975F7E79B422DB5CEDAF0042D5AEBAB6B4B4ECCBE7F3C9E6CD9B872F1E772AAED2C655D979F3E65DABAFAF5FA140180542FEE4AF7ACD9933E78191ABAEE1FE906CD8B0E1B6174A8E1D3B96AC5FBF3EBEE237B2C4EE8B5FC74F1BAA44B8783CD8DCDCDCB774E9D2C10BC3648AFFDEF3CF3F7F79D1A2459BAAE1B763054281903FA3C0DE2814D78773B9DCA974D98C5BD3FAFAFAEEEAFE12B7B03536368E2CB127AAED953FA8DAF21AB70CC49765E2CBFF5321AEE6BEF6DA6B97EAEBEB3FC9FA867B054281903FA3C0DEB8F29A2EAF71D5B5A3A3E386F752DCADAEAEAEC17F5789852A11B70DC495D7585EEF76CBC044B614BCFAEAAB17C24566BD02611408F993BFEC1BDAF33ABC6D209E6073E8D0A129B9C7C43DB223B614ECABA9A9B9CF9D1E3228EE798DDB062E5CB8904C8758921B1A1A2E848BD87205C22810F2277FD916DFB0955E799DAAF29A2EB1E9631EE31BBBDCE921633A3B3B17C5376C4DF69ED789EC890D1798CBE137E3871408A340C89FFC65D3D05159C3A70DC46D03D3216E2718715EAC23B6202BE2D681B7DF7EFBBB78DA40296CD9B2E5DB5062B728104681903FF9CBECEAEBEEF41BB62673CFEB7846BCB16B8F871D4046C48714C4735EA77ADFEB58FB61F3F9FCE95C2EF78802611408F993BF6C197AC2D6F0D681BB3D6DE04E4E2748EF878D4FEC72E7870C686A6AEA8D074697525B5B5B7C97E8C70A845120E44FFEB2253E1EB6581EE339AFA5B069D3A61B1E3BEBCE0F15EEE4C99333E3E3616FF7E0E8C9168FECCAE572FFCDDAD9B00A8402217FA69A0B6CB8A6CF48EF7D2DD5BD26AEFAA6DFD015BEA7FB3500A8605BB76E7DF7ADB7DE4ACAC14B2FBDB427BED454093FB7F81B7C989F2B100A84FC996A2DB013C961288BB3D28F872DA5F46367C3F73D5703800AB676EDDA03F179D2E560E3C68DFB2AE59893F44B51A174FF4C815020E4CF545B819D480EE335BDF8F74ABD552DDEEB8ADF4BF87E3FD400A082AD5AB5EAE2DEBD7BCBA2C07EF9E59787C385A5504917EED47C72AB9508054281903F93F5023B560EE335BDF8F9EEEEEE92DE63E2B9B0A9EFB5A00140055BB264C9F552EF7F2D3A7BF6EC77E1A2D25BA117EEE19588F4055C815020E4CF545181BD2987F19A5EFCF8F1E3C74B7A8FE9E9E9497F9FBD1A0054B0B8A97D3ACFE31B4FBCB054F2853BBD12115F5253201408F933D55660D3394CFFB9BFBFBFA4F797F8F5D3DF8F0600157E012A2713B82056D42810E53559CB97FCC95F254DB9DD633400B0023B592E66600576F02485E2935E14082B60F267AA7005763887E98F97EA6139566021839E7EFAE9ABE5B207F6F4E9D3FB2B780FEC0DC5A1A8D20A44F8966F3913FDBC02217FF257D505F6A61CA6F7C01E3B76CC1E5860722C5FBEFC3FE5720A41A150E8A8C053080AF1B184A33D5BBB120BC4581F1BEFF30A84FCC95F5516D85173E81402604A3436367E5A2EE7C0363535B555D039B0B75CF152201408F993BF2A2AB0E3E6307D0E6C4B4B8B736081C9F1E69B6F2E5CB366CD0FE55060172F5EDC56294FE29A28054281903FF9ABE647C97A12173025162C58F0A37C3EDF7FEEDCB9529F011BF7BF9E89DF8F02A1402810F2277F99B9C7CC08D7F66BC5E278E4C89192DC63FAFAFA925C2EF743AAC0DEAF0140850BBF157FD6D6D656D202DBDCDCFCFB7051F9588150201408F993BFCCADC2B6158BE3BA75EB4A728FD9B469D30D0F5A70E7870CC8E7F3339F7AEAA981521D7132303070225C50FE157E3B7E448150201408F993BF6C895BC38AE571DEBC7983ABA1D329BEC2387FFEFCF4EAEB13EEFC9011CF3DF7DCAE52BD99EBF5D75FDF182E2AAD0A84638C1408F993BFCCAEC20E9F46D0D8D838ADE78FC7AF973EEA6BBC373F0215A4A6A6E6C70B172EBC3ADDE7F47DFDF5D7BBC205E562F8FA0F29104681903FF9CBA6279F7CF217E933633B3A3AA6E51ED3D5D575C359B57575758FB9E343C6E472B986A54B977E3F5D5B092E5DBA74207CCD03E1A2F26B05C22810F2277F995F85FD5DB148C6A740C67239D5E7BECE9D3BF78754816D76A7878CAAAFAFFF68F5EAD5535E620706068EE5F3F99DE182F28102611408F993BFEC1B7AB46C215D62A7EAE106B1BCCE9F3FFF7AAABCEEABA9A9B9CF5D1E327C8109C5F24FAFBCF2CA85A92AB171E53514E5CFE2BED7AC1D9BA5402810F267E46F74A1B43E10AEFD87D325366E2798CC3DB1716577C4CAEB89300FBAC3431594D85C2EB7AEA1A1E1C264EF898D7B5E87B60D7C90F5F2AA402810F26714D89BC532992EB1C53776DDEDE904F1B481116FD8525EA11AD5D6D62E09BF1D7FD7D2D272BEBFBFFFAE8FCA1A3A6DE06296F7BC2A100A84FC19F99BF04A6C215D36E3115B1B366C487A7B7B6FFB2105F19CD7F45159C56D03CA2B54A9783A415D5DDD1FC385E1DBD6D6D623E137DC6BB7FB84ADF89082F06F1C8A5B06C27F1F56208C02217FF2477CB5AFB6B6F69D11A5737056AE5C99B4B4B40CEE918DAF04161751E27F7B7A7A06F7B86EDBB66DF0F1B0E9276CA5DFB065CF2B1057637F12E6C370A1B8F0C20B2FEC5DBF7EFDDE2FBEF8E2C8A953A72EA5FAEAC558580B854247535353DBE2C58BE3D357CE84D2BA398B0F2950201408F933F277F7868ED82ADCAAC8DEC1EC7154167093B86F75E862138F43896FC4FA26FD9CEB30BD4317A2E6F8F4956AD8E7AA402810F267E46F52164A1E1F7AECECB5DB2DAEF1F1B0F1095B1E5200A0402810F267E4AF140B253342999D1D17428616447A4714D6C18592F8AA6028AD73E356373F3500054281903F237F0028B04681903FF953600150208C02217FF207000A8402217F46FE0050608D02217F4681054081300A84FCC91F0028100A84FC19F903408175E35620E4CF28B00028104681903FF90300054281903F237F0028B00A8402217F4681054081300A84FCC91F0028100A84FC19F90300054281903FA3C002A040180542FEE40F0014080542FE8CFC018002A140C89F516001A83C3B76EC70E32E9FB91C0AC435F933F2070063E8ECECECEDEBEB73F32E83E9E9E9F943281007E5CFC81F008C61E7CE9DBFECE8E8F8F6F4E9D3DFBB89976EE52B9687EDDBB7FF3BCC2CF933F20700E30837ADC7DBDBDBF7C4970FE31E3833ED137FEE07ABB53CC89FFC0100000000000000000000000000000000000000000000007097FE0F9AACDABD0B7E2F080000000049454E44AE426082, 1);

-- ----------------------------
-- Table structure for act_ge_property
-- ----------------------------
DROP TABLE IF EXISTS `act_ge_property`;
CREATE TABLE `act_ge_property`  (
  `NAME_` varchar(64) CHARACTER SET utf8 COLLATE utf8_bin NOT NULL,
  `VALUE_` varchar(300) CHARACTER SET utf8 COLLATE utf8_bin NULL DEFAULT NULL,
  `REV_` int(11) NULL DEFAULT NULL,
  PRIMARY KEY (`NAME_`) USING BTREE
) ENGINE = InnoDB CHARACTER SET = utf8 COLLATE = utf8_bin ROW_FORMAT = COMPACT;

-- ----------------------------
-- Records of act_ge_property
-- ----------------------------
INSERT INTO `act_ge_property` VALUES ('batch.schema.version', '6.7.2.0', 1);
INSERT INTO `act_ge_property` VALUES ('cfg.execution-related-entities-count', 'true', 1);
INSERT INTO `act_ge_property` VALUES ('cfg.task-related-entities-count', 'true', 1);
INSERT INTO `act_ge_property` VALUES ('common.schema.version', '6.7.2.0', 1);
INSERT INTO `act_ge_property` VALUES ('entitylink.schema.version', '6.7.2.0', 1);
INSERT INTO `act_ge_property` VALUES ('eventsubscription.schema.version', '6.7.2.0', 1);
INSERT INTO `act_ge_property` VALUES ('identitylink.schema.version', '6.7.2.0', 1);
INSERT INTO `act_ge_property` VALUES ('job.schema.version', '6.7.2.0', 1);
INSERT INTO `act_ge_property` VALUES ('next.dbid', '1', 1);
INSERT INTO `act_ge_property` VALUES ('schema.history', 'upgrade(6.7.0.0->6.7.2.0)', 2);
INSERT INTO `act_ge_property` VALUES ('schema.version', '6.7.2.0', 2);
INSERT INTO `act_ge_property` VALUES ('task.schema.version', '6.7.2.0', 1);
INSERT INTO `act_ge_property` VALUES ('variable.schema.version', '6.7.2.0', 1);

-- ----------------------------
-- Table structure for act_hi_actinst
-- ----------------------------
DROP TABLE IF EXISTS `act_hi_actinst`;
CREATE TABLE `act_hi_actinst`  (
  `ID_` varchar(64) CHARACTER SET utf8 COLLATE utf8_bin NOT NULL,
  `REV_` int(11) NULL DEFAULT 1,
  `PROC_DEF_ID_` varchar(64) CHARACTER SET utf8 COLLATE utf8_bin NOT NULL,
  `PROC_INST_ID_` varchar(64) CHARACTER SET utf8 COLLATE utf8_bin NOT NULL,
  `EXECUTION_ID_` varchar(64) CHARACTER SET utf8 COLLATE utf8_bin NOT NULL,
  `ACT_ID_` varchar(255) CHARACTER SET utf8 COLLATE utf8_bin NOT NULL,
  `TASK_ID_` varchar(64) CHARACTER SET utf8 COLLATE utf8_bin NULL DEFAULT NULL,
  `CALL_PROC_INST_ID_` varchar(64) CHARACTER SET utf8 COLLATE utf8_bin NULL DEFAULT NULL,
  `ACT_NAME_` varchar(255) CHARACTER SET utf8 COLLATE utf8_bin NULL DEFAULT NULL,
  `ACT_TYPE_` varchar(255) CHARACTER SET utf8 COLLATE utf8_bin NOT NULL,
  `ASSIGNEE_` varchar(255) CHARACTER SET utf8 COLLATE utf8_bin NULL DEFAULT NULL,
  `START_TIME_` datetime(3) NOT NULL,
  `END_TIME_` datetime(3) NULL DEFAULT NULL,
  `TRANSACTION_ORDER_` int(11) NULL DEFAULT NULL,
  `DURATION_` bigint(20) NULL DEFAULT NULL,
  `DELETE_REASON_` varchar(4000) CHARACTER SET utf8 COLLATE utf8_bin NULL DEFAULT NULL,
  `TENANT_ID_` varchar(255) CHARACTER SET utf8 COLLATE utf8_bin NULL DEFAULT '',
  PRIMARY KEY (`ID_`) USING BTREE,
  INDEX `ACT_IDX_HI_ACT_INST_START`(`START_TIME_`) USING BTREE,
  INDEX `ACT_IDX_HI_ACT_INST_END`(`END_TIME_`) USING BTREE,
  INDEX `ACT_IDX_HI_ACT_INST_PROCINST`(`PROC_INST_ID_`, `ACT_ID_`) USING BTREE,
  INDEX `ACT_IDX_HI_ACT_INST_EXEC`(`EXECUTION_ID_`, `ACT_ID_`) USING BTREE
) ENGINE = InnoDB CHARACTER SET = utf8 COLLATE = utf8_bin ROW_FORMAT = COMPACT;

-- ----------------------------
-- Records of act_hi_actinst
-- ----------------------------
INSERT INTO `act_hi_actinst` VALUES ('09191b60-ce3a-11ef-bcf7-e4a8dfac961e', 1, 'leave:2:f519d4d0-1ec3-11ed-af71-3887d5e2c283', 'd1ede070-ce39-11ef-bcf7-e4a8dfac961e', 'd2049cc8-ce39-11ef-bcf7-e4a8dfac961e', 'Flow_1yk1dsj', NULL, NULL, NULL, 'sequenceFlow', NULL, '2025-01-09 11:30:12.784', '2025-01-09 11:30:12.784', 1, 0, NULL, '');
INSERT INTO `act_hi_actinst` VALUES ('091dd651-ce3a-11ef-bcf7-e4a8dfac961e', 2, 'leave:2:f519d4d0-1ec3-11ed-af71-3887d5e2c283', 'd1ede070-ce39-11ef-bcf7-e4a8dfac961e', 'd2049cc8-ce39-11ef-bcf7-e4a8dfac961e', 'Activity_13uq05m', '091dd652-ce3a-11ef-bcf7-e4a8dfac961e', NULL, '人事', 'userTask', '4', '2025-01-09 11:30:12.815', '2025-01-09 11:30:52.174', 2, 39359, NULL, '');
INSERT INTO `act_hi_actinst` VALUES ('0a260e61-2097-11ed-b609-3887d5e2c283', 1, 'leave:2:f519d4d0-1ec3-11ed-af71-3887d5e2c283', '0a24aec8-2097-11ed-b609-3887d5e2c283', '0a260e60-2097-11ed-b609-3887d5e2c283', 'Event_1u2autv', NULL, NULL, NULL, 'startEvent', NULL, '2022-08-20 22:47:40.077', '2022-08-20 22:47:40.077', 1, 0, NULL, '');
INSERT INTO `act_hi_actinst` VALUES ('0a260e62-2097-11ed-b609-3887d5e2c283', 1, 'leave:2:f519d4d0-1ec3-11ed-af71-3887d5e2c283', '0a24aec8-2097-11ed-b609-3887d5e2c283', '0a260e60-2097-11ed-b609-3887d5e2c283', 'Flow_1cxox84', NULL, NULL, NULL, 'sequenceFlow', NULL, '2022-08-20 22:47:40.077', '2022-08-20 22:47:40.077', 2, 0, NULL, '');
INSERT INTO `act_hi_actinst` VALUES ('0a260e63-2097-11ed-b609-3887d5e2c283', 1, 'leave:2:f519d4d0-1ec3-11ed-af71-3887d5e2c283', '0a24aec8-2097-11ed-b609-3887d5e2c283', '0a260e60-2097-11ed-b609-3887d5e2c283', 'Activity_0gcxdwu', '0a263574-2097-11ed-b609-3887d5e2c283', NULL, '经理', 'userTask', '2', '2022-08-20 22:47:40.077', NULL, 3, NULL, NULL, '');
INSERT INTO `act_hi_actinst` VALUES ('209b0556-ce3a-11ef-bcf7-e4a8dfac961e', 1, 'leave:2:f519d4d0-1ec3-11ed-af71-3887d5e2c283', 'd1ede070-ce39-11ef-bcf7-e4a8dfac961e', 'd2049cc8-ce39-11ef-bcf7-e4a8dfac961e', 'Flow_1rir0hj', NULL, NULL, NULL, 'sequenceFlow', NULL, '2025-01-09 11:30:52.223', '2025-01-09 11:30:52.223', 1, 0, NULL, '');
INSERT INTO `act_hi_actinst` VALUES ('209ed5e7-ce3a-11ef-bcf7-e4a8dfac961e', 1, 'leave:2:f519d4d0-1ec3-11ed-af71-3887d5e2c283', 'd1ede070-ce39-11ef-bcf7-e4a8dfac961e', 'd2049cc8-ce39-11ef-bcf7-e4a8dfac961e', 'Event_0hldj7l', NULL, NULL, NULL, 'endEvent', NULL, '2025-01-09 11:30:52.248', '2025-01-09 11:30:52.253', 2, 5, NULL, '');
INSERT INTO `act_hi_actinst` VALUES ('26d61eb4-2843-11ed-9000-3887d5e2c283', 1, 'leave:2:f519d4d0-1ec3-11ed-af71-3887d5e2c283', 'e9b53134-283f-11ed-9000-3887d5e2c283', 'e9b7f05c-283f-11ed-9000-3887d5e2c283', 'Flow_1yk1dsj', NULL, NULL, NULL, 'sequenceFlow', NULL, '2022-08-30 17:07:19.784', '2022-08-30 17:07:19.784', 1, 0, NULL, '');
INSERT INTO `act_hi_actinst` VALUES ('26d645c5-2843-11ed-9000-3887d5e2c283', 1, 'leave:2:f519d4d0-1ec3-11ed-af71-3887d5e2c283', 'e9b53134-283f-11ed-9000-3887d5e2c283', 'e9b7f05c-283f-11ed-9000-3887d5e2c283', 'Activity_13uq05m', '26d645c6-2843-11ed-9000-3887d5e2c283', NULL, '人事', 'userTask', '4', '2022-08-30 17:07:19.785', NULL, 2, NULL, NULL, '');
INSERT INTO `act_hi_actinst` VALUES ('7bf975e4-2097-11ed-8938-3887d5e2c283', 1, 'leave:2:f519d4d0-1ec3-11ed-af71-3887d5e2c283', '7bf2bf1b-2097-11ed-8938-3887d5e2c283', '7bf94ed3-2097-11ed-8938-3887d5e2c283', 'Event_1u2autv', NULL, NULL, NULL, 'startEvent', NULL, '2022-08-20 22:50:51.045', '2022-08-20 22:50:51.049', 1, 4, NULL, '');
INSERT INTO `act_hi_actinst` VALUES ('7bfa6045-2097-11ed-8938-3887d5e2c283', 1, 'leave:2:f519d4d0-1ec3-11ed-af71-3887d5e2c283', '7bf2bf1b-2097-11ed-8938-3887d5e2c283', '7bf94ed3-2097-11ed-8938-3887d5e2c283', 'Flow_1cxox84', NULL, NULL, NULL, 'sequenceFlow', NULL, '2022-08-20 22:50:51.051', '2022-08-20 22:50:51.051', 2, 0, NULL, '');
INSERT INTO `act_hi_actinst` VALUES ('7bfa6046-2097-11ed-8938-3887d5e2c283', 1, 'leave:2:f519d4d0-1ec3-11ed-af71-3887d5e2c283', '7bf2bf1b-2097-11ed-8938-3887d5e2c283', '7bf94ed3-2097-11ed-8938-3887d5e2c283', 'Activity_0gcxdwu', '7bfe7ef7-2097-11ed-8938-3887d5e2c283', NULL, '经理', 'userTask', '2', '2022-08-20 22:50:51.051', NULL, 3, NULL, NULL, '');
INSERT INTO `act_hi_actinst` VALUES ('7e8cb5a4-2095-11ed-b609-3887d5e2c283', 1, 'leave:2:f519d4d0-1ec3-11ed-af71-3887d5e2c283', '7e853b8b-2095-11ed-b609-3887d5e2c283', '7e8cb5a3-2095-11ed-b609-3887d5e2c283', 'Event_1u2autv', NULL, NULL, NULL, 'startEvent', NULL, '2022-08-20 22:36:36.372', '2022-08-20 22:36:36.379', 1, 7, NULL, '');
INSERT INTO `act_hi_actinst` VALUES ('7e8e8a65-2095-11ed-b609-3887d5e2c283', 1, 'leave:2:f519d4d0-1ec3-11ed-af71-3887d5e2c283', '7e853b8b-2095-11ed-b609-3887d5e2c283', '7e8cb5a3-2095-11ed-b609-3887d5e2c283', 'Flow_1cxox84', NULL, NULL, NULL, 'sequenceFlow', NULL, '2022-08-20 22:36:36.384', '2022-08-20 22:36:36.384', 2, 0, NULL, '');
INSERT INTO `act_hi_actinst` VALUES ('7e8e8a66-2095-11ed-b609-3887d5e2c283', 2, 'leave:2:f519d4d0-1ec3-11ed-af71-3887d5e2c283', '7e853b8b-2095-11ed-b609-3887d5e2c283', '7e8cb5a3-2095-11ed-b609-3887d5e2c283', 'Activity_0gcxdwu', '7e92a917-2095-11ed-b609-3887d5e2c283', NULL, '经理', 'userTask', '2', '2022-08-20 22:36:36.384', '2022-08-20 22:57:45.651', 3, 1269267, '主动取消任务，原因：不请假了', '');
INSERT INTO `act_hi_actinst` VALUES ('b876a602-2096-11ed-b609-3887d5e2c283', 1, 'leave:2:f519d4d0-1ec3-11ed-af71-3887d5e2c283', 'b8745c09-2096-11ed-b609-3887d5e2c283', 'b876a601-2096-11ed-b609-3887d5e2c283', 'Event_1u2autv', NULL, NULL, NULL, 'startEvent', NULL, '2022-08-20 22:45:23.032', '2022-08-20 22:45:23.032', 1, 0, NULL, '');
INSERT INTO `act_hi_actinst` VALUES ('b876a603-2096-11ed-b609-3887d5e2c283', 1, 'leave:2:f519d4d0-1ec3-11ed-af71-3887d5e2c283', 'b8745c09-2096-11ed-b609-3887d5e2c283', 'b876a601-2096-11ed-b609-3887d5e2c283', 'Flow_1cxox84', NULL, NULL, NULL, 'sequenceFlow', NULL, '2022-08-20 22:45:23.032', '2022-08-20 22:45:23.032', 2, 0, NULL, '');
INSERT INTO `act_hi_actinst` VALUES ('b876a604-2096-11ed-b609-3887d5e2c283', 1, 'leave:2:f519d4d0-1ec3-11ed-af71-3887d5e2c283', 'b8745c09-2096-11ed-b609-3887d5e2c283', 'b876a601-2096-11ed-b609-3887d5e2c283', 'Activity_0gcxdwu', 'b876a605-2096-11ed-b609-3887d5e2c283', NULL, '经理', 'userTask', '2', '2022-08-20 22:45:23.032', NULL, 3, NULL, NULL, '');
INSERT INTO `act_hi_actinst` VALUES ('d2049cc9-ce39-11ef-bcf7-e4a8dfac961e', 1, 'leave:2:f519d4d0-1ec3-11ed-af71-3887d5e2c283', 'd1ede070-ce39-11ef-bcf7-e4a8dfac961e', 'd2049cc8-ce39-11ef-bcf7-e4a8dfac961e', 'Event_1u2autv', NULL, NULL, NULL, 'startEvent', NULL, '2025-01-09 11:28:40.375', '2025-01-09 11:28:40.396', 1, 21, NULL, '');
INSERT INTO `act_hi_actinst` VALUES ('d209a5da-ce39-11ef-bcf7-e4a8dfac961e', 1, 'leave:2:f519d4d0-1ec3-11ed-af71-3887d5e2c283', 'd1ede070-ce39-11ef-bcf7-e4a8dfac961e', 'd2049cc8-ce39-11ef-bcf7-e4a8dfac961e', 'Flow_1cxox84', NULL, NULL, NULL, 'sequenceFlow', NULL, '2025-01-09 11:28:40.408', '2025-01-09 11:28:40.408', 2, 0, NULL, '');
INSERT INTO `act_hi_actinst` VALUES ('d209a5db-ce39-11ef-bcf7-e4a8dfac961e', 2, 'leave:2:f519d4d0-1ec3-11ed-af71-3887d5e2c283', 'd1ede070-ce39-11ef-bcf7-e4a8dfac961e', 'd2049cc8-ce39-11ef-bcf7-e4a8dfac961e', 'Activity_0gcxdwu', 'd21d2ddc-ce39-11ef-bcf7-e4a8dfac961e', NULL, '经理', 'userTask', '2', '2025-01-09 11:28:40.408', '2025-01-09 11:30:12.757', 3, 92349, NULL, '');
INSERT INTO `act_hi_actinst` VALUES ('da71cb93-2095-11ed-b609-3887d5e2c283', 1, 'leave:2:f519d4d0-1ec3-11ed-af71-3887d5e2c283', 'da70e12a-2095-11ed-b609-3887d5e2c283', 'da71cb92-2095-11ed-b609-3887d5e2c283', 'Event_1u2autv', NULL, NULL, NULL, 'startEvent', NULL, '2022-08-20 22:39:10.546', '2022-08-20 22:39:10.546', 1, 0, NULL, '');
INSERT INTO `act_hi_actinst` VALUES ('da71cb94-2095-11ed-b609-3887d5e2c283', 1, 'leave:2:f519d4d0-1ec3-11ed-af71-3887d5e2c283', 'da70e12a-2095-11ed-b609-3887d5e2c283', 'da71cb92-2095-11ed-b609-3887d5e2c283', 'Flow_1cxox84', NULL, NULL, NULL, 'sequenceFlow', NULL, '2022-08-20 22:39:10.546', '2022-08-20 22:39:10.546', 2, 0, NULL, '');
INSERT INTO `act_hi_actinst` VALUES ('da71cb95-2095-11ed-b609-3887d5e2c283', 1, 'leave:2:f519d4d0-1ec3-11ed-af71-3887d5e2c283', 'da70e12a-2095-11ed-b609-3887d5e2c283', 'da71cb92-2095-11ed-b609-3887d5e2c283', 'Activity_0gcxdwu', 'da71f2a6-2095-11ed-b609-3887d5e2c283', NULL, '经理', 'userTask', '2', '2022-08-20 22:39:10.546', NULL, 3, NULL, NULL, '');
INSERT INTO `act_hi_actinst` VALUES ('e9b7f05d-283f-11ed-9000-3887d5e2c283', 1, 'leave:2:f519d4d0-1ec3-11ed-af71-3887d5e2c283', 'e9b53134-283f-11ed-9000-3887d5e2c283', 'e9b7f05c-283f-11ed-9000-3887d5e2c283', 'Event_1u2autv', NULL, NULL, NULL, 'startEvent', NULL, '2022-08-30 16:44:08.755', '2022-08-30 16:44:08.759', 1, 4, NULL, '');
INSERT INTO `act_hi_actinst` VALUES ('e9b8dabe-283f-11ed-9000-3887d5e2c283', 1, 'leave:2:f519d4d0-1ec3-11ed-af71-3887d5e2c283', 'e9b53134-283f-11ed-9000-3887d5e2c283', 'e9b7f05c-283f-11ed-9000-3887d5e2c283', 'Flow_1cxox84', NULL, NULL, NULL, 'sequenceFlow', NULL, '2022-08-30 16:44:08.761', '2022-08-30 16:44:08.761', 2, 0, NULL, '');
INSERT INTO `act_hi_actinst` VALUES ('e9b8dabf-283f-11ed-9000-3887d5e2c283', 2, 'leave:2:f519d4d0-1ec3-11ed-af71-3887d5e2c283', 'e9b53134-283f-11ed-9000-3887d5e2c283', 'e9b7f05c-283f-11ed-9000-3887d5e2c283', 'Activity_0gcxdwu', 'e9bbe800-283f-11ed-9000-3887d5e2c283', NULL, '经理', 'userTask', '2', '2022-08-30 16:44:08.761', '2022-08-30 17:07:19.783', 3, 1391022, NULL, '');

-- ----------------------------
-- Table structure for act_hi_attachment
-- ----------------------------
DROP TABLE IF EXISTS `act_hi_attachment`;
CREATE TABLE `act_hi_attachment`  (
  `ID_` varchar(64) CHARACTER SET utf8 COLLATE utf8_bin NOT NULL,
  `REV_` int(11) NULL DEFAULT NULL,
  `USER_ID_` varchar(255) CHARACTER SET utf8 COLLATE utf8_bin NULL DEFAULT NULL,
  `NAME_` varchar(255) CHARACTER SET utf8 COLLATE utf8_bin NULL DEFAULT NULL,
  `DESCRIPTION_` varchar(4000) CHARACTER SET utf8 COLLATE utf8_bin NULL DEFAULT NULL,
  `TYPE_` varchar(255) CHARACTER SET utf8 COLLATE utf8_bin NULL DEFAULT NULL,
  `TASK_ID_` varchar(64) CHARACTER SET utf8 COLLATE utf8_bin NULL DEFAULT NULL,
  `PROC_INST_ID_` varchar(64) CHARACTER SET utf8 COLLATE utf8_bin NULL DEFAULT NULL,
  `URL_` varchar(4000) CHARACTER SET utf8 COLLATE utf8_bin NULL DEFAULT NULL,
  `CONTENT_ID_` varchar(64) CHARACTER SET utf8 COLLATE utf8_bin NULL DEFAULT NULL,
  `TIME_` datetime(3) NULL DEFAULT NULL,
  PRIMARY KEY (`ID_`) USING BTREE
) ENGINE = InnoDB CHARACTER SET = utf8 COLLATE = utf8_bin ROW_FORMAT = COMPACT;

-- ----------------------------
-- Records of act_hi_attachment
-- ----------------------------

-- ----------------------------
-- Table structure for act_hi_comment
-- ----------------------------
DROP TABLE IF EXISTS `act_hi_comment`;
CREATE TABLE `act_hi_comment`  (
  `ID_` varchar(64) CHARACTER SET utf8 COLLATE utf8_bin NOT NULL,
  `TYPE_` varchar(255) CHARACTER SET utf8 COLLATE utf8_bin NULL DEFAULT NULL,
  `TIME_` datetime(3) NOT NULL,
  `USER_ID_` varchar(255) CHARACTER SET utf8 COLLATE utf8_bin NULL DEFAULT NULL,
  `TASK_ID_` varchar(64) CHARACTER SET utf8 COLLATE utf8_bin NULL DEFAULT NULL,
  `PROC_INST_ID_` varchar(64) CHARACTER SET utf8 COLLATE utf8_bin NULL DEFAULT NULL,
  `ACTION_` varchar(255) CHARACTER SET utf8 COLLATE utf8_bin NULL DEFAULT NULL,
  `MESSAGE_` varchar(4000) CHARACTER SET utf8 COLLATE utf8_bin NULL DEFAULT NULL,
  `FULL_MSG_` longblob NULL,
  PRIMARY KEY (`ID_`) USING BTREE
) ENGINE = InnoDB CHARACTER SET = utf8 COLLATE = utf8_bin ROW_FORMAT = COMPACT;

-- ----------------------------
-- Records of act_hi_comment
-- ----------------------------

-- ----------------------------
-- Table structure for act_hi_detail
-- ----------------------------
DROP TABLE IF EXISTS `act_hi_detail`;
CREATE TABLE `act_hi_detail`  (
  `ID_` varchar(64) CHARACTER SET utf8 COLLATE utf8_bin NOT NULL,
  `TYPE_` varchar(255) CHARACTER SET utf8 COLLATE utf8_bin NOT NULL,
  `PROC_INST_ID_` varchar(64) CHARACTER SET utf8 COLLATE utf8_bin NULL DEFAULT NULL,
  `EXECUTION_ID_` varchar(64) CHARACTER SET utf8 COLLATE utf8_bin NULL DEFAULT NULL,
  `TASK_ID_` varchar(64) CHARACTER SET utf8 COLLATE utf8_bin NULL DEFAULT NULL,
  `ACT_INST_ID_` varchar(64) CHARACTER SET utf8 COLLATE utf8_bin NULL DEFAULT NULL,
  `NAME_` varchar(255) CHARACTER SET utf8 COLLATE utf8_bin NOT NULL,
  `VAR_TYPE_` varchar(255) CHARACTER SET utf8 COLLATE utf8_bin NULL DEFAULT NULL,
  `REV_` int(11) NULL DEFAULT NULL,
  `TIME_` datetime(3) NOT NULL,
  `BYTEARRAY_ID_` varchar(64) CHARACTER SET utf8 COLLATE utf8_bin NULL DEFAULT NULL,
  `DOUBLE_` double NULL DEFAULT NULL,
  `LONG_` bigint(20) NULL DEFAULT NULL,
  `TEXT_` varchar(4000) CHARACTER SET utf8 COLLATE utf8_bin NULL DEFAULT NULL,
  `TEXT2_` varchar(4000) CHARACTER SET utf8 COLLATE utf8_bin NULL DEFAULT NULL,
  PRIMARY KEY (`ID_`) USING BTREE,
  INDEX `ACT_IDX_HI_DETAIL_PROC_INST`(`PROC_INST_ID_`) USING BTREE,
  INDEX `ACT_IDX_HI_DETAIL_ACT_INST`(`ACT_INST_ID_`) USING BTREE,
  INDEX `ACT_IDX_HI_DETAIL_TIME`(`TIME_`) USING BTREE,
  INDEX `ACT_IDX_HI_DETAIL_NAME`(`NAME_`) USING BTREE,
  INDEX `ACT_IDX_HI_DETAIL_TASK_ID`(`TASK_ID_`) USING BTREE
) ENGINE = InnoDB CHARACTER SET = utf8 COLLATE = utf8_bin ROW_FORMAT = COMPACT;

-- ----------------------------
-- Records of act_hi_detail
-- ----------------------------
INSERT INTO `act_hi_detail` VALUES ('0a260e5b-2097-11ed-b609-3887d5e2c283', 'VariableUpdate', '0a24aec8-2097-11ed-b609-3887d5e2c283', '0a24aec8-2097-11ed-b609-3887d5e2c283', NULL, NULL, 'field126', 'string', 0, '2022-08-20 22:47:40.077', NULL, NULL, NULL, '333', NULL);
INSERT INTO `act_hi_detail` VALUES ('0a260e5d-2097-11ed-b609-3887d5e2c283', 'VariableUpdate', '0a24aec8-2097-11ed-b609-3887d5e2c283', '0a24aec8-2097-11ed-b609-3887d5e2c283', NULL, NULL, 'field127', 'string', 0, '2022-08-20 22:47:40.077', NULL, NULL, NULL, '333', NULL);
INSERT INTO `act_hi_detail` VALUES ('0a260e5f-2097-11ed-b609-3887d5e2c283', 'VariableUpdate', '0a24aec8-2097-11ed-b609-3887d5e2c283', '0a24aec8-2097-11ed-b609-3887d5e2c283', NULL, NULL, 'field128', 'integer', 0, '2022-08-20 22:47:40.077', NULL, NULL, 1, '1', NULL);
INSERT INTO `act_hi_detail` VALUES ('7bf927be-2097-11ed-8938-3887d5e2c283', 'VariableUpdate', '7bf2bf1b-2097-11ed-8938-3887d5e2c283', '7bf2bf1b-2097-11ed-8938-3887d5e2c283', NULL, NULL, 'field126', 'string', 0, '2022-08-20 22:50:51.043', NULL, NULL, NULL, '444', NULL);
INSERT INTO `act_hi_detail` VALUES ('7bf927c0-2097-11ed-8938-3887d5e2c283', 'VariableUpdate', '7bf2bf1b-2097-11ed-8938-3887d5e2c283', '7bf2bf1b-2097-11ed-8938-3887d5e2c283', NULL, NULL, 'field127', 'string', 0, '2022-08-20 22:50:51.043', NULL, NULL, NULL, '444', NULL);
INSERT INTO `act_hi_detail` VALUES ('7bf927c2-2097-11ed-8938-3887d5e2c283', 'VariableUpdate', '7bf2bf1b-2097-11ed-8938-3887d5e2c283', '7bf2bf1b-2097-11ed-8938-3887d5e2c283', NULL, NULL, 'field128', 'integer', 0, '2022-08-20 22:50:51.043', NULL, NULL, 1, '1', NULL);
INSERT INTO `act_hi_detail` VALUES ('7e8c677e-2095-11ed-b609-3887d5e2c283', 'VariableUpdate', '7e853b8b-2095-11ed-b609-3887d5e2c283', '7e853b8b-2095-11ed-b609-3887d5e2c283', NULL, NULL, 'field126', 'string', 0, '2022-08-20 22:36:36.369', NULL, NULL, NULL, '111', NULL);
INSERT INTO `act_hi_detail` VALUES ('7e8c6780-2095-11ed-b609-3887d5e2c283', 'VariableUpdate', '7e853b8b-2095-11ed-b609-3887d5e2c283', '7e853b8b-2095-11ed-b609-3887d5e2c283', NULL, NULL, 'field127', 'string', 0, '2022-08-20 22:36:36.370', NULL, NULL, NULL, '222', NULL);
INSERT INTO `act_hi_detail` VALUES ('7e8c6782-2095-11ed-b609-3887d5e2c283', 'VariableUpdate', '7e853b8b-2095-11ed-b609-3887d5e2c283', '7e853b8b-2095-11ed-b609-3887d5e2c283', NULL, NULL, 'field128', 'integer', 0, '2022-08-20 22:36:36.370', NULL, NULL, 1, '1', NULL);
INSERT INTO `act_hi_detail` VALUES ('b8767eec-2096-11ed-b609-3887d5e2c283', 'VariableUpdate', 'b8745c09-2096-11ed-b609-3887d5e2c283', 'b8745c09-2096-11ed-b609-3887d5e2c283', NULL, NULL, 'field126', 'string', 0, '2022-08-20 22:45:23.031', NULL, NULL, NULL, '222', NULL);
INSERT INTO `act_hi_detail` VALUES ('b8767eee-2096-11ed-b609-3887d5e2c283', 'VariableUpdate', 'b8745c09-2096-11ed-b609-3887d5e2c283', 'b8745c09-2096-11ed-b609-3887d5e2c283', NULL, NULL, 'field127', 'string', 0, '2022-08-20 22:45:23.031', NULL, NULL, NULL, '222', NULL);
INSERT INTO `act_hi_detail` VALUES ('b8767ef0-2096-11ed-b609-3887d5e2c283', 'VariableUpdate', 'b8745c09-2096-11ed-b609-3887d5e2c283', 'b8745c09-2096-11ed-b609-3887d5e2c283', NULL, NULL, 'field128', 'integer', 0, '2022-08-20 22:45:23.031', NULL, NULL, 1, '1', NULL);
INSERT INTO `act_hi_detail` VALUES ('d2040083-ce39-11ef-bcf7-e4a8dfac961e', 'VariableUpdate', 'd1ede070-ce39-11ef-bcf7-e4a8dfac961e', 'd1ede070-ce39-11ef-bcf7-e4a8dfac961e', NULL, NULL, 'field126', 'string', 0, '2025-01-09 11:28:40.371', NULL, NULL, NULL, '123', NULL);
INSERT INTO `act_hi_detail` VALUES ('d2040085-ce39-11ef-bcf7-e4a8dfac961e', 'VariableUpdate', 'd1ede070-ce39-11ef-bcf7-e4a8dfac961e', 'd1ede070-ce39-11ef-bcf7-e4a8dfac961e', NULL, NULL, 'field127', 'string', 0, '2025-01-09 11:28:40.371', NULL, NULL, NULL, '123', NULL);
INSERT INTO `act_hi_detail` VALUES ('d2042797-ce39-11ef-bcf7-e4a8dfac961e', 'VariableUpdate', 'd1ede070-ce39-11ef-bcf7-e4a8dfac961e', 'd1ede070-ce39-11ef-bcf7-e4a8dfac961e', NULL, NULL, 'field128', 'integer', 0, '2025-01-09 11:28:40.372', NULL, NULL, 1, '1', NULL);
INSERT INTO `act_hi_detail` VALUES ('da71a47d-2095-11ed-b609-3887d5e2c283', 'VariableUpdate', 'da70e12a-2095-11ed-b609-3887d5e2c283', 'da70e12a-2095-11ed-b609-3887d5e2c283', NULL, NULL, 'field126', 'string', 0, '2022-08-20 22:39:10.545', NULL, NULL, NULL, '111', NULL);
INSERT INTO `act_hi_detail` VALUES ('da71a47f-2095-11ed-b609-3887d5e2c283', 'VariableUpdate', 'da70e12a-2095-11ed-b609-3887d5e2c283', 'da70e12a-2095-11ed-b609-3887d5e2c283', NULL, NULL, 'field127', 'string', 0, '2022-08-20 22:39:10.545', NULL, NULL, NULL, '111', NULL);
INSERT INTO `act_hi_detail` VALUES ('da71cb91-2095-11ed-b609-3887d5e2c283', 'VariableUpdate', 'da70e12a-2095-11ed-b609-3887d5e2c283', 'da70e12a-2095-11ed-b609-3887d5e2c283', NULL, NULL, 'field128', 'integer', 0, '2022-08-20 22:39:10.546', NULL, NULL, 1, '1', NULL);
INSERT INTO `act_hi_detail` VALUES ('e9b7c947-283f-11ed-9000-3887d5e2c283', 'VariableUpdate', 'e9b53134-283f-11ed-9000-3887d5e2c283', 'e9b53134-283f-11ed-9000-3887d5e2c283', NULL, NULL, 'field126', 'string', 0, '2022-08-30 16:44:08.754', NULL, NULL, NULL, '123', NULL);
INSERT INTO `act_hi_detail` VALUES ('e9b7c949-283f-11ed-9000-3887d5e2c283', 'VariableUpdate', 'e9b53134-283f-11ed-9000-3887d5e2c283', 'e9b53134-283f-11ed-9000-3887d5e2c283', NULL, NULL, 'field127', 'string', 0, '2022-08-30 16:44:08.754', NULL, NULL, NULL, '123', NULL);
INSERT INTO `act_hi_detail` VALUES ('e9b7c94b-283f-11ed-9000-3887d5e2c283', 'VariableUpdate', 'e9b53134-283f-11ed-9000-3887d5e2c283', 'e9b53134-283f-11ed-9000-3887d5e2c283', NULL, NULL, 'field128', 'integer', 0, '2022-08-30 16:44:08.754', NULL, NULL, 1, '1', NULL);

-- ----------------------------
-- Table structure for act_hi_entitylink
-- ----------------------------
DROP TABLE IF EXISTS `act_hi_entitylink`;
CREATE TABLE `act_hi_entitylink`  (
  `ID_` varchar(64) CHARACTER SET utf8 COLLATE utf8_bin NOT NULL,
  `LINK_TYPE_` varchar(255) CHARACTER SET utf8 COLLATE utf8_bin NULL DEFAULT NULL,
  `CREATE_TIME_` datetime(3) NULL DEFAULT NULL,
  `SCOPE_ID_` varchar(255) CHARACTER SET utf8 COLLATE utf8_bin NULL DEFAULT NULL,
  `SUB_SCOPE_ID_` varchar(255) CHARACTER SET utf8 COLLATE utf8_bin NULL DEFAULT NULL,
  `SCOPE_TYPE_` varchar(255) CHARACTER SET utf8 COLLATE utf8_bin NULL DEFAULT NULL,
  `SCOPE_DEFINITION_ID_` varchar(255) CHARACTER SET utf8 COLLATE utf8_bin NULL DEFAULT NULL,
  `PARENT_ELEMENT_ID_` varchar(255) CHARACTER SET utf8 COLLATE utf8_bin NULL DEFAULT NULL,
  `REF_SCOPE_ID_` varchar(255) CHARACTER SET utf8 COLLATE utf8_bin NULL DEFAULT NULL,
  `REF_SCOPE_TYPE_` varchar(255) CHARACTER SET utf8 COLLATE utf8_bin NULL DEFAULT NULL,
  `REF_SCOPE_DEFINITION_ID_` varchar(255) CHARACTER SET utf8 COLLATE utf8_bin NULL DEFAULT NULL,
  `ROOT_SCOPE_ID_` varchar(255) CHARACTER SET utf8 COLLATE utf8_bin NULL DEFAULT NULL,
  `ROOT_SCOPE_TYPE_` varchar(255) CHARACTER SET utf8 COLLATE utf8_bin NULL DEFAULT NULL,
  `HIERARCHY_TYPE_` varchar(255) CHARACTER SET utf8 COLLATE utf8_bin NULL DEFAULT NULL,
  PRIMARY KEY (`ID_`) USING BTREE,
  INDEX `ACT_IDX_HI_ENT_LNK_SCOPE`(`SCOPE_ID_`, `SCOPE_TYPE_`, `LINK_TYPE_`) USING BTREE,
  INDEX `ACT_IDX_HI_ENT_LNK_REF_SCOPE`(`REF_SCOPE_ID_`, `REF_SCOPE_TYPE_`, `LINK_TYPE_`) USING BTREE,
  INDEX `ACT_IDX_HI_ENT_LNK_ROOT_SCOPE`(`ROOT_SCOPE_ID_`, `ROOT_SCOPE_TYPE_`, `LINK_TYPE_`) USING BTREE,
  INDEX `ACT_IDX_HI_ENT_LNK_SCOPE_DEF`(`SCOPE_DEFINITION_ID_`, `SCOPE_TYPE_`, `LINK_TYPE_`) USING BTREE
) ENGINE = InnoDB CHARACTER SET = utf8 COLLATE = utf8_bin ROW_FORMAT = COMPACT;

-- ----------------------------
-- Records of act_hi_entitylink
-- ----------------------------

-- ----------------------------
-- Table structure for act_hi_identitylink
-- ----------------------------
DROP TABLE IF EXISTS `act_hi_identitylink`;
CREATE TABLE `act_hi_identitylink`  (
  `ID_` varchar(64) CHARACTER SET utf8 COLLATE utf8_bin NOT NULL,
  `GROUP_ID_` varchar(255) CHARACTER SET utf8 COLLATE utf8_bin NULL DEFAULT NULL,
  `TYPE_` varchar(255) CHARACTER SET utf8 COLLATE utf8_bin NULL DEFAULT NULL,
  `USER_ID_` varchar(255) CHARACTER SET utf8 COLLATE utf8_bin NULL DEFAULT NULL,
  `TASK_ID_` varchar(64) CHARACTER SET utf8 COLLATE utf8_bin NULL DEFAULT NULL,
  `CREATE_TIME_` datetime(3) NULL DEFAULT NULL,
  `PROC_INST_ID_` varchar(64) CHARACTER SET utf8 COLLATE utf8_bin NULL DEFAULT NULL,
  `SCOPE_ID_` varchar(255) CHARACTER SET utf8 COLLATE utf8_bin NULL DEFAULT NULL,
  `SUB_SCOPE_ID_` varchar(255) CHARACTER SET utf8 COLLATE utf8_bin NULL DEFAULT NULL,
  `SCOPE_TYPE_` varchar(255) CHARACTER SET utf8 COLLATE utf8_bin NULL DEFAULT NULL,
  `SCOPE_DEFINITION_ID_` varchar(255) CHARACTER SET utf8 COLLATE utf8_bin NULL DEFAULT NULL,
  PRIMARY KEY (`ID_`) USING BTREE,
  INDEX `ACT_IDX_HI_IDENT_LNK_USER`(`USER_ID_`) USING BTREE,
  INDEX `ACT_IDX_HI_IDENT_LNK_SCOPE`(`SCOPE_ID_`, `SCOPE_TYPE_`) USING BTREE,
  INDEX `ACT_IDX_HI_IDENT_LNK_SUB_SCOPE`(`SUB_SCOPE_ID_`, `SCOPE_TYPE_`) USING BTREE,
  INDEX `ACT_IDX_HI_IDENT_LNK_SCOPE_DEF`(`SCOPE_DEFINITION_ID_`, `SCOPE_TYPE_`) USING BTREE,
  INDEX `ACT_IDX_HI_IDENT_LNK_TASK`(`TASK_ID_`) USING BTREE,
  INDEX `ACT_IDX_HI_IDENT_LNK_PROCINST`(`PROC_INST_ID_`) USING BTREE
) ENGINE = InnoDB CHARACTER SET = utf8 COLLATE = utf8_bin ROW_FORMAT = COMPACT;

-- ----------------------------
-- Records of act_hi_identitylink
-- ----------------------------
INSERT INTO `act_hi_identitylink` VALUES ('08f6ed5f-ce3a-11ef-bcf7-e4a8dfac961e', NULL, 'participant', '2', NULL, '2025-01-09 11:30:12.560', 'd1ede070-ce39-11ef-bcf7-e4a8dfac961e', NULL, NULL, NULL, NULL);
INSERT INTO `act_hi_identitylink` VALUES ('092b1cc3-ce3a-11ef-bcf7-e4a8dfac961e', NULL, 'assignee', '4', '091dd652-ce3a-11ef-bcf7-e4a8dfac961e', '2025-01-09 11:30:12.902', NULL, NULL, NULL, NULL, NULL);
INSERT INTO `act_hi_identitylink` VALUES ('09341d74-ce3a-11ef-bcf7-e4a8dfac961e', NULL, 'participant', '4', NULL, '2025-01-09 11:30:12.962', 'd1ede070-ce39-11ef-bcf7-e4a8dfac961e', NULL, NULL, NULL, NULL);
INSERT INTO `act_hi_identitylink` VALUES ('0a24aec9-2097-11ed-b609-3887d5e2c283', NULL, 'starter', '1', NULL, '2022-08-20 22:47:40.068', '0a24aec8-2097-11ed-b609-3887d5e2c283', NULL, NULL, NULL, NULL);
INSERT INTO `act_hi_identitylink` VALUES ('0a27e325-2097-11ed-b609-3887d5e2c283', NULL, 'assignee', '2', '0a263574-2097-11ed-b609-3887d5e2c283', '2022-08-20 22:47:40.089', NULL, NULL, NULL, NULL, NULL);
INSERT INTO `act_hi_identitylink` VALUES ('0a2969c6-2097-11ed-b609-3887d5e2c283', NULL, 'participant', '2', NULL, '2022-08-20 22:47:40.099', '0a24aec8-2097-11ed-b609-3887d5e2c283', NULL, NULL, NULL, NULL);
INSERT INTO `act_hi_identitylink` VALUES ('20766655-ce3a-11ef-bcf7-e4a8dfac961e', NULL, 'participant', '4', NULL, '2025-01-09 11:30:51.983', 'd1ede070-ce39-11ef-bcf7-e4a8dfac961e', NULL, NULL, NULL, NULL);
INSERT INTO `act_hi_identitylink` VALUES ('26d31173-2843-11ed-9000-3887d5e2c283', NULL, 'participant', '2', NULL, '2022-08-30 17:07:19.764', 'e9b53134-283f-11ed-9000-3887d5e2c283', NULL, NULL, NULL, NULL);
INSERT INTO `act_hi_identitylink` VALUES ('26dbeb17-2843-11ed-9000-3887d5e2c283', NULL, 'assignee', '4', '26d645c6-2843-11ed-9000-3887d5e2c283', '2022-08-30 17:07:19.822', NULL, NULL, NULL, NULL, NULL);
INSERT INTO `act_hi_identitylink` VALUES ('26dd98c8-2843-11ed-9000-3887d5e2c283', NULL, 'participant', '4', NULL, '2022-08-30 17:07:19.833', 'e9b53134-283f-11ed-9000-3887d5e2c283', NULL, NULL, NULL, NULL);
INSERT INTO `act_hi_identitylink` VALUES ('7bf2bf1c-2097-11ed-8938-3887d5e2c283', NULL, 'starter', '1', NULL, '2022-08-20 22:50:51.003', '7bf2bf1b-2097-11ed-8938-3887d5e2c283', NULL, NULL, NULL, NULL);
INSERT INTO `act_hi_identitylink` VALUES ('7c066e38-2097-11ed-8938-3887d5e2c283', NULL, 'assignee', '2', '7bfe7ef7-2097-11ed-8938-3887d5e2c283', '2022-08-20 22:50:51.130', NULL, NULL, NULL, NULL, NULL);
INSERT INTO `act_hi_identitylink` VALUES ('7c0a3ec9-2097-11ed-8938-3887d5e2c283', NULL, 'participant', '2', NULL, '2022-08-20 22:50:51.155', '7bf2bf1b-2097-11ed-8938-3887d5e2c283', NULL, NULL, NULL, NULL);
INSERT INTO `act_hi_identitylink` VALUES ('7e85629c-2095-11ed-b609-3887d5e2c283', NULL, 'starter', '1', NULL, '2022-08-20 22:36:36.326', '7e853b8b-2095-11ed-b609-3887d5e2c283', NULL, NULL, NULL, NULL);
INSERT INTO `act_hi_identitylink` VALUES ('7e9df3b8-2095-11ed-b609-3887d5e2c283', NULL, 'assignee', '2', '7e92a917-2095-11ed-b609-3887d5e2c283', '2022-08-20 22:36:36.485', NULL, NULL, NULL, NULL, NULL);
INSERT INTO `act_hi_identitylink` VALUES ('7ea98c79-2095-11ed-b609-3887d5e2c283', NULL, 'participant', '2', NULL, '2022-08-20 22:36:36.561', '7e853b8b-2095-11ed-b609-3887d5e2c283', NULL, NULL, NULL, NULL);
INSERT INTO `act_hi_identitylink` VALUES ('b8745c0a-2096-11ed-b609-3887d5e2c283', NULL, 'starter', '1', NULL, '2022-08-20 22:45:23.017', 'b8745c09-2096-11ed-b609-3887d5e2c283', NULL, NULL, NULL, NULL);
INSERT INTO `act_hi_identitylink` VALUES ('b8782ca6-2096-11ed-b609-3887d5e2c283', NULL, 'assignee', '2', 'b876a605-2096-11ed-b609-3887d5e2c283', '2022-08-20 22:45:23.042', NULL, NULL, NULL, NULL, NULL);
INSERT INTO `act_hi_identitylink` VALUES ('b878eff7-2096-11ed-b609-3887d5e2c283', NULL, 'participant', '2', NULL, '2022-08-20 22:45:23.047', 'b8745c09-2096-11ed-b609-3887d5e2c283', NULL, NULL, NULL, NULL);
INSERT INTO `act_hi_identitylink` VALUES ('d1eea3c1-ce39-11ef-bcf7-e4a8dfac961e', NULL, 'starter', '1', NULL, '2025-01-09 11:28:40.236', 'd1ede070-ce39-11ef-bcf7-e4a8dfac961e', NULL, NULL, NULL, NULL);
INSERT INTO `act_hi_identitylink` VALUES ('d234384d-ce39-11ef-bcf7-e4a8dfac961e', NULL, 'assignee', '2', 'd21d2ddc-ce39-11ef-bcf7-e4a8dfac961e', '2025-01-09 11:28:40.687', NULL, NULL, NULL, NULL, NULL);
INSERT INTO `act_hi_identitylink` VALUES ('d240463e-ce39-11ef-bcf7-e4a8dfac961e', NULL, 'participant', '2', NULL, '2025-01-09 11:28:40.766', 'd1ede070-ce39-11ef-bcf7-e4a8dfac961e', NULL, NULL, NULL, NULL);
INSERT INTO `act_hi_identitylink` VALUES ('da70e12b-2095-11ed-b609-3887d5e2c283', NULL, 'starter', '1', NULL, '2022-08-20 22:39:10.540', 'da70e12a-2095-11ed-b609-3887d5e2c283', NULL, NULL, NULL, NULL);
INSERT INTO `act_hi_identitylink` VALUES ('da73c767-2095-11ed-b609-3887d5e2c283', NULL, 'assignee', '2', 'da71f2a6-2095-11ed-b609-3887d5e2c283', '2022-08-20 22:39:10.559', NULL, NULL, NULL, NULL, NULL);
INSERT INTO `act_hi_identitylink` VALUES ('da74b1c8-2095-11ed-b609-3887d5e2c283', NULL, 'participant', '2', NULL, '2022-08-20 22:39:10.565', 'da70e12a-2095-11ed-b609-3887d5e2c283', NULL, NULL, NULL, NULL);
INSERT INTO `act_hi_identitylink` VALUES ('e9b55845-283f-11ed-9000-3887d5e2c283', NULL, 'starter', '1', NULL, '2022-08-30 16:44:08.739', 'e9b53134-283f-11ed-9000-3887d5e2c283', NULL, NULL, NULL, NULL);
INSERT INTO `act_hi_identitylink` VALUES ('e9c4c1a1-283f-11ed-9000-3887d5e2c283', NULL, 'assignee', '2', 'e9bbe800-283f-11ed-9000-3887d5e2c283', '2022-08-30 16:44:08.839', NULL, NULL, NULL, NULL, NULL);
INSERT INTO `act_hi_identitylink` VALUES ('e9c64842-283f-11ed-9000-3887d5e2c283', NULL, 'participant', '2', NULL, '2022-08-30 16:44:08.849', 'e9b53134-283f-11ed-9000-3887d5e2c283', NULL, NULL, NULL, NULL);

-- ----------------------------
-- Table structure for act_hi_procinst
-- ----------------------------
DROP TABLE IF EXISTS `act_hi_procinst`;
CREATE TABLE `act_hi_procinst`  (
  `ID_` varchar(64) CHARACTER SET utf8 COLLATE utf8_bin NOT NULL,
  `REV_` int(11) NULL DEFAULT 1,
  `PROC_INST_ID_` varchar(64) CHARACTER SET utf8 COLLATE utf8_bin NOT NULL,
  `BUSINESS_KEY_` varchar(255) CHARACTER SET utf8 COLLATE utf8_bin NULL DEFAULT NULL,
  `PROC_DEF_ID_` varchar(64) CHARACTER SET utf8 COLLATE utf8_bin NOT NULL,
  `START_TIME_` datetime(3) NOT NULL,
  `END_TIME_` datetime(3) NULL DEFAULT NULL,
  `DURATION_` bigint(20) NULL DEFAULT NULL,
  `START_USER_ID_` varchar(255) CHARACTER SET utf8 COLLATE utf8_bin NULL DEFAULT NULL,
  `START_ACT_ID_` varchar(255) CHARACTER SET utf8 COLLATE utf8_bin NULL DEFAULT NULL,
  `END_ACT_ID_` varchar(255) CHARACTER SET utf8 COLLATE utf8_bin NULL DEFAULT NULL,
  `SUPER_PROCESS_INSTANCE_ID_` varchar(64) CHARACTER SET utf8 COLLATE utf8_bin NULL DEFAULT NULL,
  `DELETE_REASON_` varchar(4000) CHARACTER SET utf8 COLLATE utf8_bin NULL DEFAULT NULL,
  `TENANT_ID_` varchar(255) CHARACTER SET utf8 COLLATE utf8_bin NULL DEFAULT '',
  `NAME_` varchar(255) CHARACTER SET utf8 COLLATE utf8_bin NULL DEFAULT NULL,
  `CALLBACK_ID_` varchar(255) CHARACTER SET utf8 COLLATE utf8_bin NULL DEFAULT NULL,
  `CALLBACK_TYPE_` varchar(255) CHARACTER SET utf8 COLLATE utf8_bin NULL DEFAULT NULL,
  `REFERENCE_ID_` varchar(255) CHARACTER SET utf8 COLLATE utf8_bin NULL DEFAULT NULL,
  `REFERENCE_TYPE_` varchar(255) CHARACTER SET utf8 COLLATE utf8_bin NULL DEFAULT NULL,
  `PROPAGATED_STAGE_INST_ID_` varchar(255) CHARACTER SET utf8 COLLATE utf8_bin NULL DEFAULT NULL,
  `BUSINESS_STATUS_` varchar(255) CHARACTER SET utf8 COLLATE utf8_bin NULL DEFAULT NULL,
  PRIMARY KEY (`ID_`) USING BTREE,
  UNIQUE INDEX `PROC_INST_ID_`(`PROC_INST_ID_`) USING BTREE,
  INDEX `ACT_IDX_HI_PRO_INST_END`(`END_TIME_`) USING BTREE,
  INDEX `ACT_IDX_HI_PRO_I_BUSKEY`(`BUSINESS_KEY_`) USING BTREE
) ENGINE = InnoDB CHARACTER SET = utf8 COLLATE = utf8_bin ROW_FORMAT = COMPACT;

-- ----------------------------
-- Records of act_hi_procinst
-- ----------------------------
INSERT INTO `act_hi_procinst` VALUES ('0a24aec8-2097-11ed-b609-3887d5e2c283', 2, '0a24aec8-2097-11ed-b609-3887d5e2c283', NULL, 'leave:2:f519d4d0-1ec3-11ed-af71-3887d5e2c283', '2022-08-20 22:47:40.068', NULL, NULL, '1', 'Event_1u2autv', NULL, NULL, NULL, '', '请假', NULL, NULL, NULL, NULL, NULL, NULL);
INSERT INTO `act_hi_procinst` VALUES ('7bf2bf1b-2097-11ed-8938-3887d5e2c283', 2, '7bf2bf1b-2097-11ed-8938-3887d5e2c283', NULL, 'leave:2:f519d4d0-1ec3-11ed-af71-3887d5e2c283', '2022-08-20 22:50:51.001', NULL, NULL, '1', 'Event_1u2autv', NULL, NULL, NULL, '', '请假', NULL, NULL, NULL, NULL, NULL, NULL);
INSERT INTO `act_hi_procinst` VALUES ('7e853b8b-2095-11ed-b609-3887d5e2c283', 3, '7e853b8b-2095-11ed-b609-3887d5e2c283', NULL, 'leave:2:f519d4d0-1ec3-11ed-af71-3887d5e2c283', '2022-08-20 22:36:36.323', '2022-08-20 22:57:45.682', 1269359, '1', 'Event_1u2autv', NULL, NULL, '主动取消任务，原因：不请假了', '', '请假', NULL, NULL, NULL, NULL, NULL, NULL);
INSERT INTO `act_hi_procinst` VALUES ('b8745c09-2096-11ed-b609-3887d5e2c283', 2, 'b8745c09-2096-11ed-b609-3887d5e2c283', NULL, 'leave:2:f519d4d0-1ec3-11ed-af71-3887d5e2c283', '2022-08-20 22:45:23.017', NULL, NULL, '1', 'Event_1u2autv', NULL, NULL, NULL, '', '请假', NULL, NULL, NULL, NULL, NULL, NULL);
INSERT INTO `act_hi_procinst` VALUES ('d1ede070-ce39-11ef-bcf7-e4a8dfac961e', 3, 'd1ede070-ce39-11ef-bcf7-e4a8dfac961e', NULL, 'leave:2:f519d4d0-1ec3-11ed-af71-3887d5e2c283', '2025-01-09 11:28:40.226', '2025-01-09 11:30:52.692', 132466, '1', 'Event_1u2autv', 'Event_0hldj7l', NULL, NULL, '', '请假', NULL, NULL, NULL, NULL, NULL, NULL);
INSERT INTO `act_hi_procinst` VALUES ('da70e12a-2095-11ed-b609-3887d5e2c283', 2, 'da70e12a-2095-11ed-b609-3887d5e2c283', NULL, 'leave:2:f519d4d0-1ec3-11ed-af71-3887d5e2c283', '2022-08-20 22:39:10.540', NULL, NULL, '1', 'Event_1u2autv', NULL, NULL, NULL, '', '请假', NULL, NULL, NULL, NULL, NULL, NULL);
INSERT INTO `act_hi_procinst` VALUES ('e9b53134-283f-11ed-9000-3887d5e2c283', 2, 'e9b53134-283f-11ed-9000-3887d5e2c283', NULL, 'leave:2:f519d4d0-1ec3-11ed-af71-3887d5e2c283', '2022-08-30 16:44:08.737', NULL, NULL, '1', 'Event_1u2autv', NULL, NULL, NULL, '', '请假', NULL, NULL, NULL, NULL, NULL, NULL);

-- ----------------------------
-- Table structure for act_hi_taskinst
-- ----------------------------
DROP TABLE IF EXISTS `act_hi_taskinst`;
CREATE TABLE `act_hi_taskinst`  (
  `ID_` varchar(64) CHARACTER SET utf8 COLLATE utf8_bin NOT NULL,
  `REV_` int(11) NULL DEFAULT 1,
  `PROC_DEF_ID_` varchar(64) CHARACTER SET utf8 COLLATE utf8_bin NULL DEFAULT NULL,
  `TASK_DEF_ID_` varchar(64) CHARACTER SET utf8 COLLATE utf8_bin NULL DEFAULT NULL,
  `TASK_DEF_KEY_` varchar(255) CHARACTER SET utf8 COLLATE utf8_bin NULL DEFAULT NULL,
  `PROC_INST_ID_` varchar(64) CHARACTER SET utf8 COLLATE utf8_bin NULL DEFAULT NULL,
  `EXECUTION_ID_` varchar(64) CHARACTER SET utf8 COLLATE utf8_bin NULL DEFAULT NULL,
  `SCOPE_ID_` varchar(255) CHARACTER SET utf8 COLLATE utf8_bin NULL DEFAULT NULL,
  `SUB_SCOPE_ID_` varchar(255) CHARACTER SET utf8 COLLATE utf8_bin NULL DEFAULT NULL,
  `SCOPE_TYPE_` varchar(255) CHARACTER SET utf8 COLLATE utf8_bin NULL DEFAULT NULL,
  `SCOPE_DEFINITION_ID_` varchar(255) CHARACTER SET utf8 COLLATE utf8_bin NULL DEFAULT NULL,
  `PROPAGATED_STAGE_INST_ID_` varchar(255) CHARACTER SET utf8 COLLATE utf8_bin NULL DEFAULT NULL,
  `NAME_` varchar(255) CHARACTER SET utf8 COLLATE utf8_bin NULL DEFAULT NULL,
  `PARENT_TASK_ID_` varchar(64) CHARACTER SET utf8 COLLATE utf8_bin NULL DEFAULT NULL,
  `DESCRIPTION_` varchar(4000) CHARACTER SET utf8 COLLATE utf8_bin NULL DEFAULT NULL,
  `OWNER_` varchar(255) CHARACTER SET utf8 COLLATE utf8_bin NULL DEFAULT NULL,
  `ASSIGNEE_` varchar(255) CHARACTER SET utf8 COLLATE utf8_bin NULL DEFAULT NULL,
  `START_TIME_` datetime(3) NOT NULL,
  `CLAIM_TIME_` datetime(3) NULL DEFAULT NULL,
  `END_TIME_` datetime(3) NULL DEFAULT NULL,
  `DURATION_` bigint(20) NULL DEFAULT NULL,
  `DELETE_REASON_` varchar(4000) CHARACTER SET utf8 COLLATE utf8_bin NULL DEFAULT NULL,
  `PRIORITY_` int(11) NULL DEFAULT NULL,
  `DUE_DATE_` datetime(3) NULL DEFAULT NULL,
  `FORM_KEY_` varchar(255) CHARACTER SET utf8 COLLATE utf8_bin NULL DEFAULT NULL,
  `CATEGORY_` varchar(255) CHARACTER SET utf8 COLLATE utf8_bin NULL DEFAULT NULL,
  `TENANT_ID_` varchar(255) CHARACTER SET utf8 COLLATE utf8_bin NULL DEFAULT '',
  `LAST_UPDATED_TIME_` datetime(3) NULL DEFAULT NULL,
  PRIMARY KEY (`ID_`) USING BTREE,
  INDEX `ACT_IDX_HI_TASK_SCOPE`(`SCOPE_ID_`, `SCOPE_TYPE_`) USING BTREE,
  INDEX `ACT_IDX_HI_TASK_SUB_SCOPE`(`SUB_SCOPE_ID_`, `SCOPE_TYPE_`) USING BTREE,
  INDEX `ACT_IDX_HI_TASK_SCOPE_DEF`(`SCOPE_DEFINITION_ID_`, `SCOPE_TYPE_`) USING BTREE,
  INDEX `ACT_IDX_HI_TASK_INST_PROCINST`(`PROC_INST_ID_`) USING BTREE
) ENGINE = InnoDB CHARACTER SET = utf8 COLLATE = utf8_bin ROW_FORMAT = COMPACT;

-- ----------------------------
-- Records of act_hi_taskinst
-- ----------------------------
INSERT INTO `act_hi_taskinst` VALUES ('091dd652-ce3a-11ef-bcf7-e4a8dfac961e', 2, 'leave:2:f519d4d0-1ec3-11ed-af71-3887d5e2c283', NULL, 'Activity_13uq05m', 'd1ede070-ce39-11ef-bcf7-e4a8dfac961e', 'd2049cc8-ce39-11ef-bcf7-e4a8dfac961e', NULL, NULL, NULL, NULL, NULL, '人事', NULL, NULL, NULL, '4', '2025-01-09 11:30:12.815', NULL, '2025-01-09 11:30:52.098', 39283, NULL, 50, NULL, NULL, NULL, '', '2025-01-09 11:30:52.098');
INSERT INTO `act_hi_taskinst` VALUES ('0a263574-2097-11ed-b609-3887d5e2c283', 1, 'leave:2:f519d4d0-1ec3-11ed-af71-3887d5e2c283', NULL, 'Activity_0gcxdwu', '0a24aec8-2097-11ed-b609-3887d5e2c283', '0a260e60-2097-11ed-b609-3887d5e2c283', NULL, NULL, NULL, NULL, NULL, '经理', NULL, NULL, NULL, '2', '2022-08-20 22:47:40.078', NULL, NULL, NULL, NULL, 50, NULL, NULL, NULL, '', '2022-08-20 22:47:40.089');
INSERT INTO `act_hi_taskinst` VALUES ('26d645c6-2843-11ed-9000-3887d5e2c283', 1, 'leave:2:f519d4d0-1ec3-11ed-af71-3887d5e2c283', NULL, 'Activity_13uq05m', 'e9b53134-283f-11ed-9000-3887d5e2c283', 'e9b7f05c-283f-11ed-9000-3887d5e2c283', NULL, NULL, NULL, NULL, NULL, '人事', NULL, NULL, NULL, '4', '2022-08-30 17:07:19.785', NULL, NULL, NULL, NULL, 50, NULL, NULL, NULL, '', '2022-08-30 17:07:19.822');
INSERT INTO `act_hi_taskinst` VALUES ('7bfe7ef7-2097-11ed-8938-3887d5e2c283', 1, 'leave:2:f519d4d0-1ec3-11ed-af71-3887d5e2c283', NULL, 'Activity_0gcxdwu', '7bf2bf1b-2097-11ed-8938-3887d5e2c283', '7bf94ed3-2097-11ed-8938-3887d5e2c283', NULL, NULL, NULL, NULL, NULL, '经理', NULL, NULL, NULL, '2', '2022-08-20 22:50:51.051', NULL, NULL, NULL, NULL, 50, NULL, NULL, NULL, '', '2022-08-20 22:50:51.130');
INSERT INTO `act_hi_taskinst` VALUES ('7e92a917-2095-11ed-b609-3887d5e2c283', 2, 'leave:2:f519d4d0-1ec3-11ed-af71-3887d5e2c283', NULL, 'Activity_0gcxdwu', '7e853b8b-2095-11ed-b609-3887d5e2c283', '7e8cb5a3-2095-11ed-b609-3887d5e2c283', NULL, NULL, NULL, NULL, NULL, '经理', NULL, NULL, NULL, '2', '2022-08-20 22:36:36.384', NULL, '2022-08-20 22:57:45.596', 1269212, '主动取消任务，原因：不请假了', 50, NULL, NULL, NULL, '', '2022-08-20 22:57:45.596');
INSERT INTO `act_hi_taskinst` VALUES ('b876a605-2096-11ed-b609-3887d5e2c283', 1, 'leave:2:f519d4d0-1ec3-11ed-af71-3887d5e2c283', NULL, 'Activity_0gcxdwu', 'b8745c09-2096-11ed-b609-3887d5e2c283', 'b876a601-2096-11ed-b609-3887d5e2c283', NULL, NULL, NULL, NULL, NULL, '经理', NULL, NULL, NULL, '2', '2022-08-20 22:45:23.032', NULL, NULL, NULL, NULL, 50, NULL, NULL, NULL, '', '2022-08-20 22:45:23.042');
INSERT INTO `act_hi_taskinst` VALUES ('d21d2ddc-ce39-11ef-bcf7-e4a8dfac961e', 2, 'leave:2:f519d4d0-1ec3-11ed-af71-3887d5e2c283', NULL, 'Activity_0gcxdwu', 'd1ede070-ce39-11ef-bcf7-e4a8dfac961e', 'd2049cc8-ce39-11ef-bcf7-e4a8dfac961e', NULL, NULL, NULL, NULL, NULL, '经理', NULL, NULL, NULL, '2', '2025-01-09 11:28:40.408', NULL, '2025-01-09 11:30:12.671', 92263, NULL, 50, NULL, NULL, NULL, '', '2025-01-09 11:30:12.671');
INSERT INTO `act_hi_taskinst` VALUES ('da71f2a6-2095-11ed-b609-3887d5e2c283', 1, 'leave:2:f519d4d0-1ec3-11ed-af71-3887d5e2c283', NULL, 'Activity_0gcxdwu', 'da70e12a-2095-11ed-b609-3887d5e2c283', 'da71cb92-2095-11ed-b609-3887d5e2c283', NULL, NULL, NULL, NULL, NULL, '经理', NULL, NULL, NULL, '2', '2022-08-20 22:39:10.546', NULL, NULL, NULL, NULL, 50, NULL, NULL, NULL, '', '2022-08-20 22:39:10.559');
INSERT INTO `act_hi_taskinst` VALUES ('e9bbe800-283f-11ed-9000-3887d5e2c283', 2, 'leave:2:f519d4d0-1ec3-11ed-af71-3887d5e2c283', NULL, 'Activity_0gcxdwu', 'e9b53134-283f-11ed-9000-3887d5e2c283', 'e9b7f05c-283f-11ed-9000-3887d5e2c283', NULL, NULL, NULL, NULL, NULL, '经理', NULL, NULL, NULL, '2', '2022-08-30 16:44:08.761', NULL, '2022-08-30 17:07:19.778', 1391017, NULL, 50, NULL, NULL, NULL, '', '2022-08-30 17:07:19.778');

-- ----------------------------
-- Table structure for act_hi_tsk_log
-- ----------------------------
DROP TABLE IF EXISTS `act_hi_tsk_log`;
CREATE TABLE `act_hi_tsk_log`  (
  `ID_` bigint(20) NOT NULL AUTO_INCREMENT,
  `TYPE_` varchar(64) CHARACTER SET utf8 COLLATE utf8_bin NULL DEFAULT NULL,
  `TASK_ID_` varchar(64) CHARACTER SET utf8 COLLATE utf8_bin NOT NULL,
  `TIME_STAMP_` timestamp(3) NOT NULL,
  `USER_ID_` varchar(255) CHARACTER SET utf8 COLLATE utf8_bin NULL DEFAULT NULL,
  `DATA_` varchar(4000) CHARACTER SET utf8 COLLATE utf8_bin NULL DEFAULT NULL,
  `EXECUTION_ID_` varchar(64) CHARACTER SET utf8 COLLATE utf8_bin NULL DEFAULT NULL,
  `PROC_INST_ID_` varchar(64) CHARACTER SET utf8 COLLATE utf8_bin NULL DEFAULT NULL,
  `PROC_DEF_ID_` varchar(64) CHARACTER SET utf8 COLLATE utf8_bin NULL DEFAULT NULL,
  `SCOPE_ID_` varchar(255) CHARACTER SET utf8 COLLATE utf8_bin NULL DEFAULT NULL,
  `SCOPE_DEFINITION_ID_` varchar(255) CHARACTER SET utf8 COLLATE utf8_bin NULL DEFAULT NULL,
  `SUB_SCOPE_ID_` varchar(255) CHARACTER SET utf8 COLLATE utf8_bin NULL DEFAULT NULL,
  `SCOPE_TYPE_` varchar(255) CHARACTER SET utf8 COLLATE utf8_bin NULL DEFAULT NULL,
  `TENANT_ID_` varchar(255) CHARACTER SET utf8 COLLATE utf8_bin NULL DEFAULT '',
  PRIMARY KEY (`ID_`) USING BTREE
) ENGINE = InnoDB AUTO_INCREMENT = 1 CHARACTER SET = utf8 COLLATE = utf8_bin ROW_FORMAT = COMPACT;

-- ----------------------------
-- Records of act_hi_tsk_log
-- ----------------------------

-- ----------------------------
-- Table structure for act_hi_varinst
-- ----------------------------
DROP TABLE IF EXISTS `act_hi_varinst`;
CREATE TABLE `act_hi_varinst`  (
  `ID_` varchar(64) CHARACTER SET utf8 COLLATE utf8_bin NOT NULL,
  `REV_` int(11) NULL DEFAULT 1,
  `PROC_INST_ID_` varchar(64) CHARACTER SET utf8 COLLATE utf8_bin NULL DEFAULT NULL,
  `EXECUTION_ID_` varchar(64) CHARACTER SET utf8 COLLATE utf8_bin NULL DEFAULT NULL,
  `TASK_ID_` varchar(64) CHARACTER SET utf8 COLLATE utf8_bin NULL DEFAULT NULL,
  `NAME_` varchar(255) CHARACTER SET utf8 COLLATE utf8_bin NOT NULL,
  `VAR_TYPE_` varchar(100) CHARACTER SET utf8 COLLATE utf8_bin NULL DEFAULT NULL,
  `SCOPE_ID_` varchar(255) CHARACTER SET utf8 COLLATE utf8_bin NULL DEFAULT NULL,
  `SUB_SCOPE_ID_` varchar(255) CHARACTER SET utf8 COLLATE utf8_bin NULL DEFAULT NULL,
  `SCOPE_TYPE_` varchar(255) CHARACTER SET utf8 COLLATE utf8_bin NULL DEFAULT NULL,
  `BYTEARRAY_ID_` varchar(64) CHARACTER SET utf8 COLLATE utf8_bin NULL DEFAULT NULL,
  `DOUBLE_` double NULL DEFAULT NULL,
  `LONG_` bigint(20) NULL DEFAULT NULL,
  `TEXT_` varchar(4000) CHARACTER SET utf8 COLLATE utf8_bin NULL DEFAULT NULL,
  `TEXT2_` varchar(4000) CHARACTER SET utf8 COLLATE utf8_bin NULL DEFAULT NULL,
  `CREATE_TIME_` datetime(3) NULL DEFAULT NULL,
  `LAST_UPDATED_TIME_` datetime(3) NULL DEFAULT NULL,
  PRIMARY KEY (`ID_`) USING BTREE,
  INDEX `ACT_IDX_HI_PROCVAR_NAME_TYPE`(`NAME_`, `VAR_TYPE_`) USING BTREE,
  INDEX `ACT_IDX_HI_VAR_SCOPE_ID_TYPE`(`SCOPE_ID_`, `SCOPE_TYPE_`) USING BTREE,
  INDEX `ACT_IDX_HI_VAR_SUB_ID_TYPE`(`SUB_SCOPE_ID_`, `SCOPE_TYPE_`) USING BTREE,
  INDEX `ACT_IDX_HI_PROCVAR_PROC_INST`(`PROC_INST_ID_`) USING BTREE,
  INDEX `ACT_IDX_HI_PROCVAR_TASK_ID`(`TASK_ID_`) USING BTREE,
  INDEX `ACT_IDX_HI_PROCVAR_EXE`(`EXECUTION_ID_`) USING BTREE
) ENGINE = InnoDB CHARACTER SET = utf8 COLLATE = utf8_bin ROW_FORMAT = COMPACT;

-- ----------------------------
-- Records of act_hi_varinst
-- ----------------------------
INSERT INTO `act_hi_varinst` VALUES ('0a260e5a-2097-11ed-b609-3887d5e2c283', 0, '0a24aec8-2097-11ed-b609-3887d5e2c283', '0a24aec8-2097-11ed-b609-3887d5e2c283', NULL, 'field126', 'string', NULL, NULL, NULL, NULL, NULL, NULL, '333', NULL, '2022-08-20 22:47:40.077', '2022-08-20 22:47:40.077');
INSERT INTO `act_hi_varinst` VALUES ('0a260e5c-2097-11ed-b609-3887d5e2c283', 0, '0a24aec8-2097-11ed-b609-3887d5e2c283', '0a24aec8-2097-11ed-b609-3887d5e2c283', NULL, 'field127', 'string', NULL, NULL, NULL, NULL, NULL, NULL, '333', NULL, '2022-08-20 22:47:40.077', '2022-08-20 22:47:40.077');
INSERT INTO `act_hi_varinst` VALUES ('0a260e5e-2097-11ed-b609-3887d5e2c283', 0, '0a24aec8-2097-11ed-b609-3887d5e2c283', '0a24aec8-2097-11ed-b609-3887d5e2c283', NULL, 'field128', 'integer', NULL, NULL, NULL, NULL, NULL, 1, '1', NULL, '2022-08-20 22:47:40.077', '2022-08-20 22:47:40.077');
INSERT INTO `act_hi_varinst` VALUES ('7bf88b7d-2097-11ed-8938-3887d5e2c283', 0, '7bf2bf1b-2097-11ed-8938-3887d5e2c283', '7bf2bf1b-2097-11ed-8938-3887d5e2c283', NULL, 'field126', 'string', NULL, NULL, NULL, NULL, NULL, NULL, '444', NULL, '2022-08-20 22:50:51.042', '2022-08-20 22:50:51.042');
INSERT INTO `act_hi_varinst` VALUES ('7bf927bf-2097-11ed-8938-3887d5e2c283', 0, '7bf2bf1b-2097-11ed-8938-3887d5e2c283', '7bf2bf1b-2097-11ed-8938-3887d5e2c283', NULL, 'field127', 'string', NULL, NULL, NULL, NULL, NULL, NULL, '444', NULL, '2022-08-20 22:50:51.043', '2022-08-20 22:50:51.043');
INSERT INTO `act_hi_varinst` VALUES ('7bf927c1-2097-11ed-8938-3887d5e2c283', 0, '7bf2bf1b-2097-11ed-8938-3887d5e2c283', '7bf2bf1b-2097-11ed-8938-3887d5e2c283', NULL, 'field128', 'integer', NULL, NULL, NULL, NULL, NULL, 1, '1', NULL, '2022-08-20 22:50:51.043', '2022-08-20 22:50:51.043');
INSERT INTO `act_hi_varinst` VALUES ('7e8bcb3d-2095-11ed-b609-3887d5e2c283', 0, '7e853b8b-2095-11ed-b609-3887d5e2c283', '7e853b8b-2095-11ed-b609-3887d5e2c283', NULL, 'field126', 'string', NULL, NULL, NULL, NULL, NULL, NULL, '111', NULL, '2022-08-20 22:36:36.369', '2022-08-20 22:36:36.369');
INSERT INTO `act_hi_varinst` VALUES ('7e8c677f-2095-11ed-b609-3887d5e2c283', 0, '7e853b8b-2095-11ed-b609-3887d5e2c283', '7e853b8b-2095-11ed-b609-3887d5e2c283', NULL, 'field127', 'string', NULL, NULL, NULL, NULL, NULL, NULL, '222', NULL, '2022-08-20 22:36:36.370', '2022-08-20 22:36:36.370');
INSERT INTO `act_hi_varinst` VALUES ('7e8c6781-2095-11ed-b609-3887d5e2c283', 0, '7e853b8b-2095-11ed-b609-3887d5e2c283', '7e853b8b-2095-11ed-b609-3887d5e2c283', NULL, 'field128', 'integer', NULL, NULL, NULL, NULL, NULL, 1, '1', NULL, '2022-08-20 22:36:36.370', '2022-08-20 22:36:36.370');
INSERT INTO `act_hi_varinst` VALUES ('b8767eeb-2096-11ed-b609-3887d5e2c283', 0, 'b8745c09-2096-11ed-b609-3887d5e2c283', 'b8745c09-2096-11ed-b609-3887d5e2c283', NULL, 'field126', 'string', NULL, NULL, NULL, NULL, NULL, NULL, '222', NULL, '2022-08-20 22:45:23.031', '2022-08-20 22:45:23.031');
INSERT INTO `act_hi_varinst` VALUES ('b8767eed-2096-11ed-b609-3887d5e2c283', 0, 'b8745c09-2096-11ed-b609-3887d5e2c283', 'b8745c09-2096-11ed-b609-3887d5e2c283', NULL, 'field127', 'string', NULL, NULL, NULL, NULL, NULL, NULL, '222', NULL, '2022-08-20 22:45:23.031', '2022-08-20 22:45:23.031');
INSERT INTO `act_hi_varinst` VALUES ('b8767eef-2096-11ed-b609-3887d5e2c283', 0, 'b8745c09-2096-11ed-b609-3887d5e2c283', 'b8745c09-2096-11ed-b609-3887d5e2c283', NULL, 'field128', 'integer', NULL, NULL, NULL, NULL, NULL, 1, '1', NULL, '2022-08-20 22:45:23.031', '2022-08-20 22:45:23.031');
INSERT INTO `act_hi_varinst` VALUES ('d2022bc2-ce39-11ef-bcf7-e4a8dfac961e', 0, 'd1ede070-ce39-11ef-bcf7-e4a8dfac961e', 'd1ede070-ce39-11ef-bcf7-e4a8dfac961e', NULL, 'field126', 'string', NULL, NULL, NULL, NULL, NULL, NULL, '123', NULL, '2025-01-09 11:28:40.371', '2025-01-09 11:28:40.371');
INSERT INTO `act_hi_varinst` VALUES ('d2040084-ce39-11ef-bcf7-e4a8dfac961e', 0, 'd1ede070-ce39-11ef-bcf7-e4a8dfac961e', 'd1ede070-ce39-11ef-bcf7-e4a8dfac961e', NULL, 'field127', 'string', NULL, NULL, NULL, NULL, NULL, NULL, '123', NULL, '2025-01-09 11:28:40.371', '2025-01-09 11:28:40.371');
INSERT INTO `act_hi_varinst` VALUES ('d2042796-ce39-11ef-bcf7-e4a8dfac961e', 0, 'd1ede070-ce39-11ef-bcf7-e4a8dfac961e', 'd1ede070-ce39-11ef-bcf7-e4a8dfac961e', NULL, 'field128', 'integer', NULL, NULL, NULL, NULL, NULL, 1, '1', NULL, '2025-01-09 11:28:40.372', '2025-01-09 11:28:40.372');
INSERT INTO `act_hi_varinst` VALUES ('da71a47c-2095-11ed-b609-3887d5e2c283', 0, 'da70e12a-2095-11ed-b609-3887d5e2c283', 'da70e12a-2095-11ed-b609-3887d5e2c283', NULL, 'field126', 'string', NULL, NULL, NULL, NULL, NULL, NULL, '111', NULL, '2022-08-20 22:39:10.545', '2022-08-20 22:39:10.545');
INSERT INTO `act_hi_varinst` VALUES ('da71a47e-2095-11ed-b609-3887d5e2c283', 0, 'da70e12a-2095-11ed-b609-3887d5e2c283', 'da70e12a-2095-11ed-b609-3887d5e2c283', NULL, 'field127', 'string', NULL, NULL, NULL, NULL, NULL, NULL, '111', NULL, '2022-08-20 22:39:10.545', '2022-08-20 22:39:10.545');
INSERT INTO `act_hi_varinst` VALUES ('da71cb90-2095-11ed-b609-3887d5e2c283', 0, 'da70e12a-2095-11ed-b609-3887d5e2c283', 'da70e12a-2095-11ed-b609-3887d5e2c283', NULL, 'field128', 'integer', NULL, NULL, NULL, NULL, NULL, 1, '1', NULL, '2022-08-20 22:39:10.546', '2022-08-20 22:39:10.546');
INSERT INTO `act_hi_varinst` VALUES ('e9b77b26-283f-11ed-9000-3887d5e2c283', 0, 'e9b53134-283f-11ed-9000-3887d5e2c283', 'e9b53134-283f-11ed-9000-3887d5e2c283', NULL, 'field126', 'string', NULL, NULL, NULL, NULL, NULL, NULL, '123', NULL, '2022-08-30 16:44:08.753', '2022-08-30 16:44:08.753');
INSERT INTO `act_hi_varinst` VALUES ('e9b7c948-283f-11ed-9000-3887d5e2c283', 0, 'e9b53134-283f-11ed-9000-3887d5e2c283', 'e9b53134-283f-11ed-9000-3887d5e2c283', NULL, 'field127', 'string', NULL, NULL, NULL, NULL, NULL, NULL, '123', NULL, '2022-08-30 16:44:08.754', '2022-08-30 16:44:08.754');
INSERT INTO `act_hi_varinst` VALUES ('e9b7c94a-283f-11ed-9000-3887d5e2c283', 0, 'e9b53134-283f-11ed-9000-3887d5e2c283', 'e9b53134-283f-11ed-9000-3887d5e2c283', NULL, 'field128', 'integer', NULL, NULL, NULL, NULL, NULL, 1, '1', NULL, '2022-08-30 16:44:08.754', '2022-08-30 16:44:08.754');

-- ----------------------------
-- Table structure for act_id_bytearray
-- ----------------------------
DROP TABLE IF EXISTS `act_id_bytearray`;
CREATE TABLE `act_id_bytearray`  (
  `ID_` varchar(64) CHARACTER SET utf8 COLLATE utf8_bin NOT NULL,
  `REV_` int(11) NULL DEFAULT NULL,
  `NAME_` varchar(255) CHARACTER SET utf8 COLLATE utf8_bin NULL DEFAULT NULL,
  `BYTES_` longblob NULL,
  PRIMARY KEY (`ID_`) USING BTREE
) ENGINE = InnoDB CHARACTER SET = utf8 COLLATE = utf8_bin ROW_FORMAT = COMPACT;

-- ----------------------------
-- Records of act_id_bytearray
-- ----------------------------

-- ----------------------------
-- Table structure for act_id_group
-- ----------------------------
DROP TABLE IF EXISTS `act_id_group`;
CREATE TABLE `act_id_group`  (
  `ID_` varchar(64) CHARACTER SET utf8 COLLATE utf8_bin NOT NULL,
  `REV_` int(11) NULL DEFAULT NULL,
  `NAME_` varchar(255) CHARACTER SET utf8 COLLATE utf8_bin NULL DEFAULT NULL,
  `TYPE_` varchar(255) CHARACTER SET utf8 COLLATE utf8_bin NULL DEFAULT NULL,
  PRIMARY KEY (`ID_`) USING BTREE
) ENGINE = InnoDB CHARACTER SET = utf8 COLLATE = utf8_bin ROW_FORMAT = COMPACT;

-- ----------------------------
-- Records of act_id_group
-- ----------------------------

-- ----------------------------
-- Table structure for act_id_info
-- ----------------------------
DROP TABLE IF EXISTS `act_id_info`;
CREATE TABLE `act_id_info`  (
  `ID_` varchar(64) CHARACTER SET utf8 COLLATE utf8_bin NOT NULL,
  `REV_` int(11) NULL DEFAULT NULL,
  `USER_ID_` varchar(64) CHARACTER SET utf8 COLLATE utf8_bin NULL DEFAULT NULL,
  `TYPE_` varchar(64) CHARACTER SET utf8 COLLATE utf8_bin NULL DEFAULT NULL,
  `KEY_` varchar(255) CHARACTER SET utf8 COLLATE utf8_bin NULL DEFAULT NULL,
  `VALUE_` varchar(255) CHARACTER SET utf8 COLLATE utf8_bin NULL DEFAULT NULL,
  `PASSWORD_` longblob NULL,
  `PARENT_ID_` varchar(255) CHARACTER SET utf8 COLLATE utf8_bin NULL DEFAULT NULL,
  PRIMARY KEY (`ID_`) USING BTREE
) ENGINE = InnoDB CHARACTER SET = utf8 COLLATE = utf8_bin ROW_FORMAT = COMPACT;

-- ----------------------------
-- Records of act_id_info
-- ----------------------------

-- ----------------------------
-- Table structure for act_id_membership
-- ----------------------------
DROP TABLE IF EXISTS `act_id_membership`;
CREATE TABLE `act_id_membership`  (
  `USER_ID_` varchar(64) CHARACTER SET utf8 COLLATE utf8_bin NOT NULL,
  `GROUP_ID_` varchar(64) CHARACTER SET utf8 COLLATE utf8_bin NOT NULL,
  PRIMARY KEY (`USER_ID_`, `GROUP_ID_`) USING BTREE,
  INDEX `ACT_FK_MEMB_GROUP`(`GROUP_ID_`) USING BTREE,
  CONSTRAINT `ACT_FK_MEMB_GROUP` FOREIGN KEY (`GROUP_ID_`) REFERENCES `act_id_group` (`ID_`) ON DELETE RESTRICT ON UPDATE RESTRICT,
  CONSTRAINT `ACT_FK_MEMB_USER` FOREIGN KEY (`USER_ID_`) REFERENCES `act_id_user` (`ID_`) ON DELETE RESTRICT ON UPDATE RESTRICT
) ENGINE = InnoDB CHARACTER SET = utf8 COLLATE = utf8_bin ROW_FORMAT = COMPACT;

-- ----------------------------
-- Records of act_id_membership
-- ----------------------------

-- ----------------------------
-- Table structure for act_id_priv
-- ----------------------------
DROP TABLE IF EXISTS `act_id_priv`;
CREATE TABLE `act_id_priv`  (
  `ID_` varchar(64) CHARACTER SET utf8 COLLATE utf8_bin NOT NULL,
  `NAME_` varchar(255) CHARACTER SET utf8 COLLATE utf8_bin NOT NULL,
  PRIMARY KEY (`ID_`) USING BTREE,
  UNIQUE INDEX `ACT_UNIQ_PRIV_NAME`(`NAME_`) USING BTREE
) ENGINE = InnoDB CHARACTER SET = utf8 COLLATE = utf8_bin ROW_FORMAT = COMPACT;

-- ----------------------------
-- Records of act_id_priv
-- ----------------------------

-- ----------------------------
-- Table structure for act_id_priv_mapping
-- ----------------------------
DROP TABLE IF EXISTS `act_id_priv_mapping`;
CREATE TABLE `act_id_priv_mapping`  (
  `ID_` varchar(64) CHARACTER SET utf8 COLLATE utf8_bin NOT NULL,
  `PRIV_ID_` varchar(64) CHARACTER SET utf8 COLLATE utf8_bin NOT NULL,
  `USER_ID_` varchar(255) CHARACTER SET utf8 COLLATE utf8_bin NULL DEFAULT NULL,
  `GROUP_ID_` varchar(255) CHARACTER SET utf8 COLLATE utf8_bin NULL DEFAULT NULL,
  PRIMARY KEY (`ID_`) USING BTREE,
  INDEX `ACT_FK_PRIV_MAPPING`(`PRIV_ID_`) USING BTREE,
  INDEX `ACT_IDX_PRIV_USER`(`USER_ID_`) USING BTREE,
  INDEX `ACT_IDX_PRIV_GROUP`(`GROUP_ID_`) USING BTREE,
  CONSTRAINT `ACT_FK_PRIV_MAPPING` FOREIGN KEY (`PRIV_ID_`) REFERENCES `act_id_priv` (`ID_`) ON DELETE RESTRICT ON UPDATE RESTRICT
) ENGINE = InnoDB CHARACTER SET = utf8 COLLATE = utf8_bin ROW_FORMAT = COMPACT;

-- ----------------------------
-- Records of act_id_priv_mapping
-- ----------------------------

-- ----------------------------
-- Table structure for act_id_property
-- ----------------------------
DROP TABLE IF EXISTS `act_id_property`;
CREATE TABLE `act_id_property`  (
  `NAME_` varchar(64) CHARACTER SET utf8 COLLATE utf8_bin NOT NULL,
  `VALUE_` varchar(300) CHARACTER SET utf8 COLLATE utf8_bin NULL DEFAULT NULL,
  `REV_` int(11) NULL DEFAULT NULL,
  PRIMARY KEY (`NAME_`) USING BTREE
) ENGINE = InnoDB CHARACTER SET = utf8 COLLATE = utf8_bin ROW_FORMAT = COMPACT;

-- ----------------------------
-- Records of act_id_property
-- ----------------------------
INSERT INTO `act_id_property` VALUES ('schema.version', '6.7.2.0', 1);

-- ----------------------------
-- Table structure for act_id_token
-- ----------------------------
DROP TABLE IF EXISTS `act_id_token`;
CREATE TABLE `act_id_token`  (
  `ID_` varchar(64) CHARACTER SET utf8 COLLATE utf8_bin NOT NULL,
  `REV_` int(11) NULL DEFAULT NULL,
  `TOKEN_VALUE_` varchar(255) CHARACTER SET utf8 COLLATE utf8_bin NULL DEFAULT NULL,
  `TOKEN_DATE_` timestamp(3) NULL DEFAULT NULL,
  `IP_ADDRESS_` varchar(255) CHARACTER SET utf8 COLLATE utf8_bin NULL DEFAULT NULL,
  `USER_AGENT_` varchar(255) CHARACTER SET utf8 COLLATE utf8_bin NULL DEFAULT NULL,
  `USER_ID_` varchar(255) CHARACTER SET utf8 COLLATE utf8_bin NULL DEFAULT NULL,
  `TOKEN_DATA_` varchar(2000) CHARACTER SET utf8 COLLATE utf8_bin NULL DEFAULT NULL,
  PRIMARY KEY (`ID_`) USING BTREE
) ENGINE = InnoDB CHARACTER SET = utf8 COLLATE = utf8_bin ROW_FORMAT = COMPACT;

-- ----------------------------
-- Records of act_id_token
-- ----------------------------

-- ----------------------------
-- Table structure for act_id_user
-- ----------------------------
DROP TABLE IF EXISTS `act_id_user`;
CREATE TABLE `act_id_user`  (
  `ID_` varchar(64) CHARACTER SET utf8 COLLATE utf8_bin NOT NULL,
  `REV_` int(11) NULL DEFAULT NULL,
  `FIRST_` varchar(255) CHARACTER SET utf8 COLLATE utf8_bin NULL DEFAULT NULL,
  `LAST_` varchar(255) CHARACTER SET utf8 COLLATE utf8_bin NULL DEFAULT NULL,
  `DISPLAY_NAME_` varchar(255) CHARACTER SET utf8 COLLATE utf8_bin NULL DEFAULT NULL,
  `EMAIL_` varchar(255) CHARACTER SET utf8 COLLATE utf8_bin NULL DEFAULT NULL,
  `PWD_` varchar(255) CHARACTER SET utf8 COLLATE utf8_bin NULL DEFAULT NULL,
  `PICTURE_ID_` varchar(64) CHARACTER SET utf8 COLLATE utf8_bin NULL DEFAULT NULL,
  `TENANT_ID_` varchar(255) CHARACTER SET utf8 COLLATE utf8_bin NULL DEFAULT '',
  PRIMARY KEY (`ID_`) USING BTREE
) ENGINE = InnoDB CHARACTER SET = utf8 COLLATE = utf8_bin ROW_FORMAT = COMPACT;

-- ----------------------------
-- Records of act_id_user
-- ----------------------------

-- ----------------------------
-- Table structure for act_procdef_info
-- ----------------------------
DROP TABLE IF EXISTS `act_procdef_info`;
CREATE TABLE `act_procdef_info`  (
  `ID_` varchar(64) CHARACTER SET utf8 COLLATE utf8_bin NOT NULL,
  `PROC_DEF_ID_` varchar(64) CHARACTER SET utf8 COLLATE utf8_bin NOT NULL,
  `REV_` int(11) NULL DEFAULT NULL,
  `INFO_JSON_ID_` varchar(64) CHARACTER SET utf8 COLLATE utf8_bin NULL DEFAULT NULL,
  PRIMARY KEY (`ID_`) USING BTREE,
  UNIQUE INDEX `ACT_UNIQ_INFO_PROCDEF`(`PROC_DEF_ID_`) USING BTREE,
  INDEX `ACT_IDX_INFO_PROCDEF`(`PROC_DEF_ID_`) USING BTREE,
  INDEX `ACT_FK_INFO_JSON_BA`(`INFO_JSON_ID_`) USING BTREE,
  CONSTRAINT `ACT_FK_INFO_JSON_BA` FOREIGN KEY (`INFO_JSON_ID_`) REFERENCES `act_ge_bytearray` (`ID_`) ON DELETE RESTRICT ON UPDATE RESTRICT,
  CONSTRAINT `ACT_FK_INFO_PROCDEF` FOREIGN KEY (`PROC_DEF_ID_`) REFERENCES `act_re_procdef` (`ID_`) ON DELETE RESTRICT ON UPDATE RESTRICT
) ENGINE = InnoDB CHARACTER SET = utf8 COLLATE = utf8_bin ROW_FORMAT = COMPACT;

-- ----------------------------
-- Records of act_procdef_info
-- ----------------------------

-- ----------------------------
-- Table structure for act_re_deployment
-- ----------------------------
DROP TABLE IF EXISTS `act_re_deployment`;
CREATE TABLE `act_re_deployment`  (
  `ID_` varchar(64) CHARACTER SET utf8 COLLATE utf8_bin NOT NULL,
  `NAME_` varchar(255) CHARACTER SET utf8 COLLATE utf8_bin NULL DEFAULT NULL,
  `CATEGORY_` varchar(255) CHARACTER SET utf8 COLLATE utf8_bin NULL DEFAULT NULL,
  `KEY_` varchar(255) CHARACTER SET utf8 COLLATE utf8_bin NULL DEFAULT NULL,
  `TENANT_ID_` varchar(255) CHARACTER SET utf8 COLLATE utf8_bin NULL DEFAULT '',
  `DEPLOY_TIME_` timestamp(3) NULL DEFAULT NULL,
  `DERIVED_FROM_` varchar(64) CHARACTER SET utf8 COLLATE utf8_bin NULL DEFAULT NULL,
  `DERIVED_FROM_ROOT_` varchar(64) CHARACTER SET utf8 COLLATE utf8_bin NULL DEFAULT NULL,
  `PARENT_DEPLOYMENT_ID_` varchar(255) CHARACTER SET utf8 COLLATE utf8_bin NULL DEFAULT NULL,
  `ENGINE_VERSION_` varchar(255) CHARACTER SET utf8 COLLATE utf8_bin NULL DEFAULT NULL,
  PRIMARY KEY (`ID_`) USING BTREE
) ENGINE = InnoDB CHARACTER SET = utf8 COLLATE = utf8_bin ROW_FORMAT = COMPACT;

-- ----------------------------
-- Records of act_re_deployment
-- ----------------------------
INSERT INTO `act_re_deployment` VALUES ('035a3c89-1ec1-11ed-af71-3887d5e2c283', '请假', '2', 'leave', '', '2022-08-18 14:43:05.212', NULL, NULL, '035a3c89-1ec1-11ed-af71-3887d5e2c283', NULL);
INSERT INTO `act_re_deployment` VALUES ('f505144d-1ec3-11ed-af71-3887d5e2c283', '请假', '2', 'leave', '', '2022-08-18 15:04:09.655', NULL, NULL, 'f505144d-1ec3-11ed-af71-3887d5e2c283', NULL);

-- ----------------------------
-- Table structure for act_re_model
-- ----------------------------
DROP TABLE IF EXISTS `act_re_model`;
CREATE TABLE `act_re_model`  (
  `ID_` varchar(64) CHARACTER SET utf8 COLLATE utf8_bin NOT NULL,
  `REV_` int(11) NULL DEFAULT NULL,
  `NAME_` varchar(255) CHARACTER SET utf8 COLLATE utf8_bin NULL DEFAULT NULL,
  `KEY_` varchar(255) CHARACTER SET utf8 COLLATE utf8_bin NULL DEFAULT NULL,
  `CATEGORY_` varchar(255) CHARACTER SET utf8 COLLATE utf8_bin NULL DEFAULT NULL,
  `CREATE_TIME_` timestamp(3) NULL DEFAULT NULL,
  `LAST_UPDATE_TIME_` timestamp(3) NULL DEFAULT NULL,
  `VERSION_` int(11) NULL DEFAULT NULL,
  `META_INFO_` varchar(4000) CHARACTER SET utf8 COLLATE utf8_bin NULL DEFAULT NULL,
  `DEPLOYMENT_ID_` varchar(64) CHARACTER SET utf8 COLLATE utf8_bin NULL DEFAULT NULL,
  `EDITOR_SOURCE_VALUE_ID_` varchar(64) CHARACTER SET utf8 COLLATE utf8_bin NULL DEFAULT NULL,
  `EDITOR_SOURCE_EXTRA_VALUE_ID_` varchar(64) CHARACTER SET utf8 COLLATE utf8_bin NULL DEFAULT NULL,
  `TENANT_ID_` varchar(255) CHARACTER SET utf8 COLLATE utf8_bin NULL DEFAULT '',
  PRIMARY KEY (`ID_`) USING BTREE,
  INDEX `ACT_FK_MODEL_SOURCE`(`EDITOR_SOURCE_VALUE_ID_`) USING BTREE,
  INDEX `ACT_FK_MODEL_SOURCE_EXTRA`(`EDITOR_SOURCE_EXTRA_VALUE_ID_`) USING BTREE,
  INDEX `ACT_FK_MODEL_DEPLOYMENT`(`DEPLOYMENT_ID_`) USING BTREE,
  CONSTRAINT `ACT_FK_MODEL_DEPLOYMENT` FOREIGN KEY (`DEPLOYMENT_ID_`) REFERENCES `act_re_deployment` (`ID_`) ON DELETE RESTRICT ON UPDATE RESTRICT,
  CONSTRAINT `ACT_FK_MODEL_SOURCE` FOREIGN KEY (`EDITOR_SOURCE_VALUE_ID_`) REFERENCES `act_ge_bytearray` (`ID_`) ON DELETE RESTRICT ON UPDATE RESTRICT,
  CONSTRAINT `ACT_FK_MODEL_SOURCE_EXTRA` FOREIGN KEY (`EDITOR_SOURCE_EXTRA_VALUE_ID_`) REFERENCES `act_ge_bytearray` (`ID_`) ON DELETE RESTRICT ON UPDATE RESTRICT
) ENGINE = InnoDB CHARACTER SET = utf8 COLLATE = utf8_bin ROW_FORMAT = COMPACT;

-- ----------------------------
-- Records of act_re_model
-- ----------------------------
INSERT INTO `act_re_model` VALUES ('c182240f-2138-11ed-89a5-3887d5e2c283', 4, '会签', 'sign', '2', '2022-08-21 18:05:16.677', '2022-08-21 18:13:29.124', 1, '{\"description\":\"会签\",\"formType\":10,\"formId\":4,\"formCustomCreatePath\":null,\"formCustomViewPath\":null}', NULL, 'dc1417b0-2139-11ed-89a5-3887d5e2c283', NULL, '');
INSERT INTO `act_re_model` VALUES ('e05bc4b6-1ea9-11ed-94d4-3887d5e2c283', 9, '请假', 'leave', '2', '2022-08-18 11:57:28.077', '2022-08-18 15:04:09.815', 1, '{\"description\":\"请假流程\",\"formType\":10,\"formId\":3,\"formCustomCreatePath\":null,\"formCustomViewPath\":null}', 'f505144d-1ec3-11ed-af71-3887d5e2c283', '7c1f1aa7-1eaa-11ed-94d4-3887d5e2c283', NULL, '');

-- ----------------------------
-- Table structure for act_re_procdef
-- ----------------------------
DROP TABLE IF EXISTS `act_re_procdef`;
CREATE TABLE `act_re_procdef`  (
  `ID_` varchar(64) CHARACTER SET utf8 COLLATE utf8_bin NOT NULL,
  `REV_` int(11) NULL DEFAULT NULL,
  `CATEGORY_` varchar(255) CHARACTER SET utf8 COLLATE utf8_bin NULL DEFAULT NULL,
  `NAME_` varchar(255) CHARACTER SET utf8 COLLATE utf8_bin NULL DEFAULT NULL,
  `KEY_` varchar(255) CHARACTER SET utf8 COLLATE utf8_bin NOT NULL,
  `VERSION_` int(11) NOT NULL,
  `DEPLOYMENT_ID_` varchar(64) CHARACTER SET utf8 COLLATE utf8_bin NULL DEFAULT NULL,
  `RESOURCE_NAME_` varchar(4000) CHARACTER SET utf8 COLLATE utf8_bin NULL DEFAULT NULL,
  `DGRM_RESOURCE_NAME_` varchar(4000) CHARACTER SET utf8 COLLATE utf8_bin NULL DEFAULT NULL,
  `DESCRIPTION_` varchar(4000) CHARACTER SET utf8 COLLATE utf8_bin NULL DEFAULT NULL,
  `HAS_START_FORM_KEY_` tinyint(4) NULL DEFAULT NULL,
  `HAS_GRAPHICAL_NOTATION_` tinyint(4) NULL DEFAULT NULL,
  `SUSPENSION_STATE_` int(11) NULL DEFAULT NULL,
  `TENANT_ID_` varchar(255) CHARACTER SET utf8 COLLATE utf8_bin NULL DEFAULT '',
  `ENGINE_VERSION_` varchar(255) CHARACTER SET utf8 COLLATE utf8_bin NULL DEFAULT NULL,
  `DERIVED_FROM_` varchar(64) CHARACTER SET utf8 COLLATE utf8_bin NULL DEFAULT NULL,
  `DERIVED_FROM_ROOT_` varchar(64) CHARACTER SET utf8 COLLATE utf8_bin NULL DEFAULT NULL,
  `DERIVED_VERSION_` int(11) NOT NULL DEFAULT 0,
  PRIMARY KEY (`ID_`) USING BTREE,
  UNIQUE INDEX `ACT_UNIQ_PROCDEF`(`KEY_`, `VERSION_`, `DERIVED_VERSION_`, `TENANT_ID_`) USING BTREE
) ENGINE = InnoDB CHARACTER SET = utf8 COLLATE = utf8_bin ROW_FORMAT = COMPACT;

-- ----------------------------
-- Records of act_re_procdef
-- ----------------------------
INSERT INTO `act_re_procdef` VALUES ('leave:1:0385442c-1ec1-11ed-af71-3887d5e2c283', 5, '2', '请假', 'leave', 1, '035a3c89-1ec1-11ed-af71-3887d5e2c283', 'leave.bpmn', 'leave.leave.png', NULL, 0, 1, 2, '', NULL, NULL, NULL, 0);
INSERT INTO `act_re_procdef` VALUES ('leave:2:f519d4d0-1ec3-11ed-af71-3887d5e2c283', 2, '2', '请假', 'leave', 2, 'f505144d-1ec3-11ed-af71-3887d5e2c283', 'leave.bpmn', 'leave.leave.png', NULL, 0, 1, 1, '', NULL, NULL, NULL, 0);

-- ----------------------------
-- Table structure for act_ru_actinst
-- ----------------------------
DROP TABLE IF EXISTS `act_ru_actinst`;
CREATE TABLE `act_ru_actinst`  (
  `ID_` varchar(64) CHARACTER SET utf8 COLLATE utf8_bin NOT NULL,
  `REV_` int(11) NULL DEFAULT 1,
  `PROC_DEF_ID_` varchar(64) CHARACTER SET utf8 COLLATE utf8_bin NOT NULL,
  `PROC_INST_ID_` varchar(64) CHARACTER SET utf8 COLLATE utf8_bin NOT NULL,
  `EXECUTION_ID_` varchar(64) CHARACTER SET utf8 COLLATE utf8_bin NOT NULL,
  `ACT_ID_` varchar(255) CHARACTER SET utf8 COLLATE utf8_bin NOT NULL,
  `TASK_ID_` varchar(64) CHARACTER SET utf8 COLLATE utf8_bin NULL DEFAULT NULL,
  `CALL_PROC_INST_ID_` varchar(64) CHARACTER SET utf8 COLLATE utf8_bin NULL DEFAULT NULL,
  `ACT_NAME_` varchar(255) CHARACTER SET utf8 COLLATE utf8_bin NULL DEFAULT NULL,
  `ACT_TYPE_` varchar(255) CHARACTER SET utf8 COLLATE utf8_bin NOT NULL,
  `ASSIGNEE_` varchar(255) CHARACTER SET utf8 COLLATE utf8_bin NULL DEFAULT NULL,
  `START_TIME_` datetime(3) NOT NULL,
  `END_TIME_` datetime(3) NULL DEFAULT NULL,
  `DURATION_` bigint(20) NULL DEFAULT NULL,
  `TRANSACTION_ORDER_` int(11) NULL DEFAULT NULL,
  `DELETE_REASON_` varchar(4000) CHARACTER SET utf8 COLLATE utf8_bin NULL DEFAULT NULL,
  `TENANT_ID_` varchar(255) CHARACTER SET utf8 COLLATE utf8_bin NULL DEFAULT '',
  PRIMARY KEY (`ID_`) USING BTREE,
  INDEX `ACT_IDX_RU_ACTI_START`(`START_TIME_`) USING BTREE,
  INDEX `ACT_IDX_RU_ACTI_END`(`END_TIME_`) USING BTREE,
  INDEX `ACT_IDX_RU_ACTI_PROC`(`PROC_INST_ID_`) USING BTREE,
  INDEX `ACT_IDX_RU_ACTI_PROC_ACT`(`PROC_INST_ID_`, `ACT_ID_`) USING BTREE,
  INDEX `ACT_IDX_RU_ACTI_EXEC`(`EXECUTION_ID_`) USING BTREE,
  INDEX `ACT_IDX_RU_ACTI_EXEC_ACT`(`EXECUTION_ID_`, `ACT_ID_`) USING BTREE,
  INDEX `ACT_IDX_RU_ACTI_TASK`(`TASK_ID_`) USING BTREE
) ENGINE = InnoDB CHARACTER SET = utf8 COLLATE = utf8_bin ROW_FORMAT = COMPACT;

-- ----------------------------
-- Records of act_ru_actinst
-- ----------------------------
INSERT INTO `act_ru_actinst` VALUES ('0a260e61-2097-11ed-b609-3887d5e2c283', 1, 'leave:2:f519d4d0-1ec3-11ed-af71-3887d5e2c283', '0a24aec8-2097-11ed-b609-3887d5e2c283', '0a260e60-2097-11ed-b609-3887d5e2c283', 'Event_1u2autv', NULL, NULL, NULL, 'startEvent', NULL, '2022-08-20 22:47:40.077', '2022-08-20 22:47:40.077', 0, 1, NULL, '');
INSERT INTO `act_ru_actinst` VALUES ('0a260e62-2097-11ed-b609-3887d5e2c283', 1, 'leave:2:f519d4d0-1ec3-11ed-af71-3887d5e2c283', '0a24aec8-2097-11ed-b609-3887d5e2c283', '0a260e60-2097-11ed-b609-3887d5e2c283', 'Flow_1cxox84', NULL, NULL, NULL, 'sequenceFlow', NULL, '2022-08-20 22:47:40.077', '2022-08-20 22:47:40.077', 0, 2, NULL, '');
INSERT INTO `act_ru_actinst` VALUES ('0a260e63-2097-11ed-b609-3887d5e2c283', 1, 'leave:2:f519d4d0-1ec3-11ed-af71-3887d5e2c283', '0a24aec8-2097-11ed-b609-3887d5e2c283', '0a260e60-2097-11ed-b609-3887d5e2c283', 'Activity_0gcxdwu', '0a263574-2097-11ed-b609-3887d5e2c283', NULL, '经理', 'userTask', '2', '2022-08-20 22:47:40.077', NULL, NULL, 3, NULL, '');
INSERT INTO `act_ru_actinst` VALUES ('26d61eb4-2843-11ed-9000-3887d5e2c283', 1, 'leave:2:f519d4d0-1ec3-11ed-af71-3887d5e2c283', 'e9b53134-283f-11ed-9000-3887d5e2c283', 'e9b7f05c-283f-11ed-9000-3887d5e2c283', 'Flow_1yk1dsj', NULL, NULL, NULL, 'sequenceFlow', NULL, '2022-08-30 17:07:19.784', '2022-08-30 17:07:19.784', 0, 1, NULL, '');
INSERT INTO `act_ru_actinst` VALUES ('26d645c5-2843-11ed-9000-3887d5e2c283', 1, 'leave:2:f519d4d0-1ec3-11ed-af71-3887d5e2c283', 'e9b53134-283f-11ed-9000-3887d5e2c283', 'e9b7f05c-283f-11ed-9000-3887d5e2c283', 'Activity_13uq05m', '26d645c6-2843-11ed-9000-3887d5e2c283', NULL, '人事', 'userTask', '4', '2022-08-30 17:07:19.785', NULL, NULL, 2, NULL, '');
INSERT INTO `act_ru_actinst` VALUES ('7bf975e4-2097-11ed-8938-3887d5e2c283', 1, 'leave:2:f519d4d0-1ec3-11ed-af71-3887d5e2c283', '7bf2bf1b-2097-11ed-8938-3887d5e2c283', '7bf94ed3-2097-11ed-8938-3887d5e2c283', 'Event_1u2autv', NULL, NULL, NULL, 'startEvent', NULL, '2022-08-20 22:50:51.045', '2022-08-20 22:50:51.049', 4, 1, NULL, '');
INSERT INTO `act_ru_actinst` VALUES ('7bfa6045-2097-11ed-8938-3887d5e2c283', 1, 'leave:2:f519d4d0-1ec3-11ed-af71-3887d5e2c283', '7bf2bf1b-2097-11ed-8938-3887d5e2c283', '7bf94ed3-2097-11ed-8938-3887d5e2c283', 'Flow_1cxox84', NULL, NULL, NULL, 'sequenceFlow', NULL, '2022-08-20 22:50:51.051', '2022-08-20 22:50:51.051', 0, 2, NULL, '');
INSERT INTO `act_ru_actinst` VALUES ('7bfa6046-2097-11ed-8938-3887d5e2c283', 1, 'leave:2:f519d4d0-1ec3-11ed-af71-3887d5e2c283', '7bf2bf1b-2097-11ed-8938-3887d5e2c283', '7bf94ed3-2097-11ed-8938-3887d5e2c283', 'Activity_0gcxdwu', '7bfe7ef7-2097-11ed-8938-3887d5e2c283', NULL, '经理', 'userTask', '2', '2022-08-20 22:50:51.051', NULL, NULL, 3, NULL, '');
INSERT INTO `act_ru_actinst` VALUES ('b876a602-2096-11ed-b609-3887d5e2c283', 1, 'leave:2:f519d4d0-1ec3-11ed-af71-3887d5e2c283', 'b8745c09-2096-11ed-b609-3887d5e2c283', 'b876a601-2096-11ed-b609-3887d5e2c283', 'Event_1u2autv', NULL, NULL, NULL, 'startEvent', NULL, '2022-08-20 22:45:23.032', '2022-08-20 22:45:23.032', 0, 1, NULL, '');
INSERT INTO `act_ru_actinst` VALUES ('b876a603-2096-11ed-b609-3887d5e2c283', 1, 'leave:2:f519d4d0-1ec3-11ed-af71-3887d5e2c283', 'b8745c09-2096-11ed-b609-3887d5e2c283', 'b876a601-2096-11ed-b609-3887d5e2c283', 'Flow_1cxox84', NULL, NULL, NULL, 'sequenceFlow', NULL, '2022-08-20 22:45:23.032', '2022-08-20 22:45:23.032', 0, 2, NULL, '');
INSERT INTO `act_ru_actinst` VALUES ('b876a604-2096-11ed-b609-3887d5e2c283', 1, 'leave:2:f519d4d0-1ec3-11ed-af71-3887d5e2c283', 'b8745c09-2096-11ed-b609-3887d5e2c283', 'b876a601-2096-11ed-b609-3887d5e2c283', 'Activity_0gcxdwu', 'b876a605-2096-11ed-b609-3887d5e2c283', NULL, '经理', 'userTask', '2', '2022-08-20 22:45:23.032', NULL, NULL, 3, NULL, '');
INSERT INTO `act_ru_actinst` VALUES ('da71cb93-2095-11ed-b609-3887d5e2c283', 1, 'leave:2:f519d4d0-1ec3-11ed-af71-3887d5e2c283', 'da70e12a-2095-11ed-b609-3887d5e2c283', 'da71cb92-2095-11ed-b609-3887d5e2c283', 'Event_1u2autv', NULL, NULL, NULL, 'startEvent', NULL, '2022-08-20 22:39:10.546', '2022-08-20 22:39:10.546', 0, 1, NULL, '');
INSERT INTO `act_ru_actinst` VALUES ('da71cb94-2095-11ed-b609-3887d5e2c283', 1, 'leave:2:f519d4d0-1ec3-11ed-af71-3887d5e2c283', 'da70e12a-2095-11ed-b609-3887d5e2c283', 'da71cb92-2095-11ed-b609-3887d5e2c283', 'Flow_1cxox84', NULL, NULL, NULL, 'sequenceFlow', NULL, '2022-08-20 22:39:10.546', '2022-08-20 22:39:10.546', 0, 2, NULL, '');
INSERT INTO `act_ru_actinst` VALUES ('da71cb95-2095-11ed-b609-3887d5e2c283', 1, 'leave:2:f519d4d0-1ec3-11ed-af71-3887d5e2c283', 'da70e12a-2095-11ed-b609-3887d5e2c283', 'da71cb92-2095-11ed-b609-3887d5e2c283', 'Activity_0gcxdwu', 'da71f2a6-2095-11ed-b609-3887d5e2c283', NULL, '经理', 'userTask', '2', '2022-08-20 22:39:10.546', NULL, NULL, 3, NULL, '');
INSERT INTO `act_ru_actinst` VALUES ('e9b7f05d-283f-11ed-9000-3887d5e2c283', 1, 'leave:2:f519d4d0-1ec3-11ed-af71-3887d5e2c283', 'e9b53134-283f-11ed-9000-3887d5e2c283', 'e9b7f05c-283f-11ed-9000-3887d5e2c283', 'Event_1u2autv', NULL, NULL, NULL, 'startEvent', NULL, '2022-08-30 16:44:08.755', '2022-08-30 16:44:08.759', 4, 1, NULL, '');
INSERT INTO `act_ru_actinst` VALUES ('e9b8dabe-283f-11ed-9000-3887d5e2c283', 1, 'leave:2:f519d4d0-1ec3-11ed-af71-3887d5e2c283', 'e9b53134-283f-11ed-9000-3887d5e2c283', 'e9b7f05c-283f-11ed-9000-3887d5e2c283', 'Flow_1cxox84', NULL, NULL, NULL, 'sequenceFlow', NULL, '2022-08-30 16:44:08.761', '2022-08-30 16:44:08.761', 0, 2, NULL, '');
INSERT INTO `act_ru_actinst` VALUES ('e9b8dabf-283f-11ed-9000-3887d5e2c283', 2, 'leave:2:f519d4d0-1ec3-11ed-af71-3887d5e2c283', 'e9b53134-283f-11ed-9000-3887d5e2c283', 'e9b7f05c-283f-11ed-9000-3887d5e2c283', 'Activity_0gcxdwu', 'e9bbe800-283f-11ed-9000-3887d5e2c283', NULL, '经理', 'userTask', '2', '2022-08-30 16:44:08.761', '2022-08-30 17:07:19.783', 1391022, 3, NULL, '');

-- ----------------------------
-- Table structure for act_ru_deadletter_job
-- ----------------------------
DROP TABLE IF EXISTS `act_ru_deadletter_job`;
CREATE TABLE `act_ru_deadletter_job`  (
  `ID_` varchar(64) CHARACTER SET utf8 COLLATE utf8_bin NOT NULL,
  `REV_` int(11) NULL DEFAULT NULL,
  `CATEGORY_` varchar(255) CHARACTER SET utf8 COLLATE utf8_bin NULL DEFAULT NULL,
  `TYPE_` varchar(255) CHARACTER SET utf8 COLLATE utf8_bin NOT NULL,
  `EXCLUSIVE_` tinyint(1) NULL DEFAULT NULL,
  `EXECUTION_ID_` varchar(64) CHARACTER SET utf8 COLLATE utf8_bin NULL DEFAULT NULL,
  `PROCESS_INSTANCE_ID_` varchar(64) CHARACTER SET utf8 COLLATE utf8_bin NULL DEFAULT NULL,
  `PROC_DEF_ID_` varchar(64) CHARACTER SET utf8 COLLATE utf8_bin NULL DEFAULT NULL,
  `ELEMENT_ID_` varchar(255) CHARACTER SET utf8 COLLATE utf8_bin NULL DEFAULT NULL,
  `ELEMENT_NAME_` varchar(255) CHARACTER SET utf8 COLLATE utf8_bin NULL DEFAULT NULL,
  `SCOPE_ID_` varchar(255) CHARACTER SET utf8 COLLATE utf8_bin NULL DEFAULT NULL,
  `SUB_SCOPE_ID_` varchar(255) CHARACTER SET utf8 COLLATE utf8_bin NULL DEFAULT NULL,
  `SCOPE_TYPE_` varchar(255) CHARACTER SET utf8 COLLATE utf8_bin NULL DEFAULT NULL,
  `SCOPE_DEFINITION_ID_` varchar(255) CHARACTER SET utf8 COLLATE utf8_bin NULL DEFAULT NULL,
  `CORRELATION_ID_` varchar(255) CHARACTER SET utf8 COLLATE utf8_bin NULL DEFAULT NULL,
  `EXCEPTION_STACK_ID_` varchar(64) CHARACTER SET utf8 COLLATE utf8_bin NULL DEFAULT NULL,
  `EXCEPTION_MSG_` varchar(4000) CHARACTER SET utf8 COLLATE utf8_bin NULL DEFAULT NULL,
  `DUEDATE_` timestamp(3) NULL DEFAULT NULL,
  `REPEAT_` varchar(255) CHARACTER SET utf8 COLLATE utf8_bin NULL DEFAULT NULL,
  `HANDLER_TYPE_` varchar(255) CHARACTER SET utf8 COLLATE utf8_bin NULL DEFAULT NULL,
  `HANDLER_CFG_` varchar(4000) CHARACTER SET utf8 COLLATE utf8_bin NULL DEFAULT NULL,
  `CUSTOM_VALUES_ID_` varchar(64) CHARACTER SET utf8 COLLATE utf8_bin NULL DEFAULT NULL,
  `CREATE_TIME_` timestamp(3) NULL DEFAULT NULL,
  `TENANT_ID_` varchar(255) CHARACTER SET utf8 COLLATE utf8_bin NULL DEFAULT '',
  PRIMARY KEY (`ID_`) USING BTREE,
  INDEX `ACT_IDX_DEADLETTER_JOB_EXCEPTION_STACK_ID`(`EXCEPTION_STACK_ID_`) USING BTREE,
  INDEX `ACT_IDX_DEADLETTER_JOB_CUSTOM_VALUES_ID`(`CUSTOM_VALUES_ID_`) USING BTREE,
  INDEX `ACT_IDX_DEADLETTER_JOB_CORRELATION_ID`(`CORRELATION_ID_`) USING BTREE,
  INDEX `ACT_IDX_DJOB_SCOPE`(`SCOPE_ID_`, `SCOPE_TYPE_`) USING BTREE,
  INDEX `ACT_IDX_DJOB_SUB_SCOPE`(`SUB_SCOPE_ID_`, `SCOPE_TYPE_`) USING BTREE,
  INDEX `ACT_IDX_DJOB_SCOPE_DEF`(`SCOPE_DEFINITION_ID_`, `SCOPE_TYPE_`) USING BTREE,
  INDEX `ACT_FK_DEADLETTER_JOB_EXECUTION`(`EXECUTION_ID_`) USING BTREE,
  INDEX `ACT_FK_DEADLETTER_JOB_PROCESS_INSTANCE`(`PROCESS_INSTANCE_ID_`) USING BTREE,
  INDEX `ACT_FK_DEADLETTER_JOB_PROC_DEF`(`PROC_DEF_ID_`) USING BTREE,
  CONSTRAINT `ACT_FK_DEADLETTER_JOB_CUSTOM_VALUES` FOREIGN KEY (`CUSTOM_VALUES_ID_`) REFERENCES `act_ge_bytearray` (`ID_`) ON DELETE RESTRICT ON UPDATE RESTRICT,
  CONSTRAINT `ACT_FK_DEADLETTER_JOB_EXCEPTION` FOREIGN KEY (`EXCEPTION_STACK_ID_`) REFERENCES `act_ge_bytearray` (`ID_`) ON DELETE RESTRICT ON UPDATE RESTRICT,
  CONSTRAINT `ACT_FK_DEADLETTER_JOB_EXECUTION` FOREIGN KEY (`EXECUTION_ID_`) REFERENCES `act_ru_execution` (`ID_`) ON DELETE RESTRICT ON UPDATE RESTRICT,
  CONSTRAINT `ACT_FK_DEADLETTER_JOB_PROCESS_INSTANCE` FOREIGN KEY (`PROCESS_INSTANCE_ID_`) REFERENCES `act_ru_execution` (`ID_`) ON DELETE RESTRICT ON UPDATE RESTRICT,
  CONSTRAINT `ACT_FK_DEADLETTER_JOB_PROC_DEF` FOREIGN KEY (`PROC_DEF_ID_`) REFERENCES `act_re_procdef` (`ID_`) ON DELETE RESTRICT ON UPDATE RESTRICT
) ENGINE = InnoDB CHARACTER SET = utf8 COLLATE = utf8_bin ROW_FORMAT = COMPACT;

-- ----------------------------
-- Records of act_ru_deadletter_job
-- ----------------------------

-- ----------------------------
-- Table structure for act_ru_entitylink
-- ----------------------------
DROP TABLE IF EXISTS `act_ru_entitylink`;
CREATE TABLE `act_ru_entitylink`  (
  `ID_` varchar(64) CHARACTER SET utf8 COLLATE utf8_bin NOT NULL,
  `REV_` int(11) NULL DEFAULT NULL,
  `CREATE_TIME_` datetime(3) NULL DEFAULT NULL,
  `LINK_TYPE_` varchar(255) CHARACTER SET utf8 COLLATE utf8_bin NULL DEFAULT NULL,
  `SCOPE_ID_` varchar(255) CHARACTER SET utf8 COLLATE utf8_bin NULL DEFAULT NULL,
  `SUB_SCOPE_ID_` varchar(255) CHARACTER SET utf8 COLLATE utf8_bin NULL DEFAULT NULL,
  `SCOPE_TYPE_` varchar(255) CHARACTER SET utf8 COLLATE utf8_bin NULL DEFAULT NULL,
  `SCOPE_DEFINITION_ID_` varchar(255) CHARACTER SET utf8 COLLATE utf8_bin NULL DEFAULT NULL,
  `PARENT_ELEMENT_ID_` varchar(255) CHARACTER SET utf8 COLLATE utf8_bin NULL DEFAULT NULL,
  `REF_SCOPE_ID_` varchar(255) CHARACTER SET utf8 COLLATE utf8_bin NULL DEFAULT NULL,
  `REF_SCOPE_TYPE_` varchar(255) CHARACTER SET utf8 COLLATE utf8_bin NULL DEFAULT NULL,
  `REF_SCOPE_DEFINITION_ID_` varchar(255) CHARACTER SET utf8 COLLATE utf8_bin NULL DEFAULT NULL,
  `ROOT_SCOPE_ID_` varchar(255) CHARACTER SET utf8 COLLATE utf8_bin NULL DEFAULT NULL,
  `ROOT_SCOPE_TYPE_` varchar(255) CHARACTER SET utf8 COLLATE utf8_bin NULL DEFAULT NULL,
  `HIERARCHY_TYPE_` varchar(255) CHARACTER SET utf8 COLLATE utf8_bin NULL DEFAULT NULL,
  PRIMARY KEY (`ID_`) USING BTREE,
  INDEX `ACT_IDX_ENT_LNK_SCOPE`(`SCOPE_ID_`, `SCOPE_TYPE_`, `LINK_TYPE_`) USING BTREE,
  INDEX `ACT_IDX_ENT_LNK_REF_SCOPE`(`REF_SCOPE_ID_`, `REF_SCOPE_TYPE_`, `LINK_TYPE_`) USING BTREE,
  INDEX `ACT_IDX_ENT_LNK_ROOT_SCOPE`(`ROOT_SCOPE_ID_`, `ROOT_SCOPE_TYPE_`, `LINK_TYPE_`) USING BTREE,
  INDEX `ACT_IDX_ENT_LNK_SCOPE_DEF`(`SCOPE_DEFINITION_ID_`, `SCOPE_TYPE_`, `LINK_TYPE_`) USING BTREE
) ENGINE = InnoDB CHARACTER SET = utf8 COLLATE = utf8_bin ROW_FORMAT = COMPACT;

-- ----------------------------
-- Records of act_ru_entitylink
-- ----------------------------

-- ----------------------------
-- Table structure for act_ru_event_subscr
-- ----------------------------
DROP TABLE IF EXISTS `act_ru_event_subscr`;
CREATE TABLE `act_ru_event_subscr`  (
  `ID_` varchar(64) CHARACTER SET utf8 COLLATE utf8_bin NOT NULL,
  `REV_` int(11) NULL DEFAULT NULL,
  `EVENT_TYPE_` varchar(255) CHARACTER SET utf8 COLLATE utf8_bin NOT NULL,
  `EVENT_NAME_` varchar(255) CHARACTER SET utf8 COLLATE utf8_bin NULL DEFAULT NULL,
  `EXECUTION_ID_` varchar(64) CHARACTER SET utf8 COLLATE utf8_bin NULL DEFAULT NULL,
  `PROC_INST_ID_` varchar(64) CHARACTER SET utf8 COLLATE utf8_bin NULL DEFAULT NULL,
  `ACTIVITY_ID_` varchar(64) CHARACTER SET utf8 COLLATE utf8_bin NULL DEFAULT NULL,
  `CONFIGURATION_` varchar(255) CHARACTER SET utf8 COLLATE utf8_bin NULL DEFAULT NULL,
  `CREATED_` timestamp(3) NOT NULL DEFAULT CURRENT_TIMESTAMP(3),
  `PROC_DEF_ID_` varchar(64) CHARACTER SET utf8 COLLATE utf8_bin NULL DEFAULT NULL,
  `SUB_SCOPE_ID_` varchar(64) CHARACTER SET utf8 COLLATE utf8_bin NULL DEFAULT NULL,
  `SCOPE_ID_` varchar(64) CHARACTER SET utf8 COLLATE utf8_bin NULL DEFAULT NULL,
  `SCOPE_DEFINITION_ID_` varchar(64) CHARACTER SET utf8 COLLATE utf8_bin NULL DEFAULT NULL,
  `SCOPE_TYPE_` varchar(64) CHARACTER SET utf8 COLLATE utf8_bin NULL DEFAULT NULL,
  `TENANT_ID_` varchar(255) CHARACTER SET utf8 COLLATE utf8_bin NULL DEFAULT '',
  PRIMARY KEY (`ID_`) USING BTREE,
  INDEX `ACT_IDX_EVENT_SUBSCR_CONFIG_`(`CONFIGURATION_`) USING BTREE,
  INDEX `ACT_FK_EVENT_EXEC`(`EXECUTION_ID_`) USING BTREE,
  CONSTRAINT `ACT_FK_EVENT_EXEC` FOREIGN KEY (`EXECUTION_ID_`) REFERENCES `act_ru_execution` (`ID_`) ON DELETE RESTRICT ON UPDATE RESTRICT
) ENGINE = InnoDB CHARACTER SET = utf8 COLLATE = utf8_bin ROW_FORMAT = COMPACT;

-- ----------------------------
-- Records of act_ru_event_subscr
-- ----------------------------

-- ----------------------------
-- Table structure for act_ru_execution
-- ----------------------------
DROP TABLE IF EXISTS `act_ru_execution`;
CREATE TABLE `act_ru_execution`  (
  `ID_` varchar(64) CHARACTER SET utf8 COLLATE utf8_bin NOT NULL,
  `REV_` int(11) NULL DEFAULT NULL,
  `PROC_INST_ID_` varchar(64) CHARACTER SET utf8 COLLATE utf8_bin NULL DEFAULT NULL,
  `BUSINESS_KEY_` varchar(255) CHARACTER SET utf8 COLLATE utf8_bin NULL DEFAULT NULL,
  `PARENT_ID_` varchar(64) CHARACTER SET utf8 COLLATE utf8_bin NULL DEFAULT NULL,
  `PROC_DEF_ID_` varchar(64) CHARACTER SET utf8 COLLATE utf8_bin NULL DEFAULT NULL,
  `SUPER_EXEC_` varchar(64) CHARACTER SET utf8 COLLATE utf8_bin NULL DEFAULT NULL,
  `ROOT_PROC_INST_ID_` varchar(64) CHARACTER SET utf8 COLLATE utf8_bin NULL DEFAULT NULL,
  `ACT_ID_` varchar(255) CHARACTER SET utf8 COLLATE utf8_bin NULL DEFAULT NULL,
  `IS_ACTIVE_` tinyint(4) NULL DEFAULT NULL,
  `IS_CONCURRENT_` tinyint(4) NULL DEFAULT NULL,
  `IS_SCOPE_` tinyint(4) NULL DEFAULT NULL,
  `IS_EVENT_SCOPE_` tinyint(4) NULL DEFAULT NULL,
  `IS_MI_ROOT_` tinyint(4) NULL DEFAULT NULL,
  `SUSPENSION_STATE_` int(11) NULL DEFAULT NULL,
  `CACHED_ENT_STATE_` int(11) NULL DEFAULT NULL,
  `TENANT_ID_` varchar(255) CHARACTER SET utf8 COLLATE utf8_bin NULL DEFAULT '',
  `NAME_` varchar(255) CHARACTER SET utf8 COLLATE utf8_bin NULL DEFAULT NULL,
  `START_ACT_ID_` varchar(255) CHARACTER SET utf8 COLLATE utf8_bin NULL DEFAULT NULL,
  `START_TIME_` datetime(3) NULL DEFAULT NULL,
  `START_USER_ID_` varchar(255) CHARACTER SET utf8 COLLATE utf8_bin NULL DEFAULT NULL,
  `LOCK_TIME_` timestamp(3) NULL DEFAULT NULL,
  `LOCK_OWNER_` varchar(255) CHARACTER SET utf8 COLLATE utf8_bin NULL DEFAULT NULL,
  `IS_COUNT_ENABLED_` tinyint(4) NULL DEFAULT NULL,
  `EVT_SUBSCR_COUNT_` int(11) NULL DEFAULT NULL,
  `TASK_COUNT_` int(11) NULL DEFAULT NULL,
  `JOB_COUNT_` int(11) NULL DEFAULT NULL,
  `TIMER_JOB_COUNT_` int(11) NULL DEFAULT NULL,
  `SUSP_JOB_COUNT_` int(11) NULL DEFAULT NULL,
  `DEADLETTER_JOB_COUNT_` int(11) NULL DEFAULT NULL,
  `EXTERNAL_WORKER_JOB_COUNT_` int(11) NULL DEFAULT NULL,
  `VAR_COUNT_` int(11) NULL DEFAULT NULL,
  `ID_LINK_COUNT_` int(11) NULL DEFAULT NULL,
  `CALLBACK_ID_` varchar(255) CHARACTER SET utf8 COLLATE utf8_bin NULL DEFAULT NULL,
  `CALLBACK_TYPE_` varchar(255) CHARACTER SET utf8 COLLATE utf8_bin NULL DEFAULT NULL,
  `REFERENCE_ID_` varchar(255) CHARACTER SET utf8 COLLATE utf8_bin NULL DEFAULT NULL,
  `REFERENCE_TYPE_` varchar(255) CHARACTER SET utf8 COLLATE utf8_bin NULL DEFAULT NULL,
  `PROPAGATED_STAGE_INST_ID_` varchar(255) CHARACTER SET utf8 COLLATE utf8_bin NULL DEFAULT NULL,
  `BUSINESS_STATUS_` varchar(255) CHARACTER SET utf8 COLLATE utf8_bin NULL DEFAULT NULL,
  PRIMARY KEY (`ID_`) USING BTREE,
  INDEX `ACT_IDX_EXEC_BUSKEY`(`BUSINESS_KEY_`) USING BTREE,
  INDEX `ACT_IDC_EXEC_ROOT`(`ROOT_PROC_INST_ID_`) USING BTREE,
  INDEX `ACT_IDX_EXEC_REF_ID_`(`REFERENCE_ID_`) USING BTREE,
  INDEX `ACT_FK_EXE_PROCINST`(`PROC_INST_ID_`) USING BTREE,
  INDEX `ACT_FK_EXE_PARENT`(`PARENT_ID_`) USING BTREE,
  INDEX `ACT_FK_EXE_SUPER`(`SUPER_EXEC_`) USING BTREE,
  INDEX `ACT_FK_EXE_PROCDEF`(`PROC_DEF_ID_`) USING BTREE,
  CONSTRAINT `ACT_FK_EXE_PARENT` FOREIGN KEY (`PARENT_ID_`) REFERENCES `act_ru_execution` (`ID_`) ON DELETE CASCADE ON UPDATE RESTRICT,
  CONSTRAINT `ACT_FK_EXE_PROCDEF` FOREIGN KEY (`PROC_DEF_ID_`) REFERENCES `act_re_procdef` (`ID_`) ON DELETE RESTRICT ON UPDATE RESTRICT,
  CONSTRAINT `ACT_FK_EXE_PROCINST` FOREIGN KEY (`PROC_INST_ID_`) REFERENCES `act_ru_execution` (`ID_`) ON DELETE CASCADE ON UPDATE CASCADE,
  CONSTRAINT `ACT_FK_EXE_SUPER` FOREIGN KEY (`SUPER_EXEC_`) REFERENCES `act_ru_execution` (`ID_`) ON DELETE CASCADE ON UPDATE RESTRICT
) ENGINE = InnoDB CHARACTER SET = utf8 COLLATE = utf8_bin ROW_FORMAT = COMPACT;

-- ----------------------------
-- Records of act_ru_execution
-- ----------------------------
INSERT INTO `act_ru_execution` VALUES ('0a24aec8-2097-11ed-b609-3887d5e2c283', 2, '0a24aec8-2097-11ed-b609-3887d5e2c283', NULL, NULL, 'leave:2:f519d4d0-1ec3-11ed-af71-3887d5e2c283', NULL, '0a24aec8-2097-11ed-b609-3887d5e2c283', NULL, 1, 0, 1, 0, 0, 1, NULL, '', '请假', 'Event_1u2autv', '2022-08-20 22:47:40.068', '1', NULL, NULL, 1, 0, 0, 0, 0, 0, 0, 0, 0, 0, NULL, NULL, NULL, NULL, NULL, NULL);
INSERT INTO `act_ru_execution` VALUES ('0a260e60-2097-11ed-b609-3887d5e2c283', 1, '0a24aec8-2097-11ed-b609-3887d5e2c283', NULL, '0a24aec8-2097-11ed-b609-3887d5e2c283', 'leave:2:f519d4d0-1ec3-11ed-af71-3887d5e2c283', NULL, '0a24aec8-2097-11ed-b609-3887d5e2c283', 'Activity_0gcxdwu', 1, 0, 0, 0, 0, 1, NULL, '', NULL, NULL, '2022-08-20 22:47:40.077', NULL, NULL, NULL, 1, 0, 1, 0, 0, 0, 0, 0, 0, 0, NULL, NULL, NULL, NULL, NULL, NULL);
INSERT INTO `act_ru_execution` VALUES ('7bf2bf1b-2097-11ed-8938-3887d5e2c283', 2, '7bf2bf1b-2097-11ed-8938-3887d5e2c283', NULL, NULL, 'leave:2:f519d4d0-1ec3-11ed-af71-3887d5e2c283', NULL, '7bf2bf1b-2097-11ed-8938-3887d5e2c283', NULL, 1, 0, 1, 0, 0, 1, NULL, '', '请假', 'Event_1u2autv', '2022-08-20 22:50:51.001', '1', NULL, NULL, 1, 0, 0, 0, 0, 0, 0, 0, 0, 0, NULL, NULL, NULL, NULL, NULL, NULL);
INSERT INTO `act_ru_execution` VALUES ('7bf94ed3-2097-11ed-8938-3887d5e2c283', 1, '7bf2bf1b-2097-11ed-8938-3887d5e2c283', NULL, '7bf2bf1b-2097-11ed-8938-3887d5e2c283', 'leave:2:f519d4d0-1ec3-11ed-af71-3887d5e2c283', NULL, '7bf2bf1b-2097-11ed-8938-3887d5e2c283', 'Activity_0gcxdwu', 1, 0, 0, 0, 0, 1, NULL, '', NULL, NULL, '2022-08-20 22:50:51.044', NULL, NULL, NULL, 1, 0, 1, 0, 0, 0, 0, 0, 0, 0, NULL, NULL, NULL, NULL, NULL, NULL);
INSERT INTO `act_ru_execution` VALUES ('b8745c09-2096-11ed-b609-3887d5e2c283', 2, 'b8745c09-2096-11ed-b609-3887d5e2c283', NULL, NULL, 'leave:2:f519d4d0-1ec3-11ed-af71-3887d5e2c283', NULL, 'b8745c09-2096-11ed-b609-3887d5e2c283', NULL, 1, 0, 1, 0, 0, 1, NULL, '', '请假', 'Event_1u2autv', '2022-08-20 22:45:23.017', '1', NULL, NULL, 1, 0, 0, 0, 0, 0, 0, 0, 0, 0, NULL, NULL, NULL, NULL, NULL, NULL);
INSERT INTO `act_ru_execution` VALUES ('b876a601-2096-11ed-b609-3887d5e2c283', 1, 'b8745c09-2096-11ed-b609-3887d5e2c283', NULL, 'b8745c09-2096-11ed-b609-3887d5e2c283', 'leave:2:f519d4d0-1ec3-11ed-af71-3887d5e2c283', NULL, 'b8745c09-2096-11ed-b609-3887d5e2c283', 'Activity_0gcxdwu', 1, 0, 0, 0, 0, 1, NULL, '', NULL, NULL, '2022-08-20 22:45:23.032', NULL, NULL, NULL, 1, 0, 1, 0, 0, 0, 0, 0, 0, 0, NULL, NULL, NULL, NULL, NULL, NULL);
INSERT INTO `act_ru_execution` VALUES ('da70e12a-2095-11ed-b609-3887d5e2c283', 2, 'da70e12a-2095-11ed-b609-3887d5e2c283', NULL, NULL, 'leave:2:f519d4d0-1ec3-11ed-af71-3887d5e2c283', NULL, 'da70e12a-2095-11ed-b609-3887d5e2c283', NULL, 1, 0, 1, 0, 0, 1, NULL, '', '请假', 'Event_1u2autv', '2022-08-20 22:39:10.540', '1', NULL, NULL, 1, 0, 0, 0, 0, 0, 0, 0, 0, 0, NULL, NULL, NULL, NULL, NULL, NULL);
INSERT INTO `act_ru_execution` VALUES ('da71cb92-2095-11ed-b609-3887d5e2c283', 1, 'da70e12a-2095-11ed-b609-3887d5e2c283', NULL, 'da70e12a-2095-11ed-b609-3887d5e2c283', 'leave:2:f519d4d0-1ec3-11ed-af71-3887d5e2c283', NULL, 'da70e12a-2095-11ed-b609-3887d5e2c283', 'Activity_0gcxdwu', 1, 0, 0, 0, 0, 1, NULL, '', NULL, NULL, '2022-08-20 22:39:10.546', NULL, NULL, NULL, 1, 0, 1, 0, 0, 0, 0, 0, 0, 0, NULL, NULL, NULL, NULL, NULL, NULL);
INSERT INTO `act_ru_execution` VALUES ('e9b53134-283f-11ed-9000-3887d5e2c283', 2, 'e9b53134-283f-11ed-9000-3887d5e2c283', NULL, NULL, 'leave:2:f519d4d0-1ec3-11ed-af71-3887d5e2c283', NULL, 'e9b53134-283f-11ed-9000-3887d5e2c283', NULL, 1, 0, 1, 0, 0, 1, NULL, '', '请假', 'Event_1u2autv', '2022-08-30 16:44:08.737', '1', NULL, NULL, 1, 0, 0, 0, 0, 0, 0, 0, 0, 0, NULL, NULL, NULL, NULL, NULL, NULL);
INSERT INTO `act_ru_execution` VALUES ('e9b7f05c-283f-11ed-9000-3887d5e2c283', 2, 'e9b53134-283f-11ed-9000-3887d5e2c283', NULL, 'e9b53134-283f-11ed-9000-3887d5e2c283', 'leave:2:f519d4d0-1ec3-11ed-af71-3887d5e2c283', NULL, 'e9b53134-283f-11ed-9000-3887d5e2c283', 'Activity_13uq05m', 1, 0, 0, 0, 0, 1, NULL, '', NULL, NULL, '2022-08-30 16:44:08.755', NULL, NULL, NULL, 1, 0, 1, 0, 0, 0, 0, 0, 0, 0, NULL, NULL, NULL, NULL, NULL, NULL);

-- ----------------------------
-- Table structure for act_ru_external_job
-- ----------------------------
DROP TABLE IF EXISTS `act_ru_external_job`;
CREATE TABLE `act_ru_external_job`  (
  `ID_` varchar(64) CHARACTER SET utf8 COLLATE utf8_bin NOT NULL,
  `REV_` int(11) NULL DEFAULT NULL,
  `CATEGORY_` varchar(255) CHARACTER SET utf8 COLLATE utf8_bin NULL DEFAULT NULL,
  `TYPE_` varchar(255) CHARACTER SET utf8 COLLATE utf8_bin NOT NULL,
  `LOCK_EXP_TIME_` timestamp(3) NULL DEFAULT NULL,
  `LOCK_OWNER_` varchar(255) CHARACTER SET utf8 COLLATE utf8_bin NULL DEFAULT NULL,
  `EXCLUSIVE_` tinyint(1) NULL DEFAULT NULL,
  `EXECUTION_ID_` varchar(64) CHARACTER SET utf8 COLLATE utf8_bin NULL DEFAULT NULL,
  `PROCESS_INSTANCE_ID_` varchar(64) CHARACTER SET utf8 COLLATE utf8_bin NULL DEFAULT NULL,
  `PROC_DEF_ID_` varchar(64) CHARACTER SET utf8 COLLATE utf8_bin NULL DEFAULT NULL,
  `ELEMENT_ID_` varchar(255) CHARACTER SET utf8 COLLATE utf8_bin NULL DEFAULT NULL,
  `ELEMENT_NAME_` varchar(255) CHARACTER SET utf8 COLLATE utf8_bin NULL DEFAULT NULL,
  `SCOPE_ID_` varchar(255) CHARACTER SET utf8 COLLATE utf8_bin NULL DEFAULT NULL,
  `SUB_SCOPE_ID_` varchar(255) CHARACTER SET utf8 COLLATE utf8_bin NULL DEFAULT NULL,
  `SCOPE_TYPE_` varchar(255) CHARACTER SET utf8 COLLATE utf8_bin NULL DEFAULT NULL,
  `SCOPE_DEFINITION_ID_` varchar(255) CHARACTER SET utf8 COLLATE utf8_bin NULL DEFAULT NULL,
  `CORRELATION_ID_` varchar(255) CHARACTER SET utf8 COLLATE utf8_bin NULL DEFAULT NULL,
  `RETRIES_` int(11) NULL DEFAULT NULL,
  `EXCEPTION_STACK_ID_` varchar(64) CHARACTER SET utf8 COLLATE utf8_bin NULL DEFAULT NULL,
  `EXCEPTION_MSG_` varchar(4000) CHARACTER SET utf8 COLLATE utf8_bin NULL DEFAULT NULL,
  `DUEDATE_` timestamp(3) NULL DEFAULT NULL,
  `REPEAT_` varchar(255) CHARACTER SET utf8 COLLATE utf8_bin NULL DEFAULT NULL,
  `HANDLER_TYPE_` varchar(255) CHARACTER SET utf8 COLLATE utf8_bin NULL DEFAULT NULL,
  `HANDLER_CFG_` varchar(4000) CHARACTER SET utf8 COLLATE utf8_bin NULL DEFAULT NULL,
  `CUSTOM_VALUES_ID_` varchar(64) CHARACTER SET utf8 COLLATE utf8_bin NULL DEFAULT NULL,
  `CREATE_TIME_` timestamp(3) NULL DEFAULT NULL,
  `TENANT_ID_` varchar(255) CHARACTER SET utf8 COLLATE utf8_bin NULL DEFAULT '',
  PRIMARY KEY (`ID_`) USING BTREE,
  INDEX `ACT_IDX_EXTERNAL_JOB_EXCEPTION_STACK_ID`(`EXCEPTION_STACK_ID_`) USING BTREE,
  INDEX `ACT_IDX_EXTERNAL_JOB_CUSTOM_VALUES_ID`(`CUSTOM_VALUES_ID_`) USING BTREE,
  INDEX `ACT_IDX_EXTERNAL_JOB_CORRELATION_ID`(`CORRELATION_ID_`) USING BTREE,
  INDEX `ACT_IDX_EJOB_SCOPE`(`SCOPE_ID_`, `SCOPE_TYPE_`) USING BTREE,
  INDEX `ACT_IDX_EJOB_SUB_SCOPE`(`SUB_SCOPE_ID_`, `SCOPE_TYPE_`) USING BTREE,
  INDEX `ACT_IDX_EJOB_SCOPE_DEF`(`SCOPE_DEFINITION_ID_`, `SCOPE_TYPE_`) USING BTREE,
  CONSTRAINT `ACT_FK_EXTERNAL_JOB_CUSTOM_VALUES` FOREIGN KEY (`CUSTOM_VALUES_ID_`) REFERENCES `act_ge_bytearray` (`ID_`) ON DELETE RESTRICT ON UPDATE RESTRICT,
  CONSTRAINT `ACT_FK_EXTERNAL_JOB_EXCEPTION` FOREIGN KEY (`EXCEPTION_STACK_ID_`) REFERENCES `act_ge_bytearray` (`ID_`) ON DELETE RESTRICT ON UPDATE RESTRICT
) ENGINE = InnoDB CHARACTER SET = utf8 COLLATE = utf8_bin ROW_FORMAT = COMPACT;

-- ----------------------------
-- Records of act_ru_external_job
-- ----------------------------

-- ----------------------------
-- Table structure for act_ru_history_job
-- ----------------------------
DROP TABLE IF EXISTS `act_ru_history_job`;
CREATE TABLE `act_ru_history_job`  (
  `ID_` varchar(64) CHARACTER SET utf8 COLLATE utf8_bin NOT NULL,
  `REV_` int(11) NULL DEFAULT NULL,
  `LOCK_EXP_TIME_` timestamp(3) NULL DEFAULT NULL,
  `LOCK_OWNER_` varchar(255) CHARACTER SET utf8 COLLATE utf8_bin NULL DEFAULT NULL,
  `RETRIES_` int(11) NULL DEFAULT NULL,
  `EXCEPTION_STACK_ID_` varchar(64) CHARACTER SET utf8 COLLATE utf8_bin NULL DEFAULT NULL,
  `EXCEPTION_MSG_` varchar(4000) CHARACTER SET utf8 COLLATE utf8_bin NULL DEFAULT NULL,
  `HANDLER_TYPE_` varchar(255) CHARACTER SET utf8 COLLATE utf8_bin NULL DEFAULT NULL,
  `HANDLER_CFG_` varchar(4000) CHARACTER SET utf8 COLLATE utf8_bin NULL DEFAULT NULL,
  `CUSTOM_VALUES_ID_` varchar(64) CHARACTER SET utf8 COLLATE utf8_bin NULL DEFAULT NULL,
  `ADV_HANDLER_CFG_ID_` varchar(64) CHARACTER SET utf8 COLLATE utf8_bin NULL DEFAULT NULL,
  `CREATE_TIME_` timestamp(3) NULL DEFAULT NULL,
  `SCOPE_TYPE_` varchar(255) CHARACTER SET utf8 COLLATE utf8_bin NULL DEFAULT NULL,
  `TENANT_ID_` varchar(255) CHARACTER SET utf8 COLLATE utf8_bin NULL DEFAULT '',
  PRIMARY KEY (`ID_`) USING BTREE
) ENGINE = InnoDB CHARACTER SET = utf8 COLLATE = utf8_bin ROW_FORMAT = COMPACT;

-- ----------------------------
-- Records of act_ru_history_job
-- ----------------------------

-- ----------------------------
-- Table structure for act_ru_identitylink
-- ----------------------------
DROP TABLE IF EXISTS `act_ru_identitylink`;
CREATE TABLE `act_ru_identitylink`  (
  `ID_` varchar(64) CHARACTER SET utf8 COLLATE utf8_bin NOT NULL,
  `REV_` int(11) NULL DEFAULT NULL,
  `GROUP_ID_` varchar(255) CHARACTER SET utf8 COLLATE utf8_bin NULL DEFAULT NULL,
  `TYPE_` varchar(255) CHARACTER SET utf8 COLLATE utf8_bin NULL DEFAULT NULL,
  `USER_ID_` varchar(255) CHARACTER SET utf8 COLLATE utf8_bin NULL DEFAULT NULL,
  `TASK_ID_` varchar(64) CHARACTER SET utf8 COLLATE utf8_bin NULL DEFAULT NULL,
  `PROC_INST_ID_` varchar(64) CHARACTER SET utf8 COLLATE utf8_bin NULL DEFAULT NULL,
  `PROC_DEF_ID_` varchar(64) CHARACTER SET utf8 COLLATE utf8_bin NULL DEFAULT NULL,
  `SCOPE_ID_` varchar(255) CHARACTER SET utf8 COLLATE utf8_bin NULL DEFAULT NULL,
  `SUB_SCOPE_ID_` varchar(255) CHARACTER SET utf8 COLLATE utf8_bin NULL DEFAULT NULL,
  `SCOPE_TYPE_` varchar(255) CHARACTER SET utf8 COLLATE utf8_bin NULL DEFAULT NULL,
  `SCOPE_DEFINITION_ID_` varchar(255) CHARACTER SET utf8 COLLATE utf8_bin NULL DEFAULT NULL,
  PRIMARY KEY (`ID_`) USING BTREE,
  INDEX `ACT_IDX_IDENT_LNK_USER`(`USER_ID_`) USING BTREE,
  INDEX `ACT_IDX_IDENT_LNK_GROUP`(`GROUP_ID_`) USING BTREE,
  INDEX `ACT_IDX_IDENT_LNK_SCOPE`(`SCOPE_ID_`, `SCOPE_TYPE_`) USING BTREE,
  INDEX `ACT_IDX_IDENT_LNK_SUB_SCOPE`(`SUB_SCOPE_ID_`, `SCOPE_TYPE_`) USING BTREE,
  INDEX `ACT_IDX_IDENT_LNK_SCOPE_DEF`(`SCOPE_DEFINITION_ID_`, `SCOPE_TYPE_`) USING BTREE,
  INDEX `ACT_IDX_ATHRZ_PROCEDEF`(`PROC_DEF_ID_`) USING BTREE,
  INDEX `ACT_FK_TSKASS_TASK`(`TASK_ID_`) USING BTREE,
  INDEX `ACT_FK_IDL_PROCINST`(`PROC_INST_ID_`) USING BTREE,
  CONSTRAINT `ACT_FK_ATHRZ_PROCEDEF` FOREIGN KEY (`PROC_DEF_ID_`) REFERENCES `act_re_procdef` (`ID_`) ON DELETE RESTRICT ON UPDATE RESTRICT,
  CONSTRAINT `ACT_FK_IDL_PROCINST` FOREIGN KEY (`PROC_INST_ID_`) REFERENCES `act_ru_execution` (`ID_`) ON DELETE RESTRICT ON UPDATE RESTRICT,
  CONSTRAINT `ACT_FK_TSKASS_TASK` FOREIGN KEY (`TASK_ID_`) REFERENCES `act_ru_task` (`ID_`) ON DELETE RESTRICT ON UPDATE RESTRICT
) ENGINE = InnoDB CHARACTER SET = utf8 COLLATE = utf8_bin ROW_FORMAT = COMPACT;

-- ----------------------------
-- Records of act_ru_identitylink
-- ----------------------------
INSERT INTO `act_ru_identitylink` VALUES ('0a24aec9-2097-11ed-b609-3887d5e2c283', 1, NULL, 'starter', '1', NULL, '0a24aec8-2097-11ed-b609-3887d5e2c283', NULL, NULL, NULL, NULL, NULL);
INSERT INTO `act_ru_identitylink` VALUES ('0a2969c6-2097-11ed-b609-3887d5e2c283', 1, NULL, 'participant', '2', NULL, '0a24aec8-2097-11ed-b609-3887d5e2c283', NULL, NULL, NULL, NULL, NULL);
INSERT INTO `act_ru_identitylink` VALUES ('26d31173-2843-11ed-9000-3887d5e2c283', 1, NULL, 'participant', '2', NULL, 'e9b53134-283f-11ed-9000-3887d5e2c283', NULL, NULL, NULL, NULL, NULL);
INSERT INTO `act_ru_identitylink` VALUES ('26dd98c8-2843-11ed-9000-3887d5e2c283', 1, NULL, 'participant', '4', NULL, 'e9b53134-283f-11ed-9000-3887d5e2c283', NULL, NULL, NULL, NULL, NULL);
INSERT INTO `act_ru_identitylink` VALUES ('7bf2bf1c-2097-11ed-8938-3887d5e2c283', 1, NULL, 'starter', '1', NULL, '7bf2bf1b-2097-11ed-8938-3887d5e2c283', NULL, NULL, NULL, NULL, NULL);
INSERT INTO `act_ru_identitylink` VALUES ('7c0a3ec9-2097-11ed-8938-3887d5e2c283', 1, NULL, 'participant', '2', NULL, '7bf2bf1b-2097-11ed-8938-3887d5e2c283', NULL, NULL, NULL, NULL, NULL);
INSERT INTO `act_ru_identitylink` VALUES ('b8745c0a-2096-11ed-b609-3887d5e2c283', 1, NULL, 'starter', '1', NULL, 'b8745c09-2096-11ed-b609-3887d5e2c283', NULL, NULL, NULL, NULL, NULL);
INSERT INTO `act_ru_identitylink` VALUES ('b878eff7-2096-11ed-b609-3887d5e2c283', 1, NULL, 'participant', '2', NULL, 'b8745c09-2096-11ed-b609-3887d5e2c283', NULL, NULL, NULL, NULL, NULL);
INSERT INTO `act_ru_identitylink` VALUES ('da70e12b-2095-11ed-b609-3887d5e2c283', 1, NULL, 'starter', '1', NULL, 'da70e12a-2095-11ed-b609-3887d5e2c283', NULL, NULL, NULL, NULL, NULL);
INSERT INTO `act_ru_identitylink` VALUES ('da74b1c8-2095-11ed-b609-3887d5e2c283', 1, NULL, 'participant', '2', NULL, 'da70e12a-2095-11ed-b609-3887d5e2c283', NULL, NULL, NULL, NULL, NULL);
INSERT INTO `act_ru_identitylink` VALUES ('e9b55845-283f-11ed-9000-3887d5e2c283', 1, NULL, 'starter', '1', NULL, 'e9b53134-283f-11ed-9000-3887d5e2c283', NULL, NULL, NULL, NULL, NULL);
INSERT INTO `act_ru_identitylink` VALUES ('e9c64842-283f-11ed-9000-3887d5e2c283', 1, NULL, 'participant', '2', NULL, 'e9b53134-283f-11ed-9000-3887d5e2c283', NULL, NULL, NULL, NULL, NULL);

-- ----------------------------
-- Table structure for act_ru_job
-- ----------------------------
DROP TABLE IF EXISTS `act_ru_job`;
CREATE TABLE `act_ru_job`  (
  `ID_` varchar(64) CHARACTER SET utf8 COLLATE utf8_bin NOT NULL,
  `REV_` int(11) NULL DEFAULT NULL,
  `CATEGORY_` varchar(255) CHARACTER SET utf8 COLLATE utf8_bin NULL DEFAULT NULL,
  `TYPE_` varchar(255) CHARACTER SET utf8 COLLATE utf8_bin NOT NULL,
  `LOCK_EXP_TIME_` timestamp(3) NULL DEFAULT NULL,
  `LOCK_OWNER_` varchar(255) CHARACTER SET utf8 COLLATE utf8_bin NULL DEFAULT NULL,
  `EXCLUSIVE_` tinyint(1) NULL DEFAULT NULL,
  `EXECUTION_ID_` varchar(64) CHARACTER SET utf8 COLLATE utf8_bin NULL DEFAULT NULL,
  `PROCESS_INSTANCE_ID_` varchar(64) CHARACTER SET utf8 COLLATE utf8_bin NULL DEFAULT NULL,
  `PROC_DEF_ID_` varchar(64) CHARACTER SET utf8 COLLATE utf8_bin NULL DEFAULT NULL,
  `ELEMENT_ID_` varchar(255) CHARACTER SET utf8 COLLATE utf8_bin NULL DEFAULT NULL,
  `ELEMENT_NAME_` varchar(255) CHARACTER SET utf8 COLLATE utf8_bin NULL DEFAULT NULL,
  `SCOPE_ID_` varchar(255) CHARACTER SET utf8 COLLATE utf8_bin NULL DEFAULT NULL,
  `SUB_SCOPE_ID_` varchar(255) CHARACTER SET utf8 COLLATE utf8_bin NULL DEFAULT NULL,
  `SCOPE_TYPE_` varchar(255) CHARACTER SET utf8 COLLATE utf8_bin NULL DEFAULT NULL,
  `SCOPE_DEFINITION_ID_` varchar(255) CHARACTER SET utf8 COLLATE utf8_bin NULL DEFAULT NULL,
  `CORRELATION_ID_` varchar(255) CHARACTER SET utf8 COLLATE utf8_bin NULL DEFAULT NULL,
  `RETRIES_` int(11) NULL DEFAULT NULL,
  `EXCEPTION_STACK_ID_` varchar(64) CHARACTER SET utf8 COLLATE utf8_bin NULL DEFAULT NULL,
  `EXCEPTION_MSG_` varchar(4000) CHARACTER SET utf8 COLLATE utf8_bin NULL DEFAULT NULL,
  `DUEDATE_` timestamp(3) NULL DEFAULT NULL,
  `REPEAT_` varchar(255) CHARACTER SET utf8 COLLATE utf8_bin NULL DEFAULT NULL,
  `HANDLER_TYPE_` varchar(255) CHARACTER SET utf8 COLLATE utf8_bin NULL DEFAULT NULL,
  `HANDLER_CFG_` varchar(4000) CHARACTER SET utf8 COLLATE utf8_bin NULL DEFAULT NULL,
  `CUSTOM_VALUES_ID_` varchar(64) CHARACTER SET utf8 COLLATE utf8_bin NULL DEFAULT NULL,
  `CREATE_TIME_` timestamp(3) NULL DEFAULT NULL,
  `TENANT_ID_` varchar(255) CHARACTER SET utf8 COLLATE utf8_bin NULL DEFAULT '',
  PRIMARY KEY (`ID_`) USING BTREE,
  INDEX `ACT_IDX_JOB_EXCEPTION_STACK_ID`(`EXCEPTION_STACK_ID_`) USING BTREE,
  INDEX `ACT_IDX_JOB_CUSTOM_VALUES_ID`(`CUSTOM_VALUES_ID_`) USING BTREE,
  INDEX `ACT_IDX_JOB_CORRELATION_ID`(`CORRELATION_ID_`) USING BTREE,
  INDEX `ACT_IDX_JOB_SCOPE`(`SCOPE_ID_`, `SCOPE_TYPE_`) USING BTREE,
  INDEX `ACT_IDX_JOB_SUB_SCOPE`(`SUB_SCOPE_ID_`, `SCOPE_TYPE_`) USING BTREE,
  INDEX `ACT_IDX_JOB_SCOPE_DEF`(`SCOPE_DEFINITION_ID_`, `SCOPE_TYPE_`) USING BTREE,
  INDEX `ACT_FK_JOB_EXECUTION`(`EXECUTION_ID_`) USING BTREE,
  INDEX `ACT_FK_JOB_PROCESS_INSTANCE`(`PROCESS_INSTANCE_ID_`) USING BTREE,
  INDEX `ACT_FK_JOB_PROC_DEF`(`PROC_DEF_ID_`) USING BTREE,
  CONSTRAINT `ACT_FK_JOB_CUSTOM_VALUES` FOREIGN KEY (`CUSTOM_VALUES_ID_`) REFERENCES `act_ge_bytearray` (`ID_`) ON DELETE RESTRICT ON UPDATE RESTRICT,
  CONSTRAINT `ACT_FK_JOB_EXCEPTION` FOREIGN KEY (`EXCEPTION_STACK_ID_`) REFERENCES `act_ge_bytearray` (`ID_`) ON DELETE RESTRICT ON UPDATE RESTRICT,
  CONSTRAINT `ACT_FK_JOB_EXECUTION` FOREIGN KEY (`EXECUTION_ID_`) REFERENCES `act_ru_execution` (`ID_`) ON DELETE RESTRICT ON UPDATE RESTRICT,
  CONSTRAINT `ACT_FK_JOB_PROCESS_INSTANCE` FOREIGN KEY (`PROCESS_INSTANCE_ID_`) REFERENCES `act_ru_execution` (`ID_`) ON DELETE RESTRICT ON UPDATE RESTRICT,
  CONSTRAINT `ACT_FK_JOB_PROC_DEF` FOREIGN KEY (`PROC_DEF_ID_`) REFERENCES `act_re_procdef` (`ID_`) ON DELETE RESTRICT ON UPDATE RESTRICT
) ENGINE = InnoDB CHARACTER SET = utf8 COLLATE = utf8_bin ROW_FORMAT = COMPACT;

-- ----------------------------
-- Records of act_ru_job
-- ----------------------------

-- ----------------------------
-- Table structure for act_ru_suspended_job
-- ----------------------------
DROP TABLE IF EXISTS `act_ru_suspended_job`;
CREATE TABLE `act_ru_suspended_job`  (
  `ID_` varchar(64) CHARACTER SET utf8 COLLATE utf8_bin NOT NULL,
  `REV_` int(11) NULL DEFAULT NULL,
  `CATEGORY_` varchar(255) CHARACTER SET utf8 COLLATE utf8_bin NULL DEFAULT NULL,
  `TYPE_` varchar(255) CHARACTER SET utf8 COLLATE utf8_bin NOT NULL,
  `EXCLUSIVE_` tinyint(1) NULL DEFAULT NULL,
  `EXECUTION_ID_` varchar(64) CHARACTER SET utf8 COLLATE utf8_bin NULL DEFAULT NULL,
  `PROCESS_INSTANCE_ID_` varchar(64) CHARACTER SET utf8 COLLATE utf8_bin NULL DEFAULT NULL,
  `PROC_DEF_ID_` varchar(64) CHARACTER SET utf8 COLLATE utf8_bin NULL DEFAULT NULL,
  `ELEMENT_ID_` varchar(255) CHARACTER SET utf8 COLLATE utf8_bin NULL DEFAULT NULL,
  `ELEMENT_NAME_` varchar(255) CHARACTER SET utf8 COLLATE utf8_bin NULL DEFAULT NULL,
  `SCOPE_ID_` varchar(255) CHARACTER SET utf8 COLLATE utf8_bin NULL DEFAULT NULL,
  `SUB_SCOPE_ID_` varchar(255) CHARACTER SET utf8 COLLATE utf8_bin NULL DEFAULT NULL,
  `SCOPE_TYPE_` varchar(255) CHARACTER SET utf8 COLLATE utf8_bin NULL DEFAULT NULL,
  `SCOPE_DEFINITION_ID_` varchar(255) CHARACTER SET utf8 COLLATE utf8_bin NULL DEFAULT NULL,
  `CORRELATION_ID_` varchar(255) CHARACTER SET utf8 COLLATE utf8_bin NULL DEFAULT NULL,
  `RETRIES_` int(11) NULL DEFAULT NULL,
  `EXCEPTION_STACK_ID_` varchar(64) CHARACTER SET utf8 COLLATE utf8_bin NULL DEFAULT NULL,
  `EXCEPTION_MSG_` varchar(4000) CHARACTER SET utf8 COLLATE utf8_bin NULL DEFAULT NULL,
  `DUEDATE_` timestamp(3) NULL DEFAULT NULL,
  `REPEAT_` varchar(255) CHARACTER SET utf8 COLLATE utf8_bin NULL DEFAULT NULL,
  `HANDLER_TYPE_` varchar(255) CHARACTER SET utf8 COLLATE utf8_bin NULL DEFAULT NULL,
  `HANDLER_CFG_` varchar(4000) CHARACTER SET utf8 COLLATE utf8_bin NULL DEFAULT NULL,
  `CUSTOM_VALUES_ID_` varchar(64) CHARACTER SET utf8 COLLATE utf8_bin NULL DEFAULT NULL,
  `CREATE_TIME_` timestamp(3) NULL DEFAULT NULL,
  `TENANT_ID_` varchar(255) CHARACTER SET utf8 COLLATE utf8_bin NULL DEFAULT '',
  PRIMARY KEY (`ID_`) USING BTREE,
  INDEX `ACT_IDX_SUSPENDED_JOB_EXCEPTION_STACK_ID`(`EXCEPTION_STACK_ID_`) USING BTREE,
  INDEX `ACT_IDX_SUSPENDED_JOB_CUSTOM_VALUES_ID`(`CUSTOM_VALUES_ID_`) USING BTREE,
  INDEX `ACT_IDX_SUSPENDED_JOB_CORRELATION_ID`(`CORRELATION_ID_`) USING BTREE,
  INDEX `ACT_IDX_SJOB_SCOPE`(`SCOPE_ID_`, `SCOPE_TYPE_`) USING BTREE,
  INDEX `ACT_IDX_SJOB_SUB_SCOPE`(`SUB_SCOPE_ID_`, `SCOPE_TYPE_`) USING BTREE,
  INDEX `ACT_IDX_SJOB_SCOPE_DEF`(`SCOPE_DEFINITION_ID_`, `SCOPE_TYPE_`) USING BTREE,
  INDEX `ACT_FK_SUSPENDED_JOB_EXECUTION`(`EXECUTION_ID_`) USING BTREE,
  INDEX `ACT_FK_SUSPENDED_JOB_PROCESS_INSTANCE`(`PROCESS_INSTANCE_ID_`) USING BTREE,
  INDEX `ACT_FK_SUSPENDED_JOB_PROC_DEF`(`PROC_DEF_ID_`) USING BTREE,
  CONSTRAINT `ACT_FK_SUSPENDED_JOB_CUSTOM_VALUES` FOREIGN KEY (`CUSTOM_VALUES_ID_`) REFERENCES `act_ge_bytearray` (`ID_`) ON DELETE RESTRICT ON UPDATE RESTRICT,
  CONSTRAINT `ACT_FK_SUSPENDED_JOB_EXCEPTION` FOREIGN KEY (`EXCEPTION_STACK_ID_`) REFERENCES `act_ge_bytearray` (`ID_`) ON DELETE RESTRICT ON UPDATE RESTRICT,
  CONSTRAINT `ACT_FK_SUSPENDED_JOB_EXECUTION` FOREIGN KEY (`EXECUTION_ID_`) REFERENCES `act_ru_execution` (`ID_`) ON DELETE RESTRICT ON UPDATE RESTRICT,
  CONSTRAINT `ACT_FK_SUSPENDED_JOB_PROCESS_INSTANCE` FOREIGN KEY (`PROCESS_INSTANCE_ID_`) REFERENCES `act_ru_execution` (`ID_`) ON DELETE RESTRICT ON UPDATE RESTRICT,
  CONSTRAINT `ACT_FK_SUSPENDED_JOB_PROC_DEF` FOREIGN KEY (`PROC_DEF_ID_`) REFERENCES `act_re_procdef` (`ID_`) ON DELETE RESTRICT ON UPDATE RESTRICT
) ENGINE = InnoDB CHARACTER SET = utf8 COLLATE = utf8_bin ROW_FORMAT = COMPACT;

-- ----------------------------
-- Records of act_ru_suspended_job
-- ----------------------------

-- ----------------------------
-- Table structure for act_ru_task
-- ----------------------------
DROP TABLE IF EXISTS `act_ru_task`;
CREATE TABLE `act_ru_task`  (
  `ID_` varchar(64) CHARACTER SET utf8 COLLATE utf8_bin NOT NULL,
  `REV_` int(11) NULL DEFAULT NULL,
  `EXECUTION_ID_` varchar(64) CHARACTER SET utf8 COLLATE utf8_bin NULL DEFAULT NULL,
  `PROC_INST_ID_` varchar(64) CHARACTER SET utf8 COLLATE utf8_bin NULL DEFAULT NULL,
  `PROC_DEF_ID_` varchar(64) CHARACTER SET utf8 COLLATE utf8_bin NULL DEFAULT NULL,
  `TASK_DEF_ID_` varchar(64) CHARACTER SET utf8 COLLATE utf8_bin NULL DEFAULT NULL,
  `SCOPE_ID_` varchar(255) CHARACTER SET utf8 COLLATE utf8_bin NULL DEFAULT NULL,
  `SUB_SCOPE_ID_` varchar(255) CHARACTER SET utf8 COLLATE utf8_bin NULL DEFAULT NULL,
  `SCOPE_TYPE_` varchar(255) CHARACTER SET utf8 COLLATE utf8_bin NULL DEFAULT NULL,
  `SCOPE_DEFINITION_ID_` varchar(255) CHARACTER SET utf8 COLLATE utf8_bin NULL DEFAULT NULL,
  `PROPAGATED_STAGE_INST_ID_` varchar(255) CHARACTER SET utf8 COLLATE utf8_bin NULL DEFAULT NULL,
  `NAME_` varchar(255) CHARACTER SET utf8 COLLATE utf8_bin NULL DEFAULT NULL,
  `PARENT_TASK_ID_` varchar(64) CHARACTER SET utf8 COLLATE utf8_bin NULL DEFAULT NULL,
  `DESCRIPTION_` varchar(4000) CHARACTER SET utf8 COLLATE utf8_bin NULL DEFAULT NULL,
  `TASK_DEF_KEY_` varchar(255) CHARACTER SET utf8 COLLATE utf8_bin NULL DEFAULT NULL,
  `OWNER_` varchar(255) CHARACTER SET utf8 COLLATE utf8_bin NULL DEFAULT NULL,
  `ASSIGNEE_` varchar(255) CHARACTER SET utf8 COLLATE utf8_bin NULL DEFAULT NULL,
  `DELEGATION_` varchar(64) CHARACTER SET utf8 COLLATE utf8_bin NULL DEFAULT NULL,
  `PRIORITY_` int(11) NULL DEFAULT NULL,
  `CREATE_TIME_` timestamp(3) NULL DEFAULT NULL,
  `DUE_DATE_` datetime(3) NULL DEFAULT NULL,
  `CATEGORY_` varchar(255) CHARACTER SET utf8 COLLATE utf8_bin NULL DEFAULT NULL,
  `SUSPENSION_STATE_` int(11) NULL DEFAULT NULL,
  `TENANT_ID_` varchar(255) CHARACTER SET utf8 COLLATE utf8_bin NULL DEFAULT '',
  `FORM_KEY_` varchar(255) CHARACTER SET utf8 COLLATE utf8_bin NULL DEFAULT NULL,
  `CLAIM_TIME_` datetime(3) NULL DEFAULT NULL,
  `IS_COUNT_ENABLED_` tinyint(4) NULL DEFAULT NULL,
  `VAR_COUNT_` int(11) NULL DEFAULT NULL,
  `ID_LINK_COUNT_` int(11) NULL DEFAULT NULL,
  `SUB_TASK_COUNT_` int(11) NULL DEFAULT NULL,
  PRIMARY KEY (`ID_`) USING BTREE,
  INDEX `ACT_IDX_TASK_CREATE`(`CREATE_TIME_`) USING BTREE,
  INDEX `ACT_IDX_TASK_SCOPE`(`SCOPE_ID_`, `SCOPE_TYPE_`) USING BTREE,
  INDEX `ACT_IDX_TASK_SUB_SCOPE`(`SUB_SCOPE_ID_`, `SCOPE_TYPE_`) USING BTREE,
  INDEX `ACT_IDX_TASK_SCOPE_DEF`(`SCOPE_DEFINITION_ID_`, `SCOPE_TYPE_`) USING BTREE,
  INDEX `ACT_FK_TASK_EXE`(`EXECUTION_ID_`) USING BTREE,
  INDEX `ACT_FK_TASK_PROCINST`(`PROC_INST_ID_`) USING BTREE,
  INDEX `ACT_FK_TASK_PROCDEF`(`PROC_DEF_ID_`) USING BTREE,
  CONSTRAINT `ACT_FK_TASK_EXE` FOREIGN KEY (`EXECUTION_ID_`) REFERENCES `act_ru_execution` (`ID_`) ON DELETE RESTRICT ON UPDATE RESTRICT,
  CONSTRAINT `ACT_FK_TASK_PROCDEF` FOREIGN KEY (`PROC_DEF_ID_`) REFERENCES `act_re_procdef` (`ID_`) ON DELETE RESTRICT ON UPDATE RESTRICT,
  CONSTRAINT `ACT_FK_TASK_PROCINST` FOREIGN KEY (`PROC_INST_ID_`) REFERENCES `act_ru_execution` (`ID_`) ON DELETE RESTRICT ON UPDATE RESTRICT
) ENGINE = InnoDB CHARACTER SET = utf8 COLLATE = utf8_bin ROW_FORMAT = COMPACT;

-- ----------------------------
-- Records of act_ru_task
-- ----------------------------
INSERT INTO `act_ru_task` VALUES ('0a263574-2097-11ed-b609-3887d5e2c283', 1, '0a260e60-2097-11ed-b609-3887d5e2c283', '0a24aec8-2097-11ed-b609-3887d5e2c283', 'leave:2:f519d4d0-1ec3-11ed-af71-3887d5e2c283', NULL, NULL, NULL, NULL, NULL, NULL, '经理', NULL, NULL, 'Activity_0gcxdwu', NULL, '2', NULL, 50, '2022-08-20 22:47:40.078', NULL, NULL, 1, '', NULL, NULL, 1, 0, 0, 0);
INSERT INTO `act_ru_task` VALUES ('26d645c6-2843-11ed-9000-3887d5e2c283', 1, 'e9b7f05c-283f-11ed-9000-3887d5e2c283', 'e9b53134-283f-11ed-9000-3887d5e2c283', 'leave:2:f519d4d0-1ec3-11ed-af71-3887d5e2c283', NULL, NULL, NULL, NULL, NULL, NULL, '人事', NULL, NULL, 'Activity_13uq05m', NULL, '4', NULL, 50, '2022-08-30 17:07:19.785', NULL, NULL, 1, '', NULL, NULL, 1, 0, 0, 0);
INSERT INTO `act_ru_task` VALUES ('7bfe7ef7-2097-11ed-8938-3887d5e2c283', 1, '7bf94ed3-2097-11ed-8938-3887d5e2c283', '7bf2bf1b-2097-11ed-8938-3887d5e2c283', 'leave:2:f519d4d0-1ec3-11ed-af71-3887d5e2c283', NULL, NULL, NULL, NULL, NULL, NULL, '经理', NULL, NULL, 'Activity_0gcxdwu', NULL, '2', NULL, 50, '2022-08-20 22:50:51.051', NULL, NULL, 1, '', NULL, NULL, 1, 0, 0, 0);
INSERT INTO `act_ru_task` VALUES ('b876a605-2096-11ed-b609-3887d5e2c283', 1, 'b876a601-2096-11ed-b609-3887d5e2c283', 'b8745c09-2096-11ed-b609-3887d5e2c283', 'leave:2:f519d4d0-1ec3-11ed-af71-3887d5e2c283', NULL, NULL, NULL, NULL, NULL, NULL, '经理', NULL, NULL, 'Activity_0gcxdwu', NULL, '2', NULL, 50, '2022-08-20 22:45:23.032', NULL, NULL, 1, '', NULL, NULL, 1, 0, 0, 0);
INSERT INTO `act_ru_task` VALUES ('da71f2a6-2095-11ed-b609-3887d5e2c283', 1, 'da71cb92-2095-11ed-b609-3887d5e2c283', 'da70e12a-2095-11ed-b609-3887d5e2c283', 'leave:2:f519d4d0-1ec3-11ed-af71-3887d5e2c283', NULL, NULL, NULL, NULL, NULL, NULL, '经理', NULL, NULL, 'Activity_0gcxdwu', NULL, '2', NULL, 50, '2022-08-20 22:39:10.546', NULL, NULL, 1, '', NULL, NULL, 1, 0, 0, 0);

-- ----------------------------
-- Table structure for act_ru_timer_job
-- ----------------------------
DROP TABLE IF EXISTS `act_ru_timer_job`;
CREATE TABLE `act_ru_timer_job`  (
  `ID_` varchar(64) CHARACTER SET utf8 COLLATE utf8_bin NOT NULL,
  `REV_` int(11) NULL DEFAULT NULL,
  `CATEGORY_` varchar(255) CHARACTER SET utf8 COLLATE utf8_bin NULL DEFAULT NULL,
  `TYPE_` varchar(255) CHARACTER SET utf8 COLLATE utf8_bin NOT NULL,
  `LOCK_EXP_TIME_` timestamp(3) NULL DEFAULT NULL,
  `LOCK_OWNER_` varchar(255) CHARACTER SET utf8 COLLATE utf8_bin NULL DEFAULT NULL,
  `EXCLUSIVE_` tinyint(1) NULL DEFAULT NULL,
  `EXECUTION_ID_` varchar(64) CHARACTER SET utf8 COLLATE utf8_bin NULL DEFAULT NULL,
  `PROCESS_INSTANCE_ID_` varchar(64) CHARACTER SET utf8 COLLATE utf8_bin NULL DEFAULT NULL,
  `PROC_DEF_ID_` varchar(64) CHARACTER SET utf8 COLLATE utf8_bin NULL DEFAULT NULL,
  `ELEMENT_ID_` varchar(255) CHARACTER SET utf8 COLLATE utf8_bin NULL DEFAULT NULL,
  `ELEMENT_NAME_` varchar(255) CHARACTER SET utf8 COLLATE utf8_bin NULL DEFAULT NULL,
  `SCOPE_ID_` varchar(255) CHARACTER SET utf8 COLLATE utf8_bin NULL DEFAULT NULL,
  `SUB_SCOPE_ID_` varchar(255) CHARACTER SET utf8 COLLATE utf8_bin NULL DEFAULT NULL,
  `SCOPE_TYPE_` varchar(255) CHARACTER SET utf8 COLLATE utf8_bin NULL DEFAULT NULL,
  `SCOPE_DEFINITION_ID_` varchar(255) CHARACTER SET utf8 COLLATE utf8_bin NULL DEFAULT NULL,
  `CORRELATION_ID_` varchar(255) CHARACTER SET utf8 COLLATE utf8_bin NULL DEFAULT NULL,
  `RETRIES_` int(11) NULL DEFAULT NULL,
  `EXCEPTION_STACK_ID_` varchar(64) CHARACTER SET utf8 COLLATE utf8_bin NULL DEFAULT NULL,
  `EXCEPTION_MSG_` varchar(4000) CHARACTER SET utf8 COLLATE utf8_bin NULL DEFAULT NULL,
  `DUEDATE_` timestamp(3) NULL DEFAULT NULL,
  `REPEAT_` varchar(255) CHARACTER SET utf8 COLLATE utf8_bin NULL DEFAULT NULL,
  `HANDLER_TYPE_` varchar(255) CHARACTER SET utf8 COLLATE utf8_bin NULL DEFAULT NULL,
  `HANDLER_CFG_` varchar(4000) CHARACTER SET utf8 COLLATE utf8_bin NULL DEFAULT NULL,
  `CUSTOM_VALUES_ID_` varchar(64) CHARACTER SET utf8 COLLATE utf8_bin NULL DEFAULT NULL,
  `CREATE_TIME_` timestamp(3) NULL DEFAULT NULL,
  `TENANT_ID_` varchar(255) CHARACTER SET utf8 COLLATE utf8_bin NULL DEFAULT '',
  PRIMARY KEY (`ID_`) USING BTREE,
  INDEX `ACT_IDX_TIMER_JOB_EXCEPTION_STACK_ID`(`EXCEPTION_STACK_ID_`) USING BTREE,
  INDEX `ACT_IDX_TIMER_JOB_CUSTOM_VALUES_ID`(`CUSTOM_VALUES_ID_`) USING BTREE,
  INDEX `ACT_IDX_TIMER_JOB_CORRELATION_ID`(`CORRELATION_ID_`) USING BTREE,
  INDEX `ACT_IDX_TIMER_JOB_DUEDATE`(`DUEDATE_`) USING BTREE,
  INDEX `ACT_IDX_TJOB_SCOPE`(`SCOPE_ID_`, `SCOPE_TYPE_`) USING BTREE,
  INDEX `ACT_IDX_TJOB_SUB_SCOPE`(`SUB_SCOPE_ID_`, `SCOPE_TYPE_`) USING BTREE,
  INDEX `ACT_IDX_TJOB_SCOPE_DEF`(`SCOPE_DEFINITION_ID_`, `SCOPE_TYPE_`) USING BTREE,
  INDEX `ACT_FK_TIMER_JOB_EXECUTION`(`EXECUTION_ID_`) USING BTREE,
  INDEX `ACT_FK_TIMER_JOB_PROCESS_INSTANCE`(`PROCESS_INSTANCE_ID_`) USING BTREE,
  INDEX `ACT_FK_TIMER_JOB_PROC_DEF`(`PROC_DEF_ID_`) USING BTREE,
  CONSTRAINT `ACT_FK_TIMER_JOB_CUSTOM_VALUES` FOREIGN KEY (`CUSTOM_VALUES_ID_`) REFERENCES `act_ge_bytearray` (`ID_`) ON DELETE RESTRICT ON UPDATE RESTRICT,
  CONSTRAINT `ACT_FK_TIMER_JOB_EXCEPTION` FOREIGN KEY (`EXCEPTION_STACK_ID_`) REFERENCES `act_ge_bytearray` (`ID_`) ON DELETE RESTRICT ON UPDATE RESTRICT,
  CONSTRAINT `ACT_FK_TIMER_JOB_EXECUTION` FOREIGN KEY (`EXECUTION_ID_`) REFERENCES `act_ru_execution` (`ID_`) ON DELETE RESTRICT ON UPDATE RESTRICT,
  CONSTRAINT `ACT_FK_TIMER_JOB_PROCESS_INSTANCE` FOREIGN KEY (`PROCESS_INSTANCE_ID_`) REFERENCES `act_ru_execution` (`ID_`) ON DELETE RESTRICT ON UPDATE RESTRICT,
  CONSTRAINT `ACT_FK_TIMER_JOB_PROC_DEF` FOREIGN KEY (`PROC_DEF_ID_`) REFERENCES `act_re_procdef` (`ID_`) ON DELETE RESTRICT ON UPDATE RESTRICT
) ENGINE = InnoDB CHARACTER SET = utf8 COLLATE = utf8_bin ROW_FORMAT = COMPACT;

-- ----------------------------
-- Records of act_ru_timer_job
-- ----------------------------

-- ----------------------------
-- Table structure for act_ru_variable
-- ----------------------------
DROP TABLE IF EXISTS `act_ru_variable`;
CREATE TABLE `act_ru_variable`  (
  `ID_` varchar(64) CHARACTER SET utf8 COLLATE utf8_bin NOT NULL,
  `REV_` int(11) NULL DEFAULT NULL,
  `TYPE_` varchar(255) CHARACTER SET utf8 COLLATE utf8_bin NOT NULL,
  `NAME_` varchar(255) CHARACTER SET utf8 COLLATE utf8_bin NOT NULL,
  `EXECUTION_ID_` varchar(64) CHARACTER SET utf8 COLLATE utf8_bin NULL DEFAULT NULL,
  `PROC_INST_ID_` varchar(64) CHARACTER SET utf8 COLLATE utf8_bin NULL DEFAULT NULL,
  `TASK_ID_` varchar(64) CHARACTER SET utf8 COLLATE utf8_bin NULL DEFAULT NULL,
  `SCOPE_ID_` varchar(255) CHARACTER SET utf8 COLLATE utf8_bin NULL DEFAULT NULL,
  `SUB_SCOPE_ID_` varchar(255) CHARACTER SET utf8 COLLATE utf8_bin NULL DEFAULT NULL,
  `SCOPE_TYPE_` varchar(255) CHARACTER SET utf8 COLLATE utf8_bin NULL DEFAULT NULL,
  `BYTEARRAY_ID_` varchar(64) CHARACTER SET utf8 COLLATE utf8_bin NULL DEFAULT NULL,
  `DOUBLE_` double NULL DEFAULT NULL,
  `LONG_` bigint(20) NULL DEFAULT NULL,
  `TEXT_` varchar(4000) CHARACTER SET utf8 COLLATE utf8_bin NULL DEFAULT NULL,
  `TEXT2_` varchar(4000) CHARACTER SET utf8 COLLATE utf8_bin NULL DEFAULT NULL,
  PRIMARY KEY (`ID_`) USING BTREE,
  INDEX `ACT_IDX_RU_VAR_SCOPE_ID_TYPE`(`SCOPE_ID_`, `SCOPE_TYPE_`) USING BTREE,
  INDEX `ACT_IDX_RU_VAR_SUB_ID_TYPE`(`SUB_SCOPE_ID_`, `SCOPE_TYPE_`) USING BTREE,
  INDEX `ACT_FK_VAR_BYTEARRAY`(`BYTEARRAY_ID_`) USING BTREE,
  INDEX `ACT_IDX_VARIABLE_TASK_ID`(`TASK_ID_`) USING BTREE,
  INDEX `ACT_FK_VAR_EXE`(`EXECUTION_ID_`) USING BTREE,
  INDEX `ACT_FK_VAR_PROCINST`(`PROC_INST_ID_`) USING BTREE,
  CONSTRAINT `ACT_FK_VAR_BYTEARRAY` FOREIGN KEY (`BYTEARRAY_ID_`) REFERENCES `act_ge_bytearray` (`ID_`) ON DELETE RESTRICT ON UPDATE RESTRICT,
  CONSTRAINT `ACT_FK_VAR_EXE` FOREIGN KEY (`EXECUTION_ID_`) REFERENCES `act_ru_execution` (`ID_`) ON DELETE RESTRICT ON UPDATE RESTRICT,
  CONSTRAINT `ACT_FK_VAR_PROCINST` FOREIGN KEY (`PROC_INST_ID_`) REFERENCES `act_ru_execution` (`ID_`) ON DELETE RESTRICT ON UPDATE RESTRICT
) ENGINE = InnoDB CHARACTER SET = utf8 COLLATE = utf8_bin ROW_FORMAT = COMPACT;

-- ----------------------------
-- Records of act_ru_variable
-- ----------------------------
INSERT INTO `act_ru_variable` VALUES ('0a260e5a-2097-11ed-b609-3887d5e2c283', 1, 'string', 'field126', '0a24aec8-2097-11ed-b609-3887d5e2c283', '0a24aec8-2097-11ed-b609-3887d5e2c283', NULL, NULL, NULL, NULL, NULL, NULL, NULL, '333', NULL);
INSERT INTO `act_ru_variable` VALUES ('0a260e5c-2097-11ed-b609-3887d5e2c283', 1, 'string', 'field127', '0a24aec8-2097-11ed-b609-3887d5e2c283', '0a24aec8-2097-11ed-b609-3887d5e2c283', NULL, NULL, NULL, NULL, NULL, NULL, NULL, '333', NULL);
INSERT INTO `act_ru_variable` VALUES ('0a260e5e-2097-11ed-b609-3887d5e2c283', 1, 'integer', 'field128', '0a24aec8-2097-11ed-b609-3887d5e2c283', '0a24aec8-2097-11ed-b609-3887d5e2c283', NULL, NULL, NULL, NULL, NULL, NULL, 1, '1', NULL);
INSERT INTO `act_ru_variable` VALUES ('7bf88b7d-2097-11ed-8938-3887d5e2c283', 1, 'string', 'field126', '7bf2bf1b-2097-11ed-8938-3887d5e2c283', '7bf2bf1b-2097-11ed-8938-3887d5e2c283', NULL, NULL, NULL, NULL, NULL, NULL, NULL, '444', NULL);
INSERT INTO `act_ru_variable` VALUES ('7bf927bf-2097-11ed-8938-3887d5e2c283', 1, 'string', 'field127', '7bf2bf1b-2097-11ed-8938-3887d5e2c283', '7bf2bf1b-2097-11ed-8938-3887d5e2c283', NULL, NULL, NULL, NULL, NULL, NULL, NULL, '444', NULL);
INSERT INTO `act_ru_variable` VALUES ('7bf927c1-2097-11ed-8938-3887d5e2c283', 1, 'integer', 'field128', '7bf2bf1b-2097-11ed-8938-3887d5e2c283', '7bf2bf1b-2097-11ed-8938-3887d5e2c283', NULL, NULL, NULL, NULL, NULL, NULL, 1, '1', NULL);
INSERT INTO `act_ru_variable` VALUES ('b8767eeb-2096-11ed-b609-3887d5e2c283', 1, 'string', 'field126', 'b8745c09-2096-11ed-b609-3887d5e2c283', 'b8745c09-2096-11ed-b609-3887d5e2c283', NULL, NULL, NULL, NULL, NULL, NULL, NULL, '222', NULL);
INSERT INTO `act_ru_variable` VALUES ('b8767eed-2096-11ed-b609-3887d5e2c283', 1, 'string', 'field127', 'b8745c09-2096-11ed-b609-3887d5e2c283', 'b8745c09-2096-11ed-b609-3887d5e2c283', NULL, NULL, NULL, NULL, NULL, NULL, NULL, '222', NULL);
INSERT INTO `act_ru_variable` VALUES ('b8767eef-2096-11ed-b609-3887d5e2c283', 1, 'integer', 'field128', 'b8745c09-2096-11ed-b609-3887d5e2c283', 'b8745c09-2096-11ed-b609-3887d5e2c283', NULL, NULL, NULL, NULL, NULL, NULL, 1, '1', NULL);
INSERT INTO `act_ru_variable` VALUES ('da71a47c-2095-11ed-b609-3887d5e2c283', 1, 'string', 'field126', 'da70e12a-2095-11ed-b609-3887d5e2c283', 'da70e12a-2095-11ed-b609-3887d5e2c283', NULL, NULL, NULL, NULL, NULL, NULL, NULL, '111', NULL);
INSERT INTO `act_ru_variable` VALUES ('da71a47e-2095-11ed-b609-3887d5e2c283', 1, 'string', 'field127', 'da70e12a-2095-11ed-b609-3887d5e2c283', 'da70e12a-2095-11ed-b609-3887d5e2c283', NULL, NULL, NULL, NULL, NULL, NULL, NULL, '111', NULL);
INSERT INTO `act_ru_variable` VALUES ('da71cb90-2095-11ed-b609-3887d5e2c283', 1, 'integer', 'field128', 'da70e12a-2095-11ed-b609-3887d5e2c283', 'da70e12a-2095-11ed-b609-3887d5e2c283', NULL, NULL, NULL, NULL, NULL, NULL, 1, '1', NULL);
INSERT INTO `act_ru_variable` VALUES ('e9b77b26-283f-11ed-9000-3887d5e2c283', 1, 'string', 'field126', 'e9b53134-283f-11ed-9000-3887d5e2c283', 'e9b53134-283f-11ed-9000-3887d5e2c283', NULL, NULL, NULL, NULL, NULL, NULL, NULL, '123', NULL);
INSERT INTO `act_ru_variable` VALUES ('e9b7c948-283f-11ed-9000-3887d5e2c283', 1, 'string', 'field127', 'e9b53134-283f-11ed-9000-3887d5e2c283', 'e9b53134-283f-11ed-9000-3887d5e2c283', NULL, NULL, NULL, NULL, NULL, NULL, NULL, '123', NULL);
INSERT INTO `act_ru_variable` VALUES ('e9b7c94a-283f-11ed-9000-3887d5e2c283', 1, 'integer', 'field128', 'e9b53134-283f-11ed-9000-3887d5e2c283', 'e9b53134-283f-11ed-9000-3887d5e2c283', NULL, NULL, NULL, NULL, NULL, NULL, 1, '1', NULL);

-- ----------------------------
-- Table structure for bpm_form
-- ----------------------------
DROP TABLE IF EXISTS `bpm_form`;
CREATE TABLE `bpm_form`  (
  `id` bigint(20) NOT NULL AUTO_INCREMENT COMMENT '编号',
  `name` varchar(64) CHARACTER SET utf8mb4 COLLATE utf8mb4_unicode_ci NOT NULL COMMENT '表单名',
  `status` tinyint(4) NOT NULL COMMENT '开启状态',
  `conf` varchar(1000) CHARACTER SET utf8mb4 COLLATE utf8mb4_unicode_ci NOT NULL COMMENT '表单的配置',
  `fields` varchar(5000) CHARACTER SET utf8mb4 COLLATE utf8mb4_unicode_ci NOT NULL COMMENT '表单项的数组',
  `remark` varchar(255) CHARACTER SET utf8mb4 COLLATE utf8mb4_unicode_ci NULL DEFAULT NULL COMMENT '备注',
  `creator` varchar(64) CHARACTER SET utf8mb4 COLLATE utf8mb4_unicode_ci NULL DEFAULT '' COMMENT '创建者',
  `create_time` datetime NOT NULL DEFAULT CURRENT_TIMESTAMP COMMENT '创建时间',
  `updater` varchar(64) CHARACTER SET utf8mb4 COLLATE utf8mb4_unicode_ci NULL DEFAULT '' COMMENT '更新者',
  `update_time` datetime NOT NULL DEFAULT CURRENT_TIMESTAMP ON UPDATE CURRENT_TIMESTAMP COMMENT '更新时间',
  `deleted` bit(1) NOT NULL DEFAULT b'0' COMMENT '是否删除',
  `tenant_id` bigint(20) NOT NULL DEFAULT 0 COMMENT '租户编号',
  PRIMARY KEY (`id`) USING BTREE
) ENGINE = InnoDB AUTO_INCREMENT = 6 CHARACTER SET = utf8mb4 COLLATE = utf8mb4_unicode_ci COMMENT = '工作流的表单定义' ROW_FORMAT = COMPACT;

-- ----------------------------
-- Records of bpm_form
-- ----------------------------
INSERT INTO `bpm_form` VALUES (3, '请假表单', 0, '{\"formRef\":\"elForm\",\"formModel\":\"formData\",\"size\":\"medium\",\"labelPosition\":\"right\",\"labelWidth\":100,\"formRules\":\"rules\",\"gutter\":15,\"disabled\":false,\"span\":24,\"formBtns\":true}', '[\"{\\\"__config__\\\":{\\\"label\\\":\\\"单行文本\\\",\\\"labelWidth\\\":null,\\\"showLabel\\\":true,\\\"changeTag\\\":true,\\\"tag\\\":\\\"el-input\\\",\\\"tagIcon\\\":\\\"input\\\",\\\"required\\\":true,\\\"layout\\\":\\\"colFormItem\\\",\\\"span\\\":24,\\\"document\\\":\\\"https://element.eleme.cn/#/zh-CN/component/input\\\",\\\"regList\\\":[],\\\"formId\\\":126,\\\"renderKey\\\":\\\"1261660710510642\\\"},\\\"__slot__\\\":{\\\"prepend\\\":\\\"\\\",\\\"append\\\":\\\"\\\"},\\\"placeholder\\\":\\\"请输入单行文本\\\",\\\"style\\\":{\\\"width\\\":\\\"100%\\\"},\\\"clearable\\\":true,\\\"prefix-icon\\\":\\\"\\\",\\\"suffix-icon\\\":\\\"\\\",\\\"maxlength\\\":null,\\\"show-word-limit\\\":false,\\\"readonly\\\":false,\\\"disabled\\\":false,\\\"__vModel__\\\":\\\"field126\\\"}\",\"{\\\"__config__\\\":{\\\"label\\\":\\\"多行文本\\\",\\\"labelWidth\\\":null,\\\"showLabel\\\":true,\\\"tag\\\":\\\"el-input\\\",\\\"tagIcon\\\":\\\"textarea\\\",\\\"required\\\":true,\\\"layout\\\":\\\"colFormItem\\\",\\\"span\\\":24,\\\"regList\\\":[],\\\"changeTag\\\":true,\\\"document\\\":\\\"https://element.eleme.cn/#/zh-CN/component/input\\\",\\\"formId\\\":127,\\\"renderKey\\\":\\\"1271660710510986\\\"},\\\"type\\\":\\\"textarea\\\",\\\"placeholder\\\":\\\"请输入多行文本\\\",\\\"autosize\\\":{\\\"minRows\\\":4,\\\"maxRows\\\":4},\\\"style\\\":{\\\"width\\\":\\\"100%\\\"},\\\"maxlength\\\":null,\\\"show-word-limit\\\":false,\\\"readonly\\\":false,\\\"disabled\\\":false,\\\"__vModel__\\\":\\\"field127\\\"}\",\"{\\\"__config__\\\":{\\\"label\\\":\\\"下拉选择\\\",\\\"showLabel\\\":true,\\\"labelWidth\\\":null,\\\"tag\\\":\\\"el-select\\\",\\\"tagIcon\\\":\\\"select\\\",\\\"layout\\\":\\\"colFormItem\\\",\\\"span\\\":24,\\\"required\\\":true,\\\"regList\\\":[],\\\"changeTag\\\":true,\\\"document\\\":\\\"https://element.eleme.cn/#/zh-CN/component/select\\\",\\\"formId\\\":128,\\\"renderKey\\\":\\\"1281660710511579\\\"},\\\"__slot__\\\":{\\\"options\\\":[{\\\"label\\\":\\\"选项一\\\",\\\"value\\\":1},{\\\"label\\\":\\\"选项二\\\",\\\"value\\\":2}]},\\\"placeholder\\\":\\\"请选择下拉选择\\\",\\\"style\\\":{\\\"width\\\":\\\"100%\\\"},\\\"clearable\\\":true,\\\"disabled\\\":false,\\\"filterable\\\":false,\\\"multiple\\\":false,\\\"__vModel__\\\":\\\"field128\\\"}\"]', '请假表单', '1', '2022-08-17 12:28:34', '1', '2022-08-18 14:51:07', b'0', 0);
INSERT INTO `bpm_form` VALUES (4, '测试表单2', 0, '{\"formRef\":\"elForm\",\"formModel\":\"formData\",\"size\":\"medium\",\"labelPosition\":\"right\",\"labelWidth\":100,\"formRules\":\"rules\",\"gutter\":15,\"disabled\":false,\"span\":24,\"formBtns\":true}', '[\"{\\\"__config__\\\":{\\\"label\\\":\\\"单行文本\\\",\\\"labelWidth\\\":null,\\\"showLabel\\\":true,\\\"changeTag\\\":true,\\\"tag\\\":\\\"el-input\\\",\\\"tagIcon\\\":\\\"input\\\",\\\"required\\\":true,\\\"layout\\\":\\\"colFormItem\\\",\\\"span\\\":24,\\\"document\\\":\\\"https://element.eleme.cn/#/zh-CN/component/input\\\",\\\"regList\\\":[],\\\"formId\\\":101,\\\"renderKey\\\":\\\"1011660999055972\\\"},\\\"__slot__\\\":{\\\"prepend\\\":\\\"\\\",\\\"append\\\":\\\"\\\"},\\\"placeholder\\\":\\\"请输入单行文本\\\",\\\"style\\\":{\\\"width\\\":\\\"100%\\\"},\\\"clearable\\\":true,\\\"prefix-icon\\\":\\\"\\\",\\\"suffix-icon\\\":\\\"\\\",\\\"maxlength\\\":null,\\\"show-word-limit\\\":false,\\\"readonly\\\":false,\\\"disabled\\\":false,\\\"__vModel__\\\":\\\"field101\\\"}\",\"{\\\"__config__\\\":{\\\"label\\\":\\\"下拉选择\\\",\\\"showLabel\\\":true,\\\"labelWidth\\\":null,\\\"tag\\\":\\\"el-select\\\",\\\"tagIcon\\\":\\\"select\\\",\\\"layout\\\":\\\"colFormItem\\\",\\\"span\\\":24,\\\"required\\\":true,\\\"regList\\\":[],\\\"changeTag\\\":true,\\\"document\\\":\\\"https://element.eleme.cn/#/zh-CN/component/select\\\",\\\"formId\\\":102,\\\"renderKey\\\":\\\"1021660999058033\\\"},\\\"__slot__\\\":{\\\"options\\\":[{\\\"label\\\":\\\"选项一\\\",\\\"value\\\":1},{\\\"label\\\":\\\"选项二\\\",\\\"value\\\":2}]},\\\"placeholder\\\":\\\"请选择下拉选择\\\",\\\"style\\\":{\\\"width\\\":\\\"100%\\\"},\\\"clearable\\\":true,\\\"disabled\\\":false,\\\"filterable\\\":false,\\\"multiple\\\":false,\\\"__vModel__\\\":\\\"field102\\\"}\",\"{\\\"__config__\\\":{\\\"label\\\":\\\"多行文本\\\",\\\"labelWidth\\\":null,\\\"showLabel\\\":true,\\\"tag\\\":\\\"el-input\\\",\\\"tagIcon\\\":\\\"textarea\\\",\\\"required\\\":true,\\\"layout\\\":\\\"colFormItem\\\",\\\"span\\\":24,\\\"regList\\\":[],\\\"changeTag\\\":true,\\\"document\\\":\\\"https://element.eleme.cn/#/zh-CN/component/input\\\",\\\"formId\\\":103,\\\"renderKey\\\":\\\"1031660999060111\\\"},\\\"type\\\":\\\"textarea\\\",\\\"placeholder\\\":\\\"请输入多行文本\\\",\\\"autosize\\\":{\\\"minRows\\\":4,\\\"maxRows\\\":4},\\\"style\\\":{\\\"width\\\":\\\"100%\\\"},\\\"maxlength\\\":null,\\\"show-word-limit\\\":false,\\\"readonly\\\":false,\\\"disabled\\\":false,\\\"__vModel__\\\":\\\"field103\\\"}\"]', '测试表单22', '1', '2022-08-20 20:37:42', '1', '2022-08-21 11:31:08', b'0', 0);
INSERT INTO `bpm_form` VALUES (5, '测试003', 0, '{\"formRef\":\"elForm\",\"formModel\":\"formData\",\"size\":\"medium\",\"labelPosition\":\"right\",\"labelWidth\":100,\"formRules\":\"rules\",\"gutter\":15,\"disabled\":false,\"span\":24,\"formBtns\":true}', '[\"{\\\"__config__\\\":{\\\"label\\\":\\\"单行文本\\\",\\\"labelWidth\\\":null,\\\"showLabel\\\":true,\\\"changeTag\\\":true,\\\"tag\\\":\\\"el-input\\\",\\\"tagIcon\\\":\\\"input\\\",\\\"required\\\":true,\\\"layout\\\":\\\"colFormItem\\\",\\\"span\\\":24,\\\"document\\\":\\\"https://element.eleme.cn/#/zh-CN/component/input\\\",\\\"regList\\\":[],\\\"formId\\\":107,\\\"renderKey\\\":\\\"1071661052673914\\\"},\\\"__slot__\\\":{\\\"prepend\\\":\\\"\\\",\\\"append\\\":\\\"\\\"},\\\"placeholder\\\":\\\"请输入单行文本\\\",\\\"style\\\":{\\\"width\\\":\\\"100%\\\"},\\\"clearable\\\":true,\\\"prefix-icon\\\":\\\"\\\",\\\"suffix-icon\\\":\\\"\\\",\\\"maxlength\\\":null,\\\"show-word-limit\\\":false,\\\"readonly\\\":false,\\\"disabled\\\":false,\\\"__vModel__\\\":\\\"field107\\\"}\",\"{\\\"__config__\\\":{\\\"label\\\":\\\"多行文本\\\",\\\"labelWidth\\\":null,\\\"showLabel\\\":true,\\\"tag\\\":\\\"el-input\\\",\\\"tagIcon\\\":\\\"textarea\\\",\\\"required\\\":true,\\\"layout\\\":\\\"colFormItem\\\",\\\"span\\\":24,\\\"regList\\\":[],\\\"changeTag\\\":true,\\\"document\\\":\\\"https://element.eleme.cn/#/zh-CN/component/input\\\",\\\"formId\\\":109,\\\"renderKey\\\":\\\"1091661052678489\\\"},\\\"type\\\":\\\"textarea\\\",\\\"placeholder\\\":\\\"请输入多行文本\\\",\\\"autosize\\\":{\\\"minRows\\\":4,\\\"maxRows\\\":4},\\\"style\\\":{\\\"width\\\":\\\"100%\\\"},\\\"maxlength\\\":null,\\\"show-word-limit\\\":false,\\\"readonly\\\":false,\\\"disabled\\\":false,\\\"__vModel__\\\":\\\"field109\\\"}\",\"{\\\"__config__\\\":{\\\"label\\\":\\\"下拉选择\\\",\\\"showLabel\\\":true,\\\"labelWidth\\\":null,\\\"tag\\\":\\\"el-select\\\",\\\"tagIcon\\\":\\\"select\\\",\\\"layout\\\":\\\"colFormItem\\\",\\\"span\\\":24,\\\"required\\\":true,\\\"regList\\\":[],\\\"changeTag\\\":true,\\\"document\\\":\\\"https://element.eleme.cn/#/zh-CN/component/select\\\",\\\"formId\\\":110,\\\"renderKey\\\":\\\"1101661052681039\\\"},\\\"__slot__\\\":{\\\"options\\\":[{\\\"label\\\":\\\"选项一\\\",\\\"value\\\":1},{\\\"label\\\":\\\"选项二\\\",\\\"value\\\":2}]},\\\"placeholder\\\":\\\"请选择下拉选择\\\",\\\"style\\\":{\\\"width\\\":\\\"100%\\\"},\\\"clearable\\\":true,\\\"disabled\\\":false,\\\"filterable\\\":false,\\\"multiple\\\":false,\\\"__vModel__\\\":\\\"field110\\\"}\",\"{\\\"__config__\\\":{\\\"label\\\":\\\"级联选择\\\",\\\"url\\\":\\\"https://www.fastmock.site/mock/f8d7a54fb1e60561e2f720d5a810009d/fg/cascaderList\\\",\\\"method\\\":\\\"get\\\",\\\"dataPath\\\":\\\"list\\\",\\\"dataConsumer\\\":\\\"options\\\",\\\"showLabel\\\":true,\\\"labelWidth\\\":null,\\\"tag\\\":\\\"el-cascader\\\",\\\"tagIcon\\\":\\\"cascader\\\",\\\"layout\\\":\\\"colFormItem\\\",\\\"defaultValue\\\":[],\\\"dataType\\\":\\\"dynamic\\\",\\\"span\\\":24,\\\"required\\\":true,\\\"regList\\\":[],\\\"changeTag\\\":true,\\\"document\\\":\\\"https://element.eleme.cn/#/zh-CN/component/cascader\\\",\\\"formId\\\":111,\\\"renderKey\\\":\\\"1111661052682871\\\"},\\\"options\\\":[{\\\"id\\\":1,\\\"value\\\":1,\\\"label\\\":\\\"选项1\\\",\\\"children\\\":[{\\\"id\\\":2,\\\"value\\\":2,\\\"label\\\":\\\"选项1-1\\\"}]}],\\\"placeholder\\\":\\\"请选择级联选择\\\",\\\"style\\\":{\\\"width\\\":\\\"100%\\\"},\\\"props\\\":{\\\"props\\\":{\\\"multiple\\\":false,\\\"label\\\":\\\"label\\\",\\\"value\\\":\\\"value\\\",\\\"children\\\":\\\"children\\\"}},\\\"show-all-levels\\\":true,\\\"disabled\\\":false,\\\"clearable\\\":true,\\\"filterable\\\":false,\\\"separator\\\":\\\"/\\\",\\\"__vModel__\\\":\\\"field111\\\"}\"]', '测试003', '1', '2022-08-21 11:32:49', '1', '2022-08-21 11:33:30', b'0', 0);

-- ----------------------------
-- Table structure for bpm_oa_leave
-- ----------------------------
DROP TABLE IF EXISTS `bpm_oa_leave`;
CREATE TABLE `bpm_oa_leave`  (
  `id` bigint(20) NOT NULL AUTO_INCREMENT COMMENT '请假表单主键',
  `user_id` bigint(20) NOT NULL COMMENT '申请人的用户编号',
  `type` tinyint(4) NOT NULL COMMENT '请假类型',
  `reason` varchar(200) CHARACTER SET utf8mb4 COLLATE utf8mb4_unicode_ci NOT NULL COMMENT '请假原因',
  `start_time` datetime NOT NULL COMMENT '开始时间',
  `end_time` datetime NOT NULL COMMENT '结束时间',
  `day` tinyint(4) NOT NULL COMMENT '请假天数',
  `result` tinyint(4) NOT NULL COMMENT '请假结果',
  `process_instance_id` varchar(64) CHARACTER SET utf8mb4 COLLATE utf8mb4_unicode_ci NULL DEFAULT NULL COMMENT '流程实例的编号',
  `creator` varchar(64) CHARACTER SET utf8mb4 COLLATE utf8mb4_unicode_ci NULL DEFAULT '' COMMENT '创建者',
  `create_time` datetime NOT NULL DEFAULT CURRENT_TIMESTAMP COMMENT '创建时间',
  `updater` varchar(64) CHARACTER SET utf8mb4 COLLATE utf8mb4_unicode_ci NULL DEFAULT '' COMMENT '更新者',
  `update_time` datetime NOT NULL DEFAULT CURRENT_TIMESTAMP ON UPDATE CURRENT_TIMESTAMP COMMENT '更新时间',
  `deleted` bit(1) NOT NULL DEFAULT b'0' COMMENT '是否删除',
  `tenant_id` bigint(20) NOT NULL DEFAULT 0 COMMENT '租户编号',
  PRIMARY KEY (`id`) USING BTREE
) ENGINE = InnoDB AUTO_INCREMENT = 3 CHARACTER SET = utf8mb4 COLLATE = utf8mb4_unicode_ci COMMENT = 'OA 请假申请表' ROW_FORMAT = COMPACT;

-- ----------------------------
-- Records of bpm_oa_leave
-- ----------------------------

-- ----------------------------
-- Table structure for bpm_process_definition_ext
-- ----------------------------
DROP TABLE IF EXISTS `bpm_process_definition_ext`;
CREATE TABLE `bpm_process_definition_ext`  (
  `id` bigint(20) NOT NULL AUTO_INCREMENT COMMENT '编号',
  `process_definition_id` varchar(64) CHARACTER SET utf8mb4 COLLATE utf8mb4_unicode_ci NOT NULL COMMENT '流程定义的编号',
  `model_id` varchar(64) CHARACTER SET utf8mb4 COLLATE utf8mb4_unicode_ci NOT NULL COMMENT '流程模型的编号',
  `description` varchar(255) CHARACTER SET utf8mb4 COLLATE utf8mb4_unicode_ci NULL DEFAULT NULL COMMENT '描述',
  `form_type` tinyint(4) NOT NULL COMMENT '表单类型',
  `form_id` bigint(20) NULL DEFAULT NULL COMMENT '表单编号',
  `form_conf` varchar(1000) CHARACTER SET utf8mb4 COLLATE utf8mb4_unicode_ci NULL DEFAULT NULL COMMENT '表单的配置',
  `form_fields` varchar(5000) CHARACTER SET utf8mb4 COLLATE utf8mb4_unicode_ci NULL DEFAULT NULL COMMENT '表单项的数组',
  `form_custom_create_path` varchar(255) CHARACTER SET utf8mb4 COLLATE utf8mb4_unicode_ci NULL DEFAULT NULL COMMENT '自定义表单的提交路径',
  `form_custom_view_path` varchar(255) CHARACTER SET utf8mb4 COLLATE utf8mb4_unicode_ci NULL DEFAULT NULL COMMENT '自定义表单的查看路径',
  `creator` varchar(64) CHARACTER SET utf8mb4 COLLATE utf8mb4_unicode_ci NULL DEFAULT '' COMMENT '创建者',
  `create_time` datetime NOT NULL DEFAULT CURRENT_TIMESTAMP COMMENT '创建时间',
  `updater` varchar(64) CHARACTER SET utf8mb4 COLLATE utf8mb4_unicode_ci NULL DEFAULT '' COMMENT '更新者',
  `update_time` datetime NOT NULL DEFAULT CURRENT_TIMESTAMP ON UPDATE CURRENT_TIMESTAMP COMMENT '更新时间',
  `deleted` bit(1) NOT NULL DEFAULT b'0' COMMENT '是否删除',
  `tenant_id` bigint(20) NOT NULL DEFAULT 0 COMMENT '租户编号',
  PRIMARY KEY (`id`) USING BTREE
) ENGINE = InnoDB AUTO_INCREMENT = 137 CHARACTER SET = utf8mb4 COLLATE = utf8mb4_unicode_ci COMMENT = 'Bpm 流程定义的拓展表\n' ROW_FORMAT = COMPACT;

-- ----------------------------
-- Records of bpm_process_definition_ext
-- ----------------------------
INSERT INTO `bpm_process_definition_ext` VALUES (135, 'leave:1:0385442c-1ec1-11ed-af71-3887d5e2c283', 'e05bc4b6-1ea9-11ed-94d4-3887d5e2c283', '请假流程', 1, NULL, NULL, NULL, NULL, NULL, '1', '2022-08-18 14:43:06', '1', '2022-08-18 14:43:06', b'0', 0);
INSERT INTO `bpm_process_definition_ext` VALUES (136, 'leave:2:f519d4d0-1ec3-11ed-af71-3887d5e2c283', 'e05bc4b6-1ea9-11ed-94d4-3887d5e2c283', '请假流程', 10, 3, '{\"formRef\":\"elForm\",\"formModel\":\"formData\",\"size\":\"medium\",\"labelPosition\":\"right\",\"labelWidth\":100,\"formRules\":\"rules\",\"gutter\":15,\"disabled\":false,\"span\":24,\"formBtns\":true}', '[\"{\\\"__config__\\\":{\\\"label\\\":\\\"单行文本\\\",\\\"labelWidth\\\":null,\\\"showLabel\\\":true,\\\"changeTag\\\":true,\\\"tag\\\":\\\"el-input\\\",\\\"tagIcon\\\":\\\"input\\\",\\\"required\\\":true,\\\"layout\\\":\\\"colFormItem\\\",\\\"span\\\":24,\\\"document\\\":\\\"https://element.eleme.cn/#/zh-CN/component/input\\\",\\\"regList\\\":[],\\\"formId\\\":126,\\\"renderKey\\\":\\\"1261660710510642\\\"},\\\"__slot__\\\":{\\\"prepend\\\":\\\"\\\",\\\"append\\\":\\\"\\\"},\\\"placeholder\\\":\\\"请输入单行文本\\\",\\\"style\\\":{\\\"width\\\":\\\"100%\\\"},\\\"clearable\\\":true,\\\"prefix-icon\\\":\\\"\\\",\\\"suffix-icon\\\":\\\"\\\",\\\"maxlength\\\":null,\\\"show-word-limit\\\":false,\\\"readonly\\\":false,\\\"disabled\\\":false,\\\"__vModel__\\\":\\\"field126\\\"}\",\"{\\\"__config__\\\":{\\\"label\\\":\\\"多行文本\\\",\\\"labelWidth\\\":null,\\\"showLabel\\\":true,\\\"tag\\\":\\\"el-input\\\",\\\"tagIcon\\\":\\\"textarea\\\",\\\"required\\\":true,\\\"layout\\\":\\\"colFormItem\\\",\\\"span\\\":24,\\\"regList\\\":[],\\\"changeTag\\\":true,\\\"document\\\":\\\"https://element.eleme.cn/#/zh-CN/component/input\\\",\\\"formId\\\":127,\\\"renderKey\\\":\\\"1271660710510986\\\"},\\\"type\\\":\\\"textarea\\\",\\\"placeholder\\\":\\\"请输入多行文本\\\",\\\"autosize\\\":{\\\"minRows\\\":4,\\\"maxRows\\\":4},\\\"style\\\":{\\\"width\\\":\\\"100%\\\"},\\\"maxlength\\\":null,\\\"show-word-limit\\\":false,\\\"readonly\\\":false,\\\"disabled\\\":false,\\\"__vModel__\\\":\\\"field127\\\"}\",\"{\\\"__config__\\\":{\\\"label\\\":\\\"下拉选择\\\",\\\"showLabel\\\":true,\\\"labelWidth\\\":null,\\\"tag\\\":\\\"el-select\\\",\\\"tagIcon\\\":\\\"select\\\",\\\"layout\\\":\\\"colFormItem\\\",\\\"span\\\":24,\\\"required\\\":true,\\\"regList\\\":[],\\\"changeTag\\\":true,\\\"document\\\":\\\"https://element.eleme.cn/#/zh-CN/component/select\\\",\\\"formId\\\":128,\\\"renderKey\\\":\\\"1281660710511579\\\"},\\\"__slot__\\\":{\\\"options\\\":[{\\\"label\\\":\\\"选项一\\\",\\\"value\\\":1},{\\\"label\\\":\\\"选项二\\\",\\\"value\\\":2}]},\\\"placeholder\\\":\\\"请选择下拉选择\\\",\\\"style\\\":{\\\"width\\\":\\\"100%\\\"},\\\"clearable\\\":true,\\\"disabled\\\":false,\\\"filterable\\\":false,\\\"multiple\\\":false,\\\"__vModel__\\\":\\\"field128\\\"}\"]', NULL, NULL, '1', '2022-08-18 15:04:10', '1', '2022-08-18 15:04:10', b'0', 0);

-- ----------------------------
-- Table structure for bpm_process_instance_ext
-- ----------------------------
DROP TABLE IF EXISTS `bpm_process_instance_ext`;
CREATE TABLE `bpm_process_instance_ext`  (
  `id` bigint(20) NOT NULL AUTO_INCREMENT COMMENT '编号',
  `start_user_id` bigint(20) NOT NULL COMMENT '发起流程的用户编号',
  `name` varchar(64) CHARACTER SET utf8mb4 COLLATE utf8mb4_unicode_ci NULL DEFAULT NULL COMMENT '流程实例的名字',
  `process_instance_id` varchar(64) CHARACTER SET utf8mb4 COLLATE utf8mb4_unicode_ci NOT NULL COMMENT '流程实例的编号',
  `process_definition_id` varchar(64) CHARACTER SET utf8mb4 COLLATE utf8mb4_unicode_ci NOT NULL COMMENT '流程定义的编号',
  `category` varchar(64) CHARACTER SET utf8mb4 COLLATE utf8mb4_unicode_ci NULL DEFAULT NULL COMMENT '流程分类',
  `status` tinyint(4) NOT NULL COMMENT '流程实例的状态',
  `result` tinyint(4) NOT NULL COMMENT '流程实例的结果',
  `end_time` datetime NULL DEFAULT NULL COMMENT '结束时间',
  `form_variables` varchar(5000) CHARACTER SET utf8mb4 COLLATE utf8mb4_unicode_ci NULL DEFAULT NULL COMMENT '表单值',
  `creator` varchar(64) CHARACTER SET utf8mb4 COLLATE utf8mb4_unicode_ci NULL DEFAULT '' COMMENT '创建者',
  `create_time` datetime NOT NULL DEFAULT CURRENT_TIMESTAMP COMMENT '创建时间',
  `updater` varchar(64) CHARACTER SET utf8mb4 COLLATE utf8mb4_unicode_ci NULL DEFAULT '' COMMENT '更新者',
  `update_time` datetime NOT NULL DEFAULT CURRENT_TIMESTAMP ON UPDATE CURRENT_TIMESTAMP COMMENT '更新时间',
  `deleted` bit(1) NOT NULL DEFAULT b'0' COMMENT '是否删除',
  `tenant_id` bigint(20) NOT NULL DEFAULT 0 COMMENT '租户编号',
  PRIMARY KEY (`id`) USING BTREE
) ENGINE = InnoDB AUTO_INCREMENT = 309 CHARACTER SET = utf8mb4 COLLATE = utf8mb4_unicode_ci COMMENT = '工作流的流程实例的拓展' ROW_FORMAT = COMPACT;

-- ----------------------------
-- Records of bpm_process_instance_ext
-- ----------------------------
INSERT INTO `bpm_process_instance_ext` VALUES (302, 1, '请假', '7e853b8b-2095-11ed-b609-3887d5e2c283', 'leave:2:f519d4d0-1ec3-11ed-af71-3887d5e2c283', '2', 2, 4, '2022-08-20 22:57:46', '{\"field126\":\"111\",\"field127\":\"222\",\"field128\":1}', '1', '2022-08-20 22:36:36', '1', '2022-08-20 22:57:46', b'0', 0);
INSERT INTO `bpm_process_instance_ext` VALUES (303, 1, '请假', 'da70e12a-2095-11ed-b609-3887d5e2c283', 'leave:2:f519d4d0-1ec3-11ed-af71-3887d5e2c283', '2', 1, 1, NULL, '{\"field126\":\"111\",\"field127\":\"111\",\"field128\":1}', '1', '2022-08-20 22:39:11', '1', '2022-08-20 22:39:11', b'0', 0);
INSERT INTO `bpm_process_instance_ext` VALUES (304, 1, '请假', 'b8745c09-2096-11ed-b609-3887d5e2c283', 'leave:2:f519d4d0-1ec3-11ed-af71-3887d5e2c283', '2', 1, 1, NULL, '{\"field126\":\"222\",\"field127\":\"222\",\"field128\":1}', '1', '2022-08-20 22:45:23', '1', '2022-08-20 22:45:23', b'0', 0);
INSERT INTO `bpm_process_instance_ext` VALUES (305, 1, '请假', '0a24aec8-2097-11ed-b609-3887d5e2c283', 'leave:2:f519d4d0-1ec3-11ed-af71-3887d5e2c283', '2', 1, 1, NULL, '{\"field126\":\"333\",\"field127\":\"333\",\"field128\":1}', '1', '2022-08-20 22:47:40', '1', '2022-08-20 22:47:40', b'0', 0);
INSERT INTO `bpm_process_instance_ext` VALUES (306, 1, '请假', '7bf2bf1b-2097-11ed-8938-3887d5e2c283', 'leave:2:f519d4d0-1ec3-11ed-af71-3887d5e2c283', '2', 1, 1, NULL, '{\"field126\":\"444\",\"field127\":\"444\",\"field128\":1}', '1', '2022-08-20 22:50:51', '1', '2022-08-20 22:50:51', b'0', 0);
INSERT INTO `bpm_process_instance_ext` VALUES (307, 1, '请假', 'e9b53134-283f-11ed-9000-3887d5e2c283', 'leave:2:f519d4d0-1ec3-11ed-af71-3887d5e2c283', '2', 1, 1, NULL, '{\"field126\":\"123\",\"field127\":\"123\",\"field128\":1}', '1', '2022-08-30 16:44:09', '1', '2022-08-30 16:44:09', b'0', 0);
INSERT INTO `bpm_process_instance_ext` VALUES (308, 1, '请假', 'd1ede070-ce39-11ef-bcf7-e4a8dfac961e', 'leave:2:f519d4d0-1ec3-11ed-af71-3887d5e2c283', '2', 2, 2, '2025-01-09 11:30:53', '{\"field126\":\"123\",\"field127\":\"123\",\"field128\":1}', '1', '2025-01-09 11:28:40', '4', '2025-01-09 11:30:53', b'0', 0);

-- ----------------------------
-- Table structure for bpm_task_assign_rule
-- ----------------------------
DROP TABLE IF EXISTS `bpm_task_assign_rule`;
CREATE TABLE `bpm_task_assign_rule`  (
  `id` bigint(20) NOT NULL AUTO_INCREMENT COMMENT '编号',
  `model_id` varchar(64) CHARACTER SET utf8mb4 COLLATE utf8mb4_unicode_ci NOT NULL COMMENT '流程模型的编号',
  `process_definition_id` varchar(64) CHARACTER SET utf8mb4 COLLATE utf8mb4_unicode_ci NOT NULL COMMENT '流程定义的编号',
  `task_definition_key` varchar(64) CHARACTER SET utf8mb4 COLLATE utf8mb4_unicode_ci NOT NULL COMMENT '流程任务定义的 key',
  `type` tinyint(4) NOT NULL COMMENT '规则类型',
  `options` varchar(1024) CHARACTER SET utf8mb4 COLLATE utf8mb4_unicode_ci NOT NULL COMMENT '规则值，JSON 数组',
  `creator` varchar(64) CHARACTER SET utf8mb4 COLLATE utf8mb4_unicode_ci NULL DEFAULT '' COMMENT '创建者',
  `create_time` datetime NOT NULL DEFAULT CURRENT_TIMESTAMP COMMENT '创建时间',
  `updater` varchar(64) CHARACTER SET utf8mb4 COLLATE utf8mb4_unicode_ci NULL DEFAULT '' COMMENT '更新者',
  `update_time` datetime NOT NULL DEFAULT CURRENT_TIMESTAMP ON UPDATE CURRENT_TIMESTAMP COMMENT '更新时间',
  `deleted` bit(1) NOT NULL DEFAULT b'0' COMMENT '是否删除',
  `tenant_id` bigint(20) NOT NULL DEFAULT 0 COMMENT '租户编号',
  PRIMARY KEY (`id`) USING BTREE
) ENGINE = InnoDB AUTO_INCREMENT = 7 CHARACTER SET = utf8mb4 COLLATE = utf8mb4_unicode_ci COMMENT = 'Bpm 任务规则表' ROW_FORMAT = COMPACT;

-- ----------------------------
-- Records of bpm_task_assign_rule
-- ----------------------------
INSERT INTO `bpm_task_assign_rule` VALUES (1, 'e05bc4b6-1ea9-11ed-94d4-3887d5e2c283', '', 'Activity_0gcxdwu', 22, '[2]', '1', '2022-08-18 14:29:49', '1', '2022-08-18 14:41:24', b'0', 0);
INSERT INTO `bpm_task_assign_rule` VALUES (2, 'e05bc4b6-1ea9-11ed-94d4-3887d5e2c283', '', 'Activity_13uq05m', 22, '[3]', '1', '2022-08-18 14:34:34', '1', '2022-08-20 21:33:25', b'0', 0);
INSERT INTO `bpm_task_assign_rule` VALUES (3, 'e05bc4b6-1ea9-11ed-94d4-3887d5e2c283', 'leave:1:0385442c-1ec1-11ed-af71-3887d5e2c283', 'Activity_0gcxdwu', 22, '[2]', '1', '2022-08-18 14:43:06', '1', '2022-08-18 14:43:06', b'0', 0);
INSERT INTO `bpm_task_assign_rule` VALUES (4, 'e05bc4b6-1ea9-11ed-94d4-3887d5e2c283', 'leave:1:0385442c-1ec1-11ed-af71-3887d5e2c283', 'Activity_13uq05m', 22, '[3]', '1', '2022-08-18 14:43:06', '1', '2022-08-18 14:43:06', b'0', 0);
INSERT INTO `bpm_task_assign_rule` VALUES (5, 'e05bc4b6-1ea9-11ed-94d4-3887d5e2c283', 'leave:2:f519d4d0-1ec3-11ed-af71-3887d5e2c283', 'Activity_0gcxdwu', 22, '[2]', '1', '2022-08-18 15:04:10', '1', '2022-08-18 15:04:10', b'0', 0);
INSERT INTO `bpm_task_assign_rule` VALUES (6, 'e05bc4b6-1ea9-11ed-94d4-3887d5e2c283', 'leave:2:f519d4d0-1ec3-11ed-af71-3887d5e2c283', 'Activity_13uq05m', 22, '[3]', '1', '2022-08-18 15:04:10', '1', '2022-08-18 15:04:10', b'0', 0);

-- ----------------------------
-- Table structure for bpm_task_ext
-- ----------------------------
DROP TABLE IF EXISTS `bpm_task_ext`;
CREATE TABLE `bpm_task_ext`  (
  `id` bigint(20) NOT NULL AUTO_INCREMENT COMMENT '编号',
  `assignee_user_id` bigint(20) NULL DEFAULT NULL COMMENT '任务的审批人',
  `name` varchar(64) CHARACTER SET utf8mb4 COLLATE utf8mb4_unicode_ci NULL DEFAULT NULL COMMENT '任务的名字',
  `task_id` varchar(64) CHARACTER SET utf8mb4 COLLATE utf8mb4_unicode_ci NOT NULL COMMENT '任务的编号',
  `result` tinyint(4) NOT NULL COMMENT '任务的结果',
  `reason` varchar(255) CHARACTER SET utf8mb4 COLLATE utf8mb4_unicode_ci NULL DEFAULT NULL COMMENT '审批建议',
  `end_time` datetime NULL DEFAULT NULL COMMENT '任务的结束时间',
  `process_instance_id` varchar(64) CHARACTER SET utf8mb4 COLLATE utf8mb4_unicode_ci NOT NULL COMMENT '流程实例的编号',
  `process_definition_id` varchar(64) CHARACTER SET utf8mb4 COLLATE utf8mb4_unicode_ci NOT NULL COMMENT '流程定义的编号',
  `creator` varchar(64) CHARACTER SET utf8mb4 COLLATE utf8mb4_unicode_ci NULL DEFAULT '' COMMENT '创建者',
  `create_time` datetime NOT NULL DEFAULT CURRENT_TIMESTAMP COMMENT '创建时间',
  `updater` varchar(64) CHARACTER SET utf8mb4 COLLATE utf8mb4_unicode_ci NULL DEFAULT '' COMMENT '更新者',
  `update_time` datetime NOT NULL DEFAULT CURRENT_TIMESTAMP ON UPDATE CURRENT_TIMESTAMP COMMENT '更新时间',
  `deleted` bit(1) NOT NULL DEFAULT b'0' COMMENT '是否删除',
  `tenant_id` bigint(20) NOT NULL DEFAULT 0 COMMENT '租户编号',
  PRIMARY KEY (`id`) USING BTREE
) ENGINE = InnoDB AUTO_INCREMENT = 350 CHARACTER SET = utf8mb4 COLLATE = utf8mb4_unicode_ci COMMENT = '工作流的流程任务的拓展表' ROW_FORMAT = COMPACT;

-- ----------------------------
-- Records of bpm_task_ext
-- ----------------------------
INSERT INTO `bpm_task_ext` VALUES (341, 2, '经理', '7e92a917-2095-11ed-b609-3887d5e2c283', 4, '主动取消任务，原因：不请假了', '2022-08-20 22:57:46', '7e853b8b-2095-11ed-b609-3887d5e2c283', 'leave:2:f519d4d0-1ec3-11ed-af71-3887d5e2c283', '1', '2022-08-20 22:36:36', '1', '2022-08-20 22:57:46', b'0', 0);
INSERT INTO `bpm_task_ext` VALUES (342, 2, '经理', 'da71f2a6-2095-11ed-b609-3887d5e2c283', 1, NULL, NULL, 'da70e12a-2095-11ed-b609-3887d5e2c283', 'leave:2:f519d4d0-1ec3-11ed-af71-3887d5e2c283', '1', '2022-08-20 22:39:11', '1', '2022-08-20 22:39:11', b'0', 0);
INSERT INTO `bpm_task_ext` VALUES (343, 2, '经理', 'b876a605-2096-11ed-b609-3887d5e2c283', 1, NULL, NULL, 'b8745c09-2096-11ed-b609-3887d5e2c283', 'leave:2:f519d4d0-1ec3-11ed-af71-3887d5e2c283', '1', '2022-08-20 22:45:23', '1', '2022-08-20 22:45:23', b'0', 0);
INSERT INTO `bpm_task_ext` VALUES (344, 2, '经理', '0a263574-2097-11ed-b609-3887d5e2c283', 1, NULL, NULL, '0a24aec8-2097-11ed-b609-3887d5e2c283', 'leave:2:f519d4d0-1ec3-11ed-af71-3887d5e2c283', '1', '2022-08-20 22:47:40', '1', '2022-08-20 22:47:40', b'0', 0);
INSERT INTO `bpm_task_ext` VALUES (345, 2, '经理', '7bfe7ef7-2097-11ed-8938-3887d5e2c283', 1, NULL, NULL, '7bf2bf1b-2097-11ed-8938-3887d5e2c283', 'leave:2:f519d4d0-1ec3-11ed-af71-3887d5e2c283', '1', '2022-08-20 22:50:51', '1', '2022-08-20 22:50:51', b'0', 0);
INSERT INTO `bpm_task_ext` VALUES (346, 2, '经理', 'e9bbe800-283f-11ed-9000-3887d5e2c283', 2, '同意申请', '2022-08-30 17:07:20', 'e9b53134-283f-11ed-9000-3887d5e2c283', 'leave:2:f519d4d0-1ec3-11ed-af71-3887d5e2c283', '1', '2022-08-30 16:44:09', '2', '2022-08-30 17:07:20', b'0', 0);
INSERT INTO `bpm_task_ext` VALUES (347, 4, '人事', '26d645c6-2843-11ed-9000-3887d5e2c283', 1, NULL, NULL, 'e9b53134-283f-11ed-9000-3887d5e2c283', 'leave:2:f519d4d0-1ec3-11ed-af71-3887d5e2c283', '2', '2022-08-30 17:07:20', '2', '2022-08-30 17:07:20', b'0', 0);
INSERT INTO `bpm_task_ext` VALUES (348, 2, '经理', 'd21d2ddc-ce39-11ef-bcf7-e4a8dfac961e', 2, '123', '2025-01-09 11:30:13', 'd1ede070-ce39-11ef-bcf7-e4a8dfac961e', 'leave:2:f519d4d0-1ec3-11ed-af71-3887d5e2c283', '1', '2025-01-09 11:28:40', '2', '2025-01-09 11:30:14', b'0', 0);
INSERT INTO `bpm_task_ext` VALUES (349, 4, '人事', '091dd652-ce3a-11ef-bcf7-e4a8dfac961e', 2, '123', '2025-01-09 11:30:52', 'd1ede070-ce39-11ef-bcf7-e4a8dfac961e', 'leave:2:f519d4d0-1ec3-11ed-af71-3887d5e2c283', '2', '2025-01-09 11:30:13', '4', '2025-01-09 11:30:53', b'0', 0);

-- ----------------------------
-- Table structure for bpm_user_group
-- ----------------------------
DROP TABLE IF EXISTS `bpm_user_group`;
CREATE TABLE `bpm_user_group`  (
  `id` bigint(20) NOT NULL AUTO_INCREMENT COMMENT '编号',
  `name` varchar(30) CHARACTER SET utf8mb4 COLLATE utf8mb4_unicode_ci NOT NULL DEFAULT '' COMMENT '组名',
  `description` varchar(255) CHARACTER SET utf8mb4 COLLATE utf8mb4_unicode_ci NOT NULL DEFAULT '' COMMENT '描述',
  `member_user_ids` varchar(1024) CHARACTER SET utf8mb4 COLLATE utf8mb4_unicode_ci NOT NULL DEFAULT '0' COMMENT '成员编号数组',
  `status` tinyint(4) NOT NULL COMMENT '状态（0正常 1停用）',
  `creator` varchar(64) CHARACTER SET utf8mb4 COLLATE utf8mb4_unicode_ci NULL DEFAULT '' COMMENT '创建者',
  `create_time` datetime NOT NULL DEFAULT CURRENT_TIMESTAMP COMMENT '创建时间',
  `updater` varchar(64) CHARACTER SET utf8mb4 COLLATE utf8mb4_unicode_ci NULL DEFAULT '' COMMENT '更新者',
  `update_time` datetime NOT NULL DEFAULT CURRENT_TIMESTAMP ON UPDATE CURRENT_TIMESTAMP COMMENT '更新时间',
  `deleted` bit(1) NOT NULL DEFAULT b'0' COMMENT '是否删除',
  `tenant_id` bigint(20) NOT NULL DEFAULT 0 COMMENT '租户编号',
  PRIMARY KEY (`id`) USING BTREE
) ENGINE = InnoDB AUTO_INCREMENT = 113 CHARACTER SET = utf8mb4 COLLATE = utf8mb4_unicode_ci COMMENT = '用户组' ROW_FORMAT = COMPACT;

-- ----------------------------
-- Records of bpm_user_group
-- ----------------------------
INSERT INTO `bpm_user_group` VALUES (111, '组一', '组一描述', '[3]', 0, '1', '2022-08-18 17:39:46', '1', '2022-08-18 17:39:46', b'0', 0);
INSERT INTO `bpm_user_group` VALUES (112, '组二', '组二', '[2,4]', 0, '1', '2022-08-18 17:42:08', '1', '2022-08-18 17:42:08', b'0', 0);

-- ----------------------------
-- Table structure for flw_channel_definition
-- ----------------------------
DROP TABLE IF EXISTS `flw_channel_definition`;
CREATE TABLE `flw_channel_definition`  (
  `ID_` varchar(255) CHARACTER SET utf8 COLLATE utf8_general_ci NOT NULL,
  `NAME_` varchar(255) CHARACTER SET utf8 COLLATE utf8_general_ci NULL DEFAULT NULL,
  `VERSION_` int(11) NULL DEFAULT NULL,
  `KEY_` varchar(255) CHARACTER SET utf8 COLLATE utf8_general_ci NULL DEFAULT NULL,
  `CATEGORY_` varchar(255) CHARACTER SET utf8 COLLATE utf8_general_ci NULL DEFAULT NULL,
  `DEPLOYMENT_ID_` varchar(255) CHARACTER SET utf8 COLLATE utf8_general_ci NULL DEFAULT NULL,
  `CREATE_TIME_` datetime(3) NULL DEFAULT NULL,
  `TENANT_ID_` varchar(255) CHARACTER SET utf8 COLLATE utf8_general_ci NULL DEFAULT NULL,
  `RESOURCE_NAME_` varchar(255) CHARACTER SET utf8 COLLATE utf8_general_ci NULL DEFAULT NULL,
  `DESCRIPTION_` varchar(255) CHARACTER SET utf8 COLLATE utf8_general_ci NULL DEFAULT NULL,
  `TYPE_` varchar(255) CHARACTER SET utf8 COLLATE utf8_general_ci NULL DEFAULT NULL,
  `IMPLEMENTATION_` varchar(255) CHARACTER SET utf8 COLLATE utf8_general_ci NULL DEFAULT NULL,
  PRIMARY KEY (`ID_`) USING BTREE,
  UNIQUE INDEX `ACT_IDX_CHANNEL_DEF_UNIQ`(`KEY_`, `VERSION_`, `TENANT_ID_`) USING BTREE
) ENGINE = InnoDB CHARACTER SET = utf8 COLLATE = utf8_general_ci ROW_FORMAT = COMPACT;

-- ----------------------------
-- Records of flw_channel_definition
-- ----------------------------

-- ----------------------------
-- Table structure for flw_ev_databasechangelog
-- ----------------------------
DROP TABLE IF EXISTS `flw_ev_databasechangelog`;
CREATE TABLE `flw_ev_databasechangelog`  (
  `ID` varchar(255) CHARACTER SET utf8 COLLATE utf8_general_ci NOT NULL,
  `AUTHOR` varchar(255) CHARACTER SET utf8 COLLATE utf8_general_ci NOT NULL,
  `FILENAME` varchar(255) CHARACTER SET utf8 COLLATE utf8_general_ci NOT NULL,
  `DATEEXECUTED` datetime NOT NULL,
  `ORDEREXECUTED` int(11) NOT NULL,
  `EXECTYPE` varchar(10) CHARACTER SET utf8 COLLATE utf8_general_ci NOT NULL,
  `MD5SUM` varchar(35) CHARACTER SET utf8 COLLATE utf8_general_ci NULL DEFAULT NULL,
  `DESCRIPTION` varchar(255) CHARACTER SET utf8 COLLATE utf8_general_ci NULL DEFAULT NULL,
  `COMMENTS` varchar(255) CHARACTER SET utf8 COLLATE utf8_general_ci NULL DEFAULT NULL,
  `TAG` varchar(255) CHARACTER SET utf8 COLLATE utf8_general_ci NULL DEFAULT NULL,
  `LIQUIBASE` varchar(20) CHARACTER SET utf8 COLLATE utf8_general_ci NULL DEFAULT NULL,
  `CONTEXTS` varchar(255) CHARACTER SET utf8 COLLATE utf8_general_ci NULL DEFAULT NULL,
  `LABELS` varchar(255) CHARACTER SET utf8 COLLATE utf8_general_ci NULL DEFAULT NULL,
  `DEPLOYMENT_ID` varchar(10) CHARACTER SET utf8 COLLATE utf8_general_ci NULL DEFAULT NULL
) ENGINE = InnoDB CHARACTER SET = utf8 COLLATE = utf8_general_ci ROW_FORMAT = COMPACT;

-- ----------------------------
-- Records of flw_ev_databasechangelog
-- ----------------------------
INSERT INTO `flw_ev_databasechangelog` VALUES ('1', 'flowable', 'org/flowable/eventregistry/db/liquibase/flowable-eventregistry-db-changelog.xml', '2022-07-30 14:42:32', 1, 'EXECUTED', '8:1b0c48c9cf7945be799d868a2626d687', 'createTable tableName=FLW_EVENT_DEPLOYMENT; createTable tableName=FLW_EVENT_RESOURCE; createTable tableName=FLW_EVENT_DEFINITION; createIndex indexName=ACT_IDX_EVENT_DEF_UNIQ, tableName=FLW_EVENT_DEFINITION; createTable tableName=FLW_CHANNEL_DEFIN...', '', NULL, '4.3.5', NULL, NULL, '9163352725');
INSERT INTO `flw_ev_databasechangelog` VALUES ('2', 'flowable', 'org/flowable/eventregistry/db/liquibase/flowable-eventregistry-db-changelog.xml', '2025-01-09 11:18:57', 2, 'EXECUTED', '8:0ea825feb8e470558f0b5754352b9cda', 'addColumn tableName=FLW_CHANNEL_DEFINITION; addColumn tableName=FLW_CHANNEL_DEFINITION', '', NULL, '4.3.5', NULL, NULL, '6392738944');
INSERT INTO `flw_ev_databasechangelog` VALUES ('3', 'flowable', 'org/flowable/eventregistry/db/liquibase/flowable-eventregistry-db-changelog.xml', '2025-01-09 11:18:57', 3, 'EXECUTED', '8:3c2bb293350b5cbe6504331980c9dcee', 'customChange', '', NULL, '4.3.5', NULL, NULL, '6392738944');

-- ----------------------------
-- Table structure for flw_ev_databasechangeloglock
-- ----------------------------
DROP TABLE IF EXISTS `flw_ev_databasechangeloglock`;
CREATE TABLE `flw_ev_databasechangeloglock`  (
  `ID` int(11) NOT NULL,
  `LOCKED` bit(1) NOT NULL,
  `LOCKGRANTED` datetime NULL DEFAULT NULL,
  `LOCKEDBY` varchar(255) CHARACTER SET utf8 COLLATE utf8_general_ci NULL DEFAULT NULL,
  PRIMARY KEY (`ID`) USING BTREE
) ENGINE = InnoDB CHARACTER SET = utf8 COLLATE = utf8_general_ci ROW_FORMAT = COMPACT;

-- ----------------------------
-- Records of flw_ev_databasechangeloglock
-- ----------------------------
INSERT INTO `flw_ev_databasechangeloglock` VALUES (1, b'0', NULL, NULL);

-- ----------------------------
-- Table structure for flw_event_definition
-- ----------------------------
DROP TABLE IF EXISTS `flw_event_definition`;
CREATE TABLE `flw_event_definition`  (
  `ID_` varchar(255) CHARACTER SET utf8 COLLATE utf8_general_ci NOT NULL,
  `NAME_` varchar(255) CHARACTER SET utf8 COLLATE utf8_general_ci NULL DEFAULT NULL,
  `VERSION_` int(11) NULL DEFAULT NULL,
  `KEY_` varchar(255) CHARACTER SET utf8 COLLATE utf8_general_ci NULL DEFAULT NULL,
  `CATEGORY_` varchar(255) CHARACTER SET utf8 COLLATE utf8_general_ci NULL DEFAULT NULL,
  `DEPLOYMENT_ID_` varchar(255) CHARACTER SET utf8 COLLATE utf8_general_ci NULL DEFAULT NULL,
  `TENANT_ID_` varchar(255) CHARACTER SET utf8 COLLATE utf8_general_ci NULL DEFAULT NULL,
  `RESOURCE_NAME_` varchar(255) CHARACTER SET utf8 COLLATE utf8_general_ci NULL DEFAULT NULL,
  `DESCRIPTION_` varchar(255) CHARACTER SET utf8 COLLATE utf8_general_ci NULL DEFAULT NULL,
  PRIMARY KEY (`ID_`) USING BTREE,
  UNIQUE INDEX `ACT_IDX_EVENT_DEF_UNIQ`(`KEY_`, `VERSION_`, `TENANT_ID_`) USING BTREE
) ENGINE = InnoDB CHARACTER SET = utf8 COLLATE = utf8_general_ci ROW_FORMAT = COMPACT;

-- ----------------------------
-- Records of flw_event_definition
-- ----------------------------

-- ----------------------------
-- Table structure for flw_event_deployment
-- ----------------------------
DROP TABLE IF EXISTS `flw_event_deployment`;
CREATE TABLE `flw_event_deployment`  (
  `ID_` varchar(255) CHARACTER SET utf8 COLLATE utf8_general_ci NOT NULL,
  `NAME_` varchar(255) CHARACTER SET utf8 COLLATE utf8_general_ci NULL DEFAULT NULL,
  `CATEGORY_` varchar(255) CHARACTER SET utf8 COLLATE utf8_general_ci NULL DEFAULT NULL,
  `DEPLOY_TIME_` datetime(3) NULL DEFAULT NULL,
  `TENANT_ID_` varchar(255) CHARACTER SET utf8 COLLATE utf8_general_ci NULL DEFAULT NULL,
  `PARENT_DEPLOYMENT_ID_` varchar(255) CHARACTER SET utf8 COLLATE utf8_general_ci NULL DEFAULT NULL,
  PRIMARY KEY (`ID_`) USING BTREE
) ENGINE = InnoDB CHARACTER SET = utf8 COLLATE = utf8_general_ci ROW_FORMAT = COMPACT;

-- ----------------------------
-- Records of flw_event_deployment
-- ----------------------------

-- ----------------------------
-- Table structure for flw_event_resource
-- ----------------------------
DROP TABLE IF EXISTS `flw_event_resource`;
CREATE TABLE `flw_event_resource`  (
  `ID_` varchar(255) CHARACTER SET utf8 COLLATE utf8_general_ci NOT NULL,
  `NAME_` varchar(255) CHARACTER SET utf8 COLLATE utf8_general_ci NULL DEFAULT NULL,
  `DEPLOYMENT_ID_` varchar(255) CHARACTER SET utf8 COLLATE utf8_general_ci NULL DEFAULT NULL,
  `RESOURCE_BYTES_` longblob NULL,
  PRIMARY KEY (`ID_`) USING BTREE
) ENGINE = InnoDB CHARACTER SET = utf8 COLLATE = utf8_general_ci ROW_FORMAT = COMPACT;

-- ----------------------------
-- Records of flw_event_resource
-- ----------------------------

-- ----------------------------
-- Table structure for flw_ru_batch
-- ----------------------------
DROP TABLE IF EXISTS `flw_ru_batch`;
CREATE TABLE `flw_ru_batch`  (
  `ID_` varchar(64) CHARACTER SET utf8 COLLATE utf8_bin NOT NULL,
  `REV_` int(11) NULL DEFAULT NULL,
  `TYPE_` varchar(64) CHARACTER SET utf8 COLLATE utf8_bin NOT NULL,
  `SEARCH_KEY_` varchar(255) CHARACTER SET utf8 COLLATE utf8_bin NULL DEFAULT NULL,
  `SEARCH_KEY2_` varchar(255) CHARACTER SET utf8 COLLATE utf8_bin NULL DEFAULT NULL,
  `CREATE_TIME_` datetime(3) NOT NULL,
  `COMPLETE_TIME_` datetime(3) NULL DEFAULT NULL,
  `STATUS_` varchar(255) CHARACTER SET utf8 COLLATE utf8_bin NULL DEFAULT NULL,
  `BATCH_DOC_ID_` varchar(64) CHARACTER SET utf8 COLLATE utf8_bin NULL DEFAULT NULL,
  `TENANT_ID_` varchar(255) CHARACTER SET utf8 COLLATE utf8_bin NULL DEFAULT '',
  PRIMARY KEY (`ID_`) USING BTREE
) ENGINE = InnoDB CHARACTER SET = utf8 COLLATE = utf8_bin ROW_FORMAT = COMPACT;

-- ----------------------------
-- Records of flw_ru_batch
-- ----------------------------

-- ----------------------------
-- Table structure for flw_ru_batch_part
-- ----------------------------
DROP TABLE IF EXISTS `flw_ru_batch_part`;
CREATE TABLE `flw_ru_batch_part`  (
  `ID_` varchar(64) CHARACTER SET utf8 COLLATE utf8_bin NOT NULL,
  `REV_` int(11) NULL DEFAULT NULL,
  `BATCH_ID_` varchar(64) CHARACTER SET utf8 COLLATE utf8_bin NULL DEFAULT NULL,
  `TYPE_` varchar(64) CHARACTER SET utf8 COLLATE utf8_bin NOT NULL,
  `SCOPE_ID_` varchar(64) CHARACTER SET utf8 COLLATE utf8_bin NULL DEFAULT NULL,
  `SUB_SCOPE_ID_` varchar(64) CHARACTER SET utf8 COLLATE utf8_bin NULL DEFAULT NULL,
  `SCOPE_TYPE_` varchar(64) CHARACTER SET utf8 COLLATE utf8_bin NULL DEFAULT NULL,
  `SEARCH_KEY_` varchar(255) CHARACTER SET utf8 COLLATE utf8_bin NULL DEFAULT NULL,
  `SEARCH_KEY2_` varchar(255) CHARACTER SET utf8 COLLATE utf8_bin NULL DEFAULT NULL,
  `CREATE_TIME_` datetime(3) NOT NULL,
  `COMPLETE_TIME_` datetime(3) NULL DEFAULT NULL,
  `STATUS_` varchar(255) CHARACTER SET utf8 COLLATE utf8_bin NULL DEFAULT NULL,
  `RESULT_DOC_ID_` varchar(64) CHARACTER SET utf8 COLLATE utf8_bin NULL DEFAULT NULL,
  `TENANT_ID_` varchar(255) CHARACTER SET utf8 COLLATE utf8_bin NULL DEFAULT '',
  PRIMARY KEY (`ID_`) USING BTREE,
  INDEX `FLW_IDX_BATCH_PART`(`BATCH_ID_`) USING BTREE,
  CONSTRAINT `FLW_FK_BATCH_PART_PARENT` FOREIGN KEY (`BATCH_ID_`) REFERENCES `flw_ru_batch` (`ID_`) ON DELETE RESTRICT ON UPDATE RESTRICT
) ENGINE = InnoDB CHARACTER SET = utf8 COLLATE = utf8_bin ROW_FORMAT = COMPACT;

-- ----------------------------
-- Records of flw_ru_batch_part
-- ----------------------------

-- ----------------------------
-- Table structure for gen_table
-- ----------------------------
DROP TABLE IF EXISTS `gen_table`;
CREATE TABLE `gen_table`  (
  `table_id` bigint(20) NOT NULL AUTO_INCREMENT COMMENT '编号',
  `table_name` varchar(200) CHARACTER SET utf8 COLLATE utf8_general_ci NULL DEFAULT '' COMMENT '表名称',
  `table_comment` varchar(500) CHARACTER SET utf8 COLLATE utf8_general_ci NULL DEFAULT '' COMMENT '表描述',
  `sub_table_name` varchar(64) CHARACTER SET utf8 COLLATE utf8_general_ci NULL DEFAULT NULL COMMENT '关联子表的表名',
  `sub_table_fk_name` varchar(64) CHARACTER SET utf8 COLLATE utf8_general_ci NULL DEFAULT NULL COMMENT '子表关联的外键名',
  `class_name` varchar(100) CHARACTER SET utf8 COLLATE utf8_general_ci NULL DEFAULT '' COMMENT '实体类名称',
  `tpl_category` varchar(200) CHARACTER SET utf8 COLLATE utf8_general_ci NULL DEFAULT 'crud' COMMENT '使用的模板（crud单表操作 tree树表操作）',
  `package_name` varchar(100) CHARACTER SET utf8 COLLATE utf8_general_ci NULL DEFAULT NULL COMMENT '生成包路径',
  `module_name` varchar(30) CHARACTER SET utf8 COLLATE utf8_general_ci NULL DEFAULT NULL COMMENT '生成模块名',
  `business_name` varchar(30) CHARACTER SET utf8 COLLATE utf8_general_ci NULL DEFAULT NULL COMMENT '生成业务名',
  `function_name` varchar(50) CHARACTER SET utf8 COLLATE utf8_general_ci NULL DEFAULT NULL COMMENT '生成功能名',
  `function_author` varchar(50) CHARACTER SET utf8 COLLATE utf8_general_ci NULL DEFAULT NULL COMMENT '生成功能作者',
  `gen_type` char(1) CHARACTER SET utf8 COLLATE utf8_general_ci NULL DEFAULT '0' COMMENT '生成代码方式（0zip压缩包 1自定义路径）',
  `gen_path` varchar(200) CHARACTER SET utf8 COLLATE utf8_general_ci NULL DEFAULT '/' COMMENT '生成路径（不填默认项目路径）',
  `options` varchar(1000) CHARACTER SET utf8 COLLATE utf8_general_ci NULL DEFAULT NULL COMMENT '其它生成选项',
  `create_by` varchar(64) CHARACTER SET utf8 COLLATE utf8_general_ci NULL DEFAULT '' COMMENT '创建者',
  `create_time` datetime NULL DEFAULT NULL COMMENT '创建时间',
  `update_by` varchar(64) CHARACTER SET utf8 COLLATE utf8_general_ci NULL DEFAULT '' COMMENT '更新者',
  `update_time` datetime NULL DEFAULT NULL COMMENT '更新时间',
  `remark` varchar(500) CHARACTER SET utf8 COLLATE utf8_general_ci NULL DEFAULT NULL COMMENT '备注',
  PRIMARY KEY (`table_id`) USING BTREE
) ENGINE = InnoDB AUTO_INCREMENT = 7 CHARACTER SET = utf8 COLLATE = utf8_general_ci COMMENT = '代码生成业务表' ROW_FORMAT = COMPACT;

-- ----------------------------
-- Records of gen_table
-- ----------------------------
INSERT INTO `gen_table` VALUES (5, 'sys_oper_log', '操作日志记录', NULL, NULL, 'SysOperLog', 'crud', 'com.ruoyi.system', 'system', 'log', '操作日志记录', 'ruoyi', '0', '/', NULL, 'admin', '2025-01-10 15:24:53', '', NULL, NULL);

-- ----------------------------
-- Table structure for gen_table_column
-- ----------------------------
DROP TABLE IF EXISTS `gen_table_column`;
CREATE TABLE `gen_table_column`  (
  `column_id` bigint(20) NOT NULL AUTO_INCREMENT COMMENT '编号',
  `table_id` bigint(20) NULL DEFAULT NULL COMMENT '归属表编号',
  `column_name` varchar(200) CHARACTER SET utf8 COLLATE utf8_general_ci NULL DEFAULT NULL COMMENT '列名称',
  `column_comment` varchar(500) CHARACTER SET utf8 COLLATE utf8_general_ci NULL DEFAULT NULL COMMENT '列描述',
  `column_type` varchar(100) CHARACTER SET utf8 COLLATE utf8_general_ci NULL DEFAULT NULL COMMENT '列类型',
  `java_type` varchar(500) CHARACTER SET utf8 COLLATE utf8_general_ci NULL DEFAULT NULL COMMENT 'JAVA类型',
  `java_field` varchar(200) CHARACTER SET utf8 COLLATE utf8_general_ci NULL DEFAULT NULL COMMENT 'JAVA字段名',
  `is_pk` char(1) CHARACTER SET utf8 COLLATE utf8_general_ci NULL DEFAULT NULL COMMENT '是否主键（1是）',
  `is_increment` char(1) CHARACTER SET utf8 COLLATE utf8_general_ci NULL DEFAULT NULL COMMENT '是否自增（1是）',
  `is_required` char(1) CHARACTER SET utf8 COLLATE utf8_general_ci NULL DEFAULT NULL COMMENT '是否必填（1是）',
  `is_insert` char(1) CHARACTER SET utf8 COLLATE utf8_general_ci NULL DEFAULT NULL COMMENT '是否为插入字段（1是）',
  `is_edit` char(1) CHARACTER SET utf8 COLLATE utf8_general_ci NULL DEFAULT NULL COMMENT '是否编辑字段（1是）',
  `is_list` char(1) CHARACTER SET utf8 COLLATE utf8_general_ci NULL DEFAULT NULL COMMENT '是否列表字段（1是）',
  `is_query` char(1) CHARACTER SET utf8 COLLATE utf8_general_ci NULL DEFAULT NULL COMMENT '是否查询字段（1是）',
  `query_type` varchar(200) CHARACTER SET utf8 COLLATE utf8_general_ci NULL DEFAULT 'EQ' COMMENT '查询方式（等于、不等于、大于、小于、范围）',
  `html_type` varchar(200) CHARACTER SET utf8 COLLATE utf8_general_ci NULL DEFAULT NULL COMMENT '显示类型（文本框、文本域、下拉框、复选框、单选框、日期控件）',
  `dict_type` varchar(200) CHARACTER SET utf8 COLLATE utf8_general_ci NULL DEFAULT '' COMMENT '字典类型',
  `sort` int(11) NULL DEFAULT NULL COMMENT '排序',
  `create_by` varchar(64) CHARACTER SET utf8 COLLATE utf8_general_ci NULL DEFAULT '' COMMENT '创建者',
  `create_time` datetime NULL DEFAULT NULL COMMENT '创建时间',
  `update_by` varchar(64) CHARACTER SET utf8 COLLATE utf8_general_ci NULL DEFAULT '' COMMENT '更新者',
  `update_time` datetime NULL DEFAULT NULL COMMENT '更新时间',
  PRIMARY KEY (`column_id`) USING BTREE
) ENGINE = InnoDB AUTO_INCREMENT = 67 CHARACTER SET = utf8 COLLATE = utf8_general_ci COMMENT = '代码生成业务表字段' ROW_FORMAT = COMPACT;

-- ----------------------------
-- Records of gen_table_column
-- ----------------------------
INSERT INTO `gen_table_column` VALUES (33, 5, 'oper_id', '日志主键', 'bigint(20)', 'Long', 'operId', '1', '1', '0', '1', NULL, NULL, NULL, 'EQ', 'input', '', 1, 'admin', '2025-01-10 15:24:54', '', NULL);
INSERT INTO `gen_table_column` VALUES (34, 5, 'title', '模块标题', 'varchar(50)', 'String', 'title', '0', '0', '1', '1', '1', '1', '1', 'EQ', 'input', '', 2, 'admin', '2025-01-10 15:24:54', '', NULL);
INSERT INTO `gen_table_column` VALUES (35, 5, 'business_type', '业务类型（0其它 1新增 2修改 3删除）', 'int(11)', 'Long', 'businessType', '0', '0', '1', '1', '1', '1', '1', 'EQ', 'select', '', 3, 'admin', '2025-01-10 15:24:54', '', NULL);
INSERT INTO `gen_table_column` VALUES (36, 5, 'method', '方法名称', 'varchar(100)', 'String', 'method', '0', '0', '1', '1', '1', '1', '1', 'EQ', 'input', '', 4, 'admin', '2025-01-10 15:24:54', '', NULL);
INSERT INTO `gen_table_column` VALUES (37, 5, 'request_method', '请求方式', 'varchar(10)', 'String', 'requestMethod', '0', '0', '1', '1', '1', '1', '1', 'EQ', 'input', '', 5, 'admin', '2025-01-10 15:24:55', '', NULL);
INSERT INTO `gen_table_column` VALUES (38, 5, 'operator_type', '操作类别（0其它 1后台用户 2手机端用户）', 'int(11)', 'Long', 'operatorType', '0', '0', '1', '1', '1', '1', '1', 'EQ', 'select', '', 6, 'admin', '2025-01-10 15:24:55', '', NULL);
INSERT INTO `gen_table_column` VALUES (39, 5, 'oper_name', '操作人员', 'varchar(50)', 'String', 'operName', '0', '0', '1', '1', '1', '1', '1', 'LIKE', 'input', '', 7, 'admin', '2025-01-10 15:24:55', '', NULL);
INSERT INTO `gen_table_column` VALUES (40, 5, 'dept_name', '部门名称', 'varchar(50)', 'String', 'deptName', '0', '0', '1', '1', '1', '1', '1', 'LIKE', 'input', '', 8, 'admin', '2025-01-10 15:24:55', '', NULL);
INSERT INTO `gen_table_column` VALUES (41, 5, 'oper_url', '请求URL', 'varchar(255)', 'String', 'operUrl', '0', '0', '1', '1', '1', '1', '1', 'EQ', 'input', '', 9, 'admin', '2025-01-10 15:24:55', '', NULL);
INSERT INTO `gen_table_column` VALUES (42, 5, 'oper_ip', '主机地址', 'varchar(128)', 'String', 'operIp', '0', '0', '1', '1', '1', '1', '1', 'EQ', 'input', '', 10, 'admin', '2025-01-10 15:24:55', '', NULL);
INSERT INTO `gen_table_column` VALUES (43, 5, 'oper_location', '操作地点', 'varchar(255)', 'String', 'operLocation', '0', '0', '1', '1', '1', '1', '1', 'EQ', 'input', '', 11, 'admin', '2025-01-10 15:24:55', '', NULL);
INSERT INTO `gen_table_column` VALUES (44, 5, 'oper_param', '请求参数', 'varchar(2000)', 'String', 'operParam', '0', '0', '1', '1', '1', '1', '1', 'EQ', 'textarea', '', 12, 'admin', '2025-01-10 15:24:55', '', NULL);
INSERT INTO `gen_table_column` VALUES (45, 5, 'json_result', '返回参数', 'varchar(2000)', 'String', 'jsonResult', '0', '0', '1', '1', '1', '1', '1', 'EQ', 'textarea', '', 13, 'admin', '2025-01-10 15:24:55', '', NULL);
INSERT INTO `gen_table_column` VALUES (46, 5, 'status', '操作状态（0正常 1异常）', 'int(11)', 'Long', 'status', '0', '0', '1', '1', '1', '1', '1', 'EQ', 'radio', '', 14, 'admin', '2025-01-10 15:24:55', '', NULL);
INSERT INTO `gen_table_column` VALUES (47, 5, 'error_msg', '错误消息', 'varchar(2000)', 'String', 'errorMsg', '0', '0', '1', '1', '1', '1', '1', 'EQ', 'textarea', '', 15, 'admin', '2025-01-10 15:24:55', '', NULL);
INSERT INTO `gen_table_column` VALUES (48, 5, 'oper_time', '操作时间', 'datetime', 'Date', 'operTime', '0', '0', '1', '1', '1', '1', '1', 'EQ', 'datetime', '', 16, 'admin', '2025-01-10 15:24:55', '', NULL);
INSERT INTO `gen_table_column` VALUES (49, 5, 'cost_time', '消耗时间', 'bigint(20)', 'Long', 'costTime', '0', '0', '1', '1', '1', '1', '1', 'EQ', 'input', '', 17, 'admin', '2025-01-10 15:24:55', '', NULL);

-- ----------------------------
-- Table structure for qrtz_blob_triggers
-- ----------------------------
DROP TABLE IF EXISTS `qrtz_blob_triggers`;
CREATE TABLE `qrtz_blob_triggers`  (
  `sched_name` varchar(120) CHARACTER SET utf8 COLLATE utf8_general_ci NOT NULL COMMENT '调度名称',
  `trigger_name` varchar(200) CHARACTER SET utf8 COLLATE utf8_general_ci NOT NULL COMMENT 'qrtz_triggers表trigger_name的外键',
  `trigger_group` varchar(200) CHARACTER SET utf8 COLLATE utf8_general_ci NOT NULL COMMENT 'qrtz_triggers表trigger_group的外键',
  `blob_data` blob NULL COMMENT '存放持久化Trigger对象',
  PRIMARY KEY (`sched_name`, `trigger_name`, `trigger_group`) USING BTREE,
  CONSTRAINT `QRTZ_BLOB_TRIGGERS_ibfk_1` FOREIGN KEY (`sched_name`, `trigger_name`, `trigger_group`) REFERENCES `qrtz_triggers` (`sched_name`, `trigger_name`, `trigger_group`) ON DELETE RESTRICT ON UPDATE RESTRICT
) ENGINE = InnoDB CHARACTER SET = utf8 COLLATE = utf8_general_ci COMMENT = 'Blob类型的触发器表' ROW_FORMAT = COMPACT;

-- ----------------------------
-- Records of qrtz_blob_triggers
-- ----------------------------

-- ----------------------------
-- Table structure for qrtz_calendars
-- ----------------------------
DROP TABLE IF EXISTS `qrtz_calendars`;
CREATE TABLE `qrtz_calendars`  (
  `sched_name` varchar(120) CHARACTER SET utf8 COLLATE utf8_general_ci NOT NULL COMMENT '调度名称',
  `calendar_name` varchar(200) CHARACTER SET utf8 COLLATE utf8_general_ci NOT NULL COMMENT '日历名称',
  `calendar` blob NOT NULL COMMENT '存放持久化calendar对象',
  PRIMARY KEY (`sched_name`, `calendar_name`) USING BTREE
) ENGINE = InnoDB CHARACTER SET = utf8 COLLATE = utf8_general_ci COMMENT = '日历信息表' ROW_FORMAT = COMPACT;

-- ----------------------------
-- Records of qrtz_calendars
-- ----------------------------

-- ----------------------------
-- Table structure for qrtz_cron_triggers
-- ----------------------------
DROP TABLE IF EXISTS `qrtz_cron_triggers`;
CREATE TABLE `qrtz_cron_triggers`  (
  `sched_name` varchar(120) CHARACTER SET utf8 COLLATE utf8_general_ci NOT NULL COMMENT '调度名称',
  `trigger_name` varchar(200) CHARACTER SET utf8 COLLATE utf8_general_ci NOT NULL COMMENT 'qrtz_triggers表trigger_name的外键',
  `trigger_group` varchar(200) CHARACTER SET utf8 COLLATE utf8_general_ci NOT NULL COMMENT 'qrtz_triggers表trigger_group的外键',
  `cron_expression` varchar(200) CHARACTER SET utf8 COLLATE utf8_general_ci NOT NULL COMMENT 'cron表达式',
  `time_zone_id` varchar(80) CHARACTER SET utf8 COLLATE utf8_general_ci NULL DEFAULT NULL COMMENT '时区',
  PRIMARY KEY (`sched_name`, `trigger_name`, `trigger_group`) USING BTREE,
  CONSTRAINT `QRTZ_CRON_TRIGGERS_ibfk_1` FOREIGN KEY (`sched_name`, `trigger_name`, `trigger_group`) REFERENCES `qrtz_triggers` (`sched_name`, `trigger_name`, `trigger_group`) ON DELETE RESTRICT ON UPDATE RESTRICT
) ENGINE = InnoDB CHARACTER SET = utf8 COLLATE = utf8_general_ci COMMENT = 'Cron类型的触发器表' ROW_FORMAT = COMPACT;

-- ----------------------------
-- Records of qrtz_cron_triggers
-- ----------------------------

-- ----------------------------
-- Table structure for qrtz_fired_triggers
-- ----------------------------
DROP TABLE IF EXISTS `qrtz_fired_triggers`;
CREATE TABLE `qrtz_fired_triggers`  (
  `sched_name` varchar(120) CHARACTER SET utf8 COLLATE utf8_general_ci NOT NULL COMMENT '调度名称',
  `entry_id` varchar(95) CHARACTER SET utf8 COLLATE utf8_general_ci NOT NULL COMMENT '调度器实例id',
  `trigger_name` varchar(200) CHARACTER SET utf8 COLLATE utf8_general_ci NOT NULL COMMENT 'qrtz_triggers表trigger_name的外键',
  `trigger_group` varchar(200) CHARACTER SET utf8 COLLATE utf8_general_ci NOT NULL COMMENT 'qrtz_triggers表trigger_group的外键',
  `instance_name` varchar(200) CHARACTER SET utf8 COLLATE utf8_general_ci NOT NULL COMMENT '调度器实例名',
  `fired_time` bigint(20) NOT NULL COMMENT '触发的时间',
  `sched_time` bigint(20) NOT NULL COMMENT '定时器制定的时间',
  `priority` int(11) NOT NULL COMMENT '优先级',
  `state` varchar(16) CHARACTER SET utf8 COLLATE utf8_general_ci NOT NULL COMMENT '状态',
  `job_name` varchar(200) CHARACTER SET utf8 COLLATE utf8_general_ci NULL DEFAULT NULL COMMENT '任务名称',
  `job_group` varchar(200) CHARACTER SET utf8 COLLATE utf8_general_ci NULL DEFAULT NULL COMMENT '任务组名',
  `is_nonconcurrent` varchar(1) CHARACTER SET utf8 COLLATE utf8_general_ci NULL DEFAULT NULL COMMENT '是否并发',
  `requests_recovery` varchar(1) CHARACTER SET utf8 COLLATE utf8_general_ci NULL DEFAULT NULL COMMENT '是否接受恢复执行',
  PRIMARY KEY (`sched_name`, `entry_id`) USING BTREE
) ENGINE = InnoDB CHARACTER SET = utf8 COLLATE = utf8_general_ci COMMENT = '已触发的触发器表' ROW_FORMAT = COMPACT;

-- ----------------------------
-- Records of qrtz_fired_triggers
-- ----------------------------

-- ----------------------------
-- Table structure for qrtz_job_details
-- ----------------------------
DROP TABLE IF EXISTS `qrtz_job_details`;
CREATE TABLE `qrtz_job_details`  (
  `sched_name` varchar(120) CHARACTER SET utf8 COLLATE utf8_general_ci NOT NULL COMMENT '调度名称',
  `job_name` varchar(200) CHARACTER SET utf8 COLLATE utf8_general_ci NOT NULL COMMENT '任务名称',
  `job_group` varchar(200) CHARACTER SET utf8 COLLATE utf8_general_ci NOT NULL COMMENT '任务组名',
  `description` varchar(250) CHARACTER SET utf8 COLLATE utf8_general_ci NULL DEFAULT NULL COMMENT '相关介绍',
  `job_class_name` varchar(250) CHARACTER SET utf8 COLLATE utf8_general_ci NOT NULL COMMENT '执行任务类名称',
  `is_durable` varchar(1) CHARACTER SET utf8 COLLATE utf8_general_ci NOT NULL COMMENT '是否持久化',
  `is_nonconcurrent` varchar(1) CHARACTER SET utf8 COLLATE utf8_general_ci NOT NULL COMMENT '是否并发',
  `is_update_data` varchar(1) CHARACTER SET utf8 COLLATE utf8_general_ci NOT NULL COMMENT '是否更新数据',
  `requests_recovery` varchar(1) CHARACTER SET utf8 COLLATE utf8_general_ci NOT NULL COMMENT '是否接受恢复执行',
  `job_data` blob NULL COMMENT '存放持久化job对象',
  PRIMARY KEY (`sched_name`, `job_name`, `job_group`) USING BTREE
) ENGINE = InnoDB CHARACTER SET = utf8 COLLATE = utf8_general_ci COMMENT = '任务详细信息表' ROW_FORMAT = COMPACT;

-- ----------------------------
-- Records of qrtz_job_details
-- ----------------------------

-- ----------------------------
-- Table structure for qrtz_locks
-- ----------------------------
DROP TABLE IF EXISTS `qrtz_locks`;
CREATE TABLE `qrtz_locks`  (
  `sched_name` varchar(120) CHARACTER SET utf8 COLLATE utf8_general_ci NOT NULL COMMENT '调度名称',
  `lock_name` varchar(40) CHARACTER SET utf8 COLLATE utf8_general_ci NOT NULL COMMENT '悲观锁名称',
  PRIMARY KEY (`sched_name`, `lock_name`) USING BTREE
) ENGINE = InnoDB CHARACTER SET = utf8 COLLATE = utf8_general_ci COMMENT = '存储的悲观锁信息表' ROW_FORMAT = COMPACT;

-- ----------------------------
-- Records of qrtz_locks
-- ----------------------------

-- ----------------------------
-- Table structure for qrtz_paused_trigger_grps
-- ----------------------------
DROP TABLE IF EXISTS `qrtz_paused_trigger_grps`;
CREATE TABLE `qrtz_paused_trigger_grps`  (
  `sched_name` varchar(120) CHARACTER SET utf8 COLLATE utf8_general_ci NOT NULL COMMENT '调度名称',
  `trigger_group` varchar(200) CHARACTER SET utf8 COLLATE utf8_general_ci NOT NULL COMMENT 'qrtz_triggers表trigger_group的外键',
  PRIMARY KEY (`sched_name`, `trigger_group`) USING BTREE
) ENGINE = InnoDB CHARACTER SET = utf8 COLLATE = utf8_general_ci COMMENT = '暂停的触发器表' ROW_FORMAT = COMPACT;

-- ----------------------------
-- Records of qrtz_paused_trigger_grps
-- ----------------------------

-- ----------------------------
-- Table structure for qrtz_scheduler_state
-- ----------------------------
DROP TABLE IF EXISTS `qrtz_scheduler_state`;
CREATE TABLE `qrtz_scheduler_state`  (
  `sched_name` varchar(120) CHARACTER SET utf8 COLLATE utf8_general_ci NOT NULL COMMENT '调度名称',
  `instance_name` varchar(200) CHARACTER SET utf8 COLLATE utf8_general_ci NOT NULL COMMENT '实例名称',
  `last_checkin_time` bigint(20) NOT NULL COMMENT '上次检查时间',
  `checkin_interval` bigint(20) NOT NULL COMMENT '检查间隔时间',
  PRIMARY KEY (`sched_name`, `instance_name`) USING BTREE
) ENGINE = InnoDB CHARACTER SET = utf8 COLLATE = utf8_general_ci COMMENT = '调度器状态表' ROW_FORMAT = COMPACT;

-- ----------------------------
-- Records of qrtz_scheduler_state
-- ----------------------------

-- ----------------------------
-- Table structure for qrtz_simple_triggers
-- ----------------------------
DROP TABLE IF EXISTS `qrtz_simple_triggers`;
CREATE TABLE `qrtz_simple_triggers`  (
  `sched_name` varchar(120) CHARACTER SET utf8 COLLATE utf8_general_ci NOT NULL COMMENT '调度名称',
  `trigger_name` varchar(200) CHARACTER SET utf8 COLLATE utf8_general_ci NOT NULL COMMENT 'qrtz_triggers表trigger_name的外键',
  `trigger_group` varchar(200) CHARACTER SET utf8 COLLATE utf8_general_ci NOT NULL COMMENT 'qrtz_triggers表trigger_group的外键',
  `repeat_count` bigint(20) NOT NULL COMMENT '重复的次数统计',
  `repeat_interval` bigint(20) NOT NULL COMMENT '重复的间隔时间',
  `times_triggered` bigint(20) NOT NULL COMMENT '已经触发的次数',
  PRIMARY KEY (`sched_name`, `trigger_name`, `trigger_group`) USING BTREE,
  CONSTRAINT `QRTZ_SIMPLE_TRIGGERS_ibfk_1` FOREIGN KEY (`sched_name`, `trigger_name`, `trigger_group`) REFERENCES `qrtz_triggers` (`sched_name`, `trigger_name`, `trigger_group`) ON DELETE RESTRICT ON UPDATE RESTRICT
) ENGINE = InnoDB CHARACTER SET = utf8 COLLATE = utf8_general_ci COMMENT = '简单触发器的信息表' ROW_FORMAT = COMPACT;

-- ----------------------------
-- Records of qrtz_simple_triggers
-- ----------------------------

-- ----------------------------
-- Table structure for qrtz_simprop_triggers
-- ----------------------------
DROP TABLE IF EXISTS `qrtz_simprop_triggers`;
CREATE TABLE `qrtz_simprop_triggers`  (
  `sched_name` varchar(120) CHARACTER SET utf8 COLLATE utf8_general_ci NOT NULL COMMENT '调度名称',
  `trigger_name` varchar(200) CHARACTER SET utf8 COLLATE utf8_general_ci NOT NULL COMMENT 'qrtz_triggers表trigger_name的外键',
  `trigger_group` varchar(200) CHARACTER SET utf8 COLLATE utf8_general_ci NOT NULL COMMENT 'qrtz_triggers表trigger_group的外键',
  `str_prop_1` varchar(512) CHARACTER SET utf8 COLLATE utf8_general_ci NULL DEFAULT NULL COMMENT 'String类型的trigger的第一个参数',
  `str_prop_2` varchar(512) CHARACTER SET utf8 COLLATE utf8_general_ci NULL DEFAULT NULL COMMENT 'String类型的trigger的第二个参数',
  `str_prop_3` varchar(512) CHARACTER SET utf8 COLLATE utf8_general_ci NULL DEFAULT NULL COMMENT 'String类型的trigger的第三个参数',
  `int_prop_1` int(11) NULL DEFAULT NULL COMMENT 'int类型的trigger的第一个参数',
  `int_prop_2` int(11) NULL DEFAULT NULL COMMENT 'int类型的trigger的第二个参数',
  `long_prop_1` bigint(20) NULL DEFAULT NULL COMMENT 'long类型的trigger的第一个参数',
  `long_prop_2` bigint(20) NULL DEFAULT NULL COMMENT 'long类型的trigger的第二个参数',
  `dec_prop_1` decimal(13, 4) NULL DEFAULT NULL COMMENT 'decimal类型的trigger的第一个参数',
  `dec_prop_2` decimal(13, 4) NULL DEFAULT NULL COMMENT 'decimal类型的trigger的第二个参数',
  `bool_prop_1` varchar(1) CHARACTER SET utf8 COLLATE utf8_general_ci NULL DEFAULT NULL COMMENT 'Boolean类型的trigger的第一个参数',
  `bool_prop_2` varchar(1) CHARACTER SET utf8 COLLATE utf8_general_ci NULL DEFAULT NULL COMMENT 'Boolean类型的trigger的第二个参数',
  PRIMARY KEY (`sched_name`, `trigger_name`, `trigger_group`) USING BTREE,
  CONSTRAINT `QRTZ_SIMPROP_TRIGGERS_ibfk_1` FOREIGN KEY (`sched_name`, `trigger_name`, `trigger_group`) REFERENCES `qrtz_triggers` (`sched_name`, `trigger_name`, `trigger_group`) ON DELETE RESTRICT ON UPDATE RESTRICT
) ENGINE = InnoDB CHARACTER SET = utf8 COLLATE = utf8_general_ci COMMENT = '同步机制的行锁表' ROW_FORMAT = COMPACT;

-- ----------------------------
-- Records of qrtz_simprop_triggers
-- ----------------------------

-- ----------------------------
-- Table structure for qrtz_triggers
-- ----------------------------
DROP TABLE IF EXISTS `qrtz_triggers`;
CREATE TABLE `qrtz_triggers`  (
  `sched_name` varchar(120) CHARACTER SET utf8 COLLATE utf8_general_ci NOT NULL COMMENT '调度名称',
  `trigger_name` varchar(200) CHARACTER SET utf8 COLLATE utf8_general_ci NOT NULL COMMENT '触发器的名字',
  `trigger_group` varchar(200) CHARACTER SET utf8 COLLATE utf8_general_ci NOT NULL COMMENT '触发器所属组的名字',
  `job_name` varchar(200) CHARACTER SET utf8 COLLATE utf8_general_ci NOT NULL COMMENT 'qrtz_job_details表job_name的外键',
  `job_group` varchar(200) CHARACTER SET utf8 COLLATE utf8_general_ci NOT NULL COMMENT 'qrtz_job_details表job_group的外键',
  `description` varchar(250) CHARACTER SET utf8 COLLATE utf8_general_ci NULL DEFAULT NULL COMMENT '相关介绍',
  `next_fire_time` bigint(20) NULL DEFAULT NULL COMMENT '上一次触发时间（毫秒）',
  `prev_fire_time` bigint(20) NULL DEFAULT NULL COMMENT '下一次触发时间（默认为-1表示不触发）',
  `priority` int(11) NULL DEFAULT NULL COMMENT '优先级',
  `trigger_state` varchar(16) CHARACTER SET utf8 COLLATE utf8_general_ci NOT NULL COMMENT '触发器状态',
  `trigger_type` varchar(8) CHARACTER SET utf8 COLLATE utf8_general_ci NOT NULL COMMENT '触发器的类型',
  `start_time` bigint(20) NOT NULL COMMENT '开始时间',
  `end_time` bigint(20) NULL DEFAULT NULL COMMENT '结束时间',
  `calendar_name` varchar(200) CHARACTER SET utf8 COLLATE utf8_general_ci NULL DEFAULT NULL COMMENT '日程表名称',
  `misfire_instr` smallint(6) NULL DEFAULT NULL COMMENT '补偿执行的策略',
  `job_data` blob NULL COMMENT '存放持久化job对象',
  PRIMARY KEY (`sched_name`, `trigger_name`, `trigger_group`) USING BTREE,
  INDEX `sched_name`(`sched_name`, `job_name`, `job_group`) USING BTREE,
  CONSTRAINT `QRTZ_TRIGGERS_ibfk_1` FOREIGN KEY (`sched_name`, `job_name`, `job_group`) REFERENCES `qrtz_job_details` (`sched_name`, `job_name`, `job_group`) ON DELETE RESTRICT ON UPDATE RESTRICT
) ENGINE = InnoDB CHARACTER SET = utf8 COLLATE = utf8_general_ci COMMENT = '触发器详细信息表' ROW_FORMAT = COMPACT;

-- ----------------------------
-- Records of qrtz_triggers
-- ----------------------------

-- ----------------------------
-- Table structure for sys_config
-- ----------------------------
DROP TABLE IF EXISTS `sys_config`;
CREATE TABLE `sys_config`  (
  `config_id` int(11) NOT NULL AUTO_INCREMENT COMMENT '参数主键',
  `config_name` varchar(100) CHARACTER SET utf8 COLLATE utf8_general_ci NULL DEFAULT '' COMMENT '参数名称',
  `config_key` varchar(100) CHARACTER SET utf8 COLLATE utf8_general_ci NULL DEFAULT '' COMMENT '参数键名',
  `config_value` varchar(500) CHARACTER SET utf8 COLLATE utf8_general_ci NULL DEFAULT '' COMMENT '参数键值',
  `config_type` char(1) CHARACTER SET utf8 COLLATE utf8_general_ci NULL DEFAULT 'N' COMMENT '系统内置（Y是 N否）',
  `create_by` varchar(64) CHARACTER SET utf8 COLLATE utf8_general_ci NULL DEFAULT '' COMMENT '创建者',
  `create_time` datetime NULL DEFAULT NULL COMMENT '创建时间',
  `update_by` varchar(64) CHARACTER SET utf8 COLLATE utf8_general_ci NULL DEFAULT '' COMMENT '更新者',
  `update_time` datetime NULL DEFAULT NULL COMMENT '更新时间',
  `remark` varchar(500) CHARACTER SET utf8 COLLATE utf8_general_ci NULL DEFAULT NULL COMMENT '备注',
  PRIMARY KEY (`config_id`) USING BTREE
) ENGINE = InnoDB AUTO_INCREMENT = 7 CHARACTER SET = utf8 COLLATE = utf8_general_ci COMMENT = '参数配置表' ROW_FORMAT = COMPACT;

-- ----------------------------
-- Records of sys_config
-- ----------------------------
INSERT INTO `sys_config` VALUES (1, '主框架页-默认皮肤样式名称', 'sys.index.skinName', 'skin-blue', 'Y', 'admin', '2022-07-30 12:09:03', '', NULL, '蓝色 skin-blue、绿色 skin-green、紫色 skin-purple、红色 skin-red、黄色 skin-yellow');
INSERT INTO `sys_config` VALUES (2, '用户管理-账号初始密码', 'sys.user.initPassword', '123456', 'Y', 'admin', '2022-07-30 12:09:03', '', NULL, '初始化密码 123456');
INSERT INTO `sys_config` VALUES (3, '主框架页-侧边栏主题', 'sys.index.sideTheme', 'theme-dark', 'Y', 'admin', '2022-07-30 12:09:03', '', NULL, '深色主题theme-dark，浅色主题theme-light');
INSERT INTO `sys_config` VALUES (4, '账号自助-验证码开关', 'sys.account.captchaEnabled', 'true', 'Y', 'admin', '2022-07-30 12:09:03', '', NULL, '是否开启验证码功能（true开启，false关闭）');
INSERT INTO `sys_config` VALUES (5, '账号自助-是否开启用户注册功能', 'sys.account.registerUser', 'false', 'Y', 'admin', '2022-07-30 12:09:03', '', NULL, '是否开启注册用户功能（true开启，false关闭）');
INSERT INTO `sys_config` VALUES (6, '用户登录-黑名单列表', 'sys.login.blackIPList', '', 'Y', 'admin', '2025-01-09 11:17:41', '', NULL, '设置登录IP黑名单限制，多个匹配项以;分隔，支持匹配（*通配、网段）');

-- ----------------------------
-- Table structure for sys_dept
-- ----------------------------
DROP TABLE IF EXISTS `sys_dept`;
CREATE TABLE `sys_dept`  (
  `dept_id` bigint(20) NOT NULL AUTO_INCREMENT COMMENT '部门id',
  `parent_id` bigint(20) NULL DEFAULT 0 COMMENT '父部门id',
  `ancestors` varchar(50) CHARACTER SET utf8 COLLATE utf8_general_ci NULL DEFAULT '' COMMENT '祖级列表',
  `dept_name` varchar(30) CHARACTER SET utf8 COLLATE utf8_general_ci NULL DEFAULT '' COMMENT '部门名称',
  `order_num` int(11) NULL DEFAULT 0 COMMENT '显示顺序',
  `leader` varchar(20) CHARACTER SET utf8 COLLATE utf8_general_ci NULL DEFAULT NULL COMMENT '负责人',
  `phone` varchar(11) CHARACTER SET utf8 COLLATE utf8_general_ci NULL DEFAULT NULL COMMENT '联系电话',
  `email` varchar(50) CHARACTER SET utf8 COLLATE utf8_general_ci NULL DEFAULT NULL COMMENT '邮箱',
  `status` char(1) CHARACTER SET utf8 COLLATE utf8_general_ci NULL DEFAULT '0' COMMENT '部门状态（0正常 1停用）',
  `del_flag` char(1) CHARACTER SET utf8 COLLATE utf8_general_ci NULL DEFAULT '0' COMMENT '删除标志（0代表存在 2代表删除）',
  `create_by` varchar(64) CHARACTER SET utf8 COLLATE utf8_general_ci NULL DEFAULT '' COMMENT '创建者',
  `create_time` datetime NULL DEFAULT NULL COMMENT '创建时间',
  `update_by` varchar(64) CHARACTER SET utf8 COLLATE utf8_general_ci NULL DEFAULT '' COMMENT '更新者',
  `update_time` datetime NULL DEFAULT NULL COMMENT '更新时间',
  PRIMARY KEY (`dept_id`) USING BTREE
) ENGINE = InnoDB AUTO_INCREMENT = 110 CHARACTER SET = utf8 COLLATE = utf8_general_ci COMMENT = '部门表' ROW_FORMAT = COMPACT;

-- ----------------------------
-- Records of sys_dept
-- ----------------------------
INSERT INTO `sys_dept` VALUES (100, 0, '0', '若依科技', 0, '若依', '15888888888', 'ry@qq.com', '0', '0', 'admin', '2022-07-30 12:09:02', '', NULL);
INSERT INTO `sys_dept` VALUES (101, 100, '0,100', '深圳总公司', 1, '若依', '15888888888', 'ry@qq.com', '0', '0', 'admin', '2022-07-30 12:09:02', 'admin', '2022-08-14 12:14:41');
INSERT INTO `sys_dept` VALUES (102, 100, '0,100', '长沙分公司', 2, '若依', '15888888888', 'ry@qq.com', '0', '0', 'admin', '2022-07-30 12:09:02', '', NULL);
INSERT INTO `sys_dept` VALUES (103, 101, '0,100,101', '研发部门', 1, '若依', '15888888888', 'ry@qq.com', '0', '0', 'admin', '2022-07-30 12:09:02', '', NULL);
INSERT INTO `sys_dept` VALUES (104, 101, '0,100,101', '市场部门', 2, '若依', '15888888888', 'ry@qq.com', '0', '0', 'admin', '2022-07-30 12:09:02', '', NULL);
INSERT INTO `sys_dept` VALUES (105, 101, '0,100,101', '测试部门', 3, '若依', '15888888888', 'ry@qq.com', '0', '0', 'admin', '2022-07-30 12:09:02', '', NULL);
INSERT INTO `sys_dept` VALUES (106, 101, '0,100,101', '财务部门', 4, '若依', '15888888888', 'ry@qq.com', '0', '0', 'admin', '2022-07-30 12:09:02', '', NULL);
INSERT INTO `sys_dept` VALUES (107, 101, '0,100,101', '运维部门', 5, '若依', '15888888888', 'ry@qq.com', '0', '0', 'admin', '2022-07-30 12:09:02', '', NULL);
INSERT INTO `sys_dept` VALUES (108, 102, '0,100,102', '市场部门', 1, '若依', '15888888888', 'ry@qq.com', '0', '0', 'admin', '2022-07-30 12:09:02', '', NULL);
INSERT INTO `sys_dept` VALUES (109, 102, '0,100,102', '财务部门', 2, '若依', '15888888888', 'ry@qq.com', '0', '0', 'admin', '2022-07-30 12:09:02', '', NULL);

-- ----------------------------
-- Table structure for sys_dict_data
-- ----------------------------
DROP TABLE IF EXISTS `sys_dict_data`;
CREATE TABLE `sys_dict_data`  (
  `dict_code` bigint(20) NOT NULL AUTO_INCREMENT COMMENT '字典编码',
  `dict_sort` int(11) NULL DEFAULT 0 COMMENT '字典排序',
  `dict_label` varchar(100) CHARACTER SET utf8 COLLATE utf8_general_ci NULL DEFAULT '' COMMENT '字典标签',
  `dict_value` varchar(100) CHARACTER SET utf8 COLLATE utf8_general_ci NULL DEFAULT '' COMMENT '字典键值',
  `dict_type` varchar(100) CHARACTER SET utf8 COLLATE utf8_general_ci NULL DEFAULT '' COMMENT '字典类型',
  `css_class` varchar(100) CHARACTER SET utf8 COLLATE utf8_general_ci NULL DEFAULT NULL COMMENT '样式属性（其他样式扩展）',
  `list_class` varchar(100) CHARACTER SET utf8 COLLATE utf8_general_ci NULL DEFAULT NULL COMMENT '表格回显样式',
  `is_default` char(1) CHARACTER SET utf8 COLLATE utf8_general_ci NULL DEFAULT 'N' COMMENT '是否默认（Y是 N否）',
  `status` char(1) CHARACTER SET utf8 COLLATE utf8_general_ci NULL DEFAULT '0' COMMENT '状态（0正常 1停用）',
  `create_by` varchar(64) CHARACTER SET utf8 COLLATE utf8_general_ci NULL DEFAULT '' COMMENT '创建者',
  `create_time` datetime NULL DEFAULT NULL COMMENT '创建时间',
  `update_by` varchar(64) CHARACTER SET utf8 COLLATE utf8_general_ci NULL DEFAULT '' COMMENT '更新者',
  `update_time` datetime NULL DEFAULT NULL COMMENT '更新时间',
  `remark` varchar(500) CHARACTER SET utf8 COLLATE utf8_general_ci NULL DEFAULT NULL COMMENT '备注',
  PRIMARY KEY (`dict_code`) USING BTREE
) ENGINE = InnoDB AUTO_INCREMENT = 54 CHARACTER SET = utf8 COLLATE = utf8_general_ci COMMENT = '字典数据表' ROW_FORMAT = COMPACT;

-- ----------------------------
-- Records of sys_dict_data
-- ----------------------------
INSERT INTO `sys_dict_data` VALUES (1, 1, '男', '0', 'sys_user_sex', '', '', 'Y', '0', 'admin', '2022-07-30 12:09:03', '', NULL, '性别男');
INSERT INTO `sys_dict_data` VALUES (2, 2, '女', '1', 'sys_user_sex', '', '', 'N', '0', 'admin', '2022-07-30 12:09:03', '', NULL, '性别女');
INSERT INTO `sys_dict_data` VALUES (3, 3, '未知', '2', 'sys_user_sex', '', '', 'N', '0', 'admin', '2022-07-30 12:09:03', '', NULL, '性别未知');
INSERT INTO `sys_dict_data` VALUES (4, 1, '显示', '0', 'sys_show_hide', '', 'primary', 'Y', '0', 'admin', '2022-07-30 12:09:03', '', NULL, '显示菜单');
INSERT INTO `sys_dict_data` VALUES (5, 2, '隐藏', '1', 'sys_show_hide', '', 'danger', 'N', '0', 'admin', '2022-07-30 12:09:03', '', NULL, '隐藏菜单');
INSERT INTO `sys_dict_data` VALUES (6, 1, '正常', '0', 'sys_normal_disable', '', 'primary', 'Y', '0', 'admin', '2022-07-30 12:09:03', '', NULL, '正常状态');
INSERT INTO `sys_dict_data` VALUES (7, 2, '停用', '1', 'sys_normal_disable', '', 'danger', 'N', '0', 'admin', '2022-07-30 12:09:03', '', NULL, '停用状态');
INSERT INTO `sys_dict_data` VALUES (8, 1, '正常', '0', 'sys_job_status', '', 'primary', 'Y', '0', 'admin', '2022-07-30 12:09:03', '', NULL, '正常状态');
INSERT INTO `sys_dict_data` VALUES (9, 2, '暂停', '1', 'sys_job_status', '', 'danger', 'N', '0', 'admin', '2022-07-30 12:09:03', '', NULL, '停用状态');
INSERT INTO `sys_dict_data` VALUES (10, 1, '默认', 'DEFAULT', 'sys_job_group', '', '', 'Y', '0', 'admin', '2022-07-30 12:09:03', '', NULL, '默认分组');
INSERT INTO `sys_dict_data` VALUES (11, 2, '系统', 'SYSTEM', 'sys_job_group', '', '', 'N', '0', 'admin', '2022-07-30 12:09:03', '', NULL, '系统分组');
INSERT INTO `sys_dict_data` VALUES (12, 1, '是', 'Y', 'sys_yes_no', '', 'primary', 'Y', '0', 'admin', '2022-07-30 12:09:03', '', NULL, '系统默认是');
INSERT INTO `sys_dict_data` VALUES (13, 2, '否', 'N', 'sys_yes_no', '', 'danger', 'N', '0', 'admin', '2022-07-30 12:09:03', '', NULL, '系统默认否');
INSERT INTO `sys_dict_data` VALUES (14, 1, '通知', '1', 'sys_notice_type', '', 'warning', 'Y', '0', 'admin', '2022-07-30 12:09:03', '', NULL, '通知');
INSERT INTO `sys_dict_data` VALUES (15, 2, '公告', '2', 'sys_notice_type', '', 'success', 'N', '0', 'admin', '2022-07-30 12:09:03', '', NULL, '公告');
INSERT INTO `sys_dict_data` VALUES (16, 1, '正常', '0', 'sys_notice_status', '', 'primary', 'Y', '0', 'admin', '2022-07-30 12:09:03', '', NULL, '正常状态');
INSERT INTO `sys_dict_data` VALUES (17, 2, '关闭', '1', 'sys_notice_status', '', 'danger', 'N', '0', 'admin', '2022-07-30 12:09:03', '', NULL, '关闭状态');
INSERT INTO `sys_dict_data` VALUES (18, 1, '新增', '1', 'sys_oper_type', '', 'info', 'N', '0', 'admin', '2022-07-30 12:09:03', '', NULL, '新增操作');
INSERT INTO `sys_dict_data` VALUES (19, 2, '修改', '2', 'sys_oper_type', '', 'info', 'N', '0', 'admin', '2022-07-30 12:09:03', '', NULL, '修改操作');
INSERT INTO `sys_dict_data` VALUES (20, 3, '删除', '3', 'sys_oper_type', '', 'danger', 'N', '0', 'admin', '2022-07-30 12:09:03', '', NULL, '删除操作');
INSERT INTO `sys_dict_data` VALUES (21, 4, '授权', '4', 'sys_oper_type', '', 'primary', 'N', '0', 'admin', '2022-07-30 12:09:03', '', NULL, '授权操作');
INSERT INTO `sys_dict_data` VALUES (22, 5, '导出', '5', 'sys_oper_type', '', 'warning', 'N', '0', 'admin', '2022-07-30 12:09:03', '', NULL, '导出操作');
INSERT INTO `sys_dict_data` VALUES (23, 6, '导入', '6', 'sys_oper_type', '', 'warning', 'N', '0', 'admin', '2022-07-30 12:09:03', '', NULL, '导入操作');
INSERT INTO `sys_dict_data` VALUES (24, 7, '强退', '7', 'sys_oper_type', '', 'danger', 'N', '0', 'admin', '2022-07-30 12:09:03', '', NULL, '强退操作');
INSERT INTO `sys_dict_data` VALUES (25, 8, '生成代码', '8', 'sys_oper_type', '', 'warning', 'N', '0', 'admin', '2022-07-30 12:09:03', '', NULL, '生成操作');
INSERT INTO `sys_dict_data` VALUES (26, 9, '清空数据', '9', 'sys_oper_type', '', 'danger', 'N', '0', 'admin', '2022-07-30 12:09:03', '', NULL, '清空操作');
INSERT INTO `sys_dict_data` VALUES (27, 1, '成功', '0', 'sys_common_status', '', 'primary', 'N', '0', 'admin', '2022-07-30 12:09:03', '', NULL, '正常状态');
INSERT INTO `sys_dict_data` VALUES (28, 2, '失败', '1', 'sys_common_status', '', 'danger', 'N', '0', 'admin', '2022-07-30 12:09:03', '', NULL, '停用状态');
INSERT INTO `sys_dict_data` VALUES (29, 1, '平铺结构', '0', 'tree_dict_stru_type', NULL, 'default', 'N', '0', 'admin', '2022-08-15 23:16:01', '', NULL, NULL);
INSERT INTO `sys_dict_data` VALUES (30, 2, '树型结构', '1', 'tree_dict_stru_type', NULL, 'default', 'N', '0', 'admin', '2022-08-15 23:16:45', '', NULL, NULL);
INSERT INTO `sys_dict_data` VALUES (31, 1, '默认', '1', 'bpm_model_category', NULL, 'primary', 'N', '0', 'admin', '2022-08-18 11:02:17', '', NULL, '流程分类 - 默认');
INSERT INTO `sys_dict_data` VALUES (32, 0, 'OA', '2', 'bpm_model_category', NULL, 'success', 'N', '0', 'admin', '2022-08-18 11:02:44', '', NULL, '流程分类 - OA');
INSERT INTO `sys_dict_data` VALUES (33, 1, '进行中', '1', 'bpm_process_instance_status', NULL, 'primary', 'N', '0', 'admin', '2022-08-18 11:04:17', 'admin', '2022-08-18 11:04:50', '流程实例的状态 - 进行中');
INSERT INTO `sys_dict_data` VALUES (34, 2, '已完成', '2', 'bpm_process_instance_status', NULL, 'success', 'N', '0', 'admin', '2022-08-18 11:04:44', '', NULL, '流程实例的状态 - 已完成');
INSERT INTO `sys_dict_data` VALUES (35, 1, '处理中', '1', 'bpm_process_instance_result', NULL, 'primary', 'N', '0', 'admin', '2022-08-18 11:05:24', '', NULL, '流程实例的结果 - 处理中');
INSERT INTO `sys_dict_data` VALUES (36, 2, '通过', '2', 'bpm_process_instance_result', NULL, 'success', 'N', '0', 'admin', '2022-08-18 11:05:37', '', NULL, '流程实例的结果 - 通过');
INSERT INTO `sys_dict_data` VALUES (37, 3, '不通过', '3', 'bpm_process_instance_result', NULL, 'danger', 'N', '0', 'admin', '2022-08-18 11:06:10', '', NULL, '流程实例的结果 - 不通过');
INSERT INTO `sys_dict_data` VALUES (38, 4, '已取消', '4', 'bpm_process_instance_result', NULL, 'info', 'N', '0', 'admin', '2022-08-18 11:06:33', '', NULL, '流程实例的结果 - 撤销');
INSERT INTO `sys_dict_data` VALUES (39, 1, '流程表单', '10', 'bpm_model_form_type', NULL, 'default', 'N', '0', 'admin', '2022-08-18 11:07:53', 'admin', '2022-08-18 14:50:34', '流程的表单类型 - 流程表单');
INSERT INTO `sys_dict_data` VALUES (40, 2, '业务表单', '20', 'bpm_model_form_type', NULL, 'default', 'N', '0', 'admin', '2022-08-18 11:08:24', 'admin', '2022-08-18 14:50:37', '流程的表单类型 - 业务表单');
INSERT INTO `sys_dict_data` VALUES (41, 1, '角色', '10', 'bpm_task_assign_rule_type', NULL, 'info', 'N', '0', 'admin', '2022-08-18 11:09:32', 'admin', '2022-08-18 14:03:52', '任务分配规则的类型 - 角色');
INSERT INTO `sys_dict_data` VALUES (42, 2, '部门的成员', '20', 'bpm_task_assign_rule_type', NULL, 'primary', 'N', '0', 'admin', '2022-08-18 11:10:18', 'admin', '2022-08-18 14:04:02', '任务分配规则的类型 - 部门的成员');
INSERT INTO `sys_dict_data` VALUES (43, 3, '部门的负责人', '21', 'bpm_task_assign_rule_type', NULL, 'primary', 'N', '0', 'admin', '2022-08-18 11:10:39', 'admin', '2022-08-18 14:04:58', '任务分配规则的类型 - 部门的负责人');
INSERT INTO `sys_dict_data` VALUES (44, 4, '用户', '30', 'bpm_task_assign_rule_type', NULL, 'info', 'N', '0', 'admin', '2022-08-18 11:10:53', 'admin', '2022-08-18 14:05:12', '任务分配规则的类型 - 用户');
INSERT INTO `sys_dict_data` VALUES (45, 5, '用户组', '40', 'bpm_task_assign_rule_type', NULL, 'warning', 'N', '0', 'admin', '2022-08-18 11:11:11', 'admin', '2022-08-18 14:05:16', '任务分配规则的类型 - 用户组');
INSERT INTO `sys_dict_data` VALUES (46, 6, '自定义脚本', '50', 'bpm_task_assign_rule_type', NULL, 'danger', 'N', '0', 'admin', '2022-08-18 11:11:40', 'admin', '2022-08-18 14:05:20', '任务分配规则的类型 - 自定义脚本');
INSERT INTO `sys_dict_data` VALUES (47, 7, '岗位', '22', 'bpm_task_assign_rule_type', NULL, 'success', 'N', '0', 'admin', '2022-08-18 11:11:57', 'admin', '2022-08-18 14:05:24', '任务分配规则的类型 - 岗位');
INSERT INTO `sys_dict_data` VALUES (48, 1, '流程发起人', '1', 'bpm_task_assign_script', NULL, 'default', 'N', '0', 'admin', '2022-08-18 11:13:28', '', NULL, '任务分配自定义脚本 - 流程发起人');
INSERT INTO `sys_dict_data` VALUES (49, 2, '流程发起人的一级领导', '2', 'bpm_task_assign_script', NULL, 'default', 'N', '0', 'admin', '2022-08-18 11:13:44', '', NULL, '任务分配自定义脚本 - 流程发起人的一级领导');
INSERT INTO `sys_dict_data` VALUES (50, 3, '流程发起人的二级领导', '3', 'bpm_task_assign_script', NULL, 'default', 'N', '0', 'admin', '2022-08-18 11:13:55', '', NULL, '任务分配自定义脚本 - 流程发起人的二级领导');
INSERT INTO `sys_dict_data` VALUES (51, 1, '病假', '1', 'bpm_oa_leave_type', NULL, 'primary', 'N', '0', 'admin', '2022-09-01 09:43:06', '', NULL, '病假');
INSERT INTO `sys_dict_data` VALUES (52, 2, '事假', '2', 'bpm_oa_leave_type', NULL, 'info', 'N', '0', 'admin', '2022-09-01 09:43:22', '', NULL, '事假');
INSERT INTO `sys_dict_data` VALUES (53, 3, '婚假', '3', 'bpm_oa_leave_type', NULL, 'warning', 'N', '0', 'admin', '2022-09-01 09:43:39', '', NULL, '婚假');

-- ----------------------------
-- Table structure for sys_dict_type
-- ----------------------------
DROP TABLE IF EXISTS `sys_dict_type`;
CREATE TABLE `sys_dict_type`  (
  `dict_id` bigint(20) NOT NULL AUTO_INCREMENT COMMENT '字典主键',
  `dict_name` varchar(100) CHARACTER SET utf8 COLLATE utf8_general_ci NULL DEFAULT '' COMMENT '字典名称',
  `dict_type` varchar(100) CHARACTER SET utf8 COLLATE utf8_general_ci NULL DEFAULT '' COMMENT '字典类型',
  `status` char(1) CHARACTER SET utf8 COLLATE utf8_general_ci NULL DEFAULT '0' COMMENT '状态（0正常 1停用）',
  `create_by` varchar(64) CHARACTER SET utf8 COLLATE utf8_general_ci NULL DEFAULT '' COMMENT '创建者',
  `create_time` datetime NULL DEFAULT NULL COMMENT '创建时间',
  `update_by` varchar(64) CHARACTER SET utf8 COLLATE utf8_general_ci NULL DEFAULT '' COMMENT '更新者',
  `update_time` datetime NULL DEFAULT NULL COMMENT '更新时间',
  `remark` varchar(500) CHARACTER SET utf8 COLLATE utf8_general_ci NULL DEFAULT NULL COMMENT '备注',
  PRIMARY KEY (`dict_id`) USING BTREE,
  UNIQUE INDEX `dict_type`(`dict_type`) USING BTREE
) ENGINE = InnoDB AUTO_INCREMENT = 19 CHARACTER SET = utf8 COLLATE = utf8_general_ci COMMENT = '字典类型表' ROW_FORMAT = COMPACT;

-- ----------------------------
-- Records of sys_dict_type
-- ----------------------------
INSERT INTO `sys_dict_type` VALUES (1, '用户性别', 'sys_user_sex', '0', 'admin', '2022-07-30 12:09:03', '', NULL, '用户性别列表');
INSERT INTO `sys_dict_type` VALUES (2, '菜单状态', 'sys_show_hide', '0', 'admin', '2022-07-30 12:09:03', '', NULL, '菜单状态列表');
INSERT INTO `sys_dict_type` VALUES (3, '系统开关', 'sys_normal_disable', '0', 'admin', '2022-07-30 12:09:03', '', NULL, '系统开关列表');
INSERT INTO `sys_dict_type` VALUES (4, '任务状态', 'sys_job_status', '0', 'admin', '2022-07-30 12:09:03', '', NULL, '任务状态列表');
INSERT INTO `sys_dict_type` VALUES (5, '任务分组', 'sys_job_group', '0', 'admin', '2022-07-30 12:09:03', '', NULL, '任务分组列表');
INSERT INTO `sys_dict_type` VALUES (6, '系统是否', 'sys_yes_no', '0', 'admin', '2022-07-30 12:09:03', '', NULL, '系统是否列表');
INSERT INTO `sys_dict_type` VALUES (7, '通知类型', 'sys_notice_type', '0', 'admin', '2022-07-30 12:09:03', '', NULL, '通知类型列表');
INSERT INTO `sys_dict_type` VALUES (8, '通知状态', 'sys_notice_status', '0', 'admin', '2022-07-30 12:09:03', '', NULL, '通知状态列表');
INSERT INTO `sys_dict_type` VALUES (9, '操作类型', 'sys_oper_type', '0', 'admin', '2022-07-30 12:09:03', '', NULL, '操作类型列表');
INSERT INTO `sys_dict_type` VALUES (10, '系统状态', 'sys_common_status', '0', 'admin', '2022-07-30 12:09:03', '', NULL, '登录状态列表');
INSERT INTO `sys_dict_type` VALUES (11, '树形字典类别', 'tree_dict_stru_type', '0', 'admin', '2022-08-15 23:15:27', '', NULL, '树形字典类别列表');
INSERT INTO `sys_dict_type` VALUES (12, '流程分类', 'bpm_model_category', '0', 'admin', '2022-08-18 10:58:46', '', NULL, '流程分类');
INSERT INTO `sys_dict_type` VALUES (13, '流程实例的状态', 'bpm_process_instance_status', '0', 'admin', '2022-08-18 10:58:58', '', NULL, '流程实例的状态');
INSERT INTO `sys_dict_type` VALUES (14, '流程实例的结果', 'bpm_process_instance_result', '0', 'admin', '2022-08-18 10:59:09', '', NULL, '流程实例的结果');
INSERT INTO `sys_dict_type` VALUES (15, '流程的表单类型', 'bpm_model_form_type', '0', 'admin', '2022-08-18 10:59:20', '', NULL, '流程的表单类型');
INSERT INTO `sys_dict_type` VALUES (16, '任务分配规则的类型', 'bpm_task_assign_rule_type', '0', 'admin', '2022-08-18 10:59:33', '', NULL, '任务分配规则的类型');
INSERT INTO `sys_dict_type` VALUES (17, '任务分配自定义脚本', 'bpm_task_assign_script', '0', 'admin', '2022-08-18 10:59:45', '', NULL, '任务分配自定义脚本');
INSERT INTO `sys_dict_type` VALUES (18, 'OA 请假类型', 'bpm_oa_leave_type', '0', 'admin', '2022-09-01 09:42:32', '', NULL, 'OA 请假类型');

-- ----------------------------
-- Table structure for sys_job
-- ----------------------------
DROP TABLE IF EXISTS `sys_job`;
CREATE TABLE `sys_job`  (
  `job_id` bigint(20) NOT NULL AUTO_INCREMENT COMMENT '任务ID',
  `job_name` varchar(64) CHARACTER SET utf8 COLLATE utf8_general_ci NOT NULL DEFAULT '' COMMENT '任务名称',
  `job_group` varchar(64) CHARACTER SET utf8 COLLATE utf8_general_ci NOT NULL DEFAULT 'DEFAULT' COMMENT '任务组名',
  `invoke_target` varchar(500) CHARACTER SET utf8 COLLATE utf8_general_ci NOT NULL COMMENT '调用目标字符串',
  `cron_expression` varchar(255) CHARACTER SET utf8 COLLATE utf8_general_ci NULL DEFAULT '' COMMENT 'cron执行表达式',
  `misfire_policy` varchar(20) CHARACTER SET utf8 COLLATE utf8_general_ci NULL DEFAULT '3' COMMENT '计划执行错误策略（1立即执行 2执行一次 3放弃执行）',
  `concurrent` char(1) CHARACTER SET utf8 COLLATE utf8_general_ci NULL DEFAULT '1' COMMENT '是否并发执行（0允许 1禁止）',
  `status` char(1) CHARACTER SET utf8 COLLATE utf8_general_ci NULL DEFAULT '0' COMMENT '状态（0正常 1暂停）',
  `create_by` varchar(64) CHARACTER SET utf8 COLLATE utf8_general_ci NULL DEFAULT '' COMMENT '创建者',
  `create_time` datetime NULL DEFAULT NULL COMMENT '创建时间',
  `update_by` varchar(64) CHARACTER SET utf8 COLLATE utf8_general_ci NULL DEFAULT '' COMMENT '更新者',
  `update_time` datetime NULL DEFAULT NULL COMMENT '更新时间',
  `remark` varchar(500) CHARACTER SET utf8 COLLATE utf8_general_ci NULL DEFAULT '' COMMENT '备注信息',
  PRIMARY KEY (`job_id`, `job_name`, `job_group`) USING BTREE
) ENGINE = InnoDB AUTO_INCREMENT = 4 CHARACTER SET = utf8 COLLATE = utf8_general_ci COMMENT = '定时任务调度表' ROW_FORMAT = COMPACT;

-- ----------------------------
-- Records of sys_job
-- ----------------------------
INSERT INTO `sys_job` VALUES (1, '系统默认（无参）', 'DEFAULT', 'ryTask.ryNoParams', '0/10 * * * * ?', '3', '1', '1', 'admin', '2022-07-30 12:09:03', '', NULL, '');
INSERT INTO `sys_job` VALUES (2, '系统默认（有参）', 'DEFAULT', 'ryTask.ryParams(\'ry\')', '0/15 * * * * ?', '3', '1', '1', 'admin', '2022-07-30 12:09:03', '', NULL, '');
INSERT INTO `sys_job` VALUES (3, '系统默认（多参）', 'DEFAULT', 'ryTask.ryMultipleParams(\'ry\', true, 2000L, 316.50D, 100)', '0/20 * * * * ?', '3', '1', '1', 'admin', '2022-07-30 12:09:03', '', NULL, '');

-- ----------------------------
-- Table structure for sys_job_log
-- ----------------------------
DROP TABLE IF EXISTS `sys_job_log`;
CREATE TABLE `sys_job_log`  (
  `job_log_id` bigint(20) NOT NULL AUTO_INCREMENT COMMENT '任务日志ID',
  `job_name` varchar(64) CHARACTER SET utf8 COLLATE utf8_general_ci NOT NULL COMMENT '任务名称',
  `job_group` varchar(64) CHARACTER SET utf8 COLLATE utf8_general_ci NOT NULL COMMENT '任务组名',
  `invoke_target` varchar(500) CHARACTER SET utf8 COLLATE utf8_general_ci NOT NULL COMMENT '调用目标字符串',
  `job_message` varchar(500) CHARACTER SET utf8 COLLATE utf8_general_ci NULL DEFAULT NULL COMMENT '日志信息',
  `status` char(1) CHARACTER SET utf8 COLLATE utf8_general_ci NULL DEFAULT '0' COMMENT '执行状态（0正常 1失败）',
  `exception_info` varchar(2000) CHARACTER SET utf8 COLLATE utf8_general_ci NULL DEFAULT '' COMMENT '异常信息',
  `create_time` datetime NULL DEFAULT NULL COMMENT '创建时间',
  PRIMARY KEY (`job_log_id`) USING BTREE
) ENGINE = InnoDB AUTO_INCREMENT = 1 CHARACTER SET = utf8 COLLATE = utf8_general_ci COMMENT = '定时任务调度日志表' ROW_FORMAT = COMPACT;

-- ----------------------------
-- Records of sys_job_log
-- ----------------------------

-- ----------------------------
-- Table structure for sys_logininfor
-- ----------------------------
DROP TABLE IF EXISTS `sys_logininfor`;
CREATE TABLE `sys_logininfor`  (
  `info_id` bigint(20) NOT NULL AUTO_INCREMENT COMMENT '访问ID',
  `user_name` varchar(50) CHARACTER SET utf8 COLLATE utf8_general_ci NULL DEFAULT '' COMMENT '用户账号',
  `ipaddr` varchar(128) CHARACTER SET utf8 COLLATE utf8_general_ci NULL DEFAULT '' COMMENT '登录IP地址',
  `login_location` varchar(255) CHARACTER SET utf8 COLLATE utf8_general_ci NULL DEFAULT '' COMMENT '登录地点',
  `browser` varchar(50) CHARACTER SET utf8 COLLATE utf8_general_ci NULL DEFAULT '' COMMENT '浏览器类型',
  `os` varchar(50) CHARACTER SET utf8 COLLATE utf8_general_ci NULL DEFAULT '' COMMENT '操作系统',
  `status` char(1) CHARACTER SET utf8 COLLATE utf8_general_ci NULL DEFAULT '0' COMMENT '登录状态（0成功 1失败）',
  `msg` varchar(255) CHARACTER SET utf8 COLLATE utf8_general_ci NULL DEFAULT '' COMMENT '提示消息',
  `login_time` datetime NULL DEFAULT NULL COMMENT '访问时间',
  PRIMARY KEY (`info_id`) USING BTREE,
  INDEX `idx_sys_logininfor_s`(`status`) USING BTREE,
  INDEX `idx_sys_logininfor_lt`(`login_time`) USING BTREE
) ENGINE = InnoDB AUTO_INCREMENT = 1 CHARACTER SET = utf8 COLLATE = utf8_general_ci COMMENT = '系统访问记录' ROW_FORMAT = COMPACT;

-- ----------------------------
-- Records of sys_logininfor
-- ----------------------------

-- ----------------------------
-- Table structure for sys_menu
-- ----------------------------
DROP TABLE IF EXISTS `sys_menu`;
CREATE TABLE `sys_menu`  (
  `menu_id` bigint(20) NOT NULL AUTO_INCREMENT COMMENT '菜单ID',
  `menu_name` varchar(50) CHARACTER SET utf8 COLLATE utf8_general_ci NOT NULL COMMENT '菜单名称',
  `parent_id` bigint(20) NULL DEFAULT 0 COMMENT '父菜单ID',
  `order_num` int(11) NULL DEFAULT 0 COMMENT '显示顺序',
  `path` varchar(200) CHARACTER SET utf8 COLLATE utf8_general_ci NULL DEFAULT '' COMMENT '路由地址',
  `component` varchar(255) CHARACTER SET utf8 COLLATE utf8_general_ci NULL DEFAULT NULL COMMENT '组件路径',
  `query` varchar(255) CHARACTER SET utf8 COLLATE utf8_general_ci NULL DEFAULT NULL COMMENT '路由参数',
  `is_frame` int(11) NULL DEFAULT 1 COMMENT '是否为外链（0是 1否）',
  `is_cache` int(11) NULL DEFAULT 0 COMMENT '是否缓存（0缓存 1不缓存）',
  `menu_type` char(1) CHARACTER SET utf8 COLLATE utf8_general_ci NULL DEFAULT '' COMMENT '菜单类型（M目录 C菜单 F按钮）',
  `visible` char(1) CHARACTER SET utf8 COLLATE utf8_general_ci NULL DEFAULT '0' COMMENT '菜单状态（0显示 1隐藏）',
  `status` char(1) CHARACTER SET utf8 COLLATE utf8_general_ci NULL DEFAULT '0' COMMENT '菜单状态（0正常 1停用）',
  `perms` varchar(100) CHARACTER SET utf8 COLLATE utf8_general_ci NULL DEFAULT NULL COMMENT '权限标识',
  `icon` varchar(100) CHARACTER SET utf8 COLLATE utf8_general_ci NULL DEFAULT '#' COMMENT '菜单图标',
  `create_by` varchar(64) CHARACTER SET utf8 COLLATE utf8_general_ci NULL DEFAULT '' COMMENT '创建者',
  `create_time` datetime NULL DEFAULT NULL COMMENT '创建时间',
  `update_by` varchar(64) CHARACTER SET utf8 COLLATE utf8_general_ci NULL DEFAULT '' COMMENT '更新者',
  `update_time` datetime NULL DEFAULT NULL COMMENT '更新时间',
  `remark` varchar(500) CHARACTER SET utf8 COLLATE utf8_general_ci NULL DEFAULT '' COMMENT '备注',
  PRIMARY KEY (`menu_id`) USING BTREE
) ENGINE = InnoDB AUTO_INCREMENT = 2041 CHARACTER SET = utf8 COLLATE = utf8_general_ci COMMENT = '菜单权限表' ROW_FORMAT = COMPACT;

-- ----------------------------
-- Records of sys_menu
-- ----------------------------
INSERT INTO `sys_menu` VALUES (1, '系统管理', 0, 1, 'system', NULL, '', 1, 0, 'M', '0', '0', '', 'system', 'admin', '2022-08-09 10:14:24', '', NULL, '系统管理目录');
INSERT INTO `sys_menu` VALUES (2, '系统监控', 0, 2, 'monitor', NULL, '', 1, 0, 'M', '0', '0', '', 'monitor', 'admin', '2022-08-09 10:14:24', '', NULL, '系统监控目录');
INSERT INTO `sys_menu` VALUES (3, '系统工具', 0, 3, 'tool', NULL, '', 1, 0, 'M', '0', '0', '', 'tool', 'admin', '2022-08-09 10:14:24', '', NULL, '系统工具目录');
INSERT INTO `sys_menu` VALUES (100, '用户管理', 1, 1, 'user', 'system/user/index', '', 1, 0, 'C', '0', '0', 'system:user:list', 'user', 'admin', '2022-08-09 10:14:24', '', NULL, '用户管理菜单');
INSERT INTO `sys_menu` VALUES (101, '角色管理', 1, 2, 'role', 'system/role/index', '', 1, 0, 'C', '0', '0', 'system:role:list', 'peoples', 'admin', '2022-08-09 10:14:24', '', NULL, '角色管理菜单');
INSERT INTO `sys_menu` VALUES (102, '菜单管理', 1, 3, 'menu', 'system/menu/index', '', 1, 0, 'C', '0', '0', 'system:menu:list', 'tree-table', 'admin', '2022-08-09 10:14:24', '', NULL, '菜单管理菜单');
INSERT INTO `sys_menu` VALUES (103, '部门管理', 1, 4, 'dept', 'system/dept/index', '', 1, 0, 'C', '0', '0', 'system:dept:list', 'tree', 'admin', '2022-08-09 10:14:24', '', NULL, '部门管理菜单');
INSERT INTO `sys_menu` VALUES (104, '岗位管理', 1, 5, 'post', 'system/post/index', '', 1, 0, 'C', '0', '0', 'system:post:list', 'post', 'admin', '2022-08-09 10:14:24', '', NULL, '岗位管理菜单');
INSERT INTO `sys_menu` VALUES (105, '字典管理', 1, 6, 'dict', 'system/dict/index', '', 1, 0, 'C', '0', '0', 'system:dict:list', 'dict', 'admin', '2022-08-09 10:14:24', '', NULL, '字典管理菜单');
INSERT INTO `sys_menu` VALUES (106, '参数设置', 1, 7, 'config', 'system/config/index', '', 1, 0, 'C', '0', '0', 'system:config:list', 'edit', 'admin', '2022-08-09 10:14:24', '', NULL, '参数设置菜单');
INSERT INTO `sys_menu` VALUES (107, '通知公告', 1, 8, 'notice', 'system/notice/index', '', 1, 0, 'C', '0', '0', 'system:notice:list', 'message', 'admin', '2022-08-09 10:14:24', '', NULL, '通知公告菜单');
INSERT INTO `sys_menu` VALUES (108, '日志管理', 1, 9, 'log', '', '', 1, 0, 'M', '0', '0', '', 'log', 'admin', '2022-08-09 10:14:24', '', NULL, '日志管理菜单');
INSERT INTO `sys_menu` VALUES (109, '在线用户', 2, 1, 'online', 'monitor/online/index', '', 1, 0, 'C', '0', '0', 'monitor:online:list', 'online', 'admin', '2022-08-09 10:14:24', '', NULL, '在线用户菜单');
INSERT INTO `sys_menu` VALUES (110, '定时任务', 2, 2, 'job', 'monitor/job/index', '', 1, 0, 'C', '0', '0', 'monitor:job:list', 'job', 'admin', '2022-08-09 10:14:24', '', NULL, '定时任务菜单');
INSERT INTO `sys_menu` VALUES (111, '数据监控', 2, 3, 'druid', 'monitor/druid/index', '', 1, 0, 'C', '0', '1', 'monitor:druid:list', 'druid', 'admin', '2022-08-09 10:14:24', 'admin', '2025-01-09 11:32:00', '数据监控菜单');
INSERT INTO `sys_menu` VALUES (112, '服务监控', 2, 4, 'server', 'monitor/server/index', '', 1, 0, 'C', '0', '1', 'monitor:server:list', 'server', 'admin', '2022-08-09 10:14:24', 'admin', '2025-01-09 11:32:06', '服务监控菜单');
INSERT INTO `sys_menu` VALUES (113, '缓存监控', 2, 5, 'cache', 'monitor/cache/index', '', 1, 0, 'C', '0', '1', 'monitor:cache:list', 'redis', 'admin', '2022-08-09 10:14:24', 'admin', '2025-01-09 11:32:10', '缓存监控菜单');
INSERT INTO `sys_menu` VALUES (114, '缓存列表', 2, 6, 'cacheList', 'monitor/cache/list', '', 1, 0, 'C', '0', '0', 'monitor:cache:list', 'redis-list', 'admin', '2022-08-09 10:14:25', '', NULL, '缓存列表菜单');
INSERT INTO `sys_menu` VALUES (115, '表单构建', 3, 1, 'build', 'tool/build/index', '', 1, 0, 'C', '0', '0', 'tool:build:list', 'build', 'admin', '2022-08-09 10:14:25', '', NULL, '表单构建菜单');
INSERT INTO `sys_menu` VALUES (116, '代码生成', 3, 2, 'gen', 'tool/gen/index', '', 1, 0, 'C', '0', '0', 'tool:gen:list', 'code', 'admin', '2022-08-09 10:14:25', '', NULL, '代码生成菜单');
INSERT INTO `sys_menu` VALUES (117, '系统接口', 3, 3, 'swagger', 'tool/swagger/index', '', 1, 0, 'C', '0', '1', 'tool:swagger:list', 'swagger', 'admin', '2022-08-09 10:14:25', 'admin', '2025-01-09 11:31:53', '系统接口菜单');
INSERT INTO `sys_menu` VALUES (500, '操作日志', 108, 1, 'operlog', 'monitor/operlog/index', '', 1, 0, 'C', '0', '0', 'monitor:operlog:list', 'form', 'admin', '2022-08-09 10:14:25', '', NULL, '操作日志菜单');
INSERT INTO `sys_menu` VALUES (501, '登录日志', 108, 2, 'logininfor', 'monitor/logininfor/index', '', 1, 0, 'C', '0', '0', 'monitor:logininfor:list', 'logininfor', 'admin', '2022-08-09 10:14:25', '', NULL, '登录日志菜单');
INSERT INTO `sys_menu` VALUES (1000, '用户查询', 100, 1, '', '', '', 1, 0, 'F', '0', '0', 'system:user:query', '#', 'admin', '2022-08-09 10:14:25', '', NULL, '');
INSERT INTO `sys_menu` VALUES (1001, '用户新增', 100, 2, '', '', '', 1, 0, 'F', '0', '0', 'system:user:add', '#', 'admin', '2022-08-09 10:14:25', '', NULL, '');
INSERT INTO `sys_menu` VALUES (1002, '用户修改', 100, 3, '', '', '', 1, 0, 'F', '0', '0', 'system:user:edit', '#', 'admin', '2022-08-09 10:14:25', '', NULL, '');
INSERT INTO `sys_menu` VALUES (1003, '用户删除', 100, 4, '', '', '', 1, 0, 'F', '0', '0', 'system:user:remove', '#', 'admin', '2022-08-09 10:14:25', '', NULL, '');
INSERT INTO `sys_menu` VALUES (1004, '用户导出', 100, 5, '', '', '', 1, 0, 'F', '0', '0', 'system:user:export', '#', 'admin', '2022-08-09 10:14:25', '', NULL, '');
INSERT INTO `sys_menu` VALUES (1005, '用户导入', 100, 6, '', '', '', 1, 0, 'F', '0', '0', 'system:user:import', '#', 'admin', '2022-08-09 10:14:25', '', NULL, '');
INSERT INTO `sys_menu` VALUES (1006, '重置密码', 100, 7, '', '', '', 1, 0, 'F', '0', '0', 'system:user:resetPwd', '#', 'admin', '2022-08-09 10:14:25', '', NULL, '');
INSERT INTO `sys_menu` VALUES (1007, '角色查询', 101, 1, '', '', '', 1, 0, 'F', '0', '0', 'system:role:query', '#', 'admin', '2022-08-09 10:14:25', '', NULL, '');
INSERT INTO `sys_menu` VALUES (1008, '角色新增', 101, 2, '', '', '', 1, 0, 'F', '0', '0', 'system:role:add', '#', 'admin', '2022-08-09 10:14:25', '', NULL, '');
INSERT INTO `sys_menu` VALUES (1009, '角色修改', 101, 3, '', '', '', 1, 0, 'F', '0', '0', 'system:role:edit', '#', 'admin', '2022-08-09 10:14:25', '', NULL, '');
INSERT INTO `sys_menu` VALUES (1010, '角色删除', 101, 4, '', '', '', 1, 0, 'F', '0', '0', 'system:role:remove', '#', 'admin', '2022-08-09 10:14:25', '', NULL, '');
INSERT INTO `sys_menu` VALUES (1011, '角色导出', 101, 5, '', '', '', 1, 0, 'F', '0', '0', 'system:role:export', '#', 'admin', '2022-08-09 10:14:25', '', NULL, '');
INSERT INTO `sys_menu` VALUES (1012, '菜单查询', 102, 1, '', '', '', 1, 0, 'F', '0', '0', 'system:menu:query', '#', 'admin', '2022-08-09 10:14:25', '', NULL, '');
INSERT INTO `sys_menu` VALUES (1013, '菜单新增', 102, 2, '', '', '', 1, 0, 'F', '0', '0', 'system:menu:add', '#', 'admin', '2022-08-09 10:14:25', '', NULL, '');
INSERT INTO `sys_menu` VALUES (1014, '菜单修改', 102, 3, '', '', '', 1, 0, 'F', '0', '0', 'system:menu:edit', '#', 'admin', '2022-08-09 10:14:25', '', NULL, '');
INSERT INTO `sys_menu` VALUES (1015, '菜单删除', 102, 4, '', '', '', 1, 0, 'F', '0', '0', 'system:menu:remove', '#', 'admin', '2022-08-09 10:14:25', '', NULL, '');
INSERT INTO `sys_menu` VALUES (1016, '部门查询', 103, 1, '', '', '', 1, 0, 'F', '0', '0', 'system:dept:query', '#', 'admin', '2022-08-09 10:14:25', '', NULL, '');
INSERT INTO `sys_menu` VALUES (1017, '部门新增', 103, 2, '', '', '', 1, 0, 'F', '0', '0', 'system:dept:add', '#', 'admin', '2022-08-09 10:14:25', '', NULL, '');
INSERT INTO `sys_menu` VALUES (1018, '部门修改', 103, 3, '', '', '', 1, 0, 'F', '0', '0', 'system:dept:edit', '#', 'admin', '2022-08-09 10:14:25', '', NULL, '');
INSERT INTO `sys_menu` VALUES (1019, '部门删除', 103, 4, '', '', '', 1, 0, 'F', '0', '0', 'system:dept:remove', '#', 'admin', '2022-08-09 10:14:25', '', NULL, '');
INSERT INTO `sys_menu` VALUES (1020, '岗位查询', 104, 1, '', '', '', 1, 0, 'F', '0', '0', 'system:post:query', '#', 'admin', '2022-08-09 10:14:25', '', NULL, '');
INSERT INTO `sys_menu` VALUES (1021, '岗位新增', 104, 2, '', '', '', 1, 0, 'F', '0', '0', 'system:post:add', '#', 'admin', '2022-08-09 10:14:25', '', NULL, '');
INSERT INTO `sys_menu` VALUES (1022, '岗位修改', 104, 3, '', '', '', 1, 0, 'F', '0', '0', 'system:post:edit', '#', 'admin', '2022-08-09 10:14:25', '', NULL, '');
INSERT INTO `sys_menu` VALUES (1023, '岗位删除', 104, 4, '', '', '', 1, 0, 'F', '0', '0', 'system:post:remove', '#', 'admin', '2022-08-09 10:14:25', '', NULL, '');
INSERT INTO `sys_menu` VALUES (1024, '岗位导出', 104, 5, '', '', '', 1, 0, 'F', '0', '0', 'system:post:export', '#', 'admin', '2022-08-09 10:14:25', '', NULL, '');
INSERT INTO `sys_menu` VALUES (1025, '字典查询', 105, 1, '#', '', '', 1, 0, 'F', '0', '0', 'system:dict:query', '#', 'admin', '2022-08-09 10:14:25', '', NULL, '');
INSERT INTO `sys_menu` VALUES (1026, '字典新增', 105, 2, '#', '', '', 1, 0, 'F', '0', '0', 'system:dict:add', '#', 'admin', '2022-08-09 10:14:25', '', NULL, '');
INSERT INTO `sys_menu` VALUES (1027, '字典修改', 105, 3, '#', '', '', 1, 0, 'F', '0', '0', 'system:dict:edit', '#', 'admin', '2022-08-09 10:14:25', '', NULL, '');
INSERT INTO `sys_menu` VALUES (1028, '字典删除', 105, 4, '#', '', '', 1, 0, 'F', '0', '0', 'system:dict:remove', '#', 'admin', '2022-08-09 10:14:25', '', NULL, '');
INSERT INTO `sys_menu` VALUES (1029, '字典导出', 105, 5, '#', '', '', 1, 0, 'F', '0', '0', 'system:dict:export', '#', 'admin', '2022-08-09 10:14:25', '', NULL, '');
INSERT INTO `sys_menu` VALUES (1030, '参数查询', 106, 1, '#', '', '', 1, 0, 'F', '0', '0', 'system:config:query', '#', 'admin', '2022-08-09 10:14:25', '', NULL, '');
INSERT INTO `sys_menu` VALUES (1031, '参数新增', 106, 2, '#', '', '', 1, 0, 'F', '0', '0', 'system:config:add', '#', 'admin', '2022-08-09 10:14:25', '', NULL, '');
INSERT INTO `sys_menu` VALUES (1032, '参数修改', 106, 3, '#', '', '', 1, 0, 'F', '0', '0', 'system:config:edit', '#', 'admin', '2022-08-09 10:14:25', '', NULL, '');
INSERT INTO `sys_menu` VALUES (1033, '参数删除', 106, 4, '#', '', '', 1, 0, 'F', '0', '0', 'system:config:remove', '#', 'admin', '2022-08-09 10:14:25', '', NULL, '');
INSERT INTO `sys_menu` VALUES (1034, '参数导出', 106, 5, '#', '', '', 1, 0, 'F', '0', '0', 'system:config:export', '#', 'admin', '2022-08-09 10:14:25', '', NULL, '');
INSERT INTO `sys_menu` VALUES (1035, '公告查询', 107, 1, '#', '', '', 1, 0, 'F', '0', '0', 'system:notice:query', '#', 'admin', '2022-08-09 10:14:26', '', NULL, '');
INSERT INTO `sys_menu` VALUES (1036, '公告新增', 107, 2, '#', '', '', 1, 0, 'F', '0', '0', 'system:notice:add', '#', 'admin', '2022-08-09 10:14:26', '', NULL, '');
INSERT INTO `sys_menu` VALUES (1037, '公告修改', 107, 3, '#', '', '', 1, 0, 'F', '0', '0', 'system:notice:edit', '#', 'admin', '2022-08-09 10:14:26', '', NULL, '');
INSERT INTO `sys_menu` VALUES (1038, '公告删除', 107, 4, '#', '', '', 1, 0, 'F', '0', '0', 'system:notice:remove', '#', 'admin', '2022-08-09 10:14:26', '', NULL, '');
INSERT INTO `sys_menu` VALUES (1039, '操作查询', 500, 1, '#', '', '', 1, 0, 'F', '0', '0', 'monitor:operlog:query', '#', 'admin', '2022-08-09 10:14:26', '', NULL, '');
INSERT INTO `sys_menu` VALUES (1040, '操作删除', 500, 2, '#', '', '', 1, 0, 'F', '0', '0', 'monitor:operlog:remove', '#', 'admin', '2022-08-09 10:14:26', '', NULL, '');
INSERT INTO `sys_menu` VALUES (1041, '日志导出', 500, 3, '#', '', '', 1, 0, 'F', '0', '0', 'monitor:operlog:export', '#', 'admin', '2022-08-09 10:14:26', '', NULL, '');
INSERT INTO `sys_menu` VALUES (1042, '登录查询', 501, 1, '#', '', '', 1, 0, 'F', '0', '0', 'monitor:logininfor:query', '#', 'admin', '2022-08-09 10:14:26', '', NULL, '');
INSERT INTO `sys_menu` VALUES (1043, '登录删除', 501, 2, '#', '', '', 1, 0, 'F', '0', '0', 'monitor:logininfor:remove', '#', 'admin', '2022-08-09 10:14:26', '', NULL, '');
INSERT INTO `sys_menu` VALUES (1044, '日志导出', 501, 3, '#', '', '', 1, 0, 'F', '0', '0', 'monitor:logininfor:export', '#', 'admin', '2022-08-09 10:14:26', '', NULL, '');
INSERT INTO `sys_menu` VALUES (1045, '账户解锁', 501, 4, '#', '', '', 1, 0, 'F', '0', '0', 'monitor:logininfor:unlock', '#', 'admin', '2022-08-09 10:14:26', '', NULL, '');
INSERT INTO `sys_menu` VALUES (1046, '在线查询', 109, 1, '#', '', '', 1, 0, 'F', '0', '0', 'monitor:online:query', '#', 'admin', '2022-08-09 10:14:26', '', NULL, '');
INSERT INTO `sys_menu` VALUES (1047, '批量强退', 109, 2, '#', '', '', 1, 0, 'F', '0', '0', 'monitor:online:batchLogout', '#', 'admin', '2022-08-09 10:14:26', '', NULL, '');
INSERT INTO `sys_menu` VALUES (1048, '单条强退', 109, 3, '#', '', '', 1, 0, 'F', '0', '0', 'monitor:online:forceLogout', '#', 'admin', '2022-08-09 10:14:26', '', NULL, '');
INSERT INTO `sys_menu` VALUES (1049, '任务查询', 110, 1, '#', '', '', 1, 0, 'F', '0', '0', 'monitor:job:query', '#', 'admin', '2022-08-09 10:14:26', '', NULL, '');
INSERT INTO `sys_menu` VALUES (1050, '任务新增', 110, 2, '#', '', '', 1, 0, 'F', '0', '0', 'monitor:job:add', '#', 'admin', '2022-08-09 10:14:26', '', NULL, '');
INSERT INTO `sys_menu` VALUES (1051, '任务修改', 110, 3, '#', '', '', 1, 0, 'F', '0', '0', 'monitor:job:edit', '#', 'admin', '2022-08-09 10:14:26', '', NULL, '');
INSERT INTO `sys_menu` VALUES (1052, '任务删除', 110, 4, '#', '', '', 1, 0, 'F', '0', '0', 'monitor:job:remove', '#', 'admin', '2022-08-09 10:14:26', '', NULL, '');
INSERT INTO `sys_menu` VALUES (1053, '状态修改', 110, 5, '#', '', '', 1, 0, 'F', '0', '0', 'monitor:job:changeStatus', '#', 'admin', '2022-08-09 10:14:26', '', NULL, '');
INSERT INTO `sys_menu` VALUES (1054, '任务导出', 110, 6, '#', '', '', 1, 0, 'F', '0', '0', 'monitor:job:export', '#', 'admin', '2022-08-09 10:14:26', '', NULL, '');
INSERT INTO `sys_menu` VALUES (1055, '生成查询', 115, 1, '#', '', '', 1, 0, 'F', '0', '0', 'tool:gen:query', '#', 'admin', '2022-08-09 10:14:26', '', NULL, '');
INSERT INTO `sys_menu` VALUES (1056, '生成修改', 115, 2, '#', '', '', 1, 0, 'F', '0', '0', 'tool:gen:edit', '#', 'admin', '2022-08-09 10:14:26', '', NULL, '');
INSERT INTO `sys_menu` VALUES (1057, '生成删除', 115, 3, '#', '', '', 1, 0, 'F', '0', '0', 'tool:gen:remove', '#', 'admin', '2022-08-09 10:14:26', '', NULL, '');
INSERT INTO `sys_menu` VALUES (1058, '导入代码', 115, 2, '#', '', '', 1, 0, 'F', '0', '0', 'tool:gen:import', '#', 'admin', '2022-08-09 10:14:26', '', NULL, '');
INSERT INTO `sys_menu` VALUES (1059, '预览代码', 115, 4, '#', '', '', 1, 0, 'F', '0', '0', 'tool:gen:preview', '#', 'admin', '2022-08-09 10:14:26', '', NULL, '');
INSERT INTO `sys_menu` VALUES (1060, '生成代码', 115, 5, '#', '', '', 1, 0, 'F', '0', '0', 'tool:gen:code', '#', 'admin', '2022-08-09 10:14:26', '', NULL, '');
INSERT INTO `sys_menu` VALUES (2000, '组件示例', 0, 4, 'component', NULL, NULL, 1, 0, 'M', '0', '0', NULL, 'component', 'admin', '2022-08-14 12:12:25', '', NULL, '');
INSERT INTO `sys_menu` VALUES (2001, '地图', 2000, 1, 'map', 'example/map/index', NULL, 1, 0, 'C', '0', '0', '', 'chart', 'admin', '2022-08-14 13:28:37', 'admin', '2022-08-19 22:45:58', '');
INSERT INTO `sys_menu` VALUES (2002, '树形字典', 1, 10, 'tree', 'system/dict/tree/index', NULL, 1, 0, 'C', '0', '0', '', 'dict', 'admin', '2022-08-15 15:43:16', 'admin', '2022-08-15 15:44:33', '');
INSERT INTO `sys_menu` VALUES (2003, '工作流程', 0, 5, 'bpm', NULL, NULL, 1, 0, 'M', '0', '0', NULL, 'build', 'admin', '2022-08-16 21:56:25', '', NULL, '');
INSERT INTO `sys_menu` VALUES (2004, '流程管理', 2003, 1, 'manager', NULL, NULL, 1, 0, 'M', '0', '0', NULL, 'build', 'admin', '2022-08-16 21:57:13', '', NULL, '');
INSERT INTO `sys_menu` VALUES (2005, '流程表单', 2004, 1, 'form', 'bpm/form/index', NULL, 1, 0, 'C', '0', '0', NULL, 'form', 'admin', '2022-08-16 21:58:16', '', NULL, '');
INSERT INTO `sys_menu` VALUES (2006, '表单查询', 2005, 1, '', NULL, NULL, 1, 0, 'F', '0', '0', 'bpm:form:query', '#', 'admin', '2022-08-16 21:58:59', '', NULL, '');
INSERT INTO `sys_menu` VALUES (2007, '表单创建', 2005, 2, '', NULL, NULL, 1, 0, 'F', '0', '0', 'bpm:form:create', '#', 'admin', '2022-08-16 21:59:17', '', NULL, '');
INSERT INTO `sys_menu` VALUES (2008, '表单更新', 2005, 3, '', NULL, NULL, 1, 0, 'F', '0', '0', 'bpm:form:update', '#', 'admin', '2022-08-16 21:59:39', '', NULL, '');
INSERT INTO `sys_menu` VALUES (2009, '表单删除', 2005, 4, '', NULL, NULL, 1, 0, 'F', '0', '0', 'bpm:form:delete', '#', 'admin', '2022-08-16 21:59:57', '', NULL, '');
INSERT INTO `sys_menu` VALUES (2010, '表单导出', 2005, 5, '', NULL, NULL, 1, 0, 'F', '0', '0', 'bpm:form:export', '#', 'admin', '2022-08-16 22:00:13', '', NULL, '');
INSERT INTO `sys_menu` VALUES (2011, '流程模型', 2004, 2, 'model', 'bpm/model/index', NULL, 1, 0, 'C', '0', '0', '', 'build', 'admin', '2022-08-18 10:44:58', 'admin', '2022-08-18 10:45:52', '');
INSERT INTO `sys_menu` VALUES (2012, '模型查询', 2011, 1, '', NULL, NULL, 1, 0, 'F', '0', '0', 'bpm:model:query', '#', 'admin', '2022-08-18 10:46:18', '', NULL, '');
INSERT INTO `sys_menu` VALUES (2013, '模型创建', 2011, 2, '', NULL, NULL, 1, 0, 'F', '0', '0', 'bpm:model:create', '#', 'admin', '2022-08-18 10:46:36', '', NULL, '');
INSERT INTO `sys_menu` VALUES (2014, '模型导入', 2011, 3, '', NULL, NULL, 1, 0, 'F', '0', '0', 'bpm:model:import', '#', 'admin', '2022-08-18 10:46:52', '', NULL, '');
INSERT INTO `sys_menu` VALUES (2015, '模型更新', 2011, 4, '', NULL, NULL, 1, 0, 'F', '0', '0', 'bpm:model:update', '#', 'admin', '2022-08-18 10:47:09', '', NULL, '');
INSERT INTO `sys_menu` VALUES (2016, '模型删除', 2011, 5, '', NULL, NULL, 1, 0, 'F', '0', '0', 'bpm:model:delete', '#', 'admin', '2022-08-18 10:47:31', '', NULL, '');
INSERT INTO `sys_menu` VALUES (2017, '模型发布', 2011, 6, '', NULL, NULL, 1, 0, 'F', '0', '0', 'bpm:model:deploy', '#', 'admin', '2022-08-18 10:47:46', '', NULL, '');
INSERT INTO `sys_menu` VALUES (2018, '流程定义查询', 2011, 7, '', NULL, NULL, 1, 0, 'F', '0', '0', 'bpm:process-definition:query', '#', 'admin', '2022-08-18 17:09:30', '', NULL, '');
INSERT INTO `sys_menu` VALUES (2019, '流程任务分配规则查询', 2011, 8, '', NULL, NULL, 1, 0, 'F', '0', '0', 'bpm:task-assign-rule:query', '#', 'admin', '2022-08-18 17:09:50', '', NULL, '');
INSERT INTO `sys_menu` VALUES (2020, '流程任务分配规则创建', 2011, 9, '', NULL, NULL, 1, 0, 'F', '0', '0', 'bpm:task-assign-rule:create', '#', 'admin', '2022-08-18 17:10:10', '', NULL, '');
INSERT INTO `sys_menu` VALUES (2021, '流程任务分配规则更新', 2011, 10, '', NULL, NULL, 1, 0, 'F', '0', '0', 'bpm:task-assign-rule:update', '#', 'admin', '2022-08-18 17:10:30', '', NULL, '');
INSERT INTO `sys_menu` VALUES (2022, '用户分组', 2004, 3, 'user-group', 'bpm/group/index', NULL, 1, 0, 'C', '0', '0', NULL, 'peoples', 'admin', '2022-08-18 17:12:49', '', NULL, '');
INSERT INTO `sys_menu` VALUES (2023, '用户组查询', 2022, 1, '', NULL, NULL, 1, 0, 'F', '0', '0', 'bpm:user-group:query', '#', 'admin', '2022-08-18 17:13:08', '', NULL, '');
INSERT INTO `sys_menu` VALUES (2024, '用户组创建', 2022, 2, '', NULL, NULL, 1, 0, 'F', '0', '0', 'bpm:user-group:create', '#', 'admin', '2022-08-18 17:13:27', '', NULL, '');
INSERT INTO `sys_menu` VALUES (2025, '用户组更新', 2022, 3, '', NULL, NULL, 1, 0, 'F', '0', '0', 'bpm:user-group:update', '#', 'admin', '2022-08-18 17:13:42', '', NULL, '');
INSERT INTO `sys_menu` VALUES (2026, '用户组删除', 2022, 4, '', NULL, NULL, 1, 0, 'F', '0', '0', 'bpm:user-group:delete', '#', 'admin', '2022-08-18 17:13:57', '', NULL, '');
INSERT INTO `sys_menu` VALUES (2027, '任务管理', 2003, 2, 'task', NULL, NULL, 1, 0, 'M', '0', '0', NULL, 'build', 'admin', '2022-08-18 17:45:51', '', NULL, '');
INSERT INTO `sys_menu` VALUES (2028, '我的流程', 2027, 1, 'my', 'bpm/processInstance/index', NULL, 1, 0, 'C', '0', '0', NULL, 'people', 'admin', '2022-08-18 17:46:52', '', NULL, '');
INSERT INTO `sys_menu` VALUES (2029, '待办任务', 2027, 2, 'todo', 'bpm/task/todo', NULL, 1, 0, 'C', '0', '0', NULL, 'eye-open', 'admin', '2022-08-18 17:47:56', '', NULL, '');
INSERT INTO `sys_menu` VALUES (2030, '已办任务', 2027, 3, 'done', 'bpm/task/done', NULL, 1, 0, 'C', '0', '0', NULL, 'eye', 'admin', '2022-08-18 17:48:33', '', NULL, '');
INSERT INTO `sys_menu` VALUES (2031, '流程实例的查询', 2028, 1, '', NULL, NULL, 1, 0, 'F', '0', '0', 'bpm:process-instance:query', '#', 'admin', '2022-08-18 17:49:42', '', NULL, '');
INSERT INTO `sys_menu` VALUES (2032, '流程实例的创建', 2028, 2, '', NULL, NULL, 1, 0, 'F', '0', '0', 'bpm:process-instance:create', '#', 'admin', '2022-08-18 17:50:04', '', NULL, '');
INSERT INTO `sys_menu` VALUES (2033, '流程实例的取消', 2028, 3, '', NULL, NULL, 1, 0, 'F', '0', '0', 'bpm:process-instance:cancel', '#', 'admin', '2022-08-18 17:50:21', '', NULL, '');
INSERT INTO `sys_menu` VALUES (2034, '流程任务的查询', 2029, 1, '', NULL, NULL, 1, 0, 'F', '0', '0', 'bpm:task:query', '#', 'admin', '2022-08-18 17:51:17', '', NULL, '');
INSERT INTO `sys_menu` VALUES (2035, '流程任务的更新', 2029, 2, '', NULL, NULL, 1, 0, 'F', '0', '0', 'bpm:task:update', '#', 'admin', '2022-08-18 17:51:35', '', NULL, '');
INSERT INTO `sys_menu` VALUES (2036, 'websocket', 2000, 2, 'websocket', 'example/websocket/index', NULL, 1, 0, 'C', '0', '0', '', 'email', 'admin', '2022-08-19 22:47:00', 'admin', '2022-08-19 22:47:44', '');

-- ----------------------------
-- Table structure for sys_notice
-- ----------------------------
DROP TABLE IF EXISTS `sys_notice`;
CREATE TABLE `sys_notice`  (
  `notice_id` int(11) NOT NULL AUTO_INCREMENT COMMENT '公告ID',
  `notice_title` varchar(50) CHARACTER SET utf8 COLLATE utf8_general_ci NOT NULL COMMENT '公告标题',
  `notice_type` char(1) CHARACTER SET utf8 COLLATE utf8_general_ci NOT NULL COMMENT '公告类型（1通知 2公告）',
  `notice_content` longblob NULL COMMENT '公告内容',
  `status` char(1) CHARACTER SET utf8 COLLATE utf8_general_ci NULL DEFAULT '0' COMMENT '公告状态（0正常 1关闭）',
  `create_by` varchar(64) CHARACTER SET utf8 COLLATE utf8_general_ci NULL DEFAULT '' COMMENT '创建者',
  `create_time` datetime NULL DEFAULT NULL COMMENT '创建时间',
  `update_by` varchar(64) CHARACTER SET utf8 COLLATE utf8_general_ci NULL DEFAULT '' COMMENT '更新者',
  `update_time` datetime NULL DEFAULT NULL COMMENT '更新时间',
  `remark` varchar(255) CHARACTER SET utf8 COLLATE utf8_general_ci NULL DEFAULT NULL COMMENT '备注',
  PRIMARY KEY (`notice_id`) USING BTREE
) ENGINE = InnoDB AUTO_INCREMENT = 3 CHARACTER SET = utf8 COLLATE = utf8_general_ci COMMENT = '通知公告表' ROW_FORMAT = COMPACT;

-- ----------------------------
-- Records of sys_notice
-- ----------------------------
INSERT INTO `sys_notice` VALUES (1, '温馨提醒：2018-07-01 若依新版本发布啦', '2', 0xE696B0E78988E69CACE58685E5AEB9, '0', 'admin', '2022-07-30 12:09:03', '', NULL, '管理员');
INSERT INTO `sys_notice` VALUES (2, '维护通知：2018-07-01 若依系统凌晨维护', '1', 0xE7BBB4E68AA4E58685E5AEB9, '0', 'admin', '2022-07-30 12:09:03', '', NULL, '管理员');

-- ----------------------------
-- Table structure for sys_oper_log
-- ----------------------------
DROP TABLE IF EXISTS `sys_oper_log`;
CREATE TABLE `sys_oper_log`  (
  `oper_id` bigint(20) NOT NULL AUTO_INCREMENT COMMENT '日志主键',
  `title` varchar(50) CHARACTER SET utf8 COLLATE utf8_general_ci NULL DEFAULT '' COMMENT '模块标题',
  `business_type` int(11) NULL DEFAULT 0 COMMENT '业务类型（0其它 1新增 2修改 3删除）',
  `method` varchar(100) CHARACTER SET utf8 COLLATE utf8_general_ci NULL DEFAULT '' COMMENT '方法名称',
  `request_method` varchar(10) CHARACTER SET utf8 COLLATE utf8_general_ci NULL DEFAULT '' COMMENT '请求方式',
  `operator_type` int(11) NULL DEFAULT 0 COMMENT '操作类别（0其它 1后台用户 2手机端用户）',
  `oper_name` varchar(50) CHARACTER SET utf8 COLLATE utf8_general_ci NULL DEFAULT '' COMMENT '操作人员',
  `dept_name` varchar(50) CHARACTER SET utf8 COLLATE utf8_general_ci NULL DEFAULT '' COMMENT '部门名称',
  `oper_url` varchar(255) CHARACTER SET utf8 COLLATE utf8_general_ci NULL DEFAULT '' COMMENT '请求URL',
  `oper_ip` varchar(128) CHARACTER SET utf8 COLLATE utf8_general_ci NULL DEFAULT '' COMMENT '主机地址',
  `oper_location` varchar(255) CHARACTER SET utf8 COLLATE utf8_general_ci NULL DEFAULT '' COMMENT '操作地点',
  `oper_param` varchar(2000) CHARACTER SET utf8 COLLATE utf8_general_ci NULL DEFAULT '' COMMENT '请求参数',
  `json_result` varchar(2000) CHARACTER SET utf8 COLLATE utf8_general_ci NULL DEFAULT '' COMMENT '返回参数',
  `status` int(11) NULL DEFAULT 0 COMMENT '操作状态（0正常 1异常）',
  `error_msg` varchar(2000) CHARACTER SET utf8 COLLATE utf8_general_ci NULL DEFAULT '' COMMENT '错误消息',
  `oper_time` datetime NULL DEFAULT NULL COMMENT '操作时间',
  `cost_time` bigint(20) NULL DEFAULT 0 COMMENT '消耗时间',
  PRIMARY KEY (`oper_id`) USING BTREE,
  INDEX `idx_sys_oper_log_bt`(`business_type`) USING BTREE,
  INDEX `idx_sys_oper_log_s`(`status`) USING BTREE,
  INDEX `idx_sys_oper_log_ot`(`oper_time`) USING BTREE
) ENGINE = InnoDB AUTO_INCREMENT = 1 CHARACTER SET = utf8 COLLATE = utf8_general_ci COMMENT = '操作日志记录' ROW_FORMAT = COMPACT;

-- ----------------------------
-- Records of sys_oper_log
-- ----------------------------

-- ----------------------------
-- Table structure for sys_post
-- ----------------------------
DROP TABLE IF EXISTS `sys_post`;
CREATE TABLE `sys_post`  (
  `post_id` bigint(20) NOT NULL AUTO_INCREMENT COMMENT '岗位ID',
  `post_code` varchar(64) CHARACTER SET utf8 COLLATE utf8_general_ci NOT NULL COMMENT '岗位编码',
  `post_name` varchar(50) CHARACTER SET utf8 COLLATE utf8_general_ci NOT NULL COMMENT '岗位名称',
  `post_sort` int(11) NOT NULL COMMENT '显示顺序',
  `status` char(1) CHARACTER SET utf8 COLLATE utf8_general_ci NOT NULL COMMENT '状态（0正常 1停用）',
  `create_by` varchar(64) CHARACTER SET utf8 COLLATE utf8_general_ci NULL DEFAULT '' COMMENT '创建者',
  `create_time` datetime NULL DEFAULT NULL COMMENT '创建时间',
  `update_by` varchar(64) CHARACTER SET utf8 COLLATE utf8_general_ci NULL DEFAULT '' COMMENT '更新者',
  `update_time` datetime NULL DEFAULT NULL COMMENT '更新时间',
  `remark` varchar(500) CHARACTER SET utf8 COLLATE utf8_general_ci NULL DEFAULT NULL COMMENT '备注',
  PRIMARY KEY (`post_id`) USING BTREE
) ENGINE = InnoDB AUTO_INCREMENT = 5 CHARACTER SET = utf8 COLLATE = utf8_general_ci COMMENT = '岗位信息表' ROW_FORMAT = COMPACT;

-- ----------------------------
-- Records of sys_post
-- ----------------------------
INSERT INTO `sys_post` VALUES (1, 'ceo', '董事长', 1, '0', 'admin', '2022-07-30 12:09:02', '', NULL, '');
INSERT INTO `sys_post` VALUES (2, 'se', '项目经理', 2, '0', 'admin', '2022-07-30 12:09:02', '', NULL, '');
INSERT INTO `sys_post` VALUES (3, 'hr', '人力资源', 3, '0', 'admin', '2022-07-30 12:09:02', '', NULL, '');
INSERT INTO `sys_post` VALUES (4, 'user', '普通员工', 4, '0', 'admin', '2022-07-30 12:09:02', 'admin', '2022-08-20 21:34:24', '普通员工');

-- ----------------------------
-- Table structure for sys_role
-- ----------------------------
DROP TABLE IF EXISTS `sys_role`;
CREATE TABLE `sys_role`  (
  `role_id` bigint(20) NOT NULL AUTO_INCREMENT COMMENT '角色ID',
  `role_name` varchar(30) CHARACTER SET utf8 COLLATE utf8_general_ci NOT NULL COMMENT '角色名称',
  `role_key` varchar(100) CHARACTER SET utf8 COLLATE utf8_general_ci NOT NULL COMMENT '角色权限字符串',
  `role_sort` int(11) NOT NULL COMMENT '显示顺序',
  `data_scope` char(1) CHARACTER SET utf8 COLLATE utf8_general_ci NULL DEFAULT '1' COMMENT '数据范围（1：全部数据权限 2：自定数据权限 3：本部门数据权限 4：本部门及以下数据权限）',
  `menu_check_strictly` tinyint(1) NULL DEFAULT 1 COMMENT '菜单树选择项是否关联显示',
  `dept_check_strictly` tinyint(1) NULL DEFAULT 1 COMMENT '部门树选择项是否关联显示',
  `status` char(1) CHARACTER SET utf8 COLLATE utf8_general_ci NOT NULL COMMENT '角色状态（0正常 1停用）',
  `del_flag` char(1) CHARACTER SET utf8 COLLATE utf8_general_ci NULL DEFAULT '0' COMMENT '删除标志（0代表存在 2代表删除）',
  `create_by` varchar(64) CHARACTER SET utf8 COLLATE utf8_general_ci NULL DEFAULT '' COMMENT '创建者',
  `create_time` datetime NULL DEFAULT NULL COMMENT '创建时间',
  `update_by` varchar(64) CHARACTER SET utf8 COLLATE utf8_general_ci NULL DEFAULT '' COMMENT '更新者',
  `update_time` datetime NULL DEFAULT NULL COMMENT '更新时间',
  `remark` varchar(500) CHARACTER SET utf8 COLLATE utf8_general_ci NULL DEFAULT NULL COMMENT '备注',
  PRIMARY KEY (`role_id`) USING BTREE
) ENGINE = InnoDB AUTO_INCREMENT = 3 CHARACTER SET = utf8 COLLATE = utf8_general_ci COMMENT = '角色信息表' ROW_FORMAT = COMPACT;

-- ----------------------------
-- Records of sys_role
-- ----------------------------
INSERT INTO `sys_role` VALUES (1, '超级管理员', 'admin', 1, '1', 1, 1, '0', '0', 'admin', '2022-07-30 12:09:02', '', NULL, '超级管理员');
INSERT INTO `sys_role` VALUES (2, '普通角色', 'common', 2, '2', 1, 1, '0', '0', 'admin', '2022-07-30 12:09:02', 'admin', '2022-08-20 23:19:22', '普通角色');

-- ----------------------------
-- Table structure for sys_role_dept
-- ----------------------------
DROP TABLE IF EXISTS `sys_role_dept`;
CREATE TABLE `sys_role_dept`  (
  `role_id` bigint(20) NOT NULL COMMENT '角色ID',
  `dept_id` bigint(20) NOT NULL COMMENT '部门ID',
  PRIMARY KEY (`role_id`, `dept_id`) USING BTREE
) ENGINE = InnoDB CHARACTER SET = utf8 COLLATE = utf8_general_ci COMMENT = '角色和部门关联表' ROW_FORMAT = COMPACT;

-- ----------------------------
-- Records of sys_role_dept
-- ----------------------------
INSERT INTO `sys_role_dept` VALUES (2, 100);
INSERT INTO `sys_role_dept` VALUES (2, 101);
INSERT INTO `sys_role_dept` VALUES (2, 105);

-- ----------------------------
-- Table structure for sys_role_menu
-- ----------------------------
DROP TABLE IF EXISTS `sys_role_menu`;
CREATE TABLE `sys_role_menu`  (
  `role_id` bigint(20) NOT NULL COMMENT '角色ID',
  `menu_id` bigint(20) NOT NULL COMMENT '菜单ID',
  PRIMARY KEY (`role_id`, `menu_id`) USING BTREE
) ENGINE = InnoDB CHARACTER SET = utf8 COLLATE = utf8_general_ci COMMENT = '角色和菜单关联表' ROW_FORMAT = COMPACT;

-- ----------------------------
-- Records of sys_role_menu
-- ----------------------------
INSERT INTO `sys_role_menu` VALUES (2, 1);
INSERT INTO `sys_role_menu` VALUES (2, 2);
INSERT INTO `sys_role_menu` VALUES (2, 3);
INSERT INTO `sys_role_menu` VALUES (2, 100);
INSERT INTO `sys_role_menu` VALUES (2, 101);
INSERT INTO `sys_role_menu` VALUES (2, 102);
INSERT INTO `sys_role_menu` VALUES (2, 103);
INSERT INTO `sys_role_menu` VALUES (2, 104);
INSERT INTO `sys_role_menu` VALUES (2, 105);
INSERT INTO `sys_role_menu` VALUES (2, 106);
INSERT INTO `sys_role_menu` VALUES (2, 107);
INSERT INTO `sys_role_menu` VALUES (2, 108);
INSERT INTO `sys_role_menu` VALUES (2, 109);
INSERT INTO `sys_role_menu` VALUES (2, 110);
INSERT INTO `sys_role_menu` VALUES (2, 111);
INSERT INTO `sys_role_menu` VALUES (2, 112);
INSERT INTO `sys_role_menu` VALUES (2, 113);
INSERT INTO `sys_role_menu` VALUES (2, 114);
INSERT INTO `sys_role_menu` VALUES (2, 115);
INSERT INTO `sys_role_menu` VALUES (2, 116);
INSERT INTO `sys_role_menu` VALUES (2, 117);
INSERT INTO `sys_role_menu` VALUES (2, 500);
INSERT INTO `sys_role_menu` VALUES (2, 501);
INSERT INTO `sys_role_menu` VALUES (2, 1000);
INSERT INTO `sys_role_menu` VALUES (2, 1001);
INSERT INTO `sys_role_menu` VALUES (2, 1002);
INSERT INTO `sys_role_menu` VALUES (2, 1003);
INSERT INTO `sys_role_menu` VALUES (2, 1004);
INSERT INTO `sys_role_menu` VALUES (2, 1005);
INSERT INTO `sys_role_menu` VALUES (2, 1006);
INSERT INTO `sys_role_menu` VALUES (2, 1007);
INSERT INTO `sys_role_menu` VALUES (2, 1008);
INSERT INTO `sys_role_menu` VALUES (2, 1009);
INSERT INTO `sys_role_menu` VALUES (2, 1010);
INSERT INTO `sys_role_menu` VALUES (2, 1011);
INSERT INTO `sys_role_menu` VALUES (2, 1012);
INSERT INTO `sys_role_menu` VALUES (2, 1013);
INSERT INTO `sys_role_menu` VALUES (2, 1014);
INSERT INTO `sys_role_menu` VALUES (2, 1015);
INSERT INTO `sys_role_menu` VALUES (2, 1016);
INSERT INTO `sys_role_menu` VALUES (2, 1017);
INSERT INTO `sys_role_menu` VALUES (2, 1018);
INSERT INTO `sys_role_menu` VALUES (2, 1019);
INSERT INTO `sys_role_menu` VALUES (2, 1020);
INSERT INTO `sys_role_menu` VALUES (2, 1021);
INSERT INTO `sys_role_menu` VALUES (2, 1022);
INSERT INTO `sys_role_menu` VALUES (2, 1023);
INSERT INTO `sys_role_menu` VALUES (2, 1024);
INSERT INTO `sys_role_menu` VALUES (2, 1025);
INSERT INTO `sys_role_menu` VALUES (2, 1026);
INSERT INTO `sys_role_menu` VALUES (2, 1027);
INSERT INTO `sys_role_menu` VALUES (2, 1028);
INSERT INTO `sys_role_menu` VALUES (2, 1029);
INSERT INTO `sys_role_menu` VALUES (2, 1030);
INSERT INTO `sys_role_menu` VALUES (2, 1031);
INSERT INTO `sys_role_menu` VALUES (2, 1032);
INSERT INTO `sys_role_menu` VALUES (2, 1033);
INSERT INTO `sys_role_menu` VALUES (2, 1034);
INSERT INTO `sys_role_menu` VALUES (2, 1035);
INSERT INTO `sys_role_menu` VALUES (2, 1036);
INSERT INTO `sys_role_menu` VALUES (2, 1037);
INSERT INTO `sys_role_menu` VALUES (2, 1038);
INSERT INTO `sys_role_menu` VALUES (2, 1039);
INSERT INTO `sys_role_menu` VALUES (2, 1040);
INSERT INTO `sys_role_menu` VALUES (2, 1041);
INSERT INTO `sys_role_menu` VALUES (2, 1042);
INSERT INTO `sys_role_menu` VALUES (2, 1043);
INSERT INTO `sys_role_menu` VALUES (2, 1044);
INSERT INTO `sys_role_menu` VALUES (2, 1045);
INSERT INTO `sys_role_menu` VALUES (2, 1046);
INSERT INTO `sys_role_menu` VALUES (2, 1047);
INSERT INTO `sys_role_menu` VALUES (2, 1048);
INSERT INTO `sys_role_menu` VALUES (2, 1049);
INSERT INTO `sys_role_menu` VALUES (2, 1050);
INSERT INTO `sys_role_menu` VALUES (2, 1051);
INSERT INTO `sys_role_menu` VALUES (2, 1052);
INSERT INTO `sys_role_menu` VALUES (2, 1053);
INSERT INTO `sys_role_menu` VALUES (2, 1054);
INSERT INTO `sys_role_menu` VALUES (2, 1055);
INSERT INTO `sys_role_menu` VALUES (2, 1056);
INSERT INTO `sys_role_menu` VALUES (2, 1057);
INSERT INTO `sys_role_menu` VALUES (2, 1058);
INSERT INTO `sys_role_menu` VALUES (2, 1059);
INSERT INTO `sys_role_menu` VALUES (2, 1060);
INSERT INTO `sys_role_menu` VALUES (2, 2003);
INSERT INTO `sys_role_menu` VALUES (2, 2004);
INSERT INTO `sys_role_menu` VALUES (2, 2005);
INSERT INTO `sys_role_menu` VALUES (2, 2006);
INSERT INTO `sys_role_menu` VALUES (2, 2007);
INSERT INTO `sys_role_menu` VALUES (2, 2008);
INSERT INTO `sys_role_menu` VALUES (2, 2009);
INSERT INTO `sys_role_menu` VALUES (2, 2010);
INSERT INTO `sys_role_menu` VALUES (2, 2011);
INSERT INTO `sys_role_menu` VALUES (2, 2012);
INSERT INTO `sys_role_menu` VALUES (2, 2013);
INSERT INTO `sys_role_menu` VALUES (2, 2014);
INSERT INTO `sys_role_menu` VALUES (2, 2015);
INSERT INTO `sys_role_menu` VALUES (2, 2016);
INSERT INTO `sys_role_menu` VALUES (2, 2017);
INSERT INTO `sys_role_menu` VALUES (2, 2018);
INSERT INTO `sys_role_menu` VALUES (2, 2019);
INSERT INTO `sys_role_menu` VALUES (2, 2020);
INSERT INTO `sys_role_menu` VALUES (2, 2021);
INSERT INTO `sys_role_menu` VALUES (2, 2022);
INSERT INTO `sys_role_menu` VALUES (2, 2023);
INSERT INTO `sys_role_menu` VALUES (2, 2024);
INSERT INTO `sys_role_menu` VALUES (2, 2025);
INSERT INTO `sys_role_menu` VALUES (2, 2026);
INSERT INTO `sys_role_menu` VALUES (2, 2027);
INSERT INTO `sys_role_menu` VALUES (2, 2028);
INSERT INTO `sys_role_menu` VALUES (2, 2029);
INSERT INTO `sys_role_menu` VALUES (2, 2030);
INSERT INTO `sys_role_menu` VALUES (2, 2031);
INSERT INTO `sys_role_menu` VALUES (2, 2032);
INSERT INTO `sys_role_menu` VALUES (2, 2033);
INSERT INTO `sys_role_menu` VALUES (2, 2034);
INSERT INTO `sys_role_menu` VALUES (2, 2035);

-- ----------------------------
-- Table structure for sys_tree_dict
-- ----------------------------
DROP TABLE IF EXISTS `sys_tree_dict`;
CREATE TABLE `sys_tree_dict`  (
  `id` varchar(100) CHARACTER SET utf8mb4 COLLATE utf8mb4_general_ci NOT NULL COMMENT '主键',
  `name` varchar(128) CHARACTER SET utf8mb4 COLLATE utf8mb4_general_ci NULL DEFAULT NULL COMMENT '名称',
  `code` varchar(100) CHARACTER SET utf8mb4 COLLATE utf8mb4_general_ci NULL DEFAULT NULL COMMENT '编码',
  `stru_type` varchar(2) CHARACTER SET utf8mb4 COLLATE utf8mb4_general_ci NULL DEFAULT NULL COMMENT '类别(0:平铺结构 1:树型结构)',
  `is_sys_param` varchar(2) CHARACTER SET utf8mb4 COLLATE utf8mb4_general_ci NULL DEFAULT '0' COMMENT '是否系统参数',
  `remark` varchar(500) CHARACTER SET utf8mb4 COLLATE utf8mb4_general_ci NULL DEFAULT NULL COMMENT '备注',
  `tenant_id` varchar(100) CHARACTER SET utf8mb4 COLLATE utf8mb4_general_ci NULL DEFAULT NULL COMMENT '租户ID',
  `create_by` varchar(100) CHARACTER SET utf8mb4 COLLATE utf8mb4_general_ci NULL DEFAULT NULL COMMENT '创建人ID',
  `create_time` timestamp NULL DEFAULT NULL COMMENT '创建时间',
  `update_by` varchar(100) CHARACTER SET utf8mb4 COLLATE utf8mb4_general_ci NULL DEFAULT NULL COMMENT '更新人ID',
  `update_time` timestamp NULL DEFAULT NULL COMMENT '更新时间',
  `del_flag` varchar(2) CHARACTER SET utf8mb4 COLLATE utf8mb4_general_ci NULL DEFAULT '0' COMMENT '删除标志',
  PRIMARY KEY (`id`) USING BTREE
) ENGINE = InnoDB CHARACTER SET = utf8mb4 COLLATE = utf8mb4_general_ci ROW_FORMAT = COMPACT;

-- ----------------------------
-- Records of sys_tree_dict
-- ----------------------------
INSERT INTO `sys_tree_dict` VALUES ('453687cac2b011ecb05200163e087221', '行政区划', 'adcode', '1', '1', '行政区划', NULL, 'admin', '2022-04-23 10:51:27', NULL, NULL, '0');

-- ----------------------------
-- Table structure for sys_tree_dict_data
-- ----------------------------
DROP TABLE IF EXISTS `sys_tree_dict_data`;
CREATE TABLE `sys_tree_dict_data`  (
  `id` varchar(100) CHARACTER SET utf8mb4 COLLATE utf8mb4_general_ci NOT NULL COMMENT '主键',
  `tree_dict` varchar(100) CHARACTER SET utf8mb4 COLLATE utf8mb4_general_ci NULL DEFAULT NULL COMMENT '树形类别',
  `pid` varchar(100) CHARACTER SET utf8mb4 COLLATE utf8mb4_general_ci NULL DEFAULT '0' COMMENT '父节点ID',
  `code` varchar(128) CHARACTER SET utf8mb4 COLLATE utf8mb4_general_ci NULL DEFAULT NULL COMMENT '编码',
  `label` varchar(128) CHARACTER SET utf8mb4 COLLATE utf8mb4_general_ci NULL DEFAULT NULL COMMENT '名称',
  `level_code` varchar(500) CHARACTER SET utf8mb4 COLLATE utf8mb4_general_ci NULL DEFAULT NULL COMMENT '层次码',
  `level_depth` int(11) NULL DEFAULT NULL COMMENT '层次',
  `order_num` int(11) NULL DEFAULT 99 COMMENT '显示顺序',
  `is_leaf` varchar(2) CHARACTER SET utf8mb4 COLLATE utf8mb4_general_ci NULL DEFAULT '1' COMMENT '是否叶子节点',
  `path` varchar(255) CHARACTER SET utf8mb4 COLLATE utf8mb4_general_ci NULL DEFAULT NULL COMMENT '路径',
  `icon` varchar(255) CHARACTER SET utf8mb4 COLLATE utf8mb4_general_ci NULL DEFAULT NULL COMMENT '图标地址',
  `remark` varchar(500) CHARACTER SET utf8mb4 COLLATE utf8mb4_general_ci NULL DEFAULT NULL COMMENT '备注',
  `create_by` varchar(100) CHARACTER SET utf8mb4 COLLATE utf8mb4_general_ci NULL DEFAULT NULL,
  `create_time` timestamp NULL DEFAULT NULL,
  `update_by` varchar(100) CHARACTER SET utf8mb4 COLLATE utf8mb4_general_ci NULL DEFAULT NULL,
  `update_time` timestamp NULL DEFAULT NULL,
  `del_flag` varchar(2) CHARACTER SET utf8mb4 COLLATE utf8mb4_general_ci NULL DEFAULT '0',
  PRIMARY KEY (`id`) USING BTREE
) ENGINE = InnoDB CHARACTER SET = utf8mb4 COLLATE = utf8mb4_general_ci COMMENT = '树形字典数据' ROW_FORMAT = COMPACT;

-- ----------------------------
-- Records of sys_tree_dict_data
-- ----------------------------
INSERT INTO `sys_tree_dict_data` VALUES ('1562369114487918594', 'adcode', '0', '420000', '湖北', NULL, NULL, 1717, '0', NULL, NULL, '湖北', 'admin', '2022-08-24 17:21:32', NULL, NULL, '0');
INSERT INTO `sys_tree_dict_data` VALUES ('1562369114496307201', 'adcode', '0', '110000', '北京', NULL, NULL, 1, '0', NULL, NULL, '北京', 'admin', '2022-08-24 17:21:32', NULL, NULL, '0');
INSERT INTO `sys_tree_dict_data` VALUES ('1562369114496307202', 'adcode', '0', '120000', '天津', NULL, NULL, 19, '0', NULL, NULL, '天津', 'admin', '2022-08-24 17:21:32', NULL, NULL, '0');
INSERT INTO `sys_tree_dict_data` VALUES ('1562369114496307203', 'adcode', '0', '130000', '河北', NULL, NULL, 37, '0', NULL, NULL, '河北', 'admin', '2022-08-24 17:21:32', NULL, NULL, '0');
INSERT INTO `sys_tree_dict_data` VALUES ('1562369114496307204', 'adcode', '0', '140000', '山西', NULL, NULL, 222, '0', NULL, NULL, '山西', 'admin', '2022-08-24 17:21:32', NULL, NULL, '0');
INSERT INTO `sys_tree_dict_data` VALUES ('1562369114496307205', 'adcode', '0', '150000', '内蒙古', NULL, NULL, 360, '0', NULL, NULL, '内蒙古', 'admin', '2022-08-24 17:21:32', NULL, NULL, '0');
INSERT INTO `sys_tree_dict_data` VALUES ('1562369114496307206', 'adcode', '0', '210000', '辽宁', NULL, NULL, 476, '0', NULL, NULL, '辽宁', 'admin', '2022-08-24 17:21:32', NULL, NULL, '0');
INSERT INTO `sys_tree_dict_data` VALUES ('1562369114496307207', 'adcode', '0', '220000', '吉林', NULL, NULL, 591, '0', NULL, NULL, '吉林', 'admin', '2022-08-24 17:21:32', NULL, NULL, '0');
INSERT INTO `sys_tree_dict_data` VALUES ('1562369114496307208', 'adcode', '0', '230000', '黑龙江', NULL, NULL, 662, '0', NULL, NULL, '黑龙江', 'admin', '2022-08-24 17:21:32', NULL, NULL, '0');
INSERT INTO `sys_tree_dict_data` VALUES ('1562369114496307209', 'adcode', '0', '310000', '上海', NULL, NULL, 813, '0', NULL, NULL, '上海', 'admin', '2022-08-24 17:21:32', NULL, NULL, '0');
INSERT INTO `sys_tree_dict_data` VALUES ('1562369114496307210', 'adcode', '0', '320000', '江苏', NULL, NULL, 831, '1', NULL, NULL, '江苏', 'admin', '2022-08-24 17:21:32', NULL, NULL, '0');
INSERT INTO `sys_tree_dict_data` VALUES ('1562369114496307211', 'adcode', '0', '330000', '浙江', NULL, NULL, 941, '0', NULL, NULL, '浙江', 'admin', '2022-08-24 17:21:32', NULL, NULL, '0');
INSERT INTO `sys_tree_dict_data` VALUES ('1562369114496307212', 'adcode', '0', '340000', '安徽', NULL, NULL, 1044, '0', NULL, NULL, '安徽', 'admin', '2022-08-24 17:21:32', NULL, NULL, '0');
INSERT INTO `sys_tree_dict_data` VALUES ('1562369114496307213', 'adcode', '0', '350000', '福建', NULL, NULL, 1168, '0', NULL, NULL, '福建', 'admin', '2022-08-24 17:21:32', NULL, NULL, '0');
INSERT INTO `sys_tree_dict_data` VALUES ('1562369114496307214', 'adcode', '0', '360000', '江西', NULL, NULL, 1263, '0', NULL, NULL, '江西', 'admin', '2022-08-24 17:21:32', NULL, NULL, '0');
INSERT INTO `sys_tree_dict_data` VALUES ('1562369114496307215', 'adcode', '0', '370000', '山东', NULL, NULL, 1378, '0', NULL, NULL, '山东', 'admin', '2022-08-24 17:21:32', NULL, NULL, '0');
INSERT INTO `sys_tree_dict_data` VALUES ('1562369114496307216', 'adcode', '0', '410000', '河南', NULL, NULL, 1537, '1', NULL, NULL, '河南', 'admin', '2022-08-24 17:21:32', NULL, NULL, '0');
INSERT INTO `sys_tree_dict_data` VALUES ('1562369114496307217', 'adcode', '0', '450000', '广西', NULL, NULL, 2118, '0', NULL, NULL, '广西', 'admin', '2022-08-24 17:21:32', NULL, NULL, '0');
INSERT INTO `sys_tree_dict_data` VALUES ('1562369114496307218', 'adcode', '0', '630000', '青海', NULL, NULL, 3072, '0', NULL, NULL, '青海', 'admin', '2022-08-24 17:21:32', NULL, NULL, '0');
INSERT INTO `sys_tree_dict_data` VALUES ('1562369114496307219', 'adcode', '0', '640000', '宁夏', NULL, NULL, 3126, '0', NULL, NULL, '宁夏', 'admin', '2022-08-24 17:21:32', NULL, NULL, '0');
INSERT INTO `sys_tree_dict_data` VALUES ('1562369114496307220', 'adcode', '0', '650000', '新疆', NULL, NULL, 3154, '0', NULL, NULL, '新疆', 'admin', '2022-08-24 17:21:32', NULL, NULL, '0');
INSERT INTO `sys_tree_dict_data` VALUES ('1562369114496307221', 'adcode', '0', '710000', '台湾', NULL, NULL, 3277, '0', NULL, NULL, '台湾', 'admin', '2022-08-24 17:21:32', NULL, NULL, '0');
INSERT INTO `sys_tree_dict_data` VALUES ('1562369114496307222', 'adcode', '0', '810000', '香港', NULL, NULL, 3278, '0', NULL, NULL, '香港', 'admin', '2022-08-24 17:21:32', NULL, NULL, '0');
INSERT INTO `sys_tree_dict_data` VALUES ('1562369114496307223', 'adcode', '0', '820000', '澳门', NULL, NULL, 3279, '0', NULL, NULL, '澳门', 'admin', '2022-08-24 17:21:32', NULL, NULL, '0');
INSERT INTO `sys_tree_dict_data` VALUES ('1562369114496307224', 'adcode', '0', 'A00000', '亚洲', NULL, NULL, 3280, '0', NULL, NULL, '亚洲', 'admin', '2022-08-24 17:21:32', NULL, NULL, '0');
INSERT INTO `sys_tree_dict_data` VALUES ('1562369114496307225', 'adcode', '0', 'B00000', '非洲', NULL, NULL, 3281, '0', NULL, NULL, '非洲', 'admin', '2022-08-24 17:21:32', NULL, NULL, '0');
INSERT INTO `sys_tree_dict_data` VALUES ('1562369114496307226', 'adcode', '0', 'C00000', '欧洲', NULL, NULL, 3282, '0', NULL, NULL, '欧洲', 'admin', '2022-08-24 17:21:32', NULL, NULL, '0');
INSERT INTO `sys_tree_dict_data` VALUES ('1562369114496307227', 'adcode', '0', 'D00000', '美洲', NULL, NULL, 3283, '0', NULL, NULL, '美洲', 'admin', '2022-08-24 17:21:32', NULL, NULL, '0');
INSERT INTO `sys_tree_dict_data` VALUES ('1562369114496307228', 'adcode', '0', 'E00000', '大洋洲', NULL, NULL, 3284, '0', NULL, NULL, '大洋洲', 'admin', '2022-08-24 17:21:32', NULL, NULL, '0');
INSERT INTO `sys_tree_dict_data` VALUES ('1562369114496307229', 'adcode', '0', 'F00000', '南极洲', NULL, NULL, 3285, '0', NULL, NULL, '南极洲', 'admin', '2022-08-24 17:21:32', NULL, NULL, '0');
INSERT INTO `sys_tree_dict_data` VALUES ('1562369114496307230', 'adcode', '0', '460000', '海南', NULL, NULL, 2245, '0', NULL, NULL, '海南', 'admin', '2022-08-24 17:21:32', NULL, NULL, '0');
INSERT INTO `sys_tree_dict_data` VALUES ('1562369114496307231', 'adcode', '0', '500000', '重庆', NULL, NULL, 2274, '0', NULL, NULL, '重庆', 'admin', '2022-08-24 17:21:32', NULL, NULL, '0');
INSERT INTO `sys_tree_dict_data` VALUES ('1562369114496307232', 'adcode', '0', '510000', '四川', NULL, NULL, 2315, '1', NULL, NULL, '四川', 'admin', '2022-08-24 17:21:32', NULL, NULL, '0');
INSERT INTO `sys_tree_dict_data` VALUES ('1562369114496307233', 'adcode', '0', '520000', '贵州', NULL, NULL, 2523, '0', NULL, NULL, '贵州', 'admin', '2022-08-24 17:21:32', NULL, NULL, '0');
INSERT INTO `sys_tree_dict_data` VALUES ('1562369114496307234', 'adcode', '0', '530000', '云南', NULL, NULL, 2622, '0', NULL, NULL, '云南', 'admin', '2022-08-24 17:21:32', NULL, NULL, '0');
INSERT INTO `sys_tree_dict_data` VALUES ('1562369114496307235', 'adcode', '0', '540000', '西藏', NULL, NULL, 2770, '0', NULL, NULL, '西藏', 'admin', '2022-08-24 17:21:32', NULL, NULL, '0');
INSERT INTO `sys_tree_dict_data` VALUES ('1562369114496307236', 'adcode', '0', '610000', '陕西', NULL, NULL, 2852, '0', NULL, NULL, '陕西', 'admin', '2022-08-24 17:21:32', NULL, NULL, '0');
INSERT INTO `sys_tree_dict_data` VALUES ('1562369114496307237', 'adcode', '0', '620000', '甘肃', NULL, NULL, 2971, '0', NULL, NULL, '甘肃', 'admin', '2022-08-24 17:21:32', NULL, NULL, '0');
INSERT INTO `sys_tree_dict_data` VALUES ('1562369114496307238', 'adcode', '0', '430000', '湖南', NULL, NULL, 1835, '0', NULL, NULL, '湖南', 'admin', '2022-08-24 17:21:32', NULL, NULL, '0');
INSERT INTO `sys_tree_dict_data` VALUES ('1562369114496307239', 'adcode', '0', '440000', '广东', NULL, NULL, 1974, '0', NULL, NULL, '广东', 'admin', '2022-08-24 17:21:32', NULL, NULL, '0');

-- ----------------------------
-- Table structure for sys_user
-- ----------------------------
DROP TABLE IF EXISTS `sys_user`;
CREATE TABLE `sys_user`  (
  `user_id` bigint(20) NOT NULL AUTO_INCREMENT COMMENT '用户ID',
  `dept_id` bigint(20) NULL DEFAULT NULL COMMENT '部门ID',
  `user_name` varchar(30) CHARACTER SET utf8 COLLATE utf8_general_ci NOT NULL COMMENT '用户账号',
  `nick_name` varchar(30) CHARACTER SET utf8 COLLATE utf8_general_ci NOT NULL COMMENT '用户昵称',
  `user_type` varchar(2) CHARACTER SET utf8 COLLATE utf8_general_ci NULL DEFAULT '00' COMMENT '用户类型（00系统用户）',
  `email` varchar(50) CHARACTER SET utf8 COLLATE utf8_general_ci NULL DEFAULT '' COMMENT '用户邮箱',
  `phonenumber` varchar(11) CHARACTER SET utf8 COLLATE utf8_general_ci NULL DEFAULT '' COMMENT '手机号码',
  `sex` char(1) CHARACTER SET utf8 COLLATE utf8_general_ci NULL DEFAULT '0' COMMENT '用户性别（0男 1女 2未知）',
  `avatar` varchar(100) CHARACTER SET utf8 COLLATE utf8_general_ci NULL DEFAULT '' COMMENT '头像地址',
  `password` varchar(100) CHARACTER SET utf8 COLLATE utf8_general_ci NULL DEFAULT '' COMMENT '密码',
  `password_cleartext` varchar(50) CHARACTER SET utf8 COLLATE utf8_general_ci NULL DEFAULT NULL COMMENT '明文密码',
  `status` char(1) CHARACTER SET utf8 COLLATE utf8_general_ci NULL DEFAULT '0' COMMENT '帐号状态（0正常 1停用）',
  `del_flag` char(1) CHARACTER SET utf8 COLLATE utf8_general_ci NULL DEFAULT '0' COMMENT '删除标志（0代表存在 2代表删除）',
  `login_ip` varchar(128) CHARACTER SET utf8 COLLATE utf8_general_ci NULL DEFAULT '' COMMENT '最后登录IP',
  `login_date` datetime NULL DEFAULT NULL COMMENT '最后登录时间',
  `create_by` varchar(64) CHARACTER SET utf8 COLLATE utf8_general_ci NULL DEFAULT '' COMMENT '创建者',
  `create_time` datetime NULL DEFAULT NULL COMMENT '创建时间',
  `update_by` varchar(64) CHARACTER SET utf8 COLLATE utf8_general_ci NULL DEFAULT '' COMMENT '更新者',
  `update_time` datetime NULL DEFAULT NULL COMMENT '更新时间',
  `remark` varchar(500) CHARACTER SET utf8 COLLATE utf8_general_ci NULL DEFAULT NULL COMMENT '备注',
  PRIMARY KEY (`user_id`) USING BTREE
) ENGINE = InnoDB AUTO_INCREMENT = 7 CHARACTER SET = utf8 COLLATE = utf8_general_ci COMMENT = '用户信息表' ROW_FORMAT = COMPACT;

-- ----------------------------
-- Records of sys_user
-- ----------------------------
INSERT INTO `sys_user` VALUES (1, 103, 'admin', '若依', '00', 'ry@163.com', '15888888888', '1', '', '$2a$10$hvoYV5Ehb0HIICljvXnhVOXFpu7WntRUKua0VfcyhMhE65eAZ50P.', 'admin123', '0', '0', '127.0.0.1', '2025-01-10 16:54:10', 'admin', '2022-07-30 12:09:02', '', '2025-01-10 16:54:08', '管理员');
INSERT INTO `sys_user` VALUES (2, 101, 'ry', '项目经理用户', '00', 'ry@qq.com', '15666666666', '1', '', '$2a$10$XdTXoFWgjp6R9AV4ksJP6OyzDududeSGMP4eti5cg.G2MDbsT/L3q', '123456', '0', '0', '127.0.0.1', '2025-01-09 11:29:53', 'admin', '2022-07-30 12:09:02', 'admin', '2025-01-10 16:57:11', '项目经理用户');
INSERT INTO `sys_user` VALUES (3, 103, 'puyg', '普通员工用户', '00', '', '15666668888', '0', '', '$2a$10$xdwxJ9NJj6YMZwww8TjN6ece99ARywL2tGo.ezr3AE..Z0Kxp04FK', '123456', '0', '0', '', NULL, 'admin', '2022-08-18 14:59:06', 'admin', '2025-01-10 16:57:20', '普通员工用户');
INSERT INTO `sys_user` VALUES (4, 100, 'rl', '人力用户', '00', '', '16688886666', '1', '', '$2a$10$geoRVJ95Ce56fa5C.sDPlePxgQBhmqScwOhZjyC83xITMQSYkBlu6', '123456', '0', '0', '127.0.0.1', '2025-01-09 11:30:40', 'admin', '2022-08-18 14:59:59', 'admin', '2025-01-10 16:57:25', '人力用户');
INSERT INTO `sys_user` VALUES (5, 100, 'zhangsan', '张三', '00', '', '18888888888', '0', '', '$2a$10$9XRqtklag2AmsYNxn7nPtOK84yIucMsyQUrhkqN4UIu9aE6qgCdhG', NULL, '0', '2', '', NULL, 'admin', '2022-08-20 20:44:07', '', NULL, '张三');
INSERT INTO `sys_user` VALUES (6, 100, '张三', 'zhangsan', '00', '', '18888888888', '0', '', '$2a$10$XQv4BvIzrW/15nbtTqk2p.UwXYbzvYys4Cj9yOb15IXpGNHZv511.', NULL, '0', '2', '', NULL, 'admin', '2022-08-20 20:45:30', '', NULL, '张三');

-- ----------------------------
-- Table structure for sys_user_post
-- ----------------------------
DROP TABLE IF EXISTS `sys_user_post`;
CREATE TABLE `sys_user_post`  (
  `user_id` bigint(20) NOT NULL COMMENT '用户ID',
  `post_id` bigint(20) NOT NULL COMMENT '岗位ID',
  PRIMARY KEY (`user_id`, `post_id`) USING BTREE
) ENGINE = InnoDB CHARACTER SET = utf8 COLLATE = utf8_general_ci COMMENT = '用户与岗位关联表' ROW_FORMAT = COMPACT;

-- ----------------------------
-- Records of sys_user_post
-- ----------------------------
INSERT INTO `sys_user_post` VALUES (1, 1);
INSERT INTO `sys_user_post` VALUES (2, 2);
INSERT INTO `sys_user_post` VALUES (3, 4);
INSERT INTO `sys_user_post` VALUES (4, 3);

-- ----------------------------
-- Table structure for sys_user_role
-- ----------------------------
DROP TABLE IF EXISTS `sys_user_role`;
CREATE TABLE `sys_user_role`  (
  `user_id` bigint(20) NOT NULL COMMENT '用户ID',
  `role_id` bigint(20) NOT NULL COMMENT '角色ID',
  PRIMARY KEY (`user_id`, `role_id`) USING BTREE
) ENGINE = InnoDB CHARACTER SET = utf8 COLLATE = utf8_general_ci COMMENT = '用户和角色关联表' ROW_FORMAT = COMPACT;

-- ----------------------------
-- Records of sys_user_role
-- ----------------------------
INSERT INTO `sys_user_role` VALUES (1, 1);
INSERT INTO `sys_user_role` VALUES (2, 2);
INSERT INTO `sys_user_role` VALUES (3, 2);
INSERT INTO `sys_user_role` VALUES (4, 2);

SET FOREIGN_KEY_CHECKS = 1;


-- ----------------------------
-- Table structure for f_goods
-- ----------------------------
DROP TABLE IF EXISTS `f_goods`;
CREATE TABLE `f_goods`  (
                            `id` varchar(100) CHARACTER SET utf8mb4 COLLATE utf8mb4_general_ci NOT NULL COMMENT 'id',
                            `goods_name` varchar(100) CHARACTER SET utf8mb4 COLLATE utf8mb4_general_ci NULL DEFAULT NULL COMMENT '商品名称',
                            `goods_type` varchar(10) CHARACTER SET utf8mb4 COLLATE utf8mb4_general_ci NULL DEFAULT NULL COMMENT '商品分类',
                            `goods_price` varchar(100) CHARACTER SET utf8mb4 COLLATE utf8mb4_general_ci NULL DEFAULT NULL COMMENT '商品价格',
                            `goods_inventory` varchar(100) CHARACTER SET utf8mb4 COLLATE utf8mb4_general_ci NULL DEFAULT NULL COMMENT '商品库存',
                            `create_time` datetime NULL DEFAULT NULL COMMENT '创建时间',
                            `create_by` varchar(255) CHARACTER SET utf8mb4 COLLATE utf8mb4_general_ci NULL DEFAULT NULL COMMENT '创建人id',
                            `create_name` varchar(255) CHARACTER SET utf8mb4 COLLATE utf8mb4_general_ci NULL DEFAULT NULL COMMENT '创建人名称',
                            `update_time` datetime NULL DEFAULT NULL COMMENT '更新时间',
                            `update_by` varchar(255) CHARACTER SET utf8mb4 COLLATE utf8mb4_general_ci NULL DEFAULT NULL COMMENT '更新人id',
                            `update_name` varchar(255) CHARACTER SET utf8mb4 COLLATE utf8mb4_general_ci NULL DEFAULT NULL COMMENT '更新人名称',
                            `del_flag` char(1) CHARACTER SET utf8mb4 COLLATE utf8mb4_general_ci NULL DEFAULT '0' COMMENT '删除标识',
                            `img_url` text CHARACTER SET utf8mb4 COLLATE utf8mb4_general_ci NULL COMMENT '商品图片',
                            PRIMARY KEY (`id`) USING BTREE
) ENGINE = InnoDB CHARACTER SET = utf8mb4 COLLATE = utf8mb4_general_ci COMMENT = '商品信息表' ROW_FORMAT = Dynamic;

SET FOREIGN_KEY_CHECKS = 1;
